0, 1, 2, 3, 4, 5, 6, 7, 8, 9, 10, 11, 12, 13, 14, 15, 16, 17, 18, 19, 20, 21, 22, 23, 24, 25, 26, 27, 28, 29, 30, 31, 32, 33, 34, 35, 36, 37, 38, 39, 40, 41, 42, 43, 44, 45, 46, 47, 48, 49, 50, 51, 52, 53, 54, 55, 56, 57, 58, 59, 60, 61, 62, 63, 64, 65, 66, 67, 68, 69, 70, 71, 72, 73, 74, 75, 76, 77, 78, 79, 80, 81, 82, 83, 84, 85, 86, 87, 88, 89, 90, 91, 92, 93, 94, 95, 96, 97, 98, 99, 100, 101, 102, 103, 104, 105, 106, 107, 108, 109, 110, 111, 112, 113, 114, 115, 116, 117, 118, 119, 120, 121, 122, 123, 124, 125, 126, 127, 128, 129, 130, 131, 132, 133, 134, 135, 136, 137, 138, 139, 140, 141, 142, 143, 144, 145, 146, 147, 148, 149, 150, 151, 152, 153, 154, 155, 156, 157, 158, 159, 160, 161, 162, 163, 164, 165, 166, 167, 168, 169, 170, 171, 172, 173, 174, 175, 176, 177, 178, 179, 180, 181, 182, 183, 184, 185, 186, 187, 188, 189, 190, 191, 192, 193, 194, 195, 196, 197, 198, 199, 200, 201, 202, 203, 204, 205, 206, 207, 208, 209, 210, 211, 212, 213, 214, 215, 216, 217, 218, 219, 220, 221, 222, 223, 224, 225, 226, 227, 228, 229, 230, 231, 232, 233, 234, 235, 236, 237, 238, 239, 240, 241, 242, 243, 244, 245, 246, 247, 248, 249, 250, 251, 252, 253, 254, 255, 256, 257, 258, 259, 260, 261, 262, 263, 264, 265, 266, 267, 268, 269, 270, 271, 272, 273, 274, 275, 276, 277, 278, 279, 280, 281, 282, 283, 284, 285, 286, 287, 288, 289, 290, 291, 292, 293, 294, 295, 296, 297, 298, 299, 300, 301, 302, 303, 304, 305, 306, 307, 308, 309, 310, 311, 312, 313, 314, 315, 316, 317, 318, 319, 320, 321, 322, 323, 324, 325, 326, 327, 328, 329, 330, 331, 332, 333, 334, 335, 336, 337, 338, 339, 340, 341, 342, 343, 344, 345, 346, 347, 348, 349, 350, 351, 352, 353, 354, 355, 356, 357, 358, 359, 360, 361, 362, 363, 364, 365, 366, 367, 368, 369, 370, 371, 372, 373, 374, 375, 376, 377, 378, 379, 380, 381, 382, 383, 384, 385, 386, 387, 388, 389, 390, 391, 392, 393, 394, 395, 396, 397, 398, 399, 400, 401, 402, 403, 404, 405, 406, 407, 408, 409, 410, 411, 412, 413, 414, 415, 416, 417, 418, 419, 420, 421, 422, 423, 424, 425, 426, 427, 428, 429, 430, 431, 432, 433, 434, 435, 436, 437, 438, 439, 440, 441, 442, 443, 444, 445, 446, 447, 448, 449, 450, 451, 452, 453, 454, 455, 456, 457, 458, 459, 460, 461, 462, 463, 464, 465, 466, 467, 468, 469, 470, 471, 472, 473, 474, 475, 476, 477, 478, 479, 480, 481, 482, 483, 484, 485, 486, 487, 488, 489, 490, 491, 492, 493, 494, 495, 496, 497, 498, 499, 500, 501, 502, 503, 504, 505, 506, 507, 508, 509, 510, 511, 512, 513, 514, 515, 516, 517, 518, 519, 520, 521, 522, 523, 524, 525, 526, 527, 528, 529, 530, 531, 532, 533, 534, 535, 536, 537, 538, 539, 540, 541, 542, 543, 544, 545, 546, 547, 548, 549, 550, 551, 552, 553, 554, 555, 556, 557, 558, 559, 560, 561, 562, 563, 564, 565, 566, 567, 568, 569, 570, 571, 572, 573, 574, 575, 576, 577, 578, 579, 580, 581, 582, 583, 584, 585, 586, 587, 588, 589, 590, 591, 592, 593, 594, 595, 596, 597, 598, 599, 600, 601, 602, 603, 604, 605, 606, 607, 608, 609, 610, 611, 612, 613, 614, 615, 616, 617, 618, 619, 620, 621, 622, 623, 624, 625, 626, 627, 628, 629, 630, 631, 632, 633, 634, 635, 636, 637, 638, 639, 640, 641, 642, 643, 644, 645, 646, 647, 648, 649, 650, 651, 652, 653, 654, 655, 656, 657, 658, 659, 660, 661, 662, 663, 664, 665, 666, 667, 668, 669, 670, 671, 672, 673, 674, 675, 676, 677, 678, 679, 680, 681, 682, 683, 684, 685, 686, 687, 688, 689, 690, 691, 692, 693, 694, 695, 696, 697, 698, 699, 700, 701, 702, 703, 704, 705, 706, 707, 708, 709, 710, 711, 712, 713, 714, 715, 716, 717, 718, 719, 720, 721, 722, 723, 724, 725, 726, 727, 728, 729, 730, 731, 732, 733, 734, 735, 736, 737, 738, 739, 740, 741, 742, 743, 744, 745, 746, 747, 748, 749, 750, 751, 752, 753, 754, 755, 756, 757, 758, 759, 760, 761, 762, 763, 764, 765, 766, 767, 768, 769, 770, 771, 772, 773, 774, 775, 776, 777, 778, 779, 780, 781, 782, 783, 784, 785, 786, 787, 788, 789, 790, 791, 792, 793, 794, 795, 796, 797, 798, 799, 800, 801, 802, 803, 804, 805, 806, 807, 808, 809, 810, 811, 812, 813, 814, 815, 816, 817, 818, 819, 820, 821, 822, 823, 824, 825, 826, 827, 828, 829, 830, 831, 832, 833, 834, 835, 836, 837, 838, 839, 840, 841, 842, 843, 844, 845, 846, 847, 848, 849, 850, 851, 852, 853, 854, 855, 856, 857, 858, 859, 860, 861, 862, 863, 864, 865, 866, 867, 868, 869, 870, 871, 872, 873, 874, 875, 876, 877, 878, 879, 880, 881, 882, 883, 884, 885, 886, 887, 888, 889, 890, 891, 892, 893, 894, 895, 896, 897, 898, 899, 900, 901, 902, 903, 904, 905, 906, 907, 908, 909, 910, 911, 912, 913, 914, 915, 916, 917, 918, 919, 920, 921, 922, 923, 924, 925, 926, 927, 928, 929, 930, 931, 932, 933, 934, 935, 936, 937, 938, 939, 940, 941, 942, 943, 944, 945, 946, 947, 948, 949, 950, 951, 952, 953, 954, 955, 956, 957, 958, 959, 960, 961, 962, 963, 964, 965, 966, 967, 968, 969, 970, 971, 972, 973, 974, 975, 976, 977, 978, 979, 980, 981, 982, 983, 984, 985, 986, 987, 988, 989, 990, 991, 992, 993, 994, 995, 996, 997, 998, 999, 1000
1,state,player,player,2,"(1, ('e', 1, 0, 2))","(2, ('e', 0, 1, 1))","(1, ('e', 1, 0, 2))","(2, ('m', 0, 1, 1))","(1, ('e', 4, 3, 3))","(2, ('t', 1, 1, 2))","(1, ('e', 1, 4, 0))","(2, ('e', 1, 0, 2))","(1, ('t', 1, 1, 0))","(2, ('e', 1, 0, 2))","(1, ('e', 0, 4, 1))","(2, ('m', 1, 3, 2))",,,,,,,,,,,,,,,,,,,,,,,,,,,,,,,,,,,,,,,,,,,,,,,,,,,,,,,,,,,,,,,,,,,,,,,,,,,,,,,,,,,,,,,,,,,,,,,,,,,,,,,,,,,,,,,,,,,,,,,,,,,,,,,,,,,,,,,,,,,,,,,,,,,,,,,,,,,,,,,,,,,,,,,,,,,,,,,,,,,,,,,,,,,,,,,,,,,,,,,,,,,,,,,,,,,,,,,,,,,,,,,,,,,,,,,,,,,,,,,,,,,,,,,,,,,,,,,,,,,,,,,,,,,,,,,,,,,,,,,,,,,,,,,,,,,,,,,,,,,,,,,,,,,,,,,,,,,,,,,,,,,,,,,,,,,,,,,,,,,,,,,,,,,,,,,,,,,,,,,,,,,,,,,,,,,,,,,,,,,,,,,,,,,,,,,,,,,,,,,,,,,,,,,,,,,,,,,,,,,,,,,,,,,,,,,,,,,,,,,,,,,,,,,,,,,,,,,,,,,,,,,,,,,,,,,,,,,,,,,,,,,,,,,,,,,,,,,,,,,,,,,,,,,,,,,,,,,,,,,,,,,,,,,,,,,,,,,,,,,,,,,,,,,,,,,,,,,,,,,,,,,,,,,,,,,,,,,,,,,,,,,,,,,,,,,,,,,,,,,,,,,,,,,,,,,,,,,,,,,,,,,,,,,,,,,,,,,,,,,,,,,,,,,,,,,,,,,,,,,,,,,,,,,,,,,,,,,,,,,,,,,,,,,,,,,,,,,,,,,,,,,,,,,,,,,,,,,,,,,,,,,,,,,,,,,,,,,,,,,,,,,,,,,,,,,,,,,,,,,,,,,,,,,,,,,,,,,,,,,,,,,,,,,,,,,,,,,,,,,,,,,,,,,,,,,,,,,,,,,,,,,,,,,,,,,,,,,,,,,,,,,,,,,,,,,,,,,,,,,,,,,,,,,,,,,,,,,,,,,,,,,,,,,,,,,,,,,,,,,,,,,,,,,,,,,,,,,,,,,,,,,,,,,,,,,,,,,,,,,,,,,,,,,,,,,,,,,,,,,,,,,,,,,,,,,,,,,,,,,,,,,,
2,move,player,player,2,"[[0, (1, 2), 0, 0, 0], [0, 0, 0, 0, 0], [0, (0, -1), (0, -1), (0, -1), 0], [0, 0, 0, 0, 0], [0, 0, 0, 0, 0]]","[[0, (1, 2), 0, 0, 0], [(2, 1), 0, 0, 0, 0], [0, (0, -1), (0, -1), (0, -1), 0], [0, 0, 0, 0, 0], [0, 0, 0, 0, 0]]","[[0, (1, 2), 0, 0, 0], [(2, 1), (1, 2), 0, 0, 0], [0, (0, -1), (0, -1), (0, -1), 0], [0, 0, 0, 0, 0], [0, 0, 0, 0, 0]]","[[0, (1, 2), 0, 0, 0], [0, (2, 1), (1, 2), 0, 0], [0, (0, -1), (0, -1), (0, -1), 0], [0, 0, 0, 0, 0], [0, 0, 0, 0, 0]]","[[0, (1, 2), 0, 0, 0], [0, (2, 1), (1, 2), 0, 0], [0, (0, -1), (0, -1), (0, -1), 0], [0, 0, 0, 0, (1, 3)], [0, 0, 0, 0, 0]]","[[0, (1, 2), 0, 0, 0], [0, (2, 2), (1, 2), 0, 0], [0, (0, -1), (0, -1), (0, -1), 0], [0, 0, 0, 0, (1, 3)], [0, 0, 0, 0, 0]]","[[0, (1, 2), 0, 0, 0], [0, (2, 2), (1, 2), 0, 0], [0, (0, -1), (0, -1), (0, -1), 0], [0, 0, 0, 0, (1, 3)], [0, (1, 0), 0, 0, 0]]","[[0, (2, 2), 0, 0, 0], [0, (1, 2), (1, 2), 0, 0], [0, (2, 2), (0, -1), (0, -1), 0], [0, (0, -1), 0, 0, (1, 3)], [0, (1, 0), 0, 0, 0]]","[[0, (2, 2), 0, 0, 0], [0, (1, 0), (1, 2), 0, 0], [0, (2, 2), (0, -1), (0, -1), 0], [0, (0, -1), 0, 0, (1, 3)], [0, (1, 0), 0, 0, 0]]","[[0, (2, 2), 0, 0, 0], [0, (2, 2), (1, 2), 0, 0], [0, (1, 0), (0, -1), (0, -1), 0], [0, (2, 2), 0, 0, (1, 3)], [0, (0, -1), 0, 0, 0]]","[[0, (2, 2), 0, 0, 0], [0, (2, 2), (1, 2), 0, 0], [0, (1, 0), (0, -1), (0, -1), 0], [0, (2, 2), 0, 0, (1, 3)], [(1, 1), (0, -1), 0, 0, 0]]","[[0, (2, 2), 0, 0, 0], [0, (2, 2), (1, 2), 0, 0], [0, (1, 0), (0, -1), (0, -1), 0], [0, 0, 0, 0, (1, 3)], [(1, 1), (2, 2), 0, 0, 0]]",,,,,,,,,,,,,,,,,,,,,,,,,,,,,,,,,,,,,,,,,,,,,,,,,,,,,,,,,,,,,,,,,,,,,,,,,,,,,,,,,,,,,,,,,,,,,,,,,,,,,,,,,,,,,,,,,,,,,,,,,,,,,,,,,,,,,,,,,,,,,,,,,,,,,,,,,,,,,,,,,,,,,,,,,,,,,,,,,,,,,,,,,,,,,,,,,,,,,,,,,,,,,,,,,,,,,,,,,,,,,,,,,,,,,,,,,,,,,,,,,,,,,,,,,,,,,,,,,,,,,,,,,,,,,,,,,,,,,,,,,,,,,,,,,,,,,,,,,,,,,,,,,,,,,,,,,,,,,,,,,,,,,,,,,,,,,,,,,,,,,,,,,,,,,,,,,,,,,,,,,,,,,,,,,,,,,,,,,,,,,,,,,,,,,,,,,,,,,,,,,,,,,,,,,,,,,,,,,,,,,,,,,,,,,,,,,,,,,,,,,,,,,,,,,,,,,,,,,,,,,,,,,,,,,,,,,,,,,,,,,,,,,,,,,,,,,,,,,,,,,,,,,,,,,,,,,,,,,,,,,,,,,,,,,,,,,,,,,,,,,,,,,,,,,,,,,,,,,,,,,,,,,,,,,,,,,,,,,,,,,,,,,,,,,,,,,,,,,,,,,,,,,,,,,,,,,,,,,,,,,,,,,,,,,,,,,,,,,,,,,,,,,,,,,,,,,,,,,,,,,,,,,,,,,,,,,,,,,,,,,,,,,,,,,,,,,,,,,,,,,,,,,,,,,,,,,,,,,,,,,,,,,,,,,,,,,,,,,,,,,,,,,,,,,,,,,,,,,,,,,,,,,,,,,,,,,,,,,,,,,,,,,,,,,,,,,,,,,,,,,,,,,,,,,,,,,,,,,,,,,,,,,,,,,,,,,,,,,,,,,,,,,,,,,,,,,,,,,,,,,,,,,,,,,,,,,,,,,,,,,,,,,,,,,,,,,,,,,,,,,,,,,,,,,,,,,,,,,,,,,,,,,,,,,,,,,,,,,,,,,,,,,,,,,,,,,,,,,,,,,,,,,,,,,,,,,,,,,,,,,,,,
3,state,ia,ia,3,"(1, ('e', 3, 0, 1))","(2, ('e', 2, 0, 3))","(1, ('e', 1, 0, 3))","(2, ('e', 4, 3, 0))","(1, ('e', 0, 4, 2))","(2, ('e', 2, 4, 2))","(1, ('e', 0, 3, 3))","(2, ('a', 4, 3))","(1, ('e', 4, 0, 0))","(2, ('e', 0, 0, 3))","(1, ('a', 0, 3))","(2, ('m', 2, 4, 2))","(1, ('t', 1, 0, 2))","(2, ('e', 4, 3, 1))","(1, ('e', 0, 3, 2))","(2, ('e', 4, 4, 2))","(1, ('t', 3, 0, 2))","(2, ('t', 2, 0, 0))","(1, ('a', 3, 0))","(2, ('t', 3, 4, 3))","(1, ('e', 2, 4, 3))","(2, ('a', 4, 4))","(1, ('t', 4, 0, 2))","(2, ('e', 4, 2, 3))","(1, ('t', 4, 0, 0))","(2, ('t', 4, 2, 1))","(1, ('t', 4, 0, 3))","(2, ('t', 2, 0, 1))","(1, ('t', 0, 4, 0))","(2, ('a', 3, 4))","(1, ('a', 1, 0))","(2, ('e', 0, 3, 2))","(1, ('t', 4, 0, 2))","(2, ('t', 4, 3, 0))","(1, ('e', 1, 0, 2))","(2, ('a', 4, 3))","(1, ('t', 0, 4, 3))","(2, ('e', 0, 2, 3))","(1, ('t', 2, 4, 2))","(2, ('t', 2, 0, 0))",,,,,,,,,,,,,,,,,,,,,,,,,,,,,,,,,,,,,,,,,,,,,,,,,,,,,,,,,,,,,,,,,,,,,,,,,,,,,,,,,,,,,,,,,,,,,,,,,,,,,,,,,,,,,,,,,,,,,,,,,,,,,,,,,,,,,,,,,,,,,,,,,,,,,,,,,,,,,,,,,,,,,,,,,,,,,,,,,,,,,,,,,,,,,,,,,,,,,,,,,,,,,,,,,,,,,,,,,,,,,,,,,,,,,,,,,,,,,,,,,,,,,,,,,,,,,,,,,,,,,,,,,,,,,,,,,,,,,,,,,,,,,,,,,,,,,,,,,,,,,,,,,,,,,,,,,,,,,,,,,,,,,,,,,,,,,,,,,,,,,,,,,,,,,,,,,,,,,,,,,,,,,,,,,,,,,,,,,,,,,,,,,,,,,,,,,,,,,,,,,,,,,,,,,,,,,,,,,,,,,,,,,,,,,,,,,,,,,,,,,,,,,,,,,,,,,,,,,,,,,,,,,,,,,,,,,,,,,,,,,,,,,,,,,,,,,,,,,,,,,,,,,,,,,,,,,,,,,,,,,,,,,,,,,,,,,,,,,,,,,,,,,,,,,,,,,,,,,,,,,,,,,,,,,,,,,,,,,,,,,,,,,,,,,,,,,,,,,,,,,,,,,,,,,,,,,,,,,,,,,,,,,,,,,,,,,,,,,,,,,,,,,,,,,,,,,,,,,,,,,,,,,,,,,,,,,,,,,,,,,,,,,,,,,,,,,,,,,,,,,,,,,,,,,,,,,,,,,,,,,,,,,,,,,,,,,,,,,,,,,,,,,,,,,,,,,,,,,,,,,,,,,,,,,,,,,,,,,,,,,,,,,,,,,,,,,,,,,,,,,,,,,,,,,,,,,,,,,,,,,,,,,,,,,,,,,,,,,,,,,,,,,,,,,,,,,,,,,,,,,,,,,,,,,,,,,,,,,,,,,,,,,,,,,,,,,,,,,,,,,,,,,,,,,,,,,,,,,,,,,,,,,,,,,,,,,,,,,,,,,,,,,,,,,,,,,,,,
4,move,ia,ia,3,"[[0, 0, 0, 0, 0], [0, 0, 0, 0, 0], [0, (0, -1), (0, -1), (0, -1), 0], [(1, 1), 0, 0, 0, 0], [0, 0, 0, 0, 0]]","[[0, 0, 0, 0, 0], [0, 0, 0, 0, 0], [(2, 3), (0, -1), (0, -1), (0, -1), 0], [(1, 1), 0, 0, 0, 0], [0, 0, 0, 0, 0]]","[[0, 0, 0, 0, 0], [(1, 3), 0, 0, 0, 0], [(2, 3), (0, -1), (0, -1), (0, -1), 0], [(1, 1), 0, 0, 0, 0], [0, 0, 0, 0, 0]]","[[0, 0, 0, 0, 0], [(1, 3), 0, 0, 0, 0], [(2, 3), (0, -1), (0, -1), (0, -1), 0], [(1, 1), 0, 0, 0, 0], [0, 0, 0, (2, 0), 0]]","[[0, 0, 0, 0, (1, 2)], [(1, 3), 0, 0, 0, 0], [(2, 3), (0, -1), (0, -1), (0, -1), 0], [(1, 1), 0, 0, 0, 0], [0, 0, 0, (2, 0), 0]]","[[0, 0, 0, 0, (1, 2)], [(1, 3), 0, 0, 0, 0], [(2, 3), (0, -1), (0, -1), (0, -1), (2, 2)], [(1, 1), 0, 0, 0, 0], [0, 0, 0, (2, 0), 0]]","[[0, 0, 0, (1, 3), (1, 2)], [(1, 3), 0, 0, 0, 0], [(2, 3), (0, -1), (0, -1), (0, -1), (2, 2)], [(1, 1), 0, 0, 0, 0], [0, 0, 0, (2, 0), 0]]","[[0, 0, 0, (1, 3), (1, 2)], [(1, 3), 0, 0, 0, 0], [(2, 3), (0, -1), (0, -1), (0, -1), (2, 2)], [(1, 1), 0, 0, 0, 0], [0, 0, 0, 0, 0]]","[[0, 0, 0, (1, 3), (1, 2)], [(1, 3), 0, 0, 0, 0], [(2, 3), (0, -1), (0, -1), (0, -1), (2, 2)], [(1, 1), 0, 0, 0, 0], [(1, 0), 0, 0, 0, 0]]","[[(2, 3), 0, 0, (1, 3), (1, 2)], [(1, 3), 0, 0, 0, 0], [(2, 3), (0, -1), (0, -1), (0, -1), (2, 2)], [(1, 1), 0, 0, 0, 0], [(1, 0), 0, 0, 0, 0]]","[[(2, 3), 0, 0, 0, (1, 2)], [(1, 3), 0, 0, 0, 0], [(2, 3), (0, -1), (0, -1), (0, -1), (2, 2)], [(1, 1), 0, 0, 0, 0], [(1, 0), 0, 0, 0, 0]]","[[(2, 3), 0, 0, 0, (1, 2)], [(1, 3), 0, 0, 0, 0], [(2, 3), (0, -1), (0, -1), (0, -1), 0], [(1, 1), 0, 0, 0, (2, 2)], [(1, 0), 0, 0, 0, 0]]","[[(2, 3), 0, 0, 0, (1, 2)], [(1, 2), 0, 0, 0, 0], [(2, 3), (0, -1), (0, -1), (0, -1), 0], [(1, 1), 0, 0, 0, (2, 2)], [(1, 0), 0, 0, 0, 0]]","[[(2, 3), 0, 0, 0, (1, 2)], [(1, 2), 0, 0, 0, 0], [(2, 3), (0, -1), (0, -1), (0, -1), 0], [(1, 1), 0, 0, 0, (2, 2)], [(1, 0), 0, 0, (2, 1), 0]]","[[(2, 3), 0, 0, (1, 2), (1, 2)], [(1, 2), 0, 0, 0, 0], [(2, 3), (0, -1), (0, -1), (0, -1), 0], [(1, 1), 0, 0, 0, (2, 2)], [(1, 0), 0, 0, (2, 1), 0]]","[[(2, 3), 0, 0, (1, 2), (1, 2)], [(1, 2), 0, 0, 0, 0], [(2, 3), (0, -1), (0, -1), (0, -1), 0], [(1, 1), 0, 0, 0, (2, 2)], [(1, 0), 0, 0, (2, 1), (2, 2)]]","[[(2, 3), 0, 0, (1, 2), (1, 2)], [(1, 2), 0, 0, 0, 0], [(2, 3), (0, -1), (0, -1), (0, -1), 0], [(1, 2), 0, 0, 0, (2, 2)], [(1, 0), 0, 0, (2, 1), (2, 2)]]","[[(2, 3), 0, 0, (1, 2), (1, 2)], [(1, 2), 0, 0, 0, 0], [(2, 0), (0, -1), (0, -1), (0, -1), 0], [(1, 2), 0, 0, 0, (2, 2)], [(1, 0), 0, 0, (2, 1), (2, 2)]]","[[(2, 3), 0, 0, (1, 2), (1, 2)], [(1, 2), 0, 0, 0, 0], [(2, 0), (0, -1), (0, -1), (0, -1), 0], [0, 0, 0, 0, (2, 2)], [(1, 0), 0, 0, (2, 1), (2, 2)]]","[[(2, 3), 0, 0, (1, 2), (1, 2)], [(1, 2), 0, 0, 0, 0], [(2, 0), (0, -1), (0, -1), (0, -1), 0], [0, 0, 0, 0, (2, 3)], [(1, 0), 0, 0, (2, 1), (2, 2)]]","[[(2, 3), 0, 0, (1, 2), (1, 2)], [(1, 2), 0, 0, 0, 0], [(2, 0), (0, -1), (0, -1), (0, -1), (1, 3)], [0, 0, 0, 0, (2, 3)], [(1, 0), 0, 0, (2, 1), (2, 2)]]","[[(2, 3), 0, 0, (1, 2), (1, 2)], [(1, 2), 0, 0, 0, 0], [(2, 0), (0, -1), (0, -1), (0, -1), (1, 3)], [0, 0, 0, 0, (2, 3)], [(1, 0), 0, 0, (2, 1), 0]]","[[(2, 3), 0, 0, (1, 2), (1, 2)], [(1, 2), 0, 0, 0, 0], [(2, 0), (0, -1), (0, -1), (0, -1), (1, 3)], [0, 0, 0, 0, (2, 3)], [(1, 2), 0, 0, (2, 1), 0]]","[[(2, 3), 0, 0, (1, 2), (1, 2)], [(1, 2), 0, 0, 0, 0], [(2, 0), (0, -1), (0, -1), (0, -1), (1, 3)], [0, 0, 0, 0, (2, 3)], [(1, 2), 0, (2, 3), (2, 1), 0]]","[[(2, 3), 0, 0, (1, 2), (1, 2)], [(1, 2), 0, 0, 0, 0], [(2, 0), (0, -1), (0, -1), (0, -1), (1, 3)], [0, 0, 0, 0, (2, 3)], [(1, 0), 0, (2, 3), (2, 1), 0]]","[[(2, 3), 0, 0, (1, 2), (1, 2)], [(1, 2), 0, 0, 0, 0], [(2, 0), (0, -1), (0, -1), (0, -1), (1, 3)], [0, 0, 0, 0, (2, 3)], [(1, 0), 0, (2, 1), (2, 1), 0]]","[[(2, 3), 0, 0, (1, 2), (1, 2)], [(1, 2), 0, 0, 0, 0], [(2, 0), (0, -1), (0, -1), (0, -1), (1, 3)], [0, 0, 0, 0, (2, 3)], [(1, 3), 0, (2, 1), (2, 1), 0]]","[[(2, 3), 0, 0, (1, 2), (1, 2)], [(1, 2), 0, 0, 0, 0], [(2, 1), (0, -1), (0, -1), (0, -1), (1, 3)], [0, 0, 0, 0, (2, 3)], [(1, 3), 0, (2, 1), (2, 1), 0]]","[[(2, 3), 0, 0, (1, 2), (1, 0)], [(1, 2), 0, 0, 0, 0], [(2, 1), (0, -1), (0, -1), (0, -1), (1, 3)], [0, 0, 0, 0, (2, 3)], [(1, 3), 0, (2, 1), (2, 1), 0]]","[[(2, 3), 0, 0, (1, 2), (1, 0)], [(1, 2), 0, 0, 0, 0], [(2, 1), (0, -1), (0, -1), (0, -1), (1, 3)], [0, 0, 0, 0, 0], [(1, 3), 0, (2, 1), (2, 1), 0]]","[[(2, 3), 0, 0, (1, 2), (1, 0)], [0, 0, 0, 0, 0], [(2, 1), (0, -1), (0, -1), (0, -1), (1, 3)], [0, 0, 0, 0, 0], [(1, 3), 0, (2, 1), (2, 1), 0]]","[[(2, 3), 0, 0, (2, 2), (1, 0)], [0, 0, 0, (1, 2), 0], [(2, 1), (0, -1), (0, -1), (0, -1), (1, 3)], [0, 0, 0, 0, 0], [(1, 3), 0, (2, 1), (2, 1), 0]]","[[(2, 3), 0, 0, (2, 2), (1, 0)], [0, 0, 0, (1, 2), 0], [(2, 1), (0, -1), (0, -1), (0, -1), (1, 3)], [0, 0, 0, 0, 0], [(1, 2), 0, (2, 1), (2, 1), 0]]","[[(2, 3), 0, 0, (2, 2), (1, 0)], [0, 0, 0, (1, 2), 0], [(2, 1), (0, -1), (0, -1), (0, -1), (1, 3)], [0, 0, 0, 0, 0], [(1, 2), 0, (2, 1), (2, 0), 0]]","[[(2, 3), 0, 0, (2, 2), (1, 0)], [(1, 2), 0, 0, (1, 2), 0], [(2, 1), (0, -1), (0, -1), (0, -1), (1, 3)], [0, 0, 0, 0, 0], [(1, 2), 0, (2, 1), (2, 0), 0]]","[[(2, 3), 0, 0, (2, 2), (1, 0)], [(1, 2), 0, 0, (1, 2), 0], [(2, 1), (0, -1), (0, -1), (0, -1), (1, 3)], [0, 0, 0, 0, 0], [(1, 2), 0, (2, 1), 0, 0]]","[[(2, 3), 0, 0, (2, 2), (1, 3)], [(1, 2), 0, 0, (1, 2), 0], [(2, 1), (0, -1), (0, -1), (0, -1), (1, 3)], [0, 0, 0, 0, 0], [(1, 2), 0, (2, 1), 0, 0]]","[[(2, 3), 0, (2, 3), (2, 2), (1, 3)], [(1, 2), 0, 0, (1, 2), 0], [(2, 1), (0, -1), (0, -1), (0, -1), (1, 3)], [0, 0, 0, 0, 0], [(1, 2), 0, (2, 1), 0, 0]]","[[(2, 3), 0, (2, 3), (2, 2), (1, 3)], [(1, 2), 0, 0, (1, 2), 0], [(2, 1), (0, -1), (0, -1), (0, -1), (1, 2)], [0, 0, 0, 0, 0], [(1, 2), 0, (2, 1), 0, 0]]","[[(2, 3), 0, (2, 3), (2, 2), (1, 3)], [(1, 2), 0, 0, (1, 2), 0], [(2, 0), (0, -1), (0, -1), (0, -1), (1, 2)], [0, 0, 0, 0, 0], [(1, 2), 0, (2, 1), 0, 0]]",,,,,,,,,,,,,,,,,,,,,,,,,,,,,,,,,,,,,,,,,,,,,,,,,,,,,,,,,,,,,,,,,,,,,,,,,,,,,,,,,,,,,,,,,,,,,,,,,,,,,,,,,,,,,,,,,,,,,,,,,,,,,,,,,,,,,,,,,,,,,,,,,,,,,,,,,,,,,,,,,,,,,,,,,,,,,,,,,,,,,,,,,,,,,,,,,,,,,,,,,,,,,,,,,,,,,,,,,,,,,,,,,,,,,,,,,,,,,,,,,,,,,,,,,,,,,,,,,,,,,,,,,,,,,,,,,,,,,,,,,,,,,,,,,,,,,,,,,,,,,,,,,,,,,,,,,,,,,,,,,,,,,,,,,,,,,,,,,,,,,,,,,,,,,,,,,,,,,,,,,,,,,,,,,,,,,,,,,,,,,,,,,,,,,,,,,,,,,,,,,,,,,,,,,,,,,,,,,,,,,,,,,,,,,,,,,,,,,,,,,,,,,,,,,,,,,,,,,,,,,,,,,,,,,,,,,,,,,,,,,,,,,,,,,,,,,,,,,,,,,,,,,,,,,,,,,,,,,,,,,,,,,,,,,,,,,,,,,,,,,,,,,,,,,,,,,,,,,,,,,,,,,,,,,,,,,,,,,,,,,,,,,,,,,,,,,,,,,,,,,,,,,,,,,,,,,,,,,,,,,,,,,,,,,,,,,,,,,,,,,,,,,,,,,,,,,,,,,,,,,,,,,,,,,,,,,,,,,,,,,,,,,,,,,,,,,,,,,,,,,,,,,,,,,,,,,,,,,,,,,,,,,,,,,,,,,,,,,,,,,,,,,,,,,,,,,,,,,,,,,,,,,,,,,,,,,,,,,,,,,,,,,,,,,,,,,,,,,,,,,,,,,,,,,,,,,,,,,,,,,,,,,,,,,,,,,,,,,,,,,,,,,,,,,,,,,,,,,,,,,,,,,,,,,,,,,,,,,,,,,,,,,,,,,,,,,,,,,,,,,,,,,,,,,,,,,,,,,,,,,,,,,,,,,,,,,,,,,,,,,,,,,,,,,,,,,,,,
5,state,ia,ia,3,"(1, ('e', 0, 4, 2))","(2, ('e', 4, 0, 3))","(1, ('e', 4, 3, 2))","(2, ('e', 4, 4, 1))","(1, ('e', 2, 4, 3))","(2, ('e', 4, 1, 2))","(1, ('m', 4, 3, 0))","(2, ('e', 4, 2, 2))","(1, ('e', 3, 4, 3))","(2, ('e', 0, 2, 0))","(1, ('a', 0, 4))","(2, ('t', 4, 2, 1))","(1, ('e', 1, 0, 2))","(2, ('m', 4, 2, 0))","(1, ('t', 1, 0, 1))","(2, ('m', 4, 4, 3))","(1, ('e', 0, 3, 2))","(2, ('a', 4, 0))","(1, ('t', 2, 4, 2))","(2, ('e', 2, 0, 2))","(1, ('t', 0, 3, 1))","(2, ('m', 4, 1, 3))","(1, ('t', 3, 4, 0))","(2, ('t', 3, 2, 2))","(1, ('m', 2, 4, 0))","(2, ('m', 3, 2, 3))","(1, ('t', 1, 0, 0))","(2, ('a', 2, 0))","(1, ('t', 3, 3, 1))","(2, ('e', 2, 4, 0))","(1, ('t', 0, 3, 0))","(2, ('t', 0, 2, 2))","(1, ('t', 3, 4, 1))","(2, ('t', 2, 4, 2))","(1, ('t', 3, 4, 0))","(2, ('t', 4, 0, 0))","(1, ('t', 3, 4, 1))","(2, ('a', 2, 4))","(1, ('t', 3, 4, 3))","(2, ('e', 4, 1, 1))",,,,,,,,,,,,,,,,,,,,,,,,,,,,,,,,,,,,,,,,,,,,,,,,,,,,,,,,,,,,,,,,,,,,,,,,,,,,,,,,,,,,,,,,,,,,,,,,,,,,,,,,,,,,,,,,,,,,,,,,,,,,,,,,,,,,,,,,,,,,,,,,,,,,,,,,,,,,,,,,,,,,,,,,,,,,,,,,,,,,,,,,,,,,,,,,,,,,,,,,,,,,,,,,,,,,,,,,,,,,,,,,,,,,,,,,,,,,,,,,,,,,,,,,,,,,,,,,,,,,,,,,,,,,,,,,,,,,,,,,,,,,,,,,,,,,,,,,,,,,,,,,,,,,,,,,,,,,,,,,,,,,,,,,,,,,,,,,,,,,,,,,,,,,,,,,,,,,,,,,,,,,,,,,,,,,,,,,,,,,,,,,,,,,,,,,,,,,,,,,,,,,,,,,,,,,,,,,,,,,,,,,,,,,,,,,,,,,,,,,,,,,,,,,,,,,,,,,,,,,,,,,,,,,,,,,,,,,,,,,,,,,,,,,,,,,,,,,,,,,,,,,,,,,,,,,,,,,,,,,,,,,,,,,,,,,,,,,,,,,,,,,,,,,,,,,,,,,,,,,,,,,,,,,,,,,,,,,,,,,,,,,,,,,,,,,,,,,,,,,,,,,,,,,,,,,,,,,,,,,,,,,,,,,,,,,,,,,,,,,,,,,,,,,,,,,,,,,,,,,,,,,,,,,,,,,,,,,,,,,,,,,,,,,,,,,,,,,,,,,,,,,,,,,,,,,,,,,,,,,,,,,,,,,,,,,,,,,,,,,,,,,,,,,,,,,,,,,,,,,,,,,,,,,,,,,,,,,,,,,,,,,,,,,,,,,,,,,,,,,,,,,,,,,,,,,,,,,,,,,,,,,,,,,,,,,,,,,,,,,,,,,,,,,,,,,,,,,,,,,,,,,,,,,,,,,,,,,,,,,,,,,,,,,,,,,,,,,,,,,,,,,,,,,,,,,,,,,,,,,,,,,,,,,,,,,,,,,,,,,,,,,,,,,,,,,,,,,
6,move,ia,ia,3,"[[0, 0, 0, 0, (1, 2)], [0, 0, 0, 0, 0], [0, (0, -1), (0, -1), (0, -1), 0], [0, 0, 0, 0, 0], [0, 0, 0, 0, 0]]","[[0, 0, 0, 0, (1, 2)], [0, 0, 0, 0, 0], [0, (0, -1), (0, -1), (0, -1), 0], [0, 0, 0, 0, 0], [(2, 3), 0, 0, 0, 0]]","[[0, 0, 0, 0, (1, 2)], [0, 0, 0, 0, 0], [0, (0, -1), (0, -1), (0, -1), 0], [0, 0, 0, 0, 0], [(2, 3), 0, 0, (1, 2), 0]]","[[0, 0, 0, 0, (1, 2)], [0, 0, 0, 0, 0], [0, (0, -1), (0, -1), (0, -1), 0], [0, 0, 0, 0, 0], [(2, 3), 0, 0, (1, 2), (2, 1)]]","[[0, 0, 0, 0, (1, 2)], [0, 0, 0, 0, 0], [0, (0, -1), (0, -1), (0, -1), (1, 3)], [0, 0, 0, 0, 0], [(2, 3), 0, 0, (1, 2), (2, 1)]]","[[0, 0, 0, 0, (1, 2)], [0, 0, 0, 0, 0], [0, (0, -1), (0, -1), (0, -1), (1, 3)], [0, 0, 0, 0, 0], [(2, 3), (2, 2), 0, (1, 2), (2, 1)]]","[[0, 0, 0, 0, (1, 2)], [0, 0, 0, 0, 0], [0, (0, -1), (0, -1), (0, -1), (1, 3)], [0, 0, 0, (1, 2), 0], [(2, 3), (2, 2), 0, 0, (2, 1)]]","[[0, 0, 0, 0, (1, 2)], [0, 0, 0, 0, 0], [0, (0, -1), (0, -1), (0, -1), (1, 3)], [0, 0, 0, (1, 2), 0], [(2, 3), (2, 2), (2, 2), 0, (2, 1)]]","[[0, 0, 0, 0, (1, 2)], [0, 0, 0, 0, 0], [0, (0, -1), (0, -1), (0, -1), (1, 3)], [0, 0, 0, (1, 2), (1, 3)], [(2, 3), (2, 2), (2, 2), 0, (2, 1)]]","[[0, 0, (2, 0), 0, (1, 2)], [0, 0, 0, 0, 0], [0, (0, -1), (0, -1), (0, -1), (1, 3)], [0, 0, 0, (1, 2), (1, 3)], [(2, 3), (2, 2), (2, 2), 0, (2, 1)]]","[[0, 0, (2, 0), 0, 0], [0, 0, 0, 0, 0], [0, (0, -1), (0, -1), (0, -1), (1, 3)], [0, 0, 0, (1, 2), (1, 3)], [(2, 3), (2, 2), (2, 2), 0, (2, 1)]]","[[0, 0, (2, 0), 0, 0], [0, 0, 0, 0, 0], [0, (0, -1), (0, -1), (0, -1), (1, 3)], [0, 0, 0, (1, 2), (1, 3)], [(2, 3), (2, 2), (2, 1), 0, (2, 1)]]","[[0, 0, (2, 0), 0, 0], [(1, 2), 0, 0, 0, 0], [0, (0, -1), (0, -1), (0, -1), (1, 3)], [0, 0, 0, (1, 2), (1, 3)], [(2, 3), (2, 2), (2, 1), 0, (2, 1)]]","[[0, 0, (2, 0), 0, 0], [(1, 2), 0, 0, 0, 0], [0, (0, -1), (0, -1), (0, -1), (1, 3)], [0, 0, (2, 1), (1, 2), (1, 3)], [(2, 3), (2, 2), 0, 0, (2, 1)]]","[[0, 0, (2, 0), 0, 0], [(1, 1), 0, 0, 0, 0], [0, (0, -1), (0, -1), (0, -1), (1, 3)], [0, 0, (2, 1), (1, 2), (1, 3)], [(2, 3), (2, 2), 0, 0, (2, 1)]]","[[0, 0, (2, 0), 0, 0], [(1, 1), 0, 0, 0, 0], [0, (0, -1), (0, -1), (0, -1), (1, 3)], [0, 0, (2, 1), (1, 2), (1, 3)], [(2, 3), (2, 2), 0, (2, 1), 0]]","[[0, 0, (2, 0), (1, 2), 0], [(1, 1), 0, 0, 0, 0], [0, (0, -1), (0, -1), (0, -1), (1, 3)], [0, 0, (2, 1), (1, 2), (1, 3)], [(2, 3), (2, 2), 0, (2, 1), 0]]","[[0, 0, (2, 0), (1, 2), 0], [(1, 1), 0, 0, 0, 0], [0, (0, -1), (0, -1), (0, -1), (1, 3)], [0, 0, (2, 1), (1, 2), (1, 3)], [0, (2, 2), 0, (2, 1), 0]]","[[0, 0, (2, 0), (1, 2), 0], [(1, 1), 0, 0, 0, 0], [0, (0, -1), (0, -1), (0, -1), (1, 2)], [0, 0, (2, 1), (1, 2), (1, 3)], [0, (2, 2), 0, (2, 1), 0]]","[[0, 0, (2, 0), (1, 2), 0], [(1, 1), 0, 0, 0, 0], [(2, 2), (0, -1), (0, -1), (0, -1), (1, 2)], [0, 0, (2, 1), (1, 2), (1, 3)], [0, (2, 2), 0, (2, 1), 0]]","[[0, 0, (2, 0), (1, 1), 0], [(1, 1), 0, 0, 0, 0], [(2, 2), (0, -1), (0, -1), (0, -1), (1, 2)], [0, 0, (2, 1), (1, 2), (1, 3)], [0, (2, 2), 0, (2, 1), 0]]","[[0, 0, (2, 0), (1, 1), 0], [(1, 1), 0, 0, 0, 0], [(2, 2), (0, -1), (0, -1), (0, -1), (1, 2)], [0, 0, (2, 1), (1, 2), (1, 3)], [(2, 2), 0, 0, (2, 1), 0]]","[[0, 0, (2, 0), (1, 1), 0], [(1, 1), 0, 0, 0, 0], [(2, 2), (0, -1), (0, -1), (0, -1), (1, 2)], [0, 0, (2, 1), (1, 2), (1, 0)], [(2, 2), 0, 0, (2, 1), 0]]","[[0, 0, (2, 0), (1, 1), 0], [(1, 1), 0, 0, 0, 0], [(2, 2), (0, -1), (0, -1), (0, -1), (1, 2)], [0, 0, (2, 2), (1, 2), (1, 0)], [(2, 2), 0, 0, (2, 1), 0]]","[[0, 0, (2, 0), (1, 1), 0], [(1, 1), 0, 0, 0, (1, 2)], [(2, 2), (0, -1), (0, -1), (0, -1), 0], [0, 0, (2, 2), (1, 2), (1, 0)], [(2, 2), 0, 0, (2, 1), 0]]","[[0, 0, (2, 0), (1, 1), 0], [(1, 1), 0, 0, 0, (1, 2)], [(2, 2), (0, -1), (0, -1), (0, -1), 0], [0, (2, 2), 0, (1, 2), (1, 0)], [(2, 2), 0, 0, (2, 1), 0]]","[[0, 0, (2, 0), (1, 1), 0], [(1, 0), 0, 0, 0, (1, 2)], [(2, 2), (0, -1), (0, -1), (0, -1), 0], [0, (2, 2), 0, (1, 2), (1, 0)], [(2, 2), 0, 0, (2, 1), 0]]","[[0, 0, (2, 0), (1, 1), 0], [(1, 0), 0, 0, 0, (1, 2)], [0, (0, -1), (0, -1), (0, -1), 0], [0, (2, 2), 0, (1, 2), (1, 0)], [(2, 2), 0, 0, (2, 1), 0]]","[[0, 0, (2, 0), (1, 1), 0], [(1, 0), 0, 0, 0, (1, 2)], [0, (0, -1), (0, -1), (0, -1), 0], [0, (2, 2), 0, (1, 1), (1, 0)], [(2, 2), 0, 0, (2, 1), 0]]","[[0, 0, (2, 0), (1, 1), 0], [(1, 0), 0, 0, 0, (1, 2)], [0, (0, -1), (0, -1), (0, -1), (2, 0)], [0, (2, 2), 0, (1, 1), (1, 0)], [(2, 2), 0, 0, (2, 1), 0]]","[[0, 0, (2, 0), (1, 0), 0], [(1, 0), 0, 0, 0, (1, 2)], [0, (0, -1), (0, -1), (0, -1), (2, 0)], [0, (2, 2), 0, (1, 1), (1, 0)], [(2, 2), 0, 0, (2, 1), 0]]","[[0, 0, (2, 2), (1, 0), 0], [(1, 0), 0, 0, 0, (1, 2)], [0, (0, -1), (0, -1), (0, -1), (2, 0)], [0, (2, 2), 0, (1, 1), (1, 0)], [(2, 2), 0, 0, (2, 1), 0]]","[[0, 0, (2, 2), (1, 0), 0], [(1, 0), 0, 0, 0, (1, 2)], [0, (0, -1), (0, -1), (0, -1), (2, 0)], [0, (2, 2), 0, (1, 1), (1, 1)], [(2, 2), 0, 0, (2, 1), 0]]","[[0, 0, (2, 2), (1, 0), 0], [(1, 0), 0, 0, 0, (1, 2)], [0, (0, -1), (0, -1), (0, -1), (2, 2)], [0, (2, 2), 0, (1, 1), (1, 1)], [(2, 2), 0, 0, (2, 1), 0]]","[[0, 0, (2, 2), (1, 0), 0], [(1, 0), 0, 0, 0, (1, 2)], [0, (0, -1), (0, -1), (0, -1), (2, 2)], [0, (2, 2), 0, (1, 1), (1, 0)], [(2, 2), 0, 0, (2, 1), 0]]","[[0, 0, (2, 2), (1, 0), 0], [(1, 0), 0, 0, 0, (1, 2)], [0, (0, -1), (0, -1), (0, -1), (2, 2)], [0, (2, 2), 0, (1, 1), (1, 0)], [(2, 0), 0, 0, (2, 1), 0]]","[[0, 0, (2, 2), (1, 0), 0], [(1, 0), 0, 0, 0, (1, 2)], [0, (0, -1), (0, -1), (0, -1), (2, 2)], [0, (2, 2), 0, (1, 1), (1, 1)], [(2, 0), 0, 0, (2, 1), 0]]","[[0, 0, (2, 2), (1, 0), 0], [(1, 0), 0, 0, 0, (1, 2)], [0, (0, -1), (0, -1), (0, -1), 0], [0, (2, 2), 0, (1, 1), (1, 1)], [(2, 0), 0, 0, (2, 1), 0]]","[[0, 0, (2, 2), (1, 0), 0], [(1, 0), 0, 0, 0, (1, 2)], [0, (0, -1), (0, -1), (0, -1), 0], [0, (2, 2), 0, (1, 1), (1, 3)], [(2, 0), 0, 0, (2, 1), 0]]","[[0, 0, (2, 2), (1, 0), 0], [(1, 0), 0, 0, 0, (1, 2)], [0, (0, -1), (0, -1), (0, -1), 0], [0, (2, 2), 0, (1, 1), (1, 3)], [(2, 0), (2, 1), 0, (2, 1), 0]]",,,,,,,,,,,,,,,,,,,,,,,,,,,,,,,,,,,,,,,,,,,,,,,,,,,,,,,,,,,,,,,,,,,,,,,,,,,,,,,,,,,,,,,,,,,,,,,,,,,,,,,,,,,,,,,,,,,,,,,,,,,,,,,,,,,,,,,,,,,,,,,,,,,,,,,,,,,,,,,,,,,,,,,,,,,,,,,,,,,,,,,,,,,,,,,,,,,,,,,,,,,,,,,,,,,,,,,,,,,,,,,,,,,,,,,,,,,,,,,,,,,,,,,,,,,,,,,,,,,,,,,,,,,,,,,,,,,,,,,,,,,,,,,,,,,,,,,,,,,,,,,,,,,,,,,,,,,,,,,,,,,,,,,,,,,,,,,,,,,,,,,,,,,,,,,,,,,,,,,,,,,,,,,,,,,,,,,,,,,,,,,,,,,,,,,,,,,,,,,,,,,,,,,,,,,,,,,,,,,,,,,,,,,,,,,,,,,,,,,,,,,,,,,,,,,,,,,,,,,,,,,,,,,,,,,,,,,,,,,,,,,,,,,,,,,,,,,,,,,,,,,,,,,,,,,,,,,,,,,,,,,,,,,,,,,,,,,,,,,,,,,,,,,,,,,,,,,,,,,,,,,,,,,,,,,,,,,,,,,,,,,,,,,,,,,,,,,,,,,,,,,,,,,,,,,,,,,,,,,,,,,,,,,,,,,,,,,,,,,,,,,,,,,,,,,,,,,,,,,,,,,,,,,,,,,,,,,,,,,,,,,,,,,,,,,,,,,,,,,,,,,,,,,,,,,,,,,,,,,,,,,,,,,,,,,,,,,,,,,,,,,,,,,,,,,,,,,,,,,,,,,,,,,,,,,,,,,,,,,,,,,,,,,,,,,,,,,,,,,,,,,,,,,,,,,,,,,,,,,,,,,,,,,,,,,,,,,,,,,,,,,,,,,,,,,,,,,,,,,,,,,,,,,,,,,,,,,,,,,,,,,,,,,,,,,,,,,,,,,,,,,,,,,,,,,,,,,,,,,,,,,,,,,,,,,,,,,,,,,,,,,,,,,,,,,,,,,,
7,state,ia,ia,3,"(1, ('e', 0, 4, 3))","(2, ('e', 0, 4, 3))","(1, ('e', 0, 1, 3))","(2, ('e', 0, 2, 3))","(1, ('e', 4, 1, 0))","(2, ('m', 0, 4, 3))","(1, ('e', 0, 2, 2))","(2, ('e', 2, 0, 3))","(1, ('e', 2, 4, 1))","(2, ('e', 4, 0, 3))","(1, ('m', 1, 2, 3))","(2, ('e', 0, 2, 2))","(1, ('t', 4, 1, 1))","(2, ('t', 2, 0, 0))","(1, ('t', 1, 2, 3))","(2, ('m', 2, 0, 0))","(1, ('t', 2, 4, 2))","(2, ('t', 0, 1, 1))","(1, ('m', 1, 2, 3))","(2, ('e', 0, 4, 2))","(1, ('t', 4, 1, 3))","(2, ('a', 4, 0))","(1, ('t', 1, 1, 0))","(2, ('e', 1, 4, 1))","(1, ('t', 4, 1, 0))","(2, ('t', 0, 3, 0))","(1, ('t', 2, 4, 1))","(2, ('t', 0, 1, 3))","(1, ('t', 2, 4, 2))","(2, ('t', 0, 1, 2))","(1, ('t', 1, 0, 1))","(2, ('t', 0, 3, 2))","(1, ('m', 1, 1, 1))","(2, ('t', 0, 2, 0))","(1, ('m', 1, 0, 2))","(2, ('a', 1, 4))","(1, ('m', 2, 4, 2))","(2, ('e', 4, 0, 2))","(1, ('a', 2, 0))","(2, ('t', 0, 3, 0))",,,,,,,,,,,,,,,,,,,,,,,,,,,,,,,,,,,,,,,,,,,,,,,,,,,,,,,,,,,,,,,,,,,,,,,,,,,,,,,,,,,,,,,,,,,,,,,,,,,,,,,,,,,,,,,,,,,,,,,,,,,,,,,,,,,,,,,,,,,,,,,,,,,,,,,,,,,,,,,,,,,,,,,,,,,,,,,,,,,,,,,,,,,,,,,,,,,,,,,,,,,,,,,,,,,,,,,,,,,,,,,,,,,,,,,,,,,,,,,,,,,,,,,,,,,,,,,,,,,,,,,,,,,,,,,,,,,,,,,,,,,,,,,,,,,,,,,,,,,,,,,,,,,,,,,,,,,,,,,,,,,,,,,,,,,,,,,,,,,,,,,,,,,,,,,,,,,,,,,,,,,,,,,,,,,,,,,,,,,,,,,,,,,,,,,,,,,,,,,,,,,,,,,,,,,,,,,,,,,,,,,,,,,,,,,,,,,,,,,,,,,,,,,,,,,,,,,,,,,,,,,,,,,,,,,,,,,,,,,,,,,,,,,,,,,,,,,,,,,,,,,,,,,,,,,,,,,,,,,,,,,,,,,,,,,,,,,,,,,,,,,,,,,,,,,,,,,,,,,,,,,,,,,,,,,,,,,,,,,,,,,,,,,,,,,,,,,,,,,,,,,,,,,,,,,,,,,,,,,,,,,,,,,,,,,,,,,,,,,,,,,,,,,,,,,,,,,,,,,,,,,,,,,,,,,,,,,,,,,,,,,,,,,,,,,,,,,,,,,,,,,,,,,,,,,,,,,,,,,,,,,,,,,,,,,,,,,,,,,,,,,,,,,,,,,,,,,,,,,,,,,,,,,,,,,,,,,,,,,,,,,,,,,,,,,,,,,,,,,,,,,,,,,,,,,,,,,,,,,,,,,,,,,,,,,,,,,,,,,,,,,,,,,,,,,,,,,,,,,,,,,,,,,,,,,,,,,,,,,,,,,,,,,,,,,,,,,,,,,,,,,,,,,,,,,,,,,,,,,,,,,,,,,,,,,,,,,,,,,,,,,,,,,,,,,,,,,,
8,move,ia,ia,3,"[[0, 0, 0, 0, (1, 3)], [0, 0, 0, 0, 0], [0, (0, -1), (0, -1), (0, -1), 0], [0, 0, 0, 0, 0], [0, 0, 0, 0, 0]]","[[0, 0, 0, (1, 3), (2, 3)], [0, 0, 0, 0, 0], [0, (0, -1), (0, -1), (0, -1), 0], [0, 0, 0, 0, 0], [0, 0, 0, 0, 0]]","[[0, (1, 3), 0, (1, 3), (2, 3)], [0, 0, 0, 0, 0], [0, (0, -1), (0, -1), (0, -1), 0], [0, 0, 0, 0, 0], [0, 0, 0, 0, 0]]","[[0, (1, 3), (2, 3), (1, 3), (2, 3)], [0, 0, 0, 0, 0], [0, (0, -1), (0, -1), (0, -1), 0], [0, 0, 0, 0, 0], [0, 0, 0, 0, 0]]","[[0, (1, 3), (2, 3), (1, 3), (2, 3)], [0, 0, 0, 0, 0], [0, (0, -1), (0, -1), (0, -1), 0], [0, 0, 0, 0, 0], [0, (1, 0), 0, 0, 0]]","[[(1, 3), (2, 3), (1, 3), (2, 3), 0], [0, 0, 0, 0, 0], [0, (0, -1), (0, -1), (0, -1), 0], [0, 0, 0, 0, 0], [0, (1, 0), 0, 0, 0]]","[[(1, 3), (2, 3), (1, 2), (2, 3), 0], [0, 0, (1, 3), 0, 0], [0, (0, -1), (0, -1), (0, -1), 0], [0, 0, 0, 0, 0], [0, (1, 0), 0, 0, 0]]","[[(1, 3), (2, 3), (1, 2), (2, 3), 0], [0, 0, (1, 3), 0, 0], [(2, 3), (0, -1), (0, -1), (0, -1), 0], [0, 0, 0, 0, 0], [0, (1, 0), 0, 0, 0]]","[[(1, 3), (2, 3), (1, 2), (2, 3), 0], [0, 0, (1, 3), 0, 0], [(2, 3), (0, -1), (0, -1), (0, -1), (1, 1)], [0, 0, 0, 0, 0], [0, (1, 0), 0, 0, 0]]","[[(1, 3), (2, 3), (1, 2), (2, 3), 0], [0, 0, (1, 3), 0, 0], [(2, 3), (0, -1), (0, -1), (0, -1), (1, 1)], [0, 0, 0, 0, 0], [(2, 3), (1, 0), 0, 0, 0]]","[[(1, 3), (2, 3), (1, 2), (2, 3), 0], [0, (1, 3), 0, 0, 0], [(2, 3), (0, -1), (0, -1), (0, -1), (1, 1)], [0, 0, 0, 0, 0], [(2, 3), (1, 0), 0, 0, 0]]","[[(1, 3), (2, 3), (2, 2), (2, 3), 0], [0, (1, 3), (1, 2), 0, 0], [(2, 3), (0, -1), (0, -1), (0, -1), (1, 1)], [0, 0, 0, 0, 0], [(2, 3), (1, 0), 0, 0, 0]]","[[(1, 3), (2, 3), (2, 2), (2, 3), 0], [0, (1, 3), (1, 2), 0, 0], [(2, 3), (0, -1), (0, -1), (0, -1), (1, 1)], [0, 0, 0, 0, 0], [(2, 3), (1, 1), 0, 0, 0]]","[[(1, 3), (2, 3), (2, 2), (2, 3), 0], [0, (1, 3), (1, 2), 0, 0], [(2, 0), (0, -1), (0, -1), (0, -1), (1, 1)], [0, 0, 0, 0, 0], [(2, 3), (1, 1), 0, 0, 0]]","[[(1, 3), (2, 3), (2, 2), (2, 3), 0], [0, (1, 3), (1, 3), 0, 0], [(2, 0), (0, -1), (0, -1), (0, -1), (1, 1)], [0, 0, 0, 0, 0], [(2, 3), (1, 1), 0, 0, 0]]","[[(1, 3), (2, 3), (2, 2), (2, 3), 0], [(2, 0), (1, 3), (1, 3), 0, 0], [0, (0, -1), (0, -1), (0, -1), (1, 1)], [0, 0, 0, 0, 0], [(2, 3), (1, 1), 0, 0, 0]]","[[(1, 3), (2, 3), (2, 2), (2, 3), 0], [(2, 0), (1, 3), (1, 3), 0, 0], [0, (0, -1), (0, -1), (0, -1), (1, 2)], [0, 0, 0, 0, 0], [(2, 3), (1, 1), 0, 0, 0]]","[[(1, 3), (2, 1), (2, 2), (2, 3), 0], [(2, 0), (1, 3), (1, 3), 0, 0], [0, (0, -1), (0, -1), (0, -1), (1, 2)], [0, 0, 0, 0, 0], [(2, 3), (1, 1), 0, 0, 0]]","[[(1, 3), (2, 1), (2, 2), (2, 3), 0], [(1, 3), (1, 3), 0, 0, 0], [0, (0, -1), (0, -1), (0, -1), (1, 2)], [0, 0, 0, 0, 0], [(2, 3), (1, 1), 0, 0, 0]]","[[(1, 3), (2, 1), (2, 2), (2, 3), (2, 2)], [(1, 3), (1, 3), 0, 0, 0], [0, (0, -1), (0, -1), (0, -1), (1, 2)], [0, 0, 0, 0, 0], [(2, 3), (1, 1), 0, 0, 0]]","[[(1, 3), (2, 1), (2, 2), (2, 3), (2, 2)], [(1, 3), (1, 3), 0, 0, 0], [0, (0, -1), (0, -1), (0, -1), (1, 2)], [0, 0, 0, 0, 0], [(2, 3), (1, 3), 0, 0, 0]]","[[(1, 3), (2, 1), (2, 2), (2, 3), (2, 2)], [(1, 3), (1, 3), 0, 0, 0], [0, (0, -1), (0, -1), (0, -1), (1, 2)], [0, 0, 0, 0, 0], [0, (1, 3), 0, 0, 0]]","[[(1, 3), (2, 1), (2, 2), (2, 3), (2, 2)], [(1, 3), (1, 0), 0, 0, 0], [0, (0, -1), (0, -1), (0, -1), (1, 2)], [0, 0, 0, 0, 0], [0, (1, 3), 0, 0, 0]]","[[(1, 3), (2, 1), (2, 2), (2, 3), (2, 2)], [(1, 3), (1, 0), 0, 0, (2, 1)], [0, (0, -1), (0, -1), (0, -1), (1, 2)], [0, 0, 0, 0, 0], [0, (1, 3), 0, 0, 0]]","[[(1, 3), (2, 1), (2, 2), (2, 3), (2, 2)], [(1, 3), (1, 0), 0, 0, (2, 1)], [0, (0, -1), (0, -1), (0, -1), (1, 2)], [0, 0, 0, 0, 0], [0, (1, 0), 0, 0, 0]]","[[(1, 3), (2, 1), (2, 2), (2, 0), (2, 2)], [(1, 3), (1, 0), 0, 0, (2, 1)], [0, (0, -1), (0, -1), (0, -1), (1, 2)], [0, 0, 0, 0, 0], [0, (1, 0), 0, 0, 0]]","[[(1, 3), (2, 1), (2, 2), (2, 0), (2, 2)], [(1, 3), (1, 0), 0, 0, (2, 1)], [0, (0, -1), (0, -1), (0, -1), (1, 1)], [0, 0, 0, 0, 0], [0, (1, 0), 0, 0, 0]]","[[(1, 3), (2, 3), (2, 2), (2, 0), (2, 2)], [(1, 3), (1, 0), 0, 0, (2, 1)], [0, (0, -1), (0, -1), (0, -1), (1, 1)], [0, 0, 0, 0, 0], [0, (1, 0), 0, 0, 0]]","[[(1, 3), (2, 3), (2, 2), (2, 0), (2, 2)], [(1, 3), (1, 0), 0, 0, (2, 1)], [0, (0, -1), (0, -1), (0, -1), (1, 2)], [0, 0, 0, 0, 0], [0, (1, 0), 0, 0, 0]]","[[(1, 3), (2, 2), (2, 2), (2, 0), (2, 2)], [(1, 3), (1, 0), 0, 0, (2, 1)], [0, (0, -1), (0, -1), (0, -1), (1, 2)], [0, 0, 0, 0, 0], [0, (1, 0), 0, 0, 0]]","[[(1, 3), (2, 2), (2, 2), (2, 0), (2, 2)], [(1, 1), (1, 0), 0, 0, (2, 1)], [0, (0, -1), (0, -1), (0, -1), (1, 2)], [0, 0, 0, 0, 0], [0, (1, 0), 0, 0, 0]]","[[(1, 3), (2, 2), (2, 2), (2, 2), (2, 2)], [(1, 1), (1, 0), 0, 0, (2, 1)], [0, (0, -1), (0, -1), (0, -1), (1, 2)], [0, 0, 0, 0, 0], [0, (1, 0), 0, 0, 0]]","[[(1, 3), (2, 2), (2, 2), (2, 2), (2, 2)], [(1, 1), 0, (1, 0), 0, (2, 1)], [0, (0, -1), (0, -1), (0, -1), (1, 2)], [0, 0, 0, 0, 0], [0, (1, 0), 0, 0, 0]]","[[(1, 3), (2, 2), (2, 0), (2, 2), (2, 2)], [(1, 1), 0, (1, 0), 0, (2, 1)], [0, (0, -1), (0, -1), (0, -1), (1, 2)], [0, 0, 0, 0, 0], [0, (1, 0), 0, 0, 0]]","[[(1, 3), (2, 2), (2, 0), (2, 2), (2, 2)], [0, 0, (1, 0), 0, (2, 1)], [(1, 1), (0, -1), (0, -1), (0, -1), (1, 2)], [0, 0, 0, 0, 0], [0, (1, 0), 0, 0, 0]]","[[(1, 3), (2, 2), (2, 0), (2, 2), (2, 2)], [0, 0, (1, 0), 0, 0], [(1, 1), (0, -1), (0, -1), (0, -1), (1, 2)], [0, 0, 0, 0, 0], [0, (1, 0), 0, 0, 0]]","[[(1, 3), (2, 2), (2, 0), (2, 2), (2, 2)], [0, 0, (1, 0), 0, 0], [(1, 1), (0, -1), (0, -1), (0, -1), 0], [0, 0, 0, 0, (1, 2)], [0, (1, 0), 0, 0, 0]]","[[(1, 3), (2, 2), (2, 0), (2, 2), (2, 2)], [0, 0, (1, 0), 0, 0], [(1, 1), (0, -1), (0, -1), (0, -1), 0], [0, 0, 0, 0, (1, 2)], [(2, 2), (1, 0), 0, 0, 0]]","[[(1, 3), (2, 2), (2, 0), (2, 2), (2, 2)], [0, 0, (1, 0), 0, 0], [0, (0, -1), (0, -1), (0, -1), 0], [0, 0, 0, 0, (1, 2)], [(2, 2), (1, 0), 0, 0, 0]]","[[(1, 3), (2, 2), (2, 0), (2, 0), (2, 2)], [0, 0, (1, 0), 0, 0], [0, (0, -1), (0, -1), (0, -1), 0], [0, 0, 0, 0, (1, 2)], [(2, 2), (1, 0), 0, 0, 0]]",,,,,,,,,,,,,,,,,,,,,,,,,,,,,,,,,,,,,,,,,,,,,,,,,,,,,,,,,,,,,,,,,,,,,,,,,,,,,,,,,,,,,,,,,,,,,,,,,,,,,,,,,,,,,,,,,,,,,,,,,,,,,,,,,,,,,,,,,,,,,,,,,,,,,,,,,,,,,,,,,,,,,,,,,,,,,,,,,,,,,,,,,,,,,,,,,,,,,,,,,,,,,,,,,,,,,,,,,,,,,,,,,,,,,,,,,,,,,,,,,,,,,,,,,,,,,,,,,,,,,,,,,,,,,,,,,,,,,,,,,,,,,,,,,,,,,,,,,,,,,,,,,,,,,,,,,,,,,,,,,,,,,,,,,,,,,,,,,,,,,,,,,,,,,,,,,,,,,,,,,,,,,,,,,,,,,,,,,,,,,,,,,,,,,,,,,,,,,,,,,,,,,,,,,,,,,,,,,,,,,,,,,,,,,,,,,,,,,,,,,,,,,,,,,,,,,,,,,,,,,,,,,,,,,,,,,,,,,,,,,,,,,,,,,,,,,,,,,,,,,,,,,,,,,,,,,,,,,,,,,,,,,,,,,,,,,,,,,,,,,,,,,,,,,,,,,,,,,,,,,,,,,,,,,,,,,,,,,,,,,,,,,,,,,,,,,,,,,,,,,,,,,,,,,,,,,,,,,,,,,,,,,,,,,,,,,,,,,,,,,,,,,,,,,,,,,,,,,,,,,,,,,,,,,,,,,,,,,,,,,,,,,,,,,,,,,,,,,,,,,,,,,,,,,,,,,,,,,,,,,,,,,,,,,,,,,,,,,,,,,,,,,,,,,,,,,,,,,,,,,,,,,,,,,,,,,,,,,,,,,,,,,,,,,,,,,,,,,,,,,,,,,,,,,,,,,,,,,,,,,,,,,,,,,,,,,,,,,,,,,,,,,,,,,,,,,,,,,,,,,,,,,,,,,,,,,,,,,,,,,,,,,,,,,,,,,,,,,,,,,,,,,,,,,,,,,,,,,,,,,,,,,,,,,,,,,,,,,,,,,,,,,,,,,,,,,,,,
9,state,ia,ia,3,"(1, ('e', 0, 4, 2))","(2, ('e', 1, 0, 2))","(1, ('e', 4, 2, 0))","(2, ('e', 4, 3, 0))","(1, ('e', 3, 4, 0))","(2, ('e', 4, 1, 0))","(1, ('e', 0, 3, 0))","(2, ('e', 4, 2, 0))","(1, ('t', 3, 2, 3))","(2, ('e', 0, 0, 3))","(1, ('e', 0, 2, 2))","(2, ('t', 0, 0, 1))","(1, ('m', 3, 4, 3))","(2, ('t', 0, 0, 2))","(1, ('t', 0, 4, 0))","(2, ('m', 0, 0, 1))","(1, ('a', 0, 3))","(2, ('m', 4, 1, 3))","(1, ('e', 1, 4, 3))","(2, ('m', 0, 1, 2))","(1, ('t', 3, 2, 1))","(2, ('m', 4, 3, 1))","(1, ('t', 1, 4, 0))","(2, ('t', 4, 2, 1))","(1, ('t', 1, 4, 3))","(2, ('t', 1, 1, 0))","(1, ('m', 3, 2, 3))","(2, ('t', 1, 0, 0))","(1, ('t', 0, 2, 1))","(2, ('t', 4, 2, 0))","(1, ('t', 0, 2, 2))","(2, ('t', 4, 2, 1))","(1, ('t', 1, 4, 0))","(2, ('m', 4, 4, 3))","(1, ('a', 0, 4))","(2, ('a', 4, 3))","(1, ('m', 0, 2, 3))","(2, ('m', 4, 2, 1))","(1, ('t', 1, 4, 2))","(2, ('e', 0, 4, 1))",,,,,,,,,,,,,,,,,,,,,,,,,,,,,,,,,,,,,,,,,,,,,,,,,,,,,,,,,,,,,,,,,,,,,,,,,,,,,,,,,,,,,,,,,,,,,,,,,,,,,,,,,,,,,,,,,,,,,,,,,,,,,,,,,,,,,,,,,,,,,,,,,,,,,,,,,,,,,,,,,,,,,,,,,,,,,,,,,,,,,,,,,,,,,,,,,,,,,,,,,,,,,,,,,,,,,,,,,,,,,,,,,,,,,,,,,,,,,,,,,,,,,,,,,,,,,,,,,,,,,,,,,,,,,,,,,,,,,,,,,,,,,,,,,,,,,,,,,,,,,,,,,,,,,,,,,,,,,,,,,,,,,,,,,,,,,,,,,,,,,,,,,,,,,,,,,,,,,,,,,,,,,,,,,,,,,,,,,,,,,,,,,,,,,,,,,,,,,,,,,,,,,,,,,,,,,,,,,,,,,,,,,,,,,,,,,,,,,,,,,,,,,,,,,,,,,,,,,,,,,,,,,,,,,,,,,,,,,,,,,,,,,,,,,,,,,,,,,,,,,,,,,,,,,,,,,,,,,,,,,,,,,,,,,,,,,,,,,,,,,,,,,,,,,,,,,,,,,,,,,,,,,,,,,,,,,,,,,,,,,,,,,,,,,,,,,,,,,,,,,,,,,,,,,,,,,,,,,,,,,,,,,,,,,,,,,,,,,,,,,,,,,,,,,,,,,,,,,,,,,,,,,,,,,,,,,,,,,,,,,,,,,,,,,,,,,,,,,,,,,,,,,,,,,,,,,,,,,,,,,,,,,,,,,,,,,,,,,,,,,,,,,,,,,,,,,,,,,,,,,,,,,,,,,,,,,,,,,,,,,,,,,,,,,,,,,,,,,,,,,,,,,,,,,,,,,,,,,,,,,,,,,,,,,,,,,,,,,,,,,,,,,,,,,,,,,,,,,,,,,,,,,,,,,,,,,,,,,,,,,,,,,,,,,,,,,,,,,,,,,,,,,,,,,,,,,,,,,,,,,,,,,,,,,,,,,,,,,,,,,,,,,,,,,,,,,,,,
10,move,ia,ia,3,"[[0, 0, 0, 0, (1, 2)], [0, 0, 0, 0, 0], [0, (0, -1), (0, -1), (0, -1), 0], [0, 0, 0, 0, 0], [0, 0, 0, 0, 0]]","[[0, 0, 0, 0, (1, 2)], [(2, 2), 0, 0, 0, 0], [0, (0, -1), (0, -1), (0, -1), 0], [0, 0, 0, 0, 0], [0, 0, 0, 0, 0]]","[[0, 0, 0, 0, (1, 2)], [(2, 2), 0, 0, 0, 0], [0, (0, -1), (0, -1), (0, -1), 0], [0, 0, 0, 0, 0], [0, 0, (1, 0), 0, 0]]","[[0, 0, 0, 0, (1, 2)], [(2, 2), 0, 0, 0, 0], [0, (0, -1), (0, -1), (0, -1), 0], [0, 0, 0, 0, 0], [0, 0, (1, 0), (2, 0), 0]]","[[0, 0, 0, 0, (1, 2)], [(2, 2), 0, 0, 0, 0], [0, (0, -1), (0, -1), (0, -1), 0], [0, 0, 0, 0, (1, 0)], [0, 0, (1, 0), (2, 0), 0]]","[[0, 0, 0, 0, (1, 2)], [(2, 2), 0, 0, 0, 0], [0, (0, -1), (0, -1), (0, -1), 0], [0, 0, 0, 0, (1, 0)], [0, (2, 0), (1, 0), (2, 0), 0]]","[[0, 0, 0, (1, 0), (1, 2)], [(2, 2), 0, 0, 0, 0], [0, (0, -1), (0, -1), (0, -1), 0], [0, 0, 0, 0, (1, 0)], [0, (2, 0), (1, 0), (2, 0), 0]]","[[0, 0, 0, (1, 0), (1, 2)], [(2, 2), 0, 0, 0, 0], [0, (0, -1), (0, -1), (0, -1), 0], [0, 0, (1, 0), 0, (1, 0)], [0, (2, 0), (2, 0), (2, 0), 0]]","[[0, 0, 0, (1, 0), (1, 2)], [(2, 2), 0, 0, 0, 0], [0, (0, -1), (0, -1), (0, -1), 0], [0, 0, (1, 3), 0, (1, 0)], [0, (2, 0), (2, 0), (2, 0), 0]]","[[(2, 3), 0, 0, (1, 0), (1, 2)], [(2, 2), 0, 0, 0, 0], [0, (0, -1), (0, -1), (0, -1), 0], [0, 0, (1, 3), 0, (1, 0)], [0, (2, 0), (2, 0), (2, 0), 0]]","[[(2, 3), 0, (1, 2), (1, 0), (1, 2)], [(2, 2), 0, 0, 0, 0], [0, (0, -1), (0, -1), (0, -1), 0], [0, 0, (1, 3), 0, (1, 0)], [0, (2, 0), (2, 0), (2, 0), 0]]","[[(2, 1), 0, (1, 2), (1, 0), (1, 2)], [(2, 2), 0, 0, 0, 0], [0, (0, -1), (0, -1), (0, -1), 0], [0, 0, (1, 3), 0, (1, 0)], [0, (2, 0), (2, 0), (2, 0), 0]]","[[(2, 1), 0, (1, 2), (1, 0), (1, 2)], [(2, 2), 0, 0, 0, 0], [0, (0, -1), (0, -1), (0, -1), 0], [0, 0, (1, 3), (1, 0), 0], [0, (2, 0), (2, 0), (2, 0), 0]]","[[(2, 2), 0, (1, 2), (1, 0), (1, 2)], [(2, 2), 0, 0, 0, 0], [0, (0, -1), (0, -1), (0, -1), 0], [0, 0, (1, 3), (1, 0), 0], [0, (2, 0), (2, 0), (2, 0), 0]]","[[(2, 2), 0, (1, 2), (1, 0), (1, 0)], [(2, 2), 0, 0, 0, 0], [0, (0, -1), (0, -1), (0, -1), 0], [0, 0, (1, 3), (1, 0), 0], [0, (2, 0), (2, 0), (2, 0), 0]]","[[0, (2, 2), (1, 2), (1, 0), (1, 0)], [(2, 2), 0, 0, 0, 0], [0, (0, -1), (0, -1), (0, -1), 0], [0, 0, (1, 3), (1, 0), 0], [0, (2, 0), (2, 0), (2, 0), 0]]","[[0, (2, 2), (1, 2), 0, (1, 0)], [(2, 2), 0, 0, 0, 0], [0, (0, -1), (0, -1), (0, -1), 0], [0, 0, (1, 3), (1, 0), 0], [0, (2, 0), (2, 0), (2, 0), 0]]","[[0, (2, 2), (1, 2), 0, (1, 0)], [(2, 2), 0, 0, 0, 0], [0, (0, -1), (0, -1), (0, -1), 0], [0, 0, (1, 3), (1, 0), 0], [(2, 0), 0, (2, 0), (2, 0), 0]]","[[0, (2, 2), (1, 2), 0, (1, 0)], [(2, 2), 0, 0, 0, (1, 3)], [0, (0, -1), (0, -1), (0, -1), 0], [0, 0, (1, 3), (1, 0), 0], [(2, 0), 0, (2, 0), (2, 0), 0]]","[[0, 0, (1, 2), 0, (1, 0)], [(2, 2), (2, 2), 0, 0, (1, 3)], [0, (0, -1), (0, -1), (0, -1), 0], [0, 0, (1, 3), (1, 0), 0], [(2, 0), 0, (2, 0), (2, 0), 0]]","[[0, 0, (1, 2), 0, (1, 0)], [(2, 2), (2, 2), 0, 0, (1, 3)], [0, (0, -1), (0, -1), (0, -1), 0], [0, 0, (1, 1), (1, 0), 0], [(2, 0), 0, (2, 0), (2, 0), 0]]","[[0, 0, (1, 2), 0, (1, 0)], [(2, 2), (2, 2), 0, 0, (1, 3)], [0, (0, -1), (0, -1), (0, -1), 0], [0, 0, (1, 1), (1, 0), 0], [(2, 0), 0, (2, 0), 0, (2, 0)]]","[[0, 0, (1, 2), 0, (1, 0)], [(2, 2), (2, 2), 0, 0, (1, 0)], [0, (0, -1), (0, -1), (0, -1), 0], [0, 0, (1, 1), (1, 0), 0], [(2, 0), 0, (2, 0), 0, (2, 0)]]","[[0, 0, (1, 2), 0, (1, 0)], [(2, 2), (2, 2), 0, 0, (1, 0)], [0, (0, -1), (0, -1), (0, -1), 0], [0, 0, (1, 1), (1, 0), 0], [(2, 0), 0, (2, 1), 0, (2, 0)]]","[[0, 0, (1, 2), 0, (1, 0)], [(2, 2), (2, 2), 0, 0, (1, 3)], [0, (0, -1), (0, -1), (0, -1), 0], [0, 0, (1, 1), (1, 0), 0], [(2, 0), 0, (2, 1), 0, (2, 0)]]","[[0, 0, (1, 2), 0, (1, 0)], [(2, 2), (2, 0), 0, 0, (1, 3)], [0, (0, -1), (0, -1), (0, -1), 0], [0, 0, (1, 1), (1, 0), 0], [(2, 0), 0, (2, 1), 0, (2, 0)]]","[[0, 0, (1, 2), 0, (1, 0)], [(2, 2), (2, 0), 0, 0, (1, 3)], [0, (0, -1), (0, -1), (0, -1), 0], [0, (1, 1), 0, (1, 0), 0], [(2, 0), 0, (2, 1), 0, (2, 0)]]","[[0, 0, (1, 2), 0, (1, 0)], [(2, 0), (2, 0), 0, 0, (1, 3)], [0, (0, -1), (0, -1), (0, -1), 0], [0, (1, 1), 0, (1, 0), 0], [(2, 0), 0, (2, 1), 0, (2, 0)]]","[[0, 0, (1, 1), 0, (1, 0)], [(2, 0), (2, 0), 0, 0, (1, 3)], [0, (0, -1), (0, -1), (0, -1), 0], [0, (1, 1), 0, (1, 0), 0], [(2, 0), 0, (2, 1), 0, (2, 0)]]","[[0, 0, (1, 1), 0, (1, 0)], [(2, 0), (2, 0), 0, 0, (1, 3)], [0, (0, -1), (0, -1), (0, -1), 0], [0, (1, 1), 0, (1, 0), 0], [(2, 0), 0, (2, 0), 0, (2, 0)]]","[[0, 0, (1, 2), 0, (1, 0)], [(2, 0), (2, 0), 0, 0, (1, 3)], [0, (0, -1), (0, -1), (0, -1), 0], [0, (1, 1), 0, (1, 0), 0], [(2, 0), 0, (2, 0), 0, (2, 0)]]","[[0, 0, (1, 2), 0, (1, 0)], [(2, 0), (2, 0), 0, 0, (1, 3)], [0, (0, -1), (0, -1), (0, -1), 0], [0, (1, 1), 0, (1, 0), 0], [(2, 0), 0, (2, 1), 0, (2, 0)]]","[[0, 0, (1, 2), 0, (1, 0)], [(2, 0), (2, 0), 0, 0, (1, 0)], [0, (0, -1), (0, -1), (0, -1), 0], [0, (1, 1), 0, (1, 0), 0], [(2, 0), 0, (2, 1), 0, (2, 0)]]","[[0, 0, (1, 2), 0, (1, 0)], [(2, 0), (2, 0), 0, 0, (1, 0)], [0, (0, -1), (0, -1), (0, -1), 0], [0, (1, 1), 0, (1, 0), 0], [(2, 0), 0, (2, 1), (2, 0), 0]]","[[0, 0, (1, 2), 0, 0], [(2, 0), (2, 0), 0, 0, (1, 0)], [0, (0, -1), (0, -1), (0, -1), 0], [0, (1, 1), 0, (1, 0), 0], [(2, 0), 0, (2, 1), (2, 0), 0]]","[[0, 0, (1, 2), 0, 0], [(2, 0), (2, 0), 0, 0, (1, 0)], [0, (0, -1), (0, -1), (0, -1), 0], [0, (1, 1), 0, (1, 0), 0], [(2, 0), 0, (2, 1), 0, 0]]","[[0, (1, 2), 0, 0, 0], [(2, 0), (2, 0), 0, 0, (1, 0)], [0, (0, -1), (0, -1), (0, -1), 0], [0, (1, 1), 0, (1, 0), 0], [(2, 0), 0, (2, 1), 0, 0]]","[[0, (1, 2), 0, 0, 0], [(2, 0), (2, 0), 0, 0, (1, 0)], [0, (0, -1), (0, -1), (0, -1), 0], [0, (1, 1), 0, (1, 0), 0], [(2, 0), 0, 0, (2, 1), 0]]","[[0, (1, 2), 0, 0, 0], [(2, 0), (2, 0), 0, 0, (1, 2)], [0, (0, -1), (0, -1), (0, -1), 0], [0, (1, 1), 0, (1, 0), 0], [(2, 0), 0, 0, (2, 1), 0]]","[[0, (1, 2), 0, 0, (2, 1)], [(2, 0), (2, 0), 0, 0, (1, 2)], [0, (0, -1), (0, -1), (0, -1), 0], [0, (1, 1), 0, (1, 0), 0], [(2, 0), 0, 0, (2, 1), 0]]",,,,,,,,,,,,,,,,,,,,,,,,,,,,,,,,,,,,,,,,,,,,,,,,,,,,,,,,,,,,,,,,,,,,,,,,,,,,,,,,,,,,,,,,,,,,,,,,,,,,,,,,,,,,,,,,,,,,,,,,,,,,,,,,,,,,,,,,,,,,,,,,,,,,,,,,,,,,,,,,,,,,,,,,,,,,,,,,,,,,,,,,,,,,,,,,,,,,,,,,,,,,,,,,,,,,,,,,,,,,,,,,,,,,,,,,,,,,,,,,,,,,,,,,,,,,,,,,,,,,,,,,,,,,,,,,,,,,,,,,,,,,,,,,,,,,,,,,,,,,,,,,,,,,,,,,,,,,,,,,,,,,,,,,,,,,,,,,,,,,,,,,,,,,,,,,,,,,,,,,,,,,,,,,,,,,,,,,,,,,,,,,,,,,,,,,,,,,,,,,,,,,,,,,,,,,,,,,,,,,,,,,,,,,,,,,,,,,,,,,,,,,,,,,,,,,,,,,,,,,,,,,,,,,,,,,,,,,,,,,,,,,,,,,,,,,,,,,,,,,,,,,,,,,,,,,,,,,,,,,,,,,,,,,,,,,,,,,,,,,,,,,,,,,,,,,,,,,,,,,,,,,,,,,,,,,,,,,,,,,,,,,,,,,,,,,,,,,,,,,,,,,,,,,,,,,,,,,,,,,,,,,,,,,,,,,,,,,,,,,,,,,,,,,,,,,,,,,,,,,,,,,,,,,,,,,,,,,,,,,,,,,,,,,,,,,,,,,,,,,,,,,,,,,,,,,,,,,,,,,,,,,,,,,,,,,,,,,,,,,,,,,,,,,,,,,,,,,,,,,,,,,,,,,,,,,,,,,,,,,,,,,,,,,,,,,,,,,,,,,,,,,,,,,,,,,,,,,,,,,,,,,,,,,,,,,,,,,,,,,,,,,,,,,,,,,,,,,,,,,,,,,,,,,,,,,,,,,,,,,,,,,,,,,,,,,,,,,,,,,,,,,,,,,,,,,,,,,,,,,,,,,,,,,,,,,,,,,,,,,,,,,,,,,,,,,,,,,
11,state,ia,ia,3,"(1, ('e', 4, 1, 3))","(2, ('e', 1, 0, 1))","(1, ('e', 4, 2, 2))","(2, ('e', 4, 4, 3))","(1, ('e', 1, 4, 2))","(2, ('a', 1, 0))","(1, ('e', 0, 1, 3))","(2, ('t', 4, 4, 1))","(1, ('e', 0, 3, 1))","(2, ('m', 4, 4, 0))","(1, ('a', 0, 3))","(2, ('e', 0, 3, 0))","(1, ('m', 4, 1, 3))","(2, ('e', 4, 4, 2))","(1, ('e', 0, 1, 2))","(2, ('e', 4, 3, 0))","(1, ('t', 4, 0, 0))","(2, ('e', 0, 4, 1))","(1, ('t', 1, 1, 0))","(2, ('a', 3, 4))","(1, ('a', 0, 1))","(2, ('t', 0, 3, 1))","(1, ('e', 2, 4, 3))","(2, ('e', 0, 0, 0))","(1, ('t', 2, 4, 2))","(2, ('a', 0, 3))","(1, ('t', 1, 1, 2))","(2, ('e', 3, 4, 3))","(1, ('m', 4, 2, 3))","(2, ('m', 0, 4, 3))","(1, ('m', 1, 1, 2))","(2, ('t', 0, 3, 0))","(1, ('t', 1, 4, 1))","(2, ('t', 4, 3, 2))","(1, ('t', 2, 1, 1))","(2, ('a', 3, 4))","(1, ('t', 1, 4, 0))","(2, ('e', 0, 0, 1))","(1, ('t', 1, 4, 2))","(2, ('t', 4, 4, 3))","(1, ('a', 4, 1))","(2, ('a', 4, 3))","(1, ('e', 0, 2, 2))","(2, ('t', 0, 3, 2))","(1, ('t', 1, 4, 0))","(2, ('e', 0, 4, 1))","(1, ('m', 1, 4, 0))","(2, ('e', 3, 4, 1))","(1, ('t', 0, 4, 3))","(2, ('t', 0, 0, 0))","(1, ('a', 0, 4))","(2, ('t', 0, 0, 1))","(1, ('e', 4, 3, 2))","(2, ('m', 0, 3, 1))","(1, ('a', 0, 2))","(2, ('a', 3, 4))","(1, ('t', 4, 3, 1))","(2, ('m', 0, 0, 1))","(1, ('e', 3, 0, 1))","(2, ('t', 0, 1, 3))","(1, ('t', 3, 0, 0))","(2, ('e', 3, 4, 0))","(1, ('m', 2, 1, 3))","(2, ('t', 0, 1, 2))","(1, ('a', 4, 3))","(2, ('t', 0, 2, 1))","(1, ('e', 4, 2, 0))","(2, ('t', 0, 2, 2))","(1, ('m', 4, 2, 0))","(2, ('t', 0, 4, 1))","(1, ('m', 2, 0, 0))",,,,,,,,,,,,,,,,,,,,,,,,,,,,,,,,,,,,,,,,,,,,,,,,,,,,,,,,,,,,,,,,,,,,,,,,,,,,,,,,,,,,,,,,,,,,,,,,,,,,,,,,,,,,,,,,,,,,,,,,,,,,,,,,,,,,,,,,,,,,,,,,,,,,,,,,,,,,,,,,,,,,,,,,,,,,,,,,,,,,,,,,,,,,,,,,,,,,,,,,,,,,,,,,,,,,,,,,,,,,,,,,,,,,,,,,,,,,,,,,,,,,,,,,,,,,,,,,,,,,,,,,,,,,,,,,,,,,,,,,,,,,,,,,,,,,,,,,,,,,,,,,,,,,,,,,,,,,,,,,,,,,,,,,,,,,,,,,,,,,,,,,,,,,,,,,,,,,,,,,,,,,,,,,,,,,,,,,,,,,,,,,,,,,,,,,,,,,,,,,,,,,,,,,,,,,,,,,,,,,,,,,,,,,,,,,,,,,,,,,,,,,,,,,,,,,,,,,,,,,,,,,,,,,,,,,,,,,,,,,,,,,,,,,,,,,,,,,,,,,,,,,,,,,,,,,,,,,,,,,,,,,,,,,,,,,,,,,,,,,,,,,,,,,,,,,,,,,,,,,,,,,,,,,,,,,,,,,,,,,,,,,,,,,,,,,,,,,,,,,,,,,,,,,,,,,,,,,,,,,,,,,,,,,,,,,,,,,,,,,,,,,,,,,,,,,,,,,,,,,,,,,,,,,,,,,,,,,,,,,,,,,,,,,,,,,,,,,,,,,,,,,,,,,,,,,,,,,,,,,,,,,,,,,,,,,,,,,,,,,,,,,,,,,,,,,,,,,,,,,,,,,,,,,,,,,,,,,,,,,,,,,,,,,,,,,,,,,,,,,,,,,,,,,,,,,,,,,,,,,,,,,,,,,,,,,,,,,,,,,,,,,,,,,,,,,,,,,,,,,,,,,,,,,,,,,,,,,,,,,,,,,,,,,,,,,,,,,,,,,,,,,,,,,,,,,,,,,,,,,,,,,,
12,move,ia,ia,3,"[[0, 0, 0, 0, 0], [0, 0, 0, 0, 0], [0, (0, -1), (0, -1), (0, -1), 0], [0, 0, 0, 0, 0], [0, (1, 3), 0, 0, 0]]","[[0, 0, 0, 0, 0], [(2, 1), 0, 0, 0, 0], [0, (0, -1), (0, -1), (0, -1), 0], [0, 0, 0, 0, 0], [0, (1, 3), 0, 0, 0]]","[[0, 0, 0, 0, 0], [(2, 1), 0, 0, 0, 0], [0, (0, -1), (0, -1), (0, -1), 0], [0, 0, 0, 0, 0], [0, (1, 3), (1, 2), 0, 0]]","[[0, 0, 0, 0, 0], [(2, 1), 0, 0, 0, 0], [0, (0, -1), (0, -1), (0, -1), 0], [0, 0, 0, 0, 0], [0, (1, 3), (1, 2), 0, (2, 3)]]","[[0, 0, 0, 0, 0], [(2, 1), 0, 0, 0, (1, 2)], [0, (0, -1), (0, -1), (0, -1), 0], [0, 0, 0, 0, 0], [0, (1, 3), (1, 2), 0, (2, 3)]]","[[0, 0, 0, 0, 0], [0, 0, 0, 0, (1, 2)], [0, (0, -1), (0, -1), (0, -1), 0], [0, 0, 0, 0, 0], [0, (1, 3), (1, 2), 0, (2, 3)]]","[[0, (1, 3), 0, 0, 0], [0, 0, 0, 0, (1, 2)], [0, (0, -1), (0, -1), (0, -1), 0], [0, 0, 0, 0, 0], [0, (1, 3), (1, 2), 0, (2, 3)]]","[[0, (1, 3), 0, 0, 0], [0, 0, 0, 0, (1, 2)], [0, (0, -1), (0, -1), (0, -1), 0], [0, 0, 0, 0, 0], [0, (1, 3), (1, 2), 0, (2, 1)]]","[[0, (1, 3), 0, (1, 1), 0], [0, 0, 0, 0, (1, 2)], [0, (0, -1), (0, -1), (0, -1), 0], [0, 0, 0, 0, 0], [0, (1, 3), (1, 2), 0, (2, 1)]]","[[0, (1, 3), 0, (1, 1), 0], [0, 0, 0, 0, (1, 2)], [0, (0, -1), (0, -1), (0, -1), 0], [0, 0, 0, 0, (2, 1)], [0, (1, 3), (1, 2), 0, 0]]","[[0, (1, 3), 0, 0, 0], [0, 0, 0, 0, (1, 2)], [0, (0, -1), (0, -1), (0, -1), 0], [0, 0, 0, 0, (2, 1)], [0, (1, 3), (1, 2), 0, 0]]","[[0, (1, 3), 0, (2, 0), 0], [0, 0, 0, 0, (1, 2)], [0, (0, -1), (0, -1), (0, -1), 0], [0, 0, 0, 0, (2, 1)], [0, (1, 3), (1, 2), 0, 0]]","[[0, (1, 3), 0, (2, 0), 0], [0, 0, 0, 0, (1, 2)], [0, (0, -1), (0, -1), (0, -1), 0], [0, 0, 0, 0, (2, 1)], [(1, 3), 0, (1, 2), 0, 0]]","[[0, (1, 3), 0, (2, 0), 0], [0, 0, 0, 0, (1, 2)], [0, (0, -1), (0, -1), (0, -1), 0], [0, 0, 0, 0, (2, 1)], [(1, 3), 0, (1, 2), 0, (2, 2)]]","[[0, (1, 2), 0, (2, 0), 0], [0, (1, 3), 0, 0, (1, 2)], [0, (0, -1), (0, -1), (0, -1), 0], [0, 0, 0, 0, (2, 1)], [(1, 3), 0, (1, 2), 0, (2, 2)]]","[[0, (1, 2), 0, (2, 0), 0], [0, (1, 3), 0, 0, (1, 2)], [0, (0, -1), (0, -1), (0, -1), 0], [0, 0, 0, 0, (2, 1)], [(1, 3), 0, (1, 2), (2, 0), (2, 2)]]","[[0, (1, 2), 0, (2, 0), 0], [0, (1, 3), 0, 0, (1, 2)], [0, (0, -1), (0, -1), (0, -1), 0], [0, 0, 0, 0, (2, 1)], [(1, 0), 0, (1, 2), (2, 0), (2, 2)]]","[[0, (1, 2), 0, (2, 0), (2, 1)], [0, (1, 3), 0, 0, (1, 2)], [0, (0, -1), (0, -1), (0, -1), 0], [0, 0, 0, 0, (2, 1)], [(1, 0), 0, (1, 2), (2, 0), (2, 2)]]","[[0, (1, 2), 0, (2, 0), (2, 1)], [0, (1, 0), 0, 0, (1, 2)], [0, (0, -1), (0, -1), (0, -1), 0], [0, 0, 0, 0, (2, 1)], [(1, 0), 0, (1, 2), (2, 0), (2, 2)]]","[[0, (1, 2), 0, (2, 0), (2, 1)], [0, (1, 0), 0, 0, (1, 2)], [0, (0, -1), (0, -1), (0, -1), 0], [0, 0, 0, 0, 0], [(1, 0), 0, (1, 2), (2, 0), (2, 2)]]","[[0, 0, 0, (2, 0), (2, 1)], [0, (1, 0), 0, 0, (1, 2)], [0, (0, -1), (0, -1), (0, -1), 0], [0, 0, 0, 0, 0], [(1, 0), 0, (1, 2), (2, 0), (2, 2)]]","[[0, 0, 0, (2, 1), (2, 1)], [0, (1, 0), 0, 0, (1, 2)], [0, (0, -1), (0, -1), (0, -1), 0], [0, 0, 0, 0, 0], [(1, 0), 0, (1, 2), (2, 0), (2, 2)]]","[[0, 0, 0, (2, 1), (2, 1)], [0, (1, 0), 0, 0, (1, 2)], [0, (0, -1), (0, -1), (0, -1), (1, 3)], [0, 0, 0, 0, 0], [(1, 0), 0, (1, 2), (2, 0), (2, 2)]]","[[(2, 0), 0, 0, (2, 1), (2, 1)], [0, (1, 0), 0, 0, (1, 2)], [0, (0, -1), (0, -1), (0, -1), (1, 3)], [0, 0, 0, 0, 0], [(1, 0), 0, (1, 2), (2, 0), (2, 2)]]","[[(2, 0), 0, 0, (2, 1), (2, 1)], [0, (1, 0), 0, 0, (1, 2)], [0, (0, -1), (0, -1), (0, -1), (1, 2)], [0, 0, 0, 0, 0], [(1, 0), 0, (1, 2), (2, 0), (2, 2)]]","[[(2, 0), 0, 0, 0, (2, 1)], [0, (1, 0), 0, 0, (1, 2)], [0, (0, -1), (0, -1), (0, -1), (1, 2)], [0, 0, 0, 0, 0], [(1, 0), 0, (1, 2), (2, 0), (2, 2)]]","[[(2, 0), 0, 0, 0, (2, 1)], [0, (1, 2), 0, 0, (1, 2)], [0, (0, -1), (0, -1), (0, -1), (1, 2)], [0, 0, 0, 0, 0], [(1, 0), 0, (1, 2), (2, 0), (2, 2)]]","[[(2, 0), 0, 0, 0, (2, 1)], [0, (1, 2), 0, 0, (1, 2)], [0, (0, -1), (0, -1), (0, -1), (1, 2)], [0, 0, 0, 0, (2, 3)], [(1, 0), 0, (1, 2), (2, 0), (2, 2)]]","[[(2, 0), 0, 0, 0, (2, 1)], [0, (1, 2), 0, 0, (1, 2)], [0, (0, -1), (0, -1), (0, -1), (1, 2)], [0, 0, 0, 0, (2, 3)], [(1, 0), (1, 2), 0, (2, 0), (2, 2)]]","[[(2, 0), 0, 0, (2, 1), 0], [0, (1, 2), 0, 0, (1, 2)], [0, (0, -1), (0, -1), (0, -1), (1, 2)], [0, 0, 0, 0, (2, 3)], [(1, 0), (1, 2), 0, (2, 0), (2, 2)]]","[[(2, 0), 0, 0, (2, 1), 0], [0, 0, 0, 0, (1, 2)], [0, (1, 2), (0, -1), (0, -1), (1, 2)], [0, (0, -1), 0, 0, (2, 3)], [(1, 0), (1, 2), 0, (2, 0), (2, 2)]]","[[(2, 0), 0, 0, (2, 0), 0], [0, 0, 0, 0, (1, 2)], [0, (1, 2), (0, -1), (0, -1), (1, 2)], [0, (0, -1), 0, 0, (2, 3)], [(1, 0), (1, 2), 0, (2, 0), (2, 2)]]","[[(2, 0), 0, 0, (2, 0), 0], [0, 0, 0, 0, (1, 1)], [0, (1, 2), (0, -1), (0, -1), (1, 2)], [0, (0, -1), 0, 0, (2, 3)], [(1, 0), (1, 2), 0, (2, 0), (2, 2)]]","[[(2, 0), 0, 0, (2, 0), 0], [0, 0, 0, 0, (1, 1)], [0, (1, 2), (0, -1), (0, -1), (1, 2)], [0, (0, -1), 0, 0, (2, 3)], [(1, 0), (1, 2), 0, (2, 2), (2, 2)]]","[[(2, 0), 0, 0, (2, 0), 0], [0, 0, 0, 0, (1, 1)], [0, (1, 1), (0, -1), (0, -1), (1, 2)], [0, (0, -1), 0, 0, (2, 3)], [(1, 0), (1, 2), 0, (2, 2), (2, 2)]]","[[(2, 0), 0, 0, (2, 0), 0], [0, 0, 0, 0, (1, 1)], [0, (1, 1), (0, -1), (0, -1), (1, 2)], [0, (0, -1), 0, 0, 0], [(1, 0), (1, 2), 0, (2, 2), (2, 2)]]","[[(2, 0), 0, 0, (2, 0), 0], [0, 0, 0, 0, (1, 0)], [0, (1, 1), (0, -1), (0, -1), (1, 2)], [0, (0, -1), 0, 0, 0], [(1, 0), (1, 2), 0, (2, 2), (2, 2)]]","[[(2, 1), (2, 0), 0, (2, 0), 0], [0, 0, 0, 0, (1, 0)], [0, (1, 1), (0, -1), (0, -1), (1, 2)], [0, (0, -1), 0, 0, 0], [(1, 0), (1, 2), 0, (2, 2), (2, 2)]]","[[(2, 1), (2, 0), 0, (2, 0), 0], [0, 0, 0, 0, (1, 2)], [0, (1, 1), (0, -1), (0, -1), (1, 2)], [0, (0, -1), 0, 0, 0], [(1, 0), (1, 2), 0, (2, 2), (2, 2)]]","[[(2, 1), (2, 0), 0, (2, 0), 0], [0, 0, 0, 0, (1, 2)], [0, (1, 1), (0, -1), (0, -1), (1, 2)], [0, (0, -1), 0, 0, 0], [(1, 0), (1, 2), 0, (2, 2), (2, 3)]]","[[(2, 1), (2, 0), 0, (2, 0), 0], [0, 0, 0, 0, (1, 2)], [0, (1, 1), (0, -1), (0, -1), (1, 2)], [0, (0, -1), 0, 0, 0], [(1, 0), 0, 0, (2, 2), (2, 3)]]","[[(2, 1), (2, 0), 0, (2, 0), 0], [0, 0, 0, 0, (1, 2)], [0, (1, 1), (0, -1), (0, -1), (1, 2)], [0, (0, -1), 0, 0, 0], [(1, 0), 0, 0, 0, (2, 3)]]","[[(2, 1), (2, 0), (1, 2), (2, 0), 0], [0, 0, 0, 0, (1, 2)], [0, (1, 1), (0, -1), (0, -1), (1, 2)], [0, (0, -1), 0, 0, 0], [(1, 0), 0, 0, 0, (2, 3)]]","[[(2, 1), (2, 0), (1, 2), (2, 2), 0], [0, 0, 0, 0, (1, 2)], [0, (1, 1), (0, -1), (0, -1), (1, 2)], [0, (0, -1), 0, 0, 0], [(1, 0), 0, 0, 0, (2, 3)]]","[[(2, 1), (2, 0), (1, 2), (2, 2), 0], [0, 0, 0, 0, (1, 0)], [0, (1, 1), (0, -1), (0, -1), (1, 2)], [0, (0, -1), 0, 0, 0], [(1, 0), 0, 0, 0, (2, 3)]]","[[(2, 1), (2, 0), (1, 2), (2, 2), (2, 1)], [0, 0, 0, 0, (1, 0)], [0, (1, 1), (0, -1), (0, -1), (1, 2)], [0, (0, -1), 0, 0, 0], [(1, 0), 0, 0, 0, (2, 3)]]","[[(2, 1), (2, 0), (1, 2), (2, 2), (1, 0)], [0, 0, 0, 0, 0], [0, (1, 1), (0, -1), (0, -1), (1, 2)], [0, (0, -1), 0, 0, 0], [(1, 0), 0, 0, 0, (2, 3)]]","[[(2, 1), (2, 0), (1, 2), (2, 2), (1, 0)], [0, 0, 0, 0, 0], [0, (1, 1), (0, -1), (0, -1), (1, 2)], [0, (0, -1), 0, 0, (2, 1)], [(1, 0), 0, 0, 0, (2, 3)]]","[[(2, 1), (2, 0), (1, 2), (2, 2), (1, 3)], [0, 0, 0, 0, 0], [0, (1, 1), (0, -1), (0, -1), (1, 2)], [0, (0, -1), 0, 0, (2, 1)], [(1, 0), 0, 0, 0, (2, 3)]]","[[(2, 0), (2, 0), (1, 2), (2, 2), (1, 3)], [0, 0, 0, 0, 0], [0, (1, 1), (0, -1), (0, -1), (1, 2)], [0, (0, -1), 0, 0, (2, 1)], [(1, 0), 0, 0, 0, (2, 3)]]","[[(2, 0), (2, 0), (1, 2), (2, 2), 0], [0, 0, 0, 0, 0], [0, (1, 1), (0, -1), (0, -1), (1, 2)], [0, (0, -1), 0, 0, (2, 1)], [(1, 0), 0, 0, 0, (2, 3)]]","[[(2, 1), (2, 0), (1, 2), (2, 2), 0], [0, 0, 0, 0, 0], [0, (1, 1), (0, -1), (0, -1), (1, 2)], [0, (0, -1), 0, 0, (2, 1)], [(1, 0), 0, 0, 0, (2, 3)]]","[[(2, 1), (2, 0), (1, 2), (2, 2), 0], [0, 0, 0, 0, 0], [0, (1, 1), (0, -1), (0, -1), (1, 2)], [0, (0, -1), 0, 0, (2, 1)], [(1, 0), 0, 0, (1, 2), (2, 3)]]","[[(2, 1), (2, 0), (1, 2), 0, (2, 2)], [0, 0, 0, 0, 0], [0, (1, 1), (0, -1), (0, -1), (1, 2)], [0, (0, -1), 0, 0, (2, 1)], [(1, 0), 0, 0, (1, 2), (2, 3)]]","[[(2, 1), (2, 0), 0, 0, (2, 2)], [0, 0, 0, 0, 0], [0, (1, 1), (0, -1), (0, -1), (1, 2)], [0, (0, -1), 0, 0, (2, 1)], [(1, 0), 0, 0, (1, 2), (2, 3)]]","[[(2, 1), (2, 0), 0, 0, (2, 2)], [0, 0, 0, 0, 0], [0, (1, 1), (0, -1), (0, -1), (1, 2)], [0, (0, -1), 0, 0, 0], [(1, 0), 0, 0, (1, 2), (2, 3)]]","[[(2, 1), (2, 0), 0, 0, (2, 2)], [0, 0, 0, 0, 0], [0, (1, 1), (0, -1), (0, -1), (1, 2)], [0, (0, -1), 0, 0, 0], [(1, 0), 0, 0, (1, 1), (2, 3)]]","[[0, (2, 1), (2, 0), 0, (2, 2)], [0, 0, 0, 0, 0], [0, (1, 1), (0, -1), (0, -1), (1, 2)], [0, (0, -1), 0, 0, 0], [(1, 0), 0, 0, (1, 1), (2, 3)]]","[[0, (2, 1), (2, 0), 0, (2, 2)], [0, 0, 0, 0, 0], [0, (1, 1), (0, -1), (0, -1), (1, 2)], [(1, 1), (0, -1), 0, 0, 0], [(1, 0), 0, 0, (1, 1), (2, 3)]]","[[0, (2, 3), (2, 0), 0, (2, 2)], [0, 0, 0, 0, 0], [0, (1, 1), (0, -1), (0, -1), (1, 2)], [(1, 1), (0, -1), 0, 0, 0], [(1, 0), 0, 0, (1, 1), (2, 3)]]","[[0, (2, 3), (2, 0), 0, (2, 2)], [0, 0, 0, 0, 0], [0, (1, 1), (0, -1), (0, -1), (1, 2)], [(1, 0), (0, -1), 0, 0, 0], [(1, 0), 0, 0, (1, 1), (2, 3)]]","[[0, (2, 3), (2, 0), 0, (2, 2)], [0, 0, 0, 0, 0], [0, (1, 1), (0, -1), (0, -1), (1, 2)], [(1, 0), (0, -1), 0, 0, (2, 0)], [(1, 0), 0, 0, (1, 1), (2, 3)]]","[[0, (2, 3), (2, 0), 0, (2, 2)], [0, 0, 0, 0, 0], [(1, 1), 0, (0, -1), (0, -1), (1, 2)], [(1, 0), (0, -1), 0, 0, (2, 0)], [(1, 0), 0, 0, (1, 1), (2, 3)]]","[[0, (2, 2), (2, 0), 0, (2, 2)], [0, 0, 0, 0, 0], [(1, 1), 0, (0, -1), (0, -1), (1, 2)], [(1, 0), (0, -1), 0, 0, (2, 0)], [(1, 0), 0, 0, (1, 1), (2, 3)]]","[[0, (2, 2), (2, 0), 0, (2, 2)], [0, 0, 0, 0, 0], [(1, 1), 0, (0, -1), (0, -1), (1, 2)], [(1, 0), (0, -1), 0, 0, (2, 0)], [(1, 0), 0, 0, 0, (2, 3)]]","[[0, (2, 2), (2, 1), 0, (2, 2)], [0, 0, 0, 0, 0], [(1, 1), 0, (0, -1), (0, -1), (1, 2)], [(1, 0), (0, -1), 0, 0, (2, 0)], [(1, 0), 0, 0, 0, (2, 3)]]","[[0, (2, 2), (2, 1), 0, (2, 2)], [0, 0, 0, 0, 0], [(1, 1), 0, (0, -1), (0, -1), (1, 2)], [(1, 0), (0, -1), 0, 0, (2, 0)], [(1, 0), 0, (1, 0), 0, (2, 3)]]","[[0, (2, 2), (2, 2), 0, (2, 2)], [0, 0, 0, 0, 0], [(1, 1), 0, (0, -1), (0, -1), (1, 2)], [(1, 0), (0, -1), 0, 0, (2, 0)], [(1, 0), 0, (1, 0), 0, (2, 3)]]","[[0, (2, 2), (2, 2), 0, (2, 2)], [0, 0, 0, 0, 0], [(1, 1), 0, (0, -1), (0, -1), (1, 2)], [(1, 0), (0, -1), (1, 0), 0, (2, 0)], [(1, 0), 0, 0, 0, (2, 3)]]","[[0, (2, 2), (2, 2), 0, (2, 1)], [0, 0, 0, 0, 0], [(1, 1), 0, (0, -1), (0, -1), (1, 2)], [(1, 0), (0, -1), (1, 0), 0, (2, 0)], [(1, 0), 0, 0, 0, (2, 3)]]","[[0, (2, 2), (2, 2), 0, (2, 1)], [(1, 1), 0, 0, 0, 0], [0, 0, (0, -1), (0, -1), (1, 2)], [(1, 0), (0, -1), (1, 0), 0, (2, 0)], [(1, 0), 0, 0, 0, (2, 3)]]",,,,,,,,,,,,,,,,,,,,,,,,,,,,,,,,,,,,,,,,,,,,,,,,,,,,,,,,,,,,,,,,,,,,,,,,,,,,,,,,,,,,,,,,,,,,,,,,,,,,,,,,,,,,,,,,,,,,,,,,,,,,,,,,,,,,,,,,,,,,,,,,,,,,,,,,,,,,,,,,,,,,,,,,,,,,,,,,,,,,,,,,,,,,,,,,,,,,,,,,,,,,,,,,,,,,,,,,,,,,,,,,,,,,,,,,,,,,,,,,,,,,,,,,,,,,,,,,,,,,,,,,,,,,,,,,,,,,,,,,,,,,,,,,,,,,,,,,,,,,,,,,,,,,,,,,,,,,,,,,,,,,,,,,,,,,,,,,,,,,,,,,,,,,,,,,,,,,,,,,,,,,,,,,,,,,,,,,,,,,,,,,,,,,,,,,,,,,,,,,,,,,,,,,,,,,,,,,,,,,,,,,,,,,,,,,,,,,,,,,,,,,,,,,,,,,,,,,,,,,,,,,,,,,,,,,,,,,,,,,,,,,,,,,,,,,,,,,,,,,,,,,,,,,,,,,,,,,,,,,,,,,,,,,,,,,,,,,,,,,,,,,,,,,,,,,,,,,,,,,,,,,,,,,,,,,,,,,,,,,,,,,,,,,,,,,,,,,,,,,,,,,,,,,,,,,,,,,,,,,,,,,,,,,,,,,,,,,,,,,,,,,,,,,,,,,,,,,,,,,,,,,,,,,,,,,,,,,,,,,,,,,,,,,,,,,,,,,,,,,,,,,,,,,,,,,,,,,,,,,,,,,,,,,,,,,,,,,,,,,,,,,,,,,,,,,,,,,,,,,,,,,,,,,,,,,,,,,,,,,,,,,,,,,,,,,,,,,,,,,,,,,,,,,,,,,,,,,,,,,,,,,,,,,,,,,,,,,,,,,,,,,,,,,,,,,,,,,,,,,,,,,,,,,,,,,,,,,,,,,,,,,,,,,,,,,,,,,,,,,,,,,,,,,,,,,,,,,,,,,,,,,,
13,state,ia,ia,3,"(1, ('e', 3, 0, 1))","(2, ('e', 1, 0, 3))","(1, ('e', 0, 2, 2))","(2, ('e', 0, 1, 3))","(1, ('e', 0, 3, 0))","(2, ('e', 0, 4, 3))","(1, ('e', 4, 0, 0))","(2, ('t', 0, 1, 2))","(1, ('e', 4, 3, 2))","(2, ('e', 3, 4, 1))","(1, ('m', 4, 3, 3))","(2, ('e', 4, 4, 0))","(1, ('m', 3, 0, 1))","(2, ('t', 0, 1, 0))","(1, ('m', 3, 1, 2))","(2, ('m', 4, 4, 0))","(1, ('t', 4, 0, 3))","(2, ('a', 3, 4))","(1, ('a', 0, 2))","(2, ('e', 4, 4, 1))","(1, ('e', 0, 2, 1))","(2, ('t', 0, 4, 2))","(1, ('t', 4, 1, 2))","(2, ('t', 2, 4, 2))","(1, ('t', 4, 0, 0))","(2, ('m', 0, 1, 2))","(1, ('a', 4, 1))","(2, ('t', 0, 4, 1))","(1, ('e', 0, 2, 2))","(2, ('m', 1, 0, 0))","(1, ('t', 4, 2, 3))","(2, ('t', 4, 4, 0))","(1, ('a', 0, 3))","(2, ('a', 2, 4))","(1, ('a', 0, 2))","(2, ('t', 1, 1, 2))","(1, ('e', 0, 3, 2))","(2, ('t', 0, 0, 1))","(1, ('e', 4, 1, 3))","(2, ('t', 1, 1, 3))",,,,,,,,,,,,,,,,,,,,,,,,,,,,,,,,,,,,,,,,,,,,,,,,,,,,,,,,,,,,,,,,,,,,,,,,,,,,,,,,,,,,,,,,,,,,,,,,,,,,,,,,,,,,,,,,,,,,,,,,,,,,,,,,,,,,,,,,,,,,,,,,,,,,,,,,,,,,,,,,,,,,,,,,,,,,,,,,,,,,,,,,,,,,,,,,,,,,,,,,,,,,,,,,,,,,,,,,,,,,,,,,,,,,,,,,,,,,,,,,,,,,,,,,,,,,,,,,,,,,,,,,,,,,,,,,,,,,,,,,,,,,,,,,,,,,,,,,,,,,,,,,,,,,,,,,,,,,,,,,,,,,,,,,,,,,,,,,,,,,,,,,,,,,,,,,,,,,,,,,,,,,,,,,,,,,,,,,,,,,,,,,,,,,,,,,,,,,,,,,,,,,,,,,,,,,,,,,,,,,,,,,,,,,,,,,,,,,,,,,,,,,,,,,,,,,,,,,,,,,,,,,,,,,,,,,,,,,,,,,,,,,,,,,,,,,,,,,,,,,,,,,,,,,,,,,,,,,,,,,,,,,,,,,,,,,,,,,,,,,,,,,,,,,,,,,,,,,,,,,,,,,,,,,,,,,,,,,,,,,,,,,,,,,,,,,,,,,,,,,,,,,,,,,,,,,,,,,,,,,,,,,,,,,,,,,,,,,,,,,,,,,,,,,,,,,,,,,,,,,,,,,,,,,,,,,,,,,,,,,,,,,,,,,,,,,,,,,,,,,,,,,,,,,,,,,,,,,,,,,,,,,,,,,,,,,,,,,,,,,,,,,,,,,,,,,,,,,,,,,,,,,,,,,,,,,,,,,,,,,,,,,,,,,,,,,,,,,,,,,,,,,,,,,,,,,,,,,,,,,,,,,,,,,,,,,,,,,,,,,,,,,,,,,,,,,,,,,,,,,,,,,,,,,,,,,,,,,,,,,,,,,,,,,,,,,,,,,,,,,,,,,,,,,,,,,,,,,,,,,,,,,,,,,,,,,,,,,,,,,,,,,,,,,,,,,,,,,
14,move,ia,ia,3,"[[0, 0, 0, 0, 0], [0, 0, 0, 0, 0], [0, (0, -1), (0, -1), (0, -1), 0], [(1, 1), 0, 0, 0, 0], [0, 0, 0, 0, 0]]","[[0, 0, 0, 0, 0], [(2, 3), 0, 0, 0, 0], [0, (0, -1), (0, -1), (0, -1), 0], [(1, 1), 0, 0, 0, 0], [0, 0, 0, 0, 0]]","[[0, 0, (1, 2), 0, 0], [(2, 3), 0, 0, 0, 0], [0, (0, -1), (0, -1), (0, -1), 0], [(1, 1), 0, 0, 0, 0], [0, 0, 0, 0, 0]]","[[0, (2, 3), (1, 2), 0, 0], [(2, 3), 0, 0, 0, 0], [0, (0, -1), (0, -1), (0, -1), 0], [(1, 1), 0, 0, 0, 0], [0, 0, 0, 0, 0]]","[[0, (2, 3), (1, 2), (1, 0), 0], [(2, 3), 0, 0, 0, 0], [0, (0, -1), (0, -1), (0, -1), 0], [(1, 1), 0, 0, 0, 0], [0, 0, 0, 0, 0]]","[[0, (2, 3), (1, 2), (1, 0), (2, 3)], [(2, 3), 0, 0, 0, 0], [0, (0, -1), (0, -1), (0, -1), 0], [(1, 1), 0, 0, 0, 0], [0, 0, 0, 0, 0]]","[[0, (2, 3), (1, 2), (1, 0), (2, 3)], [(2, 3), 0, 0, 0, 0], [0, (0, -1), (0, -1), (0, -1), 0], [(1, 1), 0, 0, 0, 0], [(1, 0), 0, 0, 0, 0]]","[[0, (2, 2), (1, 2), (1, 0), (2, 3)], [(2, 3), 0, 0, 0, 0], [0, (0, -1), (0, -1), (0, -1), 0], [(1, 1), 0, 0, 0, 0], [(1, 0), 0, 0, 0, 0]]","[[0, (2, 2), (1, 2), (1, 0), (2, 3)], [(2, 3), 0, 0, 0, 0], [0, (0, -1), (0, -1), (0, -1), 0], [(1, 1), 0, 0, 0, 0], [(1, 0), 0, 0, (1, 2), 0]]","[[0, (2, 2), (1, 2), (1, 0), (2, 3)], [(2, 3), 0, 0, 0, 0], [0, (0, -1), (0, -1), (0, -1), 0], [(1, 1), 0, 0, 0, (2, 1)], [(1, 0), 0, 0, (1, 2), 0]]","[[0, (2, 2), (1, 2), (1, 0), (2, 3)], [(2, 3), 0, 0, 0, 0], [0, (0, -1), (0, -1), (0, -1), 0], [(1, 1), 0, 0, 0, (2, 1)], [(1, 0), 0, (1, 2), 0, 0]]","[[0, (2, 2), (1, 2), (1, 0), (2, 3)], [(2, 3), 0, 0, 0, 0], [0, (0, -1), (0, -1), (0, -1), 0], [(1, 1), 0, 0, 0, (2, 1)], [(1, 0), 0, (1, 2), 0, (2, 0)]]","[[0, (2, 2), (1, 2), (1, 0), (2, 3)], [(2, 3), 0, 0, 0, 0], [0, (0, -1), (0, -1), (0, -1), 0], [0, (1, 1), 0, 0, (2, 1)], [(1, 0), 0, (1, 2), 0, (2, 0)]]","[[0, (2, 0), (1, 2), (1, 0), (2, 3)], [(2, 3), 0, 0, 0, 0], [0, (0, -1), (0, -1), (0, -1), 0], [0, (1, 1), 0, 0, (2, 1)], [(1, 0), 0, (1, 2), 0, (2, 0)]]","[[0, (2, 0), (1, 2), (1, 0), (2, 3)], [(2, 3), 0, 0, 0, 0], [0, (0, -1), (0, -1), (0, -1), 0], [0, 0, 0, 0, (2, 1)], [(1, 0), (1, 1), (1, 2), 0, (2, 0)]]","[[0, (2, 0), (1, 2), (1, 0), (2, 3)], [(2, 3), 0, 0, 0, 0], [0, (0, -1), (0, -1), (0, -1), (2, 1)], [0, 0, 0, 0, (2, 0)], [(1, 0), (1, 1), (1, 2), 0, 0]]","[[0, (2, 0), (1, 2), (1, 0), (2, 3)], [(2, 3), 0, 0, 0, 0], [0, (0, -1), (0, -1), (0, -1), (2, 1)], [0, 0, 0, 0, (2, 0)], [(1, 3), (1, 1), (1, 2), 0, 0]]","[[0, (2, 0), (1, 2), (1, 0), (2, 3)], [(2, 3), 0, 0, 0, 0], [0, (0, -1), (0, -1), (0, -1), (2, 1)], [0, 0, 0, 0, 0], [(1, 3), (1, 1), (1, 2), 0, 0]]","[[0, (2, 0), 0, (1, 0), (2, 3)], [(2, 3), 0, 0, 0, 0], [0, (0, -1), (0, -1), (0, -1), (2, 1)], [0, 0, 0, 0, 0], [(1, 3), (1, 1), (1, 2), 0, 0]]","[[0, (2, 0), 0, (1, 0), (2, 3)], [(2, 3), 0, 0, 0, 0], [0, (0, -1), (0, -1), (0, -1), (2, 1)], [0, 0, 0, 0, 0], [(1, 3), (1, 1), (1, 2), 0, (2, 1)]]","[[0, (2, 0), (1, 1), (1, 0), (2, 3)], [(2, 3), 0, 0, 0, 0], [0, (0, -1), (0, -1), (0, -1), (2, 1)], [0, 0, 0, 0, 0], [(1, 3), (1, 1), (1, 2), 0, (2, 1)]]","[[0, (2, 0), (1, 1), (1, 0), (2, 2)], [(2, 3), 0, 0, 0, 0], [0, (0, -1), (0, -1), (0, -1), (2, 1)], [0, 0, 0, 0, 0], [(1, 3), (1, 1), (1, 2), 0, (2, 1)]]","[[0, (2, 0), (1, 1), (1, 0), (2, 2)], [(2, 3), 0, 0, 0, 0], [0, (0, -1), (0, -1), (0, -1), (2, 1)], [0, 0, 0, 0, 0], [(1, 3), (1, 2), (1, 2), 0, (2, 1)]]","[[0, (2, 0), (1, 1), (1, 0), (2, 2)], [(2, 3), 0, 0, 0, 0], [0, (0, -1), (0, -1), (0, -1), (2, 2)], [0, 0, 0, 0, 0], [(1, 3), (1, 2), (1, 2), 0, (2, 1)]]","[[0, (2, 0), (1, 1), (1, 0), (2, 2)], [(2, 3), 0, 0, 0, 0], [0, (0, -1), (0, -1), (0, -1), (2, 2)], [0, 0, 0, 0, 0], [(1, 0), (1, 2), (1, 2), 0, (2, 1)]]","[[0, 0, (1, 1), (1, 0), (2, 2)], [(2, 3), (2, 0), 0, 0, 0], [0, (0, -1), (0, -1), (0, -1), (2, 2)], [0, 0, 0, 0, 0], [(1, 0), (1, 2), (1, 2), 0, (2, 1)]]","[[0, 0, (1, 1), (1, 0), (2, 2)], [(2, 3), (2, 0), 0, 0, 0], [0, (0, -1), (0, -1), (0, -1), (2, 2)], [0, 0, 0, 0, 0], [(1, 0), 0, (1, 2), 0, (2, 1)]]","[[0, 0, (1, 1), (1, 0), (2, 1)], [(2, 3), (2, 0), 0, 0, 0], [0, (0, -1), (0, -1), (0, -1), (2, 2)], [0, 0, 0, 0, 0], [(1, 0), 0, (1, 2), 0, (2, 1)]]","[[0, 0, (1, 2), (1, 0), (2, 1)], [(2, 3), (2, 0), (1, 1), 0, 0], [0, (0, -1), (0, -1), (0, -1), (2, 2)], [0, 0, 0, 0, 0], [(1, 0), 0, (1, 2), 0, (2, 1)]]","[[(2, 3), 0, (1, 2), (1, 0), (2, 1)], [0, (2, 0), (1, 1), 0, 0], [0, (0, -1), (0, -1), (0, -1), (2, 2)], [0, 0, 0, 0, 0], [(1, 0), 0, (1, 2), 0, (2, 1)]]","[[(2, 3), 0, (1, 2), (1, 0), (2, 1)], [0, (2, 0), (1, 1), 0, 0], [0, (0, -1), (0, -1), (0, -1), (2, 2)], [0, 0, 0, 0, 0], [(1, 0), 0, (1, 3), 0, (2, 1)]]","[[(2, 3), 0, (1, 2), (1, 0), (2, 1)], [0, (2, 0), (1, 1), 0, 0], [0, (0, -1), (0, -1), (0, -1), (2, 2)], [0, 0, 0, 0, 0], [(1, 0), 0, (1, 3), 0, (2, 0)]]","[[(2, 3), 0, (1, 2), 0, (2, 1)], [0, (2, 0), (1, 1), 0, 0], [0, (0, -1), (0, -1), (0, -1), (2, 2)], [0, 0, 0, 0, 0], [(1, 0), 0, (1, 3), 0, (2, 0)]]","[[(2, 3), 0, (1, 2), 0, (2, 1)], [0, (2, 0), (1, 1), 0, 0], [0, (0, -1), (0, -1), (0, -1), 0], [0, 0, 0, 0, 0], [(1, 0), 0, (1, 3), 0, (2, 0)]]","[[(2, 3), 0, 0, 0, (2, 1)], [0, (2, 0), (1, 1), 0, 0], [0, (0, -1), (0, -1), (0, -1), 0], [0, 0, 0, 0, 0], [(1, 0), 0, (1, 3), 0, (2, 0)]]","[[(2, 3), 0, 0, 0, (2, 1)], [0, (2, 2), (1, 1), 0, 0], [0, (0, -1), (0, -1), (0, -1), 0], [0, 0, 0, 0, 0], [(1, 0), 0, (1, 3), 0, (2, 0)]]","[[(2, 3), 0, 0, (1, 2), (2, 1)], [0, (2, 2), (1, 1), 0, 0], [0, (0, -1), (0, -1), (0, -1), 0], [0, 0, 0, 0, 0], [(1, 0), 0, (1, 3), 0, (2, 0)]]","[[(2, 1), 0, 0, (1, 2), (2, 1)], [0, (2, 2), (1, 1), 0, 0], [0, (0, -1), (0, -1), (0, -1), 0], [0, 0, 0, 0, 0], [(1, 0), 0, (1, 3), 0, (2, 0)]]","[[(2, 1), 0, 0, (1, 2), (2, 1)], [0, (2, 2), (1, 1), 0, 0], [0, (0, -1), (0, -1), (0, -1), 0], [0, 0, 0, 0, 0], [(1, 0), (1, 3), (1, 3), 0, (2, 0)]]","[[(2, 1), 0, 0, (1, 2), (2, 1)], [0, (2, 3), (1, 1), 0, 0], [0, (0, -1), (0, -1), (0, -1), 0], [0, 0, 0, 0, 0], [(1, 0), (1, 3), (1, 3), 0, (2, 0)]]",,,,,,,,,,,,,,,,,,,,,,,,,,,,,,,,,,,,,,,,,,,,,,,,,,,,,,,,,,,,,,,,,,,,,,,,,,,,,,,,,,,,,,,,,,,,,,,,,,,,,,,,,,,,,,,,,,,,,,,,,,,,,,,,,,,,,,,,,,,,,,,,,,,,,,,,,,,,,,,,,,,,,,,,,,,,,,,,,,,,,,,,,,,,,,,,,,,,,,,,,,,,,,,,,,,,,,,,,,,,,,,,,,,,,,,,,,,,,,,,,,,,,,,,,,,,,,,,,,,,,,,,,,,,,,,,,,,,,,,,,,,,,,,,,,,,,,,,,,,,,,,,,,,,,,,,,,,,,,,,,,,,,,,,,,,,,,,,,,,,,,,,,,,,,,,,,,,,,,,,,,,,,,,,,,,,,,,,,,,,,,,,,,,,,,,,,,,,,,,,,,,,,,,,,,,,,,,,,,,,,,,,,,,,,,,,,,,,,,,,,,,,,,,,,,,,,,,,,,,,,,,,,,,,,,,,,,,,,,,,,,,,,,,,,,,,,,,,,,,,,,,,,,,,,,,,,,,,,,,,,,,,,,,,,,,,,,,,,,,,,,,,,,,,,,,,,,,,,,,,,,,,,,,,,,,,,,,,,,,,,,,,,,,,,,,,,,,,,,,,,,,,,,,,,,,,,,,,,,,,,,,,,,,,,,,,,,,,,,,,,,,,,,,,,,,,,,,,,,,,,,,,,,,,,,,,,,,,,,,,,,,,,,,,,,,,,,,,,,,,,,,,,,,,,,,,,,,,,,,,,,,,,,,,,,,,,,,,,,,,,,,,,,,,,,,,,,,,,,,,,,,,,,,,,,,,,,,,,,,,,,,,,,,,,,,,,,,,,,,,,,,,,,,,,,,,,,,,,,,,,,,,,,,,,,,,,,,,,,,,,,,,,,,,,,,,,,,,,,,,,,,,,,,,,,,,,,,,,,,,,,,,,,,,,,,,,,,,,,,,,,,,,,,,,,,,,,,,,,,,,,,,,,,,,,,,,,,,,,,,,,,,,,,,,,,,,,,,
15,state,ia,ia,3,"(1, ('e', 3, 4, 2))","(2, ('e', 4, 1, 2))","(1, ('e', 0, 2, 3))","(2, ('e', 0, 4, 1))","(1, ('a', 0, 2))","(2, ('m', 0, 4, 3))","(1, ('e', 4, 2, 2))","(2, ('t', 0, 3, 2))","(1, ('e', 4, 3, 2))","(2, ('e', 0, 4, 1))","(1, ('e', 0, 4, 2))","(2, ('e', 0, 0, 0))","(1, ('t', 4, 3, 3))","(2, ('e', 2, 0, 1))","(1, ('e', 2, 4, 2))","(2, ('t', 0, 0, 2))","(1, ('t', 2, 4, 1))","(2, ('a', 4, 1))","(1, ('m', 4, 3, 1))","(2, ('e', 4, 0, 2))","(1, ('t', 2, 4, 2))","(2, ('t', 2, 0, 0))","(1, ('t', 3, 4, 1))","(2, ('t', 0, 3, 0))","(1, ('t', 2, 4, 1))","(2, ('t', 0, 0, 1))","(1, ('t', 2, 4, 2))","(2, ('t', 1, 4, 3))","(1, ('m', 3, 4, 3))","(2, ('m', 0, 0, 1))","(1, ('t', 4, 2, 1))","(2, ('m', 0, 3, 3))","(1, ('t', 3, 3, 2))","(2, ('t', 0, 2, 3))","(1, ('t', 0, 4, 3))","(2, ('t', 2, 0, 1))","(1, ('m', 2, 4, 2))","(2, ('t', 2, 0, 0))","(1, ('m', 4, 2, 3))","(2, ('t', 2, 0, 1))",,,,,,,,,,,,,,,,,,,,,,,,,,,,,,,,,,,,,,,,,,,,,,,,,,,,,,,,,,,,,,,,,,,,,,,,,,,,,,,,,,,,,,,,,,,,,,,,,,,,,,,,,,,,,,,,,,,,,,,,,,,,,,,,,,,,,,,,,,,,,,,,,,,,,,,,,,,,,,,,,,,,,,,,,,,,,,,,,,,,,,,,,,,,,,,,,,,,,,,,,,,,,,,,,,,,,,,,,,,,,,,,,,,,,,,,,,,,,,,,,,,,,,,,,,,,,,,,,,,,,,,,,,,,,,,,,,,,,,,,,,,,,,,,,,,,,,,,,,,,,,,,,,,,,,,,,,,,,,,,,,,,,,,,,,,,,,,,,,,,,,,,,,,,,,,,,,,,,,,,,,,,,,,,,,,,,,,,,,,,,,,,,,,,,,,,,,,,,,,,,,,,,,,,,,,,,,,,,,,,,,,,,,,,,,,,,,,,,,,,,,,,,,,,,,,,,,,,,,,,,,,,,,,,,,,,,,,,,,,,,,,,,,,,,,,,,,,,,,,,,,,,,,,,,,,,,,,,,,,,,,,,,,,,,,,,,,,,,,,,,,,,,,,,,,,,,,,,,,,,,,,,,,,,,,,,,,,,,,,,,,,,,,,,,,,,,,,,,,,,,,,,,,,,,,,,,,,,,,,,,,,,,,,,,,,,,,,,,,,,,,,,,,,,,,,,,,,,,,,,,,,,,,,,,,,,,,,,,,,,,,,,,,,,,,,,,,,,,,,,,,,,,,,,,,,,,,,,,,,,,,,,,,,,,,,,,,,,,,,,,,,,,,,,,,,,,,,,,,,,,,,,,,,,,,,,,,,,,,,,,,,,,,,,,,,,,,,,,,,,,,,,,,,,,,,,,,,,,,,,,,,,,,,,,,,,,,,,,,,,,,,,,,,,,,,,,,,,,,,,,,,,,,,,,,,,,,,,,,,,,,,,,,,,,,,,,,,,,,,,,,,,,,,,,,,,,,,,,,,,,,,,,,,,,,,,,,,,,,,,,,,,,,,,,,,,,,,,
16,move,ia,ia,3,"[[0, 0, 0, 0, 0], [0, 0, 0, 0, 0], [0, (0, -1), (0, -1), (0, -1), 0], [0, 0, 0, 0, (1, 2)], [0, 0, 0, 0, 0]]","[[0, 0, 0, 0, 0], [0, 0, 0, 0, 0], [0, (0, -1), (0, -1), (0, -1), 0], [0, 0, 0, 0, (1, 2)], [0, (2, 2), 0, 0, 0]]","[[0, 0, (1, 3), 0, 0], [0, 0, 0, 0, 0], [0, (0, -1), (0, -1), (0, -1), 0], [0, 0, 0, 0, (1, 2)], [0, (2, 2), 0, 0, 0]]","[[0, 0, (1, 3), 0, (2, 1)], [0, 0, 0, 0, 0], [0, (0, -1), (0, -1), (0, -1), 0], [0, 0, 0, 0, (1, 2)], [0, (2, 2), 0, 0, 0]]","[[0, 0, 0, 0, (2, 1)], [0, 0, 0, 0, 0], [0, (0, -1), (0, -1), (0, -1), 0], [0, 0, 0, 0, (1, 2)], [0, (2, 2), 0, 0, 0]]","[[0, 0, 0, (2, 1), 0], [0, 0, 0, 0, 0], [0, (0, -1), (0, -1), (0, -1), 0], [0, 0, 0, 0, (1, 2)], [0, (2, 2), 0, 0, 0]]","[[0, 0, 0, (2, 1), 0], [0, 0, 0, 0, 0], [0, (0, -1), (0, -1), (0, -1), 0], [0, 0, 0, 0, (1, 2)], [0, (2, 2), (1, 2), 0, 0]]","[[0, 0, 0, (2, 2), 0], [0, 0, 0, 0, 0], [0, (0, -1), (0, -1), (0, -1), 0], [0, 0, 0, 0, (1, 2)], [0, (2, 2), (1, 2), 0, 0]]","[[0, 0, 0, (2, 2), 0], [0, 0, 0, 0, 0], [0, (0, -1), (0, -1), (0, -1), 0], [0, 0, 0, 0, (1, 2)], [0, (2, 2), (1, 2), (1, 2), 0]]","[[0, 0, 0, (2, 2), (2, 1)], [0, 0, 0, 0, 0], [0, (0, -1), (0, -1), (0, -1), 0], [0, 0, 0, 0, (1, 2)], [0, (2, 2), (1, 2), (1, 2), 0]]","[[0, 0, 0, (2, 2), (1, 2)], [0, 0, 0, 0, (2, 1)], [0, (0, -1), (0, -1), (0, -1), 0], [0, 0, 0, 0, (1, 2)], [0, (2, 2), (1, 2), (1, 2), 0]]","[[(2, 0), 0, 0, (2, 2), (1, 2)], [0, 0, 0, 0, (2, 1)], [0, (0, -1), (0, -1), (0, -1), 0], [0, 0, 0, 0, (1, 2)], [0, (2, 2), (1, 2), (1, 2), 0]]","[[(2, 0), 0, 0, (2, 2), (1, 2)], [0, 0, 0, 0, (2, 1)], [0, (0, -1), (0, -1), (0, -1), 0], [0, 0, 0, 0, (1, 2)], [0, (2, 2), (1, 2), (1, 3), 0]]","[[(2, 0), 0, 0, (2, 2), (1, 2)], [0, 0, 0, 0, (2, 1)], [(2, 1), (0, -1), (0, -1), (0, -1), 0], [0, 0, 0, 0, (1, 2)], [0, (2, 2), (1, 2), (1, 3), 0]]","[[(2, 0), 0, 0, (2, 2), (1, 2)], [0, 0, 0, 0, (2, 1)], [(2, 1), (0, -1), (0, -1), (0, -1), (1, 2)], [0, 0, 0, 0, (1, 2)], [0, (2, 2), (1, 2), (1, 3), 0]]","[[(2, 2), 0, 0, (2, 2), (1, 2)], [0, 0, 0, 0, (2, 1)], [(2, 1), (0, -1), (0, -1), (0, -1), (1, 2)], [0, 0, 0, 0, (1, 2)], [0, (2, 2), (1, 2), (1, 3), 0]]","[[(2, 2), 0, 0, (2, 2), (1, 2)], [0, 0, 0, 0, (2, 1)], [(2, 1), (0, -1), (0, -1), (0, -1), (1, 1)], [0, 0, 0, 0, (1, 2)], [0, (2, 2), (1, 2), (1, 3), 0]]","[[(2, 2), 0, 0, (2, 2), (1, 2)], [0, 0, 0, 0, (2, 1)], [(2, 1), (0, -1), (0, -1), (0, -1), (1, 1)], [0, 0, 0, 0, (1, 2)], [0, 0, (1, 2), (1, 3), 0]]","[[(2, 2), 0, 0, (2, 2), (1, 2)], [0, 0, 0, 0, (2, 1)], [(2, 1), (0, -1), (0, -1), (0, -1), (1, 1)], [0, 0, 0, 0, (1, 2)], [0, 0, (1, 2), 0, (1, 3)]]","[[(2, 2), 0, 0, (2, 2), (1, 2)], [0, 0, 0, 0, (2, 1)], [(2, 1), (0, -1), (0, -1), (0, -1), (1, 1)], [0, 0, 0, 0, (1, 2)], [(2, 2), 0, (1, 2), 0, (1, 3)]]","[[(2, 2), 0, 0, (2, 2), (1, 2)], [0, 0, 0, 0, (2, 1)], [(2, 1), (0, -1), (0, -1), (0, -1), (1, 2)], [0, 0, 0, 0, (1, 2)], [(2, 2), 0, (1, 2), 0, (1, 3)]]","[[(2, 2), 0, 0, (2, 2), (1, 2)], [0, 0, 0, 0, (2, 1)], [(2, 0), (0, -1), (0, -1), (0, -1), (1, 2)], [0, 0, 0, 0, (1, 2)], [(2, 2), 0, (1, 2), 0, (1, 3)]]","[[(2, 2), 0, 0, (2, 2), (1, 2)], [0, 0, 0, 0, (2, 1)], [(2, 0), (0, -1), (0, -1), (0, -1), (1, 2)], [0, 0, 0, 0, (1, 1)], [(2, 2), 0, (1, 2), 0, (1, 3)]]","[[(2, 2), 0, 0, (2, 0), (1, 2)], [0, 0, 0, 0, (2, 1)], [(2, 0), (0, -1), (0, -1), (0, -1), (1, 2)], [0, 0, 0, 0, (1, 1)], [(2, 2), 0, (1, 2), 0, (1, 3)]]","[[(2, 2), 0, 0, (2, 0), (1, 2)], [0, 0, 0, 0, (2, 1)], [(2, 0), (0, -1), (0, -1), (0, -1), (1, 1)], [0, 0, 0, 0, (1, 1)], [(2, 2), 0, (1, 2), 0, (1, 3)]]","[[(2, 1), 0, 0, (2, 0), (1, 2)], [0, 0, 0, 0, (2, 1)], [(2, 0), (0, -1), (0, -1), (0, -1), (1, 1)], [0, 0, 0, 0, (1, 1)], [(2, 2), 0, (1, 2), 0, (1, 3)]]","[[(2, 1), 0, 0, (2, 0), (1, 2)], [0, 0, 0, 0, (2, 1)], [(2, 0), (0, -1), (0, -1), (0, -1), (1, 2)], [0, 0, 0, 0, (1, 1)], [(2, 2), 0, (1, 2), 0, (1, 3)]]","[[(2, 1), 0, 0, (2, 0), (1, 2)], [0, 0, 0, 0, (2, 3)], [(2, 0), (0, -1), (0, -1), (0, -1), (1, 2)], [0, 0, 0, 0, (1, 1)], [(2, 2), 0, (1, 2), 0, (1, 3)]]","[[(2, 1), 0, 0, (2, 0), (1, 2)], [0, 0, 0, 0, (2, 3)], [(2, 0), (0, -1), (0, -1), (0, -1), (1, 2)], [0, 0, 0, (1, 1), 0], [(2, 2), 0, (1, 2), 0, (1, 3)]]","[[0, (2, 1), 0, (2, 0), (1, 2)], [0, 0, 0, 0, (2, 3)], [(2, 0), (0, -1), (0, -1), (0, -1), (1, 2)], [0, 0, 0, (1, 1), 0], [(2, 2), 0, (1, 2), 0, (1, 3)]]","[[0, (2, 1), 0, (2, 0), (1, 2)], [0, 0, 0, 0, (2, 3)], [(2, 0), (0, -1), (0, -1), (0, -1), (1, 2)], [0, 0, 0, (1, 1), 0], [(2, 2), 0, (1, 1), 0, (1, 3)]]","[[0, (2, 1), (2, 0), 0, (1, 2)], [0, 0, 0, 0, (2, 3)], [(2, 0), (0, -1), (0, -1), (0, -1), (1, 2)], [0, 0, 0, (1, 1), 0], [(2, 2), 0, (1, 1), 0, (1, 3)]]","[[0, (2, 1), (2, 0), 0, (1, 2)], [0, 0, 0, 0, (2, 3)], [(2, 0), (0, -1), (0, -1), (0, -1), (1, 2)], [0, 0, 0, (1, 2), 0], [(2, 2), 0, (1, 1), 0, (1, 3)]]","[[0, (2, 1), (2, 3), 0, (1, 2)], [0, 0, 0, 0, (2, 3)], [(2, 0), (0, -1), (0, -1), (0, -1), (1, 2)], [0, 0, 0, (1, 2), 0], [(2, 2), 0, (1, 1), 0, (1, 3)]]","[[0, (2, 1), (2, 3), 0, (1, 3)], [0, 0, 0, 0, (2, 3)], [(2, 0), (0, -1), (0, -1), (0, -1), (1, 2)], [0, 0, 0, (1, 2), 0], [(2, 2), 0, (1, 1), 0, (1, 3)]]","[[0, (2, 1), (2, 3), 0, (1, 3)], [0, 0, 0, 0, (2, 3)], [(2, 1), (0, -1), (0, -1), (0, -1), (1, 2)], [0, 0, 0, (1, 2), 0], [(2, 2), 0, (1, 1), 0, (1, 3)]]","[[0, (2, 1), (2, 3), 0, (1, 3)], [0, 0, 0, 0, (2, 3)], [(2, 1), (0, -1), (0, -1), (0, -1), 0], [0, 0, 0, (1, 2), (1, 2)], [(2, 2), 0, (1, 1), 0, (1, 3)]]","[[0, (2, 1), (2, 3), 0, (1, 3)], [0, 0, 0, 0, (2, 3)], [(2, 0), (0, -1), (0, -1), (0, -1), 0], [0, 0, 0, (1, 2), (1, 2)], [(2, 2), 0, (1, 1), 0, (1, 3)]]","[[0, (2, 1), (2, 3), 0, (1, 3)], [0, 0, 0, 0, (2, 3)], [(2, 0), (0, -1), (0, -1), (0, -1), 0], [0, 0, 0, (1, 2), (1, 2)], [(2, 2), (1, 1), 0, 0, (1, 3)]]","[[0, (2, 1), (2, 3), 0, (1, 3)], [0, 0, 0, 0, (2, 3)], [(2, 1), (0, -1), (0, -1), (0, -1), 0], [0, 0, 0, (1, 2), (1, 2)], [(2, 2), (1, 1), 0, 0, (1, 3)]]",,,,,,,,,,,,,,,,,,,,,,,,,,,,,,,,,,,,,,,,,,,,,,,,,,,,,,,,,,,,,,,,,,,,,,,,,,,,,,,,,,,,,,,,,,,,,,,,,,,,,,,,,,,,,,,,,,,,,,,,,,,,,,,,,,,,,,,,,,,,,,,,,,,,,,,,,,,,,,,,,,,,,,,,,,,,,,,,,,,,,,,,,,,,,,,,,,,,,,,,,,,,,,,,,,,,,,,,,,,,,,,,,,,,,,,,,,,,,,,,,,,,,,,,,,,,,,,,,,,,,,,,,,,,,,,,,,,,,,,,,,,,,,,,,,,,,,,,,,,,,,,,,,,,,,,,,,,,,,,,,,,,,,,,,,,,,,,,,,,,,,,,,,,,,,,,,,,,,,,,,,,,,,,,,,,,,,,,,,,,,,,,,,,,,,,,,,,,,,,,,,,,,,,,,,,,,,,,,,,,,,,,,,,,,,,,,,,,,,,,,,,,,,,,,,,,,,,,,,,,,,,,,,,,,,,,,,,,,,,,,,,,,,,,,,,,,,,,,,,,,,,,,,,,,,,,,,,,,,,,,,,,,,,,,,,,,,,,,,,,,,,,,,,,,,,,,,,,,,,,,,,,,,,,,,,,,,,,,,,,,,,,,,,,,,,,,,,,,,,,,,,,,,,,,,,,,,,,,,,,,,,,,,,,,,,,,,,,,,,,,,,,,,,,,,,,,,,,,,,,,,,,,,,,,,,,,,,,,,,,,,,,,,,,,,,,,,,,,,,,,,,,,,,,,,,,,,,,,,,,,,,,,,,,,,,,,,,,,,,,,,,,,,,,,,,,,,,,,,,,,,,,,,,,,,,,,,,,,,,,,,,,,,,,,,,,,,,,,,,,,,,,,,,,,,,,,,,,,,,,,,,,,,,,,,,,,,,,,,,,,,,,,,,,,,,,,,,,,,,,,,,,,,,,,,,,,,,,,,,,,,,,,,,,,,,,,,,,,,,,,,,,,,,,,,,,,,,,,,,,,,,,,,,,,,,,,,,,,,,,,,,,,,,,,,,,,,,,
17,state,ia,ia,3,"(1, ('e', 0, 3, 2))","(2, ('e', 1, 0, 2))","(1, ('e', 2, 4, 3))","(2, ('e', 4, 1, 1))","(1, ('t', 2, 4, 0))","(2, ('e', 3, 4, 1))","(1, ('t', 2, 4, 2))","(2, ('e', 4, 4, 0))","(1, ('e', 0, 4, 2))","(2, ('e', 0, 1, 1))","(1, ('e', 3, 0, 0))","(2, ('a', 3, 4))","(1, ('e', 0, 2, 2))","(2, ('e', 4, 4, 0))","(1, ('a', 0, 2))","(2, ('m', 3, 4, 3))","(1, ('a', 0, 4))","(2, ('a', 4, 1))","(1, ('e', 4, 3, 3))","(2, ('t', 3, 3, 3))","(1, ('e', 3, 0, 1))","(2, ('e', 3, 4, 3))","(1, ('m', 3, 0, 1))","(2, ('t', 0, 1, 2))","(1, ('m', 2, 4, 0))","(2, ('t', 3, 4, 1))","(1, ('t', 1, 4, 0))","(2, ('a', 3, 4))","(1, ('a', 0, 3))","(2, ('e', 0, 4, 1))","(1, ('e', 3, 4, 3))","(2, ('t', 0, 1, 0))","(1, ('t', 3, 4, 2))","(2, ('m', 1, 0, 0))","(1, ('a', 3, 4))","(2, ('t', 0, 0, 1))","(1, ('e', 1, 4, 3))","(2, ('m', 0, 1, 2))","(1, ('t', 1, 4, 1))","(2, ('t', 1, 1, 3))",,,,,,,,,,,,,,,,,,,,,,,,,,,,,,,,,,,,,,,,,,,,,,,,,,,,,,,,,,,,,,,,,,,,,,,,,,,,,,,,,,,,,,,,,,,,,,,,,,,,,,,,,,,,,,,,,,,,,,,,,,,,,,,,,,,,,,,,,,,,,,,,,,,,,,,,,,,,,,,,,,,,,,,,,,,,,,,,,,,,,,,,,,,,,,,,,,,,,,,,,,,,,,,,,,,,,,,,,,,,,,,,,,,,,,,,,,,,,,,,,,,,,,,,,,,,,,,,,,,,,,,,,,,,,,,,,,,,,,,,,,,,,,,,,,,,,,,,,,,,,,,,,,,,,,,,,,,,,,,,,,,,,,,,,,,,,,,,,,,,,,,,,,,,,,,,,,,,,,,,,,,,,,,,,,,,,,,,,,,,,,,,,,,,,,,,,,,,,,,,,,,,,,,,,,,,,,,,,,,,,,,,,,,,,,,,,,,,,,,,,,,,,,,,,,,,,,,,,,,,,,,,,,,,,,,,,,,,,,,,,,,,,,,,,,,,,,,,,,,,,,,,,,,,,,,,,,,,,,,,,,,,,,,,,,,,,,,,,,,,,,,,,,,,,,,,,,,,,,,,,,,,,,,,,,,,,,,,,,,,,,,,,,,,,,,,,,,,,,,,,,,,,,,,,,,,,,,,,,,,,,,,,,,,,,,,,,,,,,,,,,,,,,,,,,,,,,,,,,,,,,,,,,,,,,,,,,,,,,,,,,,,,,,,,,,,,,,,,,,,,,,,,,,,,,,,,,,,,,,,,,,,,,,,,,,,,,,,,,,,,,,,,,,,,,,,,,,,,,,,,,,,,,,,,,,,,,,,,,,,,,,,,,,,,,,,,,,,,,,,,,,,,,,,,,,,,,,,,,,,,,,,,,,,,,,,,,,,,,,,,,,,,,,,,,,,,,,,,,,,,,,,,,,,,,,,,,,,,,,,,,,,,,,,,,,,,,,,,,,,,,,,,,,,,,,,,,,,,,,,,,,,,,,,,,,,,,,,,,,,,,,,,,,,,,,,,,,,
18,move,ia,ia,3,"[[0, 0, 0, (1, 2), 0], [0, 0, 0, 0, 0], [0, (0, -1), (0, -1), (0, -1), 0], [0, 0, 0, 0, 0], [0, 0, 0, 0, 0]]","[[0, 0, 0, (1, 2), 0], [(2, 2), 0, 0, 0, 0], [0, (0, -1), (0, -1), (0, -1), 0], [0, 0, 0, 0, 0], [0, 0, 0, 0, 0]]","[[0, 0, 0, (1, 2), 0], [(2, 2), 0, 0, 0, 0], [0, (0, -1), (0, -1), (0, -1), (1, 3)], [0, 0, 0, 0, 0], [0, 0, 0, 0, 0]]","[[0, 0, 0, (1, 2), 0], [(2, 2), 0, 0, 0, 0], [0, (0, -1), (0, -1), (0, -1), (1, 3)], [0, 0, 0, 0, 0], [0, (2, 1), 0, 0, 0]]","[[0, 0, 0, (1, 2), 0], [(2, 2), 0, 0, 0, 0], [0, (0, -1), (0, -1), (0, -1), (1, 0)], [0, 0, 0, 0, 0], [0, (2, 1), 0, 0, 0]]","[[0, 0, 0, (1, 2), 0], [(2, 2), 0, 0, 0, 0], [0, (0, -1), (0, -1), (0, -1), (1, 0)], [0, 0, 0, 0, (2, 1)], [0, (2, 1), 0, 0, 0]]","[[0, 0, 0, (1, 2), 0], [(2, 2), 0, 0, 0, 0], [0, (0, -1), (0, -1), (0, -1), (1, 2)], [0, 0, 0, 0, (2, 1)], [0, (2, 1), 0, 0, 0]]","[[0, 0, 0, (1, 2), 0], [(2, 2), 0, 0, 0, 0], [0, (0, -1), (0, -1), (0, -1), (1, 2)], [0, 0, 0, 0, (2, 1)], [0, (2, 1), 0, 0, (2, 0)]]","[[0, 0, 0, (1, 2), (1, 2)], [(2, 2), 0, 0, 0, 0], [0, (0, -1), (0, -1), (0, -1), (1, 2)], [0, 0, 0, 0, (2, 1)], [0, (2, 1), 0, 0, (2, 0)]]","[[0, (2, 1), 0, (1, 2), (1, 2)], [(2, 2), 0, 0, 0, 0], [0, (0, -1), (0, -1), (0, -1), (1, 2)], [0, 0, 0, 0, (2, 1)], [0, (2, 1), 0, 0, (2, 0)]]","[[0, (2, 1), 0, (1, 2), (1, 2)], [(2, 2), 0, 0, 0, 0], [0, (0, -1), (0, -1), (0, -1), (1, 2)], [(1, 0), 0, 0, 0, (2, 1)], [0, (2, 1), 0, 0, (2, 0)]]","[[0, (2, 1), 0, (1, 2), (1, 2)], [(2, 2), 0, 0, 0, 0], [0, (0, -1), (0, -1), (0, -1), (1, 2)], [(1, 0), 0, 0, 0, 0], [0, (2, 1), 0, 0, (2, 0)]]","[[0, (2, 1), (1, 2), (1, 2), (1, 2)], [(2, 2), 0, 0, 0, 0], [0, (0, -1), (0, -1), (0, -1), (1, 2)], [(1, 0), 0, 0, 0, 0], [0, (2, 1), 0, 0, (2, 0)]]","[[0, (2, 1), (1, 2), (1, 2), (1, 2)], [(2, 2), 0, 0, 0, 0], [0, (0, -1), (0, -1), (0, -1), (1, 2)], [(1, 0), 0, 0, 0, (2, 0)], [0, (2, 1), 0, 0, (2, 0)]]","[[0, (2, 1), 0, (1, 2), (1, 2)], [(2, 2), 0, 0, 0, 0], [0, (0, -1), (0, -1), (0, -1), (1, 2)], [(1, 0), 0, 0, 0, (2, 0)], [0, (2, 1), 0, 0, (2, 0)]]","[[0, (2, 1), 0, (1, 2), (1, 2)], [(2, 2), 0, 0, 0, 0], [0, (0, -1), (0, -1), (0, -1), (1, 2)], [(1, 0), 0, 0, (2, 0), 0], [0, (2, 1), 0, 0, (2, 0)]]","[[0, (2, 1), 0, (1, 2), 0], [(2, 2), 0, 0, 0, 0], [0, (0, -1), (0, -1), (0, -1), (1, 2)], [(1, 0), 0, 0, (2, 0), 0], [0, (2, 1), 0, 0, (2, 0)]]","[[0, (2, 1), 0, (1, 2), 0], [(2, 2), 0, 0, 0, 0], [0, (0, -1), (0, -1), (0, -1), (1, 2)], [(1, 0), 0, 0, (2, 0), 0], [0, 0, 0, 0, (2, 0)]]","[[0, (2, 1), 0, (1, 2), 0], [(2, 2), 0, 0, 0, 0], [0, (0, -1), (0, -1), (0, -1), (1, 2)], [(1, 0), 0, 0, (2, 0), 0], [0, 0, 0, (1, 3), (2, 0)]]","[[0, (2, 1), 0, (1, 2), 0], [(2, 2), 0, 0, 0, 0], [0, (0, -1), (0, -1), (0, -1), (1, 2)], [(1, 0), 0, 0, (2, 3), 0], [0, 0, 0, (1, 3), (2, 0)]]","[[0, (2, 1), 0, (1, 2), 0], [(2, 2), 0, 0, 0, 0], [0, (0, -1), (0, -1), (0, -1), (1, 2)], [(1, 1), (1, 0), 0, (2, 3), 0], [0, 0, 0, (1, 3), (2, 0)]]","[[0, (2, 1), 0, (1, 2), 0], [(2, 2), 0, 0, 0, 0], [0, (0, -1), (0, -1), (0, -1), (1, 2)], [(1, 1), (1, 0), 0, (2, 3), (2, 3)], [0, 0, 0, (1, 3), (2, 0)]]","[[0, (2, 1), 0, (1, 2), 0], [(2, 2), 0, 0, 0, 0], [0, (0, -1), (0, -1), (0, -1), (1, 2)], [0, (1, 1), (1, 0), (2, 3), (2, 3)], [0, 0, 0, (1, 3), (2, 0)]]","[[0, (2, 2), 0, (1, 2), 0], [(2, 2), 0, 0, 0, 0], [0, (0, -1), (0, -1), (0, -1), (1, 2)], [0, (1, 1), (1, 0), (2, 3), (2, 3)], [0, 0, 0, (1, 3), (2, 0)]]","[[0, (2, 2), 0, (1, 2), 0], [(2, 2), 0, 0, 0, (1, 2)], [0, (0, -1), (0, -1), (0, -1), 0], [0, (1, 1), (1, 0), (2, 3), (2, 3)], [0, 0, 0, (1, 3), (2, 0)]]","[[0, (2, 2), 0, (1, 2), 0], [(2, 2), 0, 0, 0, (1, 2)], [0, (0, -1), (0, -1), (0, -1), 0], [0, (1, 1), (1, 0), (2, 3), (2, 1)], [0, 0, 0, (1, 3), (2, 0)]]","[[0, (2, 2), 0, (1, 2), 0], [(2, 2), 0, 0, 0, (1, 0)], [0, (0, -1), (0, -1), (0, -1), 0], [0, (1, 1), (1, 0), (2, 3), (2, 1)], [0, 0, 0, (1, 3), (2, 0)]]","[[0, (2, 2), 0, (1, 2), 0], [(2, 2), 0, 0, 0, (1, 0)], [0, (0, -1), (0, -1), (0, -1), 0], [0, (1, 1), (1, 0), (2, 3), 0], [0, 0, 0, (1, 3), (2, 0)]]","[[0, (2, 2), 0, 0, 0], [(2, 2), 0, 0, 0, (1, 0)], [0, (0, -1), (0, -1), (0, -1), 0], [0, (1, 1), (1, 0), (2, 3), 0], [0, 0, 0, (1, 3), (2, 0)]]","[[0, (2, 2), 0, 0, (2, 1)], [(2, 2), 0, 0, 0, (1, 0)], [0, (0, -1), (0, -1), (0, -1), 0], [0, (1, 1), (1, 0), (2, 3), 0], [0, 0, 0, (1, 3), (2, 0)]]","[[0, (2, 2), 0, 0, (2, 1)], [(2, 2), 0, 0, 0, (1, 0)], [0, (0, -1), (0, -1), (0, -1), 0], [0, (1, 1), (1, 0), (2, 3), (1, 3)], [0, 0, 0, (1, 3), (2, 0)]]","[[0, (2, 0), 0, 0, (2, 1)], [(2, 2), 0, 0, 0, (1, 0)], [0, (0, -1), (0, -1), (0, -1), 0], [0, (1, 1), (1, 0), (2, 3), (1, 3)], [0, 0, 0, (1, 3), (2, 0)]]","[[0, (2, 0), 0, 0, (2, 1)], [(2, 2), 0, 0, 0, (1, 0)], [0, (0, -1), (0, -1), (0, -1), 0], [0, (1, 1), (1, 0), (2, 3), (1, 2)], [0, 0, 0, (1, 3), (2, 0)]]","[[(2, 2), (2, 0), 0, 0, (2, 1)], [0, 0, 0, 0, (1, 0)], [0, (0, -1), (0, -1), (0, -1), 0], [0, (1, 1), (1, 0), (2, 3), (1, 2)], [0, 0, 0, (1, 3), (2, 0)]]","[[(2, 2), (2, 0), 0, 0, (2, 1)], [0, 0, 0, 0, (1, 0)], [0, (0, -1), (0, -1), (0, -1), 0], [0, (1, 1), (1, 0), (2, 3), 0], [0, 0, 0, (1, 3), (2, 0)]]","[[(2, 1), (2, 0), 0, 0, (2, 1)], [0, 0, 0, 0, (1, 0)], [0, (0, -1), (0, -1), (0, -1), 0], [0, (1, 1), (1, 0), (2, 3), 0], [0, 0, 0, (1, 3), (2, 0)]]","[[(2, 1), (2, 0), 0, 0, (2, 1)], [0, 0, 0, (1, 0), (1, 3)], [0, (0, -1), (0, -1), (0, -1), 0], [0, (1, 1), (1, 0), (2, 3), 0], [0, 0, 0, (1, 3), (2, 0)]]","[[(2, 1), 0, 0, 0, (2, 1)], [0, (2, 0), 0, (1, 0), (1, 3)], [0, (0, -1), (0, -1), (0, -1), 0], [0, (1, 1), (1, 0), (2, 3), 0], [0, 0, 0, (1, 3), (2, 0)]]","[[(2, 1), 0, 0, 0, (2, 1)], [0, (2, 0), 0, (1, 0), (1, 1)], [0, (0, -1), (0, -1), (0, -1), 0], [0, (1, 1), (1, 0), (2, 3), 0], [0, 0, 0, (1, 3), (2, 0)]]","[[(2, 1), 0, 0, 0, (2, 1)], [0, (2, 3), 0, (1, 0), (1, 1)], [0, (0, -1), (0, -1), (0, -1), 0], [0, (1, 1), (1, 0), (2, 3), 0], [0, 0, 0, (1, 3), (2, 0)]]",,,,,,,,,,,,,,,,,,,,,,,,,,,,,,,,,,,,,,,,,,,,,,,,,,,,,,,,,,,,,,,,,,,,,,,,,,,,,,,,,,,,,,,,,,,,,,,,,,,,,,,,,,,,,,,,,,,,,,,,,,,,,,,,,,,,,,,,,,,,,,,,,,,,,,,,,,,,,,,,,,,,,,,,,,,,,,,,,,,,,,,,,,,,,,,,,,,,,,,,,,,,,,,,,,,,,,,,,,,,,,,,,,,,,,,,,,,,,,,,,,,,,,,,,,,,,,,,,,,,,,,,,,,,,,,,,,,,,,,,,,,,,,,,,,,,,,,,,,,,,,,,,,,,,,,,,,,,,,,,,,,,,,,,,,,,,,,,,,,,,,,,,,,,,,,,,,,,,,,,,,,,,,,,,,,,,,,,,,,,,,,,,,,,,,,,,,,,,,,,,,,,,,,,,,,,,,,,,,,,,,,,,,,,,,,,,,,,,,,,,,,,,,,,,,,,,,,,,,,,,,,,,,,,,,,,,,,,,,,,,,,,,,,,,,,,,,,,,,,,,,,,,,,,,,,,,,,,,,,,,,,,,,,,,,,,,,,,,,,,,,,,,,,,,,,,,,,,,,,,,,,,,,,,,,,,,,,,,,,,,,,,,,,,,,,,,,,,,,,,,,,,,,,,,,,,,,,,,,,,,,,,,,,,,,,,,,,,,,,,,,,,,,,,,,,,,,,,,,,,,,,,,,,,,,,,,,,,,,,,,,,,,,,,,,,,,,,,,,,,,,,,,,,,,,,,,,,,,,,,,,,,,,,,,,,,,,,,,,,,,,,,,,,,,,,,,,,,,,,,,,,,,,,,,,,,,,,,,,,,,,,,,,,,,,,,,,,,,,,,,,,,,,,,,,,,,,,,,,,,,,,,,,,,,,,,,,,,,,,,,,,,,,,,,,,,,,,,,,,,,,,,,,,,,,,,,,,,,,,,,,,,,,,,,,,,,,,,,,,,,,,,,,,,,,,,,,,,,,,,,,,,,,,,,,,,,,,,,,,,,,,,,,,,,,,,,,,,
19,state,player,ia,1,"(1, ('e', 2, 4, 0))","(2, ('e', 0, 4, 1))","(1, ('e', 1, 4, 0))","(2, ('m', 0, 4, 3))","(1, ('e', 1, 4, 0))","(2, ('t', 0, 3, 0))","(1, ('e', 1, 4, 0))","(2, ('t', 0, 3, 2))","(1, ('e', 3, 4, 0))","(2, ('t', 0, 3, 0))","(1, ('m', 1, 2, 3))","(2, ('e', 3, 0, 2))","(1, ('m', 0, 2, 0))","(2, ('e', 4, 0, 1))","(1, ('t', 0, 1, 0))","(2, ('t', 0, 3, 2))","(1, ('t', 0, 1, 0))","(2, ('t', 0, 3, 0))","(1, ('m', 3, 4, 1))","(2, ('t', 0, 3, 2))","(1, ('m', 4, 4, 0))","(2, ('t', 0, 3, 0))","(1, ('m', 4, 3, 0))","(2, ('t', 0, 3, 2))","(1, ('m', 4, 2, 0))","(2, ('t', 0, 3, 0))","(1, ('m', 2, 4, 0))","(2, ('t', 0, 3, 2))","(1, ('m', 2, 3, 0))","(2, ('t', 0, 3, 0))","(1, ('t', 2, 2, 0))","(2, ('t', 0, 3, 2))","(1, ('m', 2, 2, 0))","(2, ('t', 0, 3, 0))","(1, ('m', 4, 1, 3))","(2, ('t', 0, 3, 2))","(1, ('t', 3, 1, 0))","(2, ('t', 0, 3, 0))","(1, ('m', 3, 1, 0))","(2, ('e', 0, 4, 1))","(1, ('m', 2, 1, 0))",,,,,,,,,,,,,,,,,,,,,,,,,,,,,,,,,,,,,,,,,,,,,,,,,,,,,,,,,,,,,,,,,,,,,,,,,,,,,,,,,,,,,,,,,,,,,,,,,,,,,,,,,,,,,,,,,,,,,,,,,,,,,,,,,,,,,,,,,,,,,,,,,,,,,,,,,,,,,,,,,,,,,,,,,,,,,,,,,,,,,,,,,,,,,,,,,,,,,,,,,,,,,,,,,,,,,,,,,,,,,,,,,,,,,,,,,,,,,,,,,,,,,,,,,,,,,,,,,,,,,,,,,,,,,,,,,,,,,,,,,,,,,,,,,,,,,,,,,,,,,,,,,,,,,,,,,,,,,,,,,,,,,,,,,,,,,,,,,,,,,,,,,,,,,,,,,,,,,,,,,,,,,,,,,,,,,,,,,,,,,,,,,,,,,,,,,,,,,,,,,,,,,,,,,,,,,,,,,,,,,,,,,,,,,,,,,,,,,,,,,,,,,,,,,,,,,,,,,,,,,,,,,,,,,,,,,,,,,,,,,,,,,,,,,,,,,,,,,,,,,,,,,,,,,,,,,,,,,,,,,,,,,,,,,,,,,,,,,,,,,,,,,,,,,,,,,,,,,,,,,,,,,,,,,,,,,,,,,,,,,,,,,,,,,,,,,,,,,,,,,,,,,,,,,,,,,,,,,,,,,,,,,,,,,,,,,,,,,,,,,,,,,,,,,,,,,,,,,,,,,,,,,,,,,,,,,,,,,,,,,,,,,,,,,,,,,,,,,,,,,,,,,,,,,,,,,,,,,,,,,,,,,,,,,,,,,,,,,,,,,,,,,,,,,,,,,,,,,,,,,,,,,,,,,,,,,,,,,,,,,,,,,,,,,,,,,,,,,,,,,,,,,,,,,,,,,,,,,,,,,,,,,,,,,,,,,,,,,,,,,,,,,,,,,,,,,,,,,,,,,,,,,,,,,,,,,,,,,,,,,,,,,,,,,,,,,,,,,,,,,,,,,,,,,,,,,,,,,,,,,,,,,,,,,,,,,,,,,,,,,,,,,,,,,,,,,,,
20,move,player,ia,1,"[[0, 0, 0, 0, 0], [0, 0, 0, 0, 0], [0, (0, -1), (0, -1), (0, -1), 0], [0, 0, 0, 0, 0], [0, 0, (1, 0), 0, 0]]","[[0, 0, 0, 0, (2, 1)], [0, 0, 0, 0, 0], [0, (0, -1), (0, -1), (0, -1), 0], [0, 0, 0, 0, 0], [0, 0, (1, 0), 0, 0]]","[[0, 0, 0, 0, (2, 1)], [0, 0, 0, 0, 0], [0, (0, -1), (0, -1), (0, -1), 0], [0, 0, 0, 0, 0], [0, (1, 0), (1, 0), 0, 0]]","[[0, 0, 0, (2, 1), 0], [0, 0, 0, 0, 0], [0, (0, -1), (0, -1), (0, -1), 0], [0, 0, 0, 0, 0], [0, (1, 0), (1, 0), 0, 0]]","[[0, 0, 0, (2, 1), 0], [0, 0, 0, 0, 0], [0, (0, -1), (0, -1), (0, -1), 0], [0, (1, 0), 0, 0, 0], [0, (1, 0), (1, 0), 0, 0]]","[[0, 0, 0, (2, 0), 0], [0, 0, 0, 0, 0], [0, (0, -1), (0, -1), (0, -1), 0], [0, (1, 0), 0, 0, 0], [0, (1, 0), (1, 0), 0, 0]]","[[0, 0, 0, (2, 0), 0], [0, (0, -1), 0, 0, 0], [0, (1, 0), (0, -1), (0, -1), 0], [0, (1, 0), 0, 0, 0], [0, (1, 0), (1, 0), 0, 0]]","[[0, 0, 0, (2, 2), 0], [0, (0, -1), 0, 0, 0], [0, (1, 0), (0, -1), (0, -1), 0], [0, (1, 0), 0, 0, 0], [0, (1, 0), (1, 0), 0, 0]]","[[0, 0, 0, (2, 2), 0], [0, (0, -1), 0, 0, 0], [0, (1, 0), (0, -1), (0, -1), 0], [0, (1, 0), 0, 0, 0], [0, (1, 0), (1, 0), (1, 0), 0]]","[[0, 0, 0, (2, 0), 0], [0, (0, -1), 0, 0, 0], [0, (1, 0), (0, -1), (0, -1), 0], [0, (1, 0), 0, 0, 0], [0, (1, 0), (1, 0), (1, 0), 0]]","[[0, 0, 0, (2, 0), 0], [0, (0, -1), 0, 0, 0], [(1, 0), 0, (0, -1), (0, -1), 0], [0, (1, 0), 0, 0, 0], [0, (1, 0), (1, 0), (1, 0), 0]]","[[0, 0, 0, (2, 0), 0], [0, (0, -1), 0, 0, 0], [(1, 0), 0, (0, -1), (0, -1), 0], [(2, 2), (1, 0), 0, 0, 0], [0, (1, 0), (1, 0), (1, 0), 0]]","[[0, 0, 0, (2, 0), 0], [(1, 0), (0, -1), 0, 0, 0], [0, 0, (0, -1), (0, -1), 0], [(2, 2), (1, 0), 0, 0, 0], [0, (1, 0), (1, 0), (1, 0), 0]]","[[0, 0, 0, (2, 0), 0], [(1, 0), (0, -1), 0, 0, 0], [0, 0, (0, -1), (0, -1), 0], [(2, 2), (1, 0), 0, 0, 0], [(2, 1), (1, 0), (1, 0), (1, 0), 0]]","[[0, 0, 0, (2, 0), 0], [(1, 0), (0, -1), 0, 0, 0], [0, 0, (0, -1), (0, -1), 0], [(2, 2), (1, 0), 0, 0, 0], [(2, 1), (1, 0), (1, 0), (1, 0), 0]]","[[0, 0, 0, (2, 2), 0], [(1, 0), (0, -1), 0, 0, 0], [0, 0, (0, -1), (0, -1), 0], [(2, 2), (1, 0), 0, 0, 0], [(2, 1), (1, 0), (1, 0), (1, 0), 0]]","[[0, 0, 0, (2, 2), 0], [(1, 0), (0, -1), 0, 0, 0], [0, 0, (0, -1), (0, -1), 0], [(2, 2), (1, 0), 0, 0, 0], [(2, 1), (1, 0), (1, 0), (1, 0), 0]]","[[0, 0, 0, (2, 0), 0], [(1, 0), (0, -1), 0, 0, 0], [0, 0, (0, -1), (0, -1), 0], [(2, 2), (1, 0), 0, 0, 0], [(2, 1), (1, 0), (1, 0), (1, 0), 0]]","[[0, 0, 0, (2, 0), 0], [(1, 0), (0, -1), 0, 0, 0], [0, 0, (0, -1), (0, -1), 0], [(2, 2), (1, 0), 0, 0, 0], [(2, 1), (1, 0), (1, 0), 0, (1, 0)]]","[[0, 0, 0, (2, 2), 0], [(1, 0), (0, -1), 0, 0, 0], [0, 0, (0, -1), (0, -1), 0], [(2, 2), (1, 0), 0, 0, 0], [(2, 1), (1, 0), (1, 0), 0, (1, 0)]]","[[0, 0, 0, (2, 2), 0], [(1, 0), (0, -1), 0, 0, 0], [0, 0, (0, -1), (0, -1), 0], [(2, 2), (1, 0), 0, 0, (1, 0)], [(2, 1), (1, 0), (1, 0), 0, 0]]","[[0, 0, 0, (2, 0), 0], [(1, 0), (0, -1), 0, 0, 0], [0, 0, (0, -1), (0, -1), 0], [(2, 2), (1, 0), 0, 0, (1, 0)], [(2, 1), (1, 0), (1, 0), 0, 0]]","[[0, 0, 0, (2, 0), 0], [(1, 0), (0, -1), 0, 0, 0], [0, 0, (0, -1), (0, -1), (1, 0)], [(2, 2), (1, 0), 0, 0, 0], [(2, 1), (1, 0), (1, 0), 0, 0]]","[[0, 0, 0, (2, 2), 0], [(1, 0), (0, -1), 0, 0, 0], [0, 0, (0, -1), (0, -1), (1, 0)], [(2, 2), (1, 0), 0, 0, 0], [(2, 1), (1, 0), (1, 0), 0, 0]]","[[0, 0, 0, (2, 2), 0], [(1, 0), (0, -1), 0, 0, (1, 0)], [0, 0, (0, -1), (0, -1), 0], [(2, 2), (1, 0), 0, 0, 0], [(2, 1), (1, 0), (1, 0), 0, 0]]","[[0, 0, 0, (2, 0), 0], [(1, 0), (0, -1), 0, 0, (1, 0)], [0, 0, (0, -1), (0, -1), 0], [(2, 2), (1, 0), 0, 0, 0], [(2, 1), (1, 0), (1, 0), 0, 0]]","[[0, 0, 0, (2, 0), 0], [(1, 0), (0, -1), 0, 0, (1, 0)], [0, 0, (0, -1), (0, -1), 0], [(2, 2), (1, 0), (1, 0), 0, 0], [(2, 1), (1, 0), 0, 0, 0]]","[[0, 0, 0, (2, 2), 0], [(1, 0), (0, -1), 0, 0, (1, 0)], [0, 0, (0, -1), (0, -1), 0], [(2, 2), (1, 0), (1, 0), 0, 0], [(2, 1), (1, 0), 0, 0, 0]]","[[0, 0, 0, (2, 2), 0], [(1, 0), (0, -1), (0, -1), 0, (1, 0)], [0, 0, (1, 0), (0, -1), 0], [(2, 2), (1, 0), 0, 0, 0], [(2, 1), (1, 0), 0, 0, 0]]","[[0, 0, 0, (2, 0), 0], [(1, 0), (0, -1), (0, -1), 0, (1, 0)], [0, 0, (1, 0), (0, -1), 0], [(2, 2), (1, 0), 0, 0, 0], [(2, 1), (1, 0), 0, 0, 0]]","[[0, 0, 0, (2, 0), 0], [(1, 0), (0, -1), (0, -1), 0, (1, 0)], [0, 0, (1, 0), (0, -1), 0], [(2, 2), (1, 0), 0, 0, 0], [(2, 1), (1, 0), 0, 0, 0]]","[[0, 0, 0, (2, 2), 0], [(1, 0), (0, -1), (0, -1), 0, (1, 0)], [0, 0, (1, 0), (0, -1), 0], [(2, 2), (1, 0), 0, 0, 0], [(2, 1), (1, 0), 0, 0, 0]]","[[0, 0, (0, -1), (2, 2), 0], [(1, 0), (0, -1), (1, 0), 0, (1, 0)], [0, 0, 0, (0, -1), 0], [(2, 2), (1, 0), 0, 0, 0], [(2, 1), (1, 0), 0, 0, 0]]","[[0, 0, (0, -1), (2, 0), 0], [(1, 0), (0, -1), (1, 0), 0, (1, 0)], [0, 0, 0, (0, -1), 0], [(2, 2), (1, 0), 0, 0, 0], [(2, 1), (1, 0), 0, 0, 0]]","[[0, 0, (0, -1), (2, 0), 0], [(1, 0), (0, -1), (1, 0), (1, 0), 0], [0, 0, 0, (0, -1), 0], [(2, 2), (1, 0), 0, 0, 0], [(2, 1), (1, 0), 0, 0, 0]]","[[0, 0, (0, -1), (2, 2), 0], [(1, 0), (0, -1), (1, 0), (1, 0), 0], [0, 0, 0, (0, -1), 0], [(2, 2), (1, 0), 0, 0, 0], [(2, 1), (1, 0), 0, 0, 0]]","[[0, 0, (0, -1), (2, 2), 0], [(1, 0), (0, -1), (1, 0), (1, 0), 0], [0, 0, 0, (0, -1), 0], [(2, 2), (1, 0), 0, 0, 0], [(2, 1), (1, 0), 0, 0, 0]]","[[0, 0, (0, -1), (2, 0), 0], [(1, 0), (0, -1), (1, 0), (1, 0), 0], [0, 0, 0, (0, -1), 0], [(2, 2), (1, 0), 0, 0, 0], [(2, 1), (1, 0), 0, 0, 0]]","[[0, 0, (0, -1), (1, 0), 0], [(1, 0), (0, -1), (1, 0), 0, 0], [0, 0, 0, (0, -1), 0], [(2, 2), (1, 0), 0, 0, 0], [(2, 1), (1, 0), 0, 0, 0]]","[[0, 0, (0, -1), (1, 0), (2, 1)], [(1, 0), (0, -1), (1, 0), 0, 0], [0, 0, 0, (0, -1), 0], [(2, 2), (1, 0), 0, 0, 0], [(2, 1), (1, 0), 0, 0, 0]]","[[0, 0, (1, 0), (1, 0), (2, 1)], [(1, 0), (0, -1), 0, 0, 0], [0, 0, 0, (0, -1), 0], [(2, 2), (1, 0), 0, 0, 0], [(2, 1), (1, 0), 0, 0, 0]]",,,,,,,,,,,,,,,,,,,,,,,,,,,,,,,,,,,,,,,,,,,,,,,,,,,,,,,,,,,,,,,,,,,,,,,,,,,,,,,,,,,,,,,,,,,,,,,,,,,,,,,,,,,,,,,,,,,,,,,,,,,,,,,,,,,,,,,,,,,,,,,,,,,,,,,,,,,,,,,,,,,,,,,,,,,,,,,,,,,,,,,,,,,,,,,,,,,,,,,,,,,,,,,,,,,,,,,,,,,,,,,,,,,,,,,,,,,,,,,,,,,,,,,,,,,,,,,,,,,,,,,,,,,,,,,,,,,,,,,,,,,,,,,,,,,,,,,,,,,,,,,,,,,,,,,,,,,,,,,,,,,,,,,,,,,,,,,,,,,,,,,,,,,,,,,,,,,,,,,,,,,,,,,,,,,,,,,,,,,,,,,,,,,,,,,,,,,,,,,,,,,,,,,,,,,,,,,,,,,,,,,,,,,,,,,,,,,,,,,,,,,,,,,,,,,,,,,,,,,,,,,,,,,,,,,,,,,,,,,,,,,,,,,,,,,,,,,,,,,,,,,,,,,,,,,,,,,,,,,,,,,,,,,,,,,,,,,,,,,,,,,,,,,,,,,,,,,,,,,,,,,,,,,,,,,,,,,,,,,,,,,,,,,,,,,,,,,,,,,,,,,,,,,,,,,,,,,,,,,,,,,,,,,,,,,,,,,,,,,,,,,,,,,,,,,,,,,,,,,,,,,,,,,,,,,,,,,,,,,,,,,,,,,,,,,,,,,,,,,,,,,,,,,,,,,,,,,,,,,,,,,,,,,,,,,,,,,,,,,,,,,,,,,,,,,,,,,,,,,,,,,,,,,,,,,,,,,,,,,,,,,,,,,,,,,,,,,,,,,,,,,,,,,,,,,,,,,,,,,,,,,,,,,,,,,,,,,,,,,,,,,,,,,,,,,,,,,,,,,,,,,,,,,,,,,,,,,,,,,,,,,,,,,,,,,,,,,,,,,,,,,,,,,,,,,,,,,,,,,,,,,,,,,,,,,,,,,,,,,,,,,,,,,,,,,,,,,
21,state,ia,ia,3,"(1, ('e', 2, 4, 0))","(2, ('e', 4, 3, 0))","(1, ('e', 1, 4, 0))","(2, ('e', 1, 0, 2))","(1, ('t', 2, 4, 2))","(2, ('e', 0, 2, 1))","(1, ('e', 0, 2, 2))","(2, ('t', 1, 0, 0))","(1, ('t', 0, 2, 0))","(2, ('e', 4, 0, 2))","(1, ('a', 0, 2))","(2, ('e', 0, 4, 1))","(1, ('e', 0, 2, 2))","(2, ('t', 1, 2, 2))","(1, ('e', 4, 2, 2))","(2, ('a', 0, 4))","(1, ('t', 2, 4, 1))","(2, ('e', 3, 4, 1))","(1, ('e', 4, 1, 1))","(2, ('a', 3, 4))","(1, ('t', 1, 4, 1))","(2, ('m', 4, 0, 0))","(1, ('t', 2, 4, 2))","(2, ('e', 0, 1, 1))","(1, ('t', 1, 4, 2))","(2, ('t', 0, 1, 2))","(1, ('t', 1, 4, 0))","(2, ('t', 4, 3, 2))","(1, ('t', 0, 2, 1))","(2, ('t', 1, 0, 3))","(1, ('t', 0, 2, 0))","(2, ('m', 1, 0, 0))","(1, ('t', 2, 4, 1))","(2, ('t', 0, 0, 1))","(1, ('t', 0, 2, 1))","(2, ('t', 3, 0, 3))","(1, ('t', 2, 4, 2))","(2, ('t', 1, 2, 1))","(1, ('t', 4, 2, 1))","(2, ('t', 4, 3, 0))",,,,,,,,,,,,,,,,,,,,,,,,,,,,,,,,,,,,,,,,,,,,,,,,,,,,,,,,,,,,,,,,,,,,,,,,,,,,,,,,,,,,,,,,,,,,,,,,,,,,,,,,,,,,,,,,,,,,,,,,,,,,,,,,,,,,,,,,,,,,,,,,,,,,,,,,,,,,,,,,,,,,,,,,,,,,,,,,,,,,,,,,,,,,,,,,,,,,,,,,,,,,,,,,,,,,,,,,,,,,,,,,,,,,,,,,,,,,,,,,,,,,,,,,,,,,,,,,,,,,,,,,,,,,,,,,,,,,,,,,,,,,,,,,,,,,,,,,,,,,,,,,,,,,,,,,,,,,,,,,,,,,,,,,,,,,,,,,,,,,,,,,,,,,,,,,,,,,,,,,,,,,,,,,,,,,,,,,,,,,,,,,,,,,,,,,,,,,,,,,,,,,,,,,,,,,,,,,,,,,,,,,,,,,,,,,,,,,,,,,,,,,,,,,,,,,,,,,,,,,,,,,,,,,,,,,,,,,,,,,,,,,,,,,,,,,,,,,,,,,,,,,,,,,,,,,,,,,,,,,,,,,,,,,,,,,,,,,,,,,,,,,,,,,,,,,,,,,,,,,,,,,,,,,,,,,,,,,,,,,,,,,,,,,,,,,,,,,,,,,,,,,,,,,,,,,,,,,,,,,,,,,,,,,,,,,,,,,,,,,,,,,,,,,,,,,,,,,,,,,,,,,,,,,,,,,,,,,,,,,,,,,,,,,,,,,,,,,,,,,,,,,,,,,,,,,,,,,,,,,,,,,,,,,,,,,,,,,,,,,,,,,,,,,,,,,,,,,,,,,,,,,,,,,,,,,,,,,,,,,,,,,,,,,,,,,,,,,,,,,,,,,,,,,,,,,,,,,,,,,,,,,,,,,,,,,,,,,,,,,,,,,,,,,,,,,,,,,,,,,,,,,,,,,,,,,,,,,,,,,,,,,,,,,,,,,,,,,,,,,,,,,,,,,,,,,,,,,,,,,,,,,,,,,,,,,,,,,,,,,,,,,,,,,,,,,,,,,
22,move,ia,ia,3,"[[0, 0, 0, 0, 0], [0, 0, 0, 0, 0], [0, (0, -1), (0, -1), (0, -1), (1, 0)], [0, 0, 0, 0, 0], [0, 0, 0, 0, 0]]","[[0, 0, 0, 0, 0], [0, 0, 0, 0, 0], [0, (0, -1), (0, -1), (0, -1), (1, 0)], [0, 0, 0, 0, 0], [0, 0, 0, (2, 0), 0]]","[[0, 0, 0, 0, 0], [0, 0, 0, 0, (1, 0)], [0, (0, -1), (0, -1), (0, -1), (1, 0)], [0, 0, 0, 0, 0], [0, 0, 0, (2, 0), 0]]","[[0, 0, 0, 0, 0], [(2, 2), 0, 0, 0, (1, 0)], [0, (0, -1), (0, -1), (0, -1), (1, 0)], [0, 0, 0, 0, 0], [0, 0, 0, (2, 0), 0]]","[[0, 0, 0, 0, 0], [(2, 2), 0, 0, 0, (1, 0)], [0, (0, -1), (0, -1), (0, -1), (1, 2)], [0, 0, 0, 0, 0], [0, 0, 0, (2, 0), 0]]","[[0, 0, (2, 1), 0, 0], [(2, 2), 0, 0, 0, (1, 0)], [0, (0, -1), (0, -1), (0, -1), (1, 2)], [0, 0, 0, 0, 0], [0, 0, 0, (2, 0), 0]]","[[0, 0, (1, 2), 0, 0], [(2, 2), 0, (2, 1), 0, (1, 0)], [0, (0, -1), (0, -1), (0, -1), (1, 2)], [0, 0, 0, 0, 0], [0, 0, 0, (2, 0), 0]]","[[0, 0, (1, 2), 0, 0], [(2, 0), 0, (2, 1), 0, (1, 0)], [0, (0, -1), (0, -1), (0, -1), (1, 2)], [0, 0, 0, 0, 0], [0, 0, 0, (2, 0), 0]]","[[0, 0, (1, 0), 0, 0], [(2, 0), 0, (2, 1), 0, (1, 0)], [0, (0, -1), (0, -1), (0, -1), (1, 2)], [0, 0, 0, 0, 0], [0, 0, 0, (2, 0), 0]]","[[0, 0, (1, 0), 0, 0], [(2, 0), 0, (2, 1), 0, (1, 0)], [0, (0, -1), (0, -1), (0, -1), (1, 2)], [0, 0, 0, 0, 0], [(2, 2), 0, 0, (2, 0), 0]]","[[0, 0, 0, 0, 0], [(2, 0), 0, (2, 1), 0, (1, 0)], [0, (0, -1), (0, -1), (0, -1), (1, 2)], [0, 0, 0, 0, 0], [(2, 2), 0, 0, (2, 0), 0]]","[[0, 0, 0, 0, (2, 1)], [(2, 0), 0, (2, 1), 0, (1, 0)], [0, (0, -1), (0, -1), (0, -1), (1, 2)], [0, 0, 0, 0, 0], [(2, 2), 0, 0, (2, 0), 0]]","[[0, 0, (1, 2), 0, (2, 1)], [(2, 0), 0, (2, 1), 0, (1, 0)], [0, (0, -1), (0, -1), (0, -1), (1, 2)], [0, 0, 0, 0, 0], [(2, 2), 0, 0, (2, 0), 0]]","[[0, 0, (1, 2), 0, (2, 1)], [(2, 0), 0, (2, 2), 0, (1, 0)], [0, (0, -1), (0, -1), (0, -1), (1, 2)], [0, 0, 0, 0, 0], [(2, 2), 0, 0, (2, 0), 0]]","[[0, 0, (1, 2), 0, (2, 1)], [(2, 0), 0, (2, 2), 0, (1, 0)], [0, (0, -1), (0, -1), (0, -1), (1, 2)], [0, 0, 0, 0, 0], [(2, 2), 0, (1, 2), (2, 0), 0]]","[[0, 0, (1, 2), 0, 0], [(2, 0), 0, (2, 2), 0, (1, 0)], [0, (0, -1), (0, -1), (0, -1), (1, 2)], [0, 0, 0, 0, 0], [(2, 2), 0, (1, 2), (2, 0), 0]]","[[0, 0, (1, 2), 0, 0], [(2, 0), 0, (2, 2), 0, (1, 0)], [0, (0, -1), (0, -1), (0, -1), (1, 1)], [0, 0, 0, 0, 0], [(2, 2), 0, (1, 2), (2, 0), 0]]","[[0, 0, (1, 2), 0, 0], [(2, 0), 0, (2, 2), 0, (1, 0)], [0, (0, -1), (0, -1), (0, -1), (1, 1)], [0, 0, 0, 0, (2, 1)], [(2, 2), 0, (1, 2), (2, 0), 0]]","[[0, 0, (1, 2), 0, 0], [(2, 0), 0, (2, 2), 0, (1, 0)], [0, (0, -1), (0, -1), (0, -1), (1, 1)], [0, 0, 0, 0, (2, 1)], [(2, 2), (1, 1), (1, 2), (2, 0), 0]]","[[0, 0, (1, 2), 0, 0], [(2, 0), 0, (2, 2), 0, (1, 0)], [0, (0, -1), (0, -1), (0, -1), (1, 1)], [0, 0, 0, 0, 0], [(2, 2), (1, 1), (1, 2), (2, 0), 0]]","[[0, 0, (1, 2), 0, 0], [(2, 0), 0, (2, 2), 0, (1, 1)], [0, (0, -1), (0, -1), (0, -1), (1, 1)], [0, 0, 0, 0, 0], [(2, 2), (1, 1), (1, 2), (2, 0), 0]]","[[0, 0, (1, 2), 0, 0], [(2, 0), 0, (2, 2), 0, (1, 1)], [0, (0, -1), (0, -1), (0, -1), (1, 1)], [(2, 2), 0, 0, 0, 0], [0, (1, 1), (1, 2), (2, 0), 0]]","[[0, 0, (1, 2), 0, 0], [(2, 0), 0, (2, 2), 0, (1, 1)], [0, (0, -1), (0, -1), (0, -1), (1, 2)], [(2, 2), 0, 0, 0, 0], [0, (1, 1), (1, 2), (2, 0), 0]]","[[0, (2, 1), (1, 2), 0, 0], [(2, 0), 0, (2, 2), 0, (1, 1)], [0, (0, -1), (0, -1), (0, -1), (1, 2)], [(2, 2), 0, 0, 0, 0], [0, (1, 1), (1, 2), (2, 0), 0]]","[[0, (2, 1), (1, 2), 0, 0], [(2, 0), 0, (2, 2), 0, (1, 2)], [0, (0, -1), (0, -1), (0, -1), (1, 2)], [(2, 2), 0, 0, 0, 0], [0, (1, 1), (1, 2), (2, 0), 0]]","[[0, (2, 2), (1, 2), 0, 0], [(2, 0), 0, (2, 2), 0, (1, 2)], [0, (0, -1), (0, -1), (0, -1), (1, 2)], [(2, 2), 0, 0, 0, 0], [0, (1, 1), (1, 2), (2, 0), 0]]","[[0, (2, 2), (1, 2), 0, 0], [(2, 0), 0, (2, 2), 0, (1, 0)], [0, (0, -1), (0, -1), (0, -1), (1, 2)], [(2, 2), 0, 0, 0, 0], [0, (1, 1), (1, 2), (2, 0), 0]]","[[0, (2, 2), (1, 2), 0, 0], [(2, 0), 0, (2, 2), 0, (1, 0)], [0, (0, -1), (0, -1), (0, -1), (1, 2)], [(2, 2), 0, 0, 0, 0], [0, (1, 1), (1, 2), (2, 2), 0]]","[[0, (2, 2), (1, 1), 0, 0], [(2, 0), 0, (2, 2), 0, (1, 0)], [0, (0, -1), (0, -1), (0, -1), (1, 2)], [(2, 2), 0, 0, 0, 0], [0, (1, 1), (1, 2), (2, 2), 0]]","[[0, (2, 2), (1, 1), 0, 0], [(2, 3), 0, (2, 2), 0, (1, 0)], [0, (0, -1), (0, -1), (0, -1), (1, 2)], [(2, 2), 0, 0, 0, 0], [0, (1, 1), (1, 2), (2, 2), 0]]","[[0, (2, 2), (1, 0), 0, 0], [(2, 3), 0, (2, 2), 0, (1, 0)], [0, (0, -1), (0, -1), (0, -1), (1, 2)], [(2, 2), 0, 0, 0, 0], [0, (1, 1), (1, 2), (2, 2), 0]]","[[(2, 3), (2, 2), (1, 0), 0, 0], [0, 0, (2, 2), 0, (1, 0)], [0, (0, -1), (0, -1), (0, -1), (1, 2)], [(2, 2), 0, 0, 0, 0], [0, (1, 1), (1, 2), (2, 2), 0]]","[[(2, 3), (2, 2), (1, 0), 0, 0], [0, 0, (2, 2), 0, (1, 0)], [0, (0, -1), (0, -1), (0, -1), (1, 1)], [(2, 2), 0, 0, 0, 0], [0, (1, 1), (1, 2), (2, 2), 0]]","[[(2, 1), (2, 2), (1, 0), 0, 0], [0, 0, (2, 2), 0, (1, 0)], [0, (0, -1), (0, -1), (0, -1), (1, 1)], [(2, 2), 0, 0, 0, 0], [0, (1, 1), (1, 2), (2, 2), 0]]","[[(2, 1), (2, 2), (1, 1), 0, 0], [0, 0, (2, 2), 0, (1, 0)], [0, (0, -1), (0, -1), (0, -1), (1, 1)], [(2, 2), 0, 0, 0, 0], [0, (1, 1), (1, 2), (2, 2), 0]]","[[(2, 1), (2, 2), (1, 1), 0, 0], [0, 0, (2, 2), 0, (1, 0)], [0, (0, -1), (0, -1), (0, -1), (1, 1)], [(2, 3), 0, 0, 0, 0], [0, (1, 1), (1, 2), (2, 2), 0]]","[[(2, 1), (2, 2), (1, 1), 0, 0], [0, 0, (2, 2), 0, (1, 0)], [0, (0, -1), (0, -1), (0, -1), (1, 2)], [(2, 3), 0, 0, 0, 0], [0, (1, 1), (1, 2), (2, 2), 0]]","[[(2, 1), (2, 2), (1, 1), 0, 0], [0, 0, (2, 1), 0, (1, 0)], [0, (0, -1), (0, -1), (0, -1), (1, 2)], [(2, 3), 0, 0, 0, 0], [0, (1, 1), (1, 2), (2, 2), 0]]","[[(2, 1), (2, 2), (1, 1), 0, 0], [0, 0, (2, 1), 0, (1, 0)], [0, (0, -1), (0, -1), (0, -1), (1, 2)], [(2, 3), 0, 0, 0, 0], [0, (1, 1), (1, 1), (2, 2), 0]]","[[(2, 1), (2, 2), (1, 1), 0, 0], [0, 0, (2, 1), 0, (1, 0)], [0, (0, -1), (0, -1), (0, -1), (1, 2)], [(2, 3), 0, 0, 0, 0], [0, (1, 1), (1, 1), (2, 0), 0]]",,,,,,,,,,,,,,,,,,,,,,,,,,,,,,,,,,,,,,,,,,,,,,,,,,,,,,,,,,,,,,,,,,,,,,,,,,,,,,,,,,,,,,,,,,,,,,,,,,,,,,,,,,,,,,,,,,,,,,,,,,,,,,,,,,,,,,,,,,,,,,,,,,,,,,,,,,,,,,,,,,,,,,,,,,,,,,,,,,,,,,,,,,,,,,,,,,,,,,,,,,,,,,,,,,,,,,,,,,,,,,,,,,,,,,,,,,,,,,,,,,,,,,,,,,,,,,,,,,,,,,,,,,,,,,,,,,,,,,,,,,,,,,,,,,,,,,,,,,,,,,,,,,,,,,,,,,,,,,,,,,,,,,,,,,,,,,,,,,,,,,,,,,,,,,,,,,,,,,,,,,,,,,,,,,,,,,,,,,,,,,,,,,,,,,,,,,,,,,,,,,,,,,,,,,,,,,,,,,,,,,,,,,,,,,,,,,,,,,,,,,,,,,,,,,,,,,,,,,,,,,,,,,,,,,,,,,,,,,,,,,,,,,,,,,,,,,,,,,,,,,,,,,,,,,,,,,,,,,,,,,,,,,,,,,,,,,,,,,,,,,,,,,,,,,,,,,,,,,,,,,,,,,,,,,,,,,,,,,,,,,,,,,,,,,,,,,,,,,,,,,,,,,,,,,,,,,,,,,,,,,,,,,,,,,,,,,,,,,,,,,,,,,,,,,,,,,,,,,,,,,,,,,,,,,,,,,,,,,,,,,,,,,,,,,,,,,,,,,,,,,,,,,,,,,,,,,,,,,,,,,,,,,,,,,,,,,,,,,,,,,,,,,,,,,,,,,,,,,,,,,,,,,,,,,,,,,,,,,,,,,,,,,,,,,,,,,,,,,,,,,,,,,,,,,,,,,,,,,,,,,,,,,,,,,,,,,,,,,,,,,,,,,,,,,,,,,,,,,,,,,,,,,,,,,,,,,,,,,,,,,,,,,,,,,,,,,,,,,,,,,,,,,,,,,,,,,,,,,,,,,,,,,,,,,,,,,,,,,,,,,,,,,,,,,,,,,,,
23,state,ia,ia,3,"(1, ('e', 4, 2, 3))","(2, ('e', 0, 4, 1))","(1, ('e', 1, 4, 0))","(2, ('e', 1, 0, 2))","(1, ('e', 4, 1, 3))","(2, ('e', 4, 3, 1))","(1, ('e', 1, 4, 3))","(2, ('e', 0, 2, 2))","(1, ('e', 3, 0, 1))","(2, ('e', 1, 4, 3))","(1, ('t', 4, 2, 1))","(2, ('m', 1, 0, 2))","(1, ('t', 1, 2, 2))","(2, ('m', 0, 4, 3))","(1, ('a', 3, 0))","(2, ('t', 0, 3, 2))","(1, ('e', 0, 1, 1))","(2, ('t', 0, 3, 0))","(1, ('t', 4, 1, 2))","(2, ('t', 0, 3, 2))","(1, ('t', 0, 1, 0))","(2, ('t', 0, 3, 0))","(1, ('t', 1, 2, 3))","(2, ('t', 0, 3, 2))","(1, ('a', 4, 2))","(2, ('t', 4, 3, 0))","(1, ('e', 1, 0, 3))","(2, ('t', 0, 3, 0))","(1, ('m', 4, 1, 3))","(2, ('t', 0, 3, 2))","(1, ('m', 4, 0, 0))","(2, ('t', 0, 3, 0))","(1, ('t', 0, 1, 2))","(2, ('t', 0, 3, 2))","(1, ('t', 1, 0, 1))","(2, ('t', 0, 3, 0))","(1, ('m', 3, 0, 1))","(2, ('t', 0, 3, 2))","(1, ('m', 1, 2, 3))","(2, ('t', 0, 3, 0))",,,,,,,,,,,,,,,,,,,,,,,,,,,,,,,,,,,,,,,,,,,,,,,,,,,,,,,,,,,,,,,,,,,,,,,,,,,,,,,,,,,,,,,,,,,,,,,,,,,,,,,,,,,,,,,,,,,,,,,,,,,,,,,,,,,,,,,,,,,,,,,,,,,,,,,,,,,,,,,,,,,,,,,,,,,,,,,,,,,,,,,,,,,,,,,,,,,,,,,,,,,,,,,,,,,,,,,,,,,,,,,,,,,,,,,,,,,,,,,,,,,,,,,,,,,,,,,,,,,,,,,,,,,,,,,,,,,,,,,,,,,,,,,,,,,,,,,,,,,,,,,,,,,,,,,,,,,,,,,,,,,,,,,,,,,,,,,,,,,,,,,,,,,,,,,,,,,,,,,,,,,,,,,,,,,,,,,,,,,,,,,,,,,,,,,,,,,,,,,,,,,,,,,,,,,,,,,,,,,,,,,,,,,,,,,,,,,,,,,,,,,,,,,,,,,,,,,,,,,,,,,,,,,,,,,,,,,,,,,,,,,,,,,,,,,,,,,,,,,,,,,,,,,,,,,,,,,,,,,,,,,,,,,,,,,,,,,,,,,,,,,,,,,,,,,,,,,,,,,,,,,,,,,,,,,,,,,,,,,,,,,,,,,,,,,,,,,,,,,,,,,,,,,,,,,,,,,,,,,,,,,,,,,,,,,,,,,,,,,,,,,,,,,,,,,,,,,,,,,,,,,,,,,,,,,,,,,,,,,,,,,,,,,,,,,,,,,,,,,,,,,,,,,,,,,,,,,,,,,,,,,,,,,,,,,,,,,,,,,,,,,,,,,,,,,,,,,,,,,,,,,,,,,,,,,,,,,,,,,,,,,,,,,,,,,,,,,,,,,,,,,,,,,,,,,,,,,,,,,,,,,,,,,,,,,,,,,,,,,,,,,,,,,,,,,,,,,,,,,,,,,,,,,,,,,,,,,,,,,,,,,,,,,,,,,,,,,,,,,,,,,,,,,,,,,,,,,,,,,,,,,,,,,,,,,,,,,,,,,,,,,,,,,,,,,,,,,,
24,move,ia,ia,3,"[[0, 0, 0, 0, 0], [0, 0, 0, 0, 0], [0, (0, -1), (0, -1), (0, -1), 0], [0, 0, 0, 0, 0], [0, 0, (1, 3), 0, 0]]","[[0, 0, 0, 0, (2, 1)], [0, 0, 0, 0, 0], [0, (0, -1), (0, -1), (0, -1), 0], [0, 0, 0, 0, 0], [0, 0, (1, 3), 0, 0]]","[[0, 0, 0, 0, (2, 1)], [0, 0, 0, 0, (1, 0)], [0, (0, -1), (0, -1), (0, -1), 0], [0, 0, 0, 0, 0], [0, 0, (1, 3), 0, 0]]","[[0, 0, 0, 0, (2, 1)], [(2, 2), 0, 0, 0, (1, 0)], [0, (0, -1), (0, -1), (0, -1), 0], [0, 0, 0, 0, 0], [0, 0, (1, 3), 0, 0]]","[[0, 0, 0, 0, (2, 1)], [(2, 2), 0, 0, 0, (1, 0)], [0, (0, -1), (0, -1), (0, -1), 0], [0, 0, 0, 0, 0], [0, (1, 3), (1, 3), 0, 0]]","[[0, 0, 0, 0, (2, 1)], [(2, 2), 0, 0, 0, (1, 0)], [0, (0, -1), (0, -1), (0, -1), 0], [0, 0, 0, 0, 0], [0, (1, 3), (1, 3), (2, 1), 0]]","[[0, 0, 0, 0, (2, 1)], [(2, 2), 0, 0, (1, 0), (1, 3)], [0, (0, -1), (0, -1), (0, -1), 0], [0, 0, 0, 0, 0], [0, (1, 3), (1, 3), (2, 1), 0]]","[[0, 0, (2, 2), 0, (2, 1)], [(2, 2), 0, 0, (1, 0), (1, 3)], [0, (0, -1), (0, -1), (0, -1), 0], [0, 0, 0, 0, 0], [0, (1, 3), (1, 3), (2, 1), 0]]","[[0, 0, (2, 2), 0, (2, 1)], [(2, 2), 0, 0, (1, 0), (1, 3)], [0, (0, -1), (0, -1), (0, -1), 0], [(1, 1), 0, 0, 0, 0], [0, (1, 3), (1, 3), (2, 1), 0]]","[[0, 0, (2, 2), 0, (2, 1)], [(2, 2), 0, (1, 0), (1, 3), (2, 3)], [0, (0, -1), (0, -1), (0, -1), 0], [(1, 1), 0, 0, 0, 0], [0, (1, 3), (1, 3), (2, 1), 0]]","[[0, 0, (2, 2), 0, (2, 1)], [(2, 2), 0, (1, 0), (1, 3), (2, 3)], [0, (0, -1), (0, -1), (0, -1), 0], [(1, 1), 0, 0, 0, 0], [0, (1, 3), (1, 1), (2, 1), 0]]","[[0, 0, (2, 2), 0, (2, 1)], [0, 0, (1, 0), (1, 3), (2, 3)], [(2, 2), (0, -1), (0, -1), (0, -1), 0], [(1, 1), 0, 0, 0, 0], [0, (1, 3), (1, 1), (2, 1), 0]]","[[0, 0, (2, 2), 0, (2, 1)], [0, 0, (1, 2), (1, 3), (2, 3)], [(2, 2), (0, -1), (0, -1), (0, -1), 0], [(1, 1), 0, 0, 0, 0], [0, (1, 3), (1, 1), (2, 1), 0]]","[[0, 0, (2, 2), (2, 1), 0], [0, 0, (1, 2), (1, 3), (2, 3)], [(2, 2), (0, -1), (0, -1), (0, -1), 0], [(1, 1), 0, 0, 0, 0], [0, (1, 3), (1, 1), (2, 1), 0]]","[[0, 0, (2, 2), (2, 1), 0], [0, 0, (1, 2), (1, 3), (2, 3)], [(2, 2), (0, -1), (0, -1), (0, -1), 0], [0, 0, 0, 0, 0], [0, (1, 3), (1, 1), (2, 1), 0]]","[[0, 0, (2, 2), (2, 2), 0], [0, 0, (1, 2), (1, 3), (2, 3)], [(2, 2), (0, -1), (0, -1), (0, -1), 0], [0, 0, 0, 0, 0], [0, (1, 3), (1, 1), (2, 1), 0]]","[[0, (1, 1), (2, 2), (2, 2), 0], [0, 0, (1, 2), (1, 3), (2, 3)], [(2, 2), (0, -1), (0, -1), (0, -1), 0], [0, 0, 0, 0, 0], [0, (1, 3), (1, 1), (2, 1), 0]]","[[0, (1, 1), (2, 2), (2, 0), 0], [0, 0, (1, 2), (1, 3), (2, 3)], [(2, 2), (0, -1), (0, -1), (0, -1), 0], [0, 0, 0, 0, 0], [0, (1, 3), (1, 1), (2, 1), 0]]","[[0, (1, 1), (2, 2), (2, 0), 0], [0, 0, (1, 2), (1, 3), (2, 3)], [(2, 2), (0, -1), (0, -1), (0, -1), 0], [0, 0, 0, 0, 0], [0, (1, 2), (1, 1), (2, 1), 0]]","[[0, (1, 1), (2, 2), (2, 2), 0], [0, 0, (1, 2), (1, 3), (2, 3)], [(2, 2), (0, -1), (0, -1), (0, -1), 0], [0, 0, 0, 0, 0], [0, (1, 2), (1, 1), (2, 1), 0]]","[[0, (1, 0), (2, 2), (2, 2), 0], [0, 0, (1, 2), (1, 3), (2, 3)], [(2, 2), (0, -1), (0, -1), (0, -1), 0], [0, 0, 0, 0, 0], [0, (1, 2), (1, 1), (2, 1), 0]]","[[0, (1, 0), (2, 2), (2, 0), 0], [0, 0, (1, 2), (1, 3), (2, 3)], [(2, 2), (0, -1), (0, -1), (0, -1), 0], [0, 0, 0, 0, 0], [0, (1, 2), (1, 1), (2, 1), 0]]","[[0, (1, 0), (2, 2), (2, 0), 0], [0, 0, (1, 3), (1, 3), (2, 3)], [(2, 2), (0, -1), (0, -1), (0, -1), 0], [0, 0, 0, 0, 0], [0, (1, 2), (1, 1), (2, 1), 0]]","[[0, (1, 0), (2, 2), (2, 2), 0], [0, 0, (1, 3), (1, 3), (2, 3)], [(2, 2), (0, -1), (0, -1), (0, -1), 0], [0, 0, 0, 0, 0], [0, (1, 2), (1, 1), (2, 1), 0]]","[[0, (1, 0), (2, 2), (2, 2), 0], [0, 0, (1, 3), (1, 3), (2, 3)], [(2, 2), (0, -1), (0, -1), (0, -1), 0], [0, 0, 0, 0, 0], [0, (1, 2), 0, (2, 1), 0]]","[[0, (1, 0), (2, 2), (2, 2), 0], [0, 0, (1, 3), (1, 3), (2, 3)], [(2, 2), (0, -1), (0, -1), (0, -1), 0], [0, 0, 0, 0, 0], [0, (1, 2), 0, (2, 0), 0]]","[[0, (1, 0), (2, 2), (2, 2), 0], [(1, 3), 0, (1, 3), (1, 3), (2, 3)], [(2, 2), (0, -1), (0, -1), (0, -1), 0], [0, 0, 0, 0, 0], [0, (1, 2), 0, (2, 0), 0]]","[[0, (1, 0), (2, 2), (2, 0), 0], [(1, 3), 0, (1, 3), (1, 3), (2, 3)], [(2, 2), (0, -1), (0, -1), (0, -1), 0], [0, 0, 0, 0, 0], [0, (1, 2), 0, (2, 0), 0]]","[[0, (1, 0), (2, 2), (2, 0), 0], [(1, 3), 0, (1, 3), (1, 3), (2, 3)], [(2, 2), (0, -1), (0, -1), (0, -1), 0], [0, 0, 0, 0, 0], [(1, 2), 0, 0, (2, 0), 0]]","[[0, (1, 0), (2, 2), (2, 2), 0], [(1, 3), 0, (1, 3), (1, 3), (2, 3)], [(2, 2), (0, -1), (0, -1), (0, -1), 0], [0, 0, 0, 0, 0], [(1, 2), 0, 0, (2, 0), 0]]","[[0, (1, 0), (2, 2), (2, 2), 0], [(1, 3), 0, (1, 3), (1, 3), (2, 3)], [(2, 2), (0, -1), (0, -1), (0, -1), 0], [(1, 2), 0, 0, 0, 0], [0, 0, 0, (2, 0), 0]]","[[0, (1, 0), (2, 2), (2, 0), 0], [(1, 3), 0, (1, 3), (1, 3), (2, 3)], [(2, 2), (0, -1), (0, -1), (0, -1), 0], [(1, 2), 0, 0, 0, 0], [0, 0, 0, (2, 0), 0]]","[[0, (1, 2), (2, 2), (2, 0), 0], [(1, 3), 0, (1, 3), (1, 3), (2, 3)], [(2, 2), (0, -1), (0, -1), (0, -1), 0], [(1, 2), 0, 0, 0, 0], [0, 0, 0, (2, 0), 0]]","[[0, (1, 2), (2, 2), (2, 2), 0], [(1, 3), 0, (1, 3), (1, 3), (2, 3)], [(2, 2), (0, -1), (0, -1), (0, -1), 0], [(1, 2), 0, 0, 0, 0], [0, 0, 0, (2, 0), 0]]","[[0, (1, 2), (2, 2), (2, 2), 0], [(1, 1), 0, (1, 3), (1, 3), (2, 3)], [(2, 2), (0, -1), (0, -1), (0, -1), 0], [(1, 2), 0, 0, 0, 0], [0, 0, 0, (2, 0), 0]]","[[0, (1, 2), (2, 2), (2, 0), 0], [(1, 1), 0, (1, 3), (1, 3), (2, 3)], [(2, 2), (0, -1), (0, -1), (0, -1), 0], [(1, 2), 0, 0, 0, 0], [0, 0, 0, (2, 0), 0]]","[[0, (1, 2), (2, 2), (2, 0), 0], [(1, 1), 0, (1, 3), (1, 3), (2, 3)], [(2, 2), (0, -1), (0, -1), (0, -1), 0], [0, (1, 2), 0, 0, 0], [0, 0, 0, (2, 0), 0]]","[[0, (1, 2), (2, 2), (2, 2), 0], [(1, 1), 0, (1, 3), (1, 3), (2, 3)], [(2, 2), (0, -1), (0, -1), (0, -1), 0], [0, (1, 2), 0, 0, 0], [0, 0, 0, (2, 0), 0]]","[[0, (1, 2), (2, 2), (2, 2), 0], [(1, 1), (1, 3), 0, (1, 3), (2, 3)], [(2, 2), (0, -1), (0, -1), (0, -1), 0], [0, (1, 2), 0, 0, 0], [0, 0, 0, (2, 0), 0]]","[[0, (1, 2), (2, 2), (2, 0), 0], [(1, 1), (1, 3), 0, (1, 3), (2, 3)], [(2, 2), (0, -1), (0, -1), (0, -1), 0], [0, (1, 2), 0, 0, 0], [0, 0, 0, (2, 0), 0]]",,,,,,,,,,,,,,,,,,,,,,,,,,,,,,,,,,,,,,,,,,,,,,,,,,,,,,,,,,,,,,,,,,,,,,,,,,,,,,,,,,,,,,,,,,,,,,,,,,,,,,,,,,,,,,,,,,,,,,,,,,,,,,,,,,,,,,,,,,,,,,,,,,,,,,,,,,,,,,,,,,,,,,,,,,,,,,,,,,,,,,,,,,,,,,,,,,,,,,,,,,,,,,,,,,,,,,,,,,,,,,,,,,,,,,,,,,,,,,,,,,,,,,,,,,,,,,,,,,,,,,,,,,,,,,,,,,,,,,,,,,,,,,,,,,,,,,,,,,,,,,,,,,,,,,,,,,,,,,,,,,,,,,,,,,,,,,,,,,,,,,,,,,,,,,,,,,,,,,,,,,,,,,,,,,,,,,,,,,,,,,,,,,,,,,,,,,,,,,,,,,,,,,,,,,,,,,,,,,,,,,,,,,,,,,,,,,,,,,,,,,,,,,,,,,,,,,,,,,,,,,,,,,,,,,,,,,,,,,,,,,,,,,,,,,,,,,,,,,,,,,,,,,,,,,,,,,,,,,,,,,,,,,,,,,,,,,,,,,,,,,,,,,,,,,,,,,,,,,,,,,,,,,,,,,,,,,,,,,,,,,,,,,,,,,,,,,,,,,,,,,,,,,,,,,,,,,,,,,,,,,,,,,,,,,,,,,,,,,,,,,,,,,,,,,,,,,,,,,,,,,,,,,,,,,,,,,,,,,,,,,,,,,,,,,,,,,,,,,,,,,,,,,,,,,,,,,,,,,,,,,,,,,,,,,,,,,,,,,,,,,,,,,,,,,,,,,,,,,,,,,,,,,,,,,,,,,,,,,,,,,,,,,,,,,,,,,,,,,,,,,,,,,,,,,,,,,,,,,,,,,,,,,,,,,,,,,,,,,,,,,,,,,,,,,,,,,,,,,,,,,,,,,,,,,,,,,,,,,,,,,,,,,,,,,,,,,,,,,,,,,,,,,,,,,,,,,,,,,,,,,,,,,,,,,,,,,,,,,,,,,,,,,,,,,,,,,,,
25,state,ia,ia,3,"(1, ('e', 0, 3, 1))","(2, ('e', 4, 4, 1))","(1, ('e', 1, 4, 0))","(2, ('e', 4, 3, 0))","(1, ('e', 0, 4, 1))","(2, ('e', 0, 2, 0))","(1, ('e', 3, 0, 1))","(2, ('e', 3, 4, 1))","(1, ('m', 1, 4, 3))","(2, ('e', 4, 2, 3))","(1, ('e', 3, 0, 1))","(2, ('a', 3, 4))","(1, ('t', 0, 4, 3))","(2, ('a', 4, 3))","(1, ('t', 1, 3, 2))","(2, ('e', 4, 2, 0))","(1, ('t', 1, 3, 3))","(2, ('m', 4, 2, 0))","(1, ('a', 0, 4))","(2, ('e', 0, 4, 1))","(1, ('e', 4, 1, 3))","(2, ('m', 4, 4, 0))","(1, ('m', 4, 1, 3))","(2, ('a', 3, 4))","(1, ('t', 4, 0, 2))","(2, ('t', 0, 2, 2))","(1, ('t', 3, 0, 2))","(2, ('e', 3, 4, 1))","(1, ('a', 0, 3))","(2, ('a', 3, 4))","(1, ('e', 0, 2, 2))","(2, ('e', 4, 3, 0))","(1, ('a', 3, 0))","(2, ('t', 4, 2, 3))","(1, ('e', 0, 2, 2))","(2, ('e', 0, 1, 1))","(1, ('a', 0, 2))","(2, ('t', 0, 1, 2))","(1, ('e', 3, 0, 1))","(2, ('m', 0, 1, 2))","(1, ('m', 3, 0, 1))","(2, ('t', 4, 3, 2))","(1, ('m', 4, 0, 0))","(2, ('t', 4, 2, 1))","(1, ('t', 3, 1, 2))","(2, ('m', 1, 1, 3))","(1, ('t', 3, 0, 0))","(2, ('t', 1, 0, 0))","(1, ('t', 3, 1, 1))","(2, ('t', 4, 3, 0))","(1, ('t', 3, 0, 2))","(2, ('m', 1, 0, 1))","(1, ('t', 3, 2, 3))","(2, ('t', 1, 1, 3))","(1, ('t', 3, 1, 2))","(2, ('m', 0, 4, 3))","(1, ('m', 3, 2, 3))","(2, ('t', 0, 3, 0))","(1, ('e', 0, 2, 2))","(2, ('t', 0, 3, 2))","(1, ('t', 0, 2, 0))","(2, ('t', 0, 3, 0))","(1, ('a', 0, 2))","(2, ('t', 0, 3, 2))","(1, ('m', 1, 2, 0))","(2, ('t', 0, 3, 0))","(1, ('e', 3, 4, 3))","(2, ('t', 0, 3, 2))","(1, ('a', 0, 2))","(2, ('t', 0, 3, 0))","(1, ('e', 0, 2, 2))","(2, ('t', 0, 3, 2))","(1, ('m', 3, 1, 2))","(2, ('t', 0, 3, 0))","(1, ('m', 3, 0, 1))","(2, ('m', 1, 1, 3))","(1, ('t', 3, 4, 0))","(2, ('m', 1, 0, 2))","(1, ('a', 0, 2))","(2, ('t', 0, 3, 2))","(1, ('e', 0, 2, 2))",,,,,,,,,,,,,,,,,,,,,,,,,,,,,,,,,,,,,,,,,,,,,,,,,,,,,,,,,,,,,,,,,,,,,,,,,,,,,,,,,,,,,,,,,,,,,,,,,,,,,,,,,,,,,,,,,,,,,,,,,,,,,,,,,,,,,,,,,,,,,,,,,,,,,,,,,,,,,,,,,,,,,,,,,,,,,,,,,,,,,,,,,,,,,,,,,,,,,,,,,,,,,,,,,,,,,,,,,,,,,,,,,,,,,,,,,,,,,,,,,,,,,,,,,,,,,,,,,,,,,,,,,,,,,,,,,,,,,,,,,,,,,,,,,,,,,,,,,,,,,,,,,,,,,,,,,,,,,,,,,,,,,,,,,,,,,,,,,,,,,,,,,,,,,,,,,,,,,,,,,,,,,,,,,,,,,,,,,,,,,,,,,,,,,,,,,,,,,,,,,,,,,,,,,,,,,,,,,,,,,,,,,,,,,,,,,,,,,,,,,,,,,,,,,,,,,,,,,,,,,,,,,,,,,,,,,,,,,,,,,,,,,,,,,,,,,,,,,,,,,,,,,,,,,,,,,,,,,,,,,,,,,,,,,,,,,,,,,,,,,,,,,,,,,,,,,,,,,,,,,,,,,,,,,,,,,,,,,,,,,,,,,,,,,,,,,,,,,,,,,,,,,,,,,,,,,,,,,,,,,,,,,,,,,,,,,,,,,,,,,,,,,,,,,,,,,,,,,,,,,,,,,,,,,,,,,,,,,,,,,,,,,,,,,,,,,,,,,,,,,,,,,,,,,,,,,,,,,,,,,,,,,,,,,,,,,,,,,,,,,,,,,,,,,,,,,,,,,,,,,,,,,,,,,,,,,,,,,,,,,,,,,,,,,,,,,,,,,,,,,,,,,,,,,,,,,,,,,,,,,,,,,,,,,,,,,,,,,,,,,,,,,,,,,,,,,,,,,,,,,,,,,,,,,,,,,,,,,,,,,,,,,,,,,,,,,,,,,,,,,,,,,,,,,,,,,,,
26,move,ia,ia,3,"[[0, 0, 0, (1, 1), 0], [0, 0, 0, 0, 0], [0, (0, -1), (0, -1), (0, -1), 0], [0, 0, 0, 0, 0], [0, 0, 0, 0, 0]]","[[0, 0, 0, (1, 1), 0], [0, 0, 0, 0, 0], [0, (0, -1), (0, -1), (0, -1), 0], [0, 0, 0, 0, 0], [0, 0, 0, 0, (2, 1)]]","[[0, 0, 0, (1, 1), 0], [0, 0, 0, 0, (1, 0)], [0, (0, -1), (0, -1), (0, -1), 0], [0, 0, 0, 0, 0], [0, 0, 0, 0, (2, 1)]]","[[0, 0, 0, (1, 1), 0], [0, 0, 0, 0, (1, 0)], [0, (0, -1), (0, -1), (0, -1), 0], [0, 0, 0, 0, 0], [0, 0, 0, (2, 0), (2, 1)]]","[[0, 0, 0, (1, 1), (1, 1)], [0, 0, 0, 0, (1, 0)], [0, (0, -1), (0, -1), (0, -1), 0], [0, 0, 0, 0, 0], [0, 0, 0, (2, 0), (2, 1)]]","[[0, 0, (2, 0), (1, 1), (1, 1)], [0, 0, 0, 0, (1, 0)], [0, (0, -1), (0, -1), (0, -1), 0], [0, 0, 0, 0, 0], [0, 0, 0, (2, 0), (2, 1)]]","[[0, 0, (2, 0), (1, 1), (1, 1)], [0, 0, 0, 0, (1, 0)], [0, (0, -1), (0, -1), (0, -1), 0], [(1, 1), 0, 0, 0, 0], [0, 0, 0, (2, 0), (2, 1)]]","[[0, 0, (2, 0), (1, 1), (1, 1)], [0, 0, 0, 0, (1, 0)], [0, (0, -1), (0, -1), (0, -1), 0], [(1, 1), 0, 0, 0, (2, 1)], [0, 0, 0, (2, 0), (2, 1)]]","[[0, 0, (2, 0), (1, 1), (1, 1)], [0, 0, 0, (1, 0), 0], [0, (0, -1), (0, -1), (0, -1), 0], [(1, 1), 0, 0, 0, (2, 1)], [0, 0, 0, (2, 0), (2, 1)]]","[[0, 0, (2, 0), (1, 1), (1, 1)], [0, 0, 0, (1, 0), 0], [0, (0, -1), (0, -1), (0, -1), 0], [(1, 1), 0, 0, 0, (2, 1)], [0, 0, (2, 3), (2, 0), (2, 1)]]","[[0, 0, (2, 0), (1, 1), (1, 1)], [0, 0, 0, (1, 0), 0], [0, (0, -1), (0, -1), (0, -1), 0], [(1, 1), (1, 1), 0, 0, (2, 1)], [0, 0, (2, 3), (2, 0), (2, 1)]]","[[0, 0, (2, 0), (1, 1), (1, 1)], [0, 0, 0, (1, 0), 0], [0, (0, -1), (0, -1), (0, -1), 0], [(1, 1), (1, 1), 0, 0, 0], [0, 0, (2, 3), (2, 0), (2, 1)]]","[[0, 0, (2, 0), (1, 1), (1, 3)], [0, 0, 0, (1, 0), 0], [0, (0, -1), (0, -1), (0, -1), 0], [(1, 1), (1, 1), 0, 0, 0], [0, 0, (2, 3), (2, 0), (2, 1)]]","[[0, 0, (2, 0), (1, 1), (1, 3)], [0, 0, 0, (1, 0), 0], [0, (0, -1), (0, -1), (0, -1), 0], [(1, 1), (1, 1), 0, 0, 0], [0, 0, (2, 3), 0, (2, 1)]]","[[0, 0, (2, 0), (1, 1), (1, 3)], [0, 0, 0, (1, 2), 0], [0, (0, -1), (0, -1), (0, -1), 0], [(1, 1), (1, 1), 0, 0, 0], [0, 0, (2, 3), 0, (2, 1)]]","[[0, 0, (2, 0), (1, 1), (1, 3)], [0, 0, 0, (1, 2), 0], [0, (0, -1), (0, -1), (0, -1), 0], [(1, 1), (1, 1), (2, 3), 0, 0], [0, 0, (2, 0), 0, (2, 1)]]","[[0, 0, (2, 0), (1, 1), (1, 3)], [0, 0, 0, (1, 3), 0], [0, (0, -1), (0, -1), (0, -1), 0], [(1, 1), (1, 1), (2, 3), 0, 0], [0, 0, (2, 0), 0, (2, 1)]]","[[0, 0, (2, 0), (1, 1), (1, 3)], [0, 0, (0, -1), (1, 3), 0], [0, (0, -1), (2, 3), (0, -1), 0], [(1, 1), (1, 1), (2, 0), 0, 0], [0, 0, 0, 0, (2, 1)]]","[[0, 0, (2, 0), (1, 1), 0], [0, 0, (0, -1), (1, 3), 0], [0, (0, -1), (2, 3), (0, -1), 0], [(1, 1), (1, 1), (2, 0), 0, 0], [0, 0, 0, 0, (2, 1)]]","[[0, 0, (2, 0), (1, 1), (2, 1)], [0, 0, (0, -1), (1, 3), 0], [0, (0, -1), (2, 3), (0, -1), 0], [(1, 1), (1, 1), (2, 0), 0, 0], [0, 0, 0, 0, (2, 1)]]","[[0, 0, (2, 0), (1, 1), (2, 1)], [0, 0, (0, -1), (1, 3), 0], [0, (0, -1), (2, 3), (0, -1), 0], [(1, 1), (1, 1), (2, 0), 0, 0], [0, (1, 3), 0, 0, (2, 1)]]","[[0, 0, (2, 0), (1, 1), (2, 1)], [0, 0, (0, -1), (1, 3), 0], [0, (0, -1), (2, 3), (0, -1), 0], [(1, 1), (1, 1), (2, 0), 0, (2, 1)], [0, (1, 3), 0, 0, 0]]","[[0, 0, (2, 0), (1, 1), (2, 1)], [0, 0, (0, -1), (1, 3), 0], [0, (0, -1), (2, 3), (0, -1), 0], [(1, 1), (1, 1), (2, 0), 0, (2, 1)], [(1, 3), 0, 0, 0, 0]]","[[0, 0, (2, 0), (1, 1), (2, 1)], [0, 0, (0, -1), (1, 3), 0], [0, (0, -1), (2, 3), (0, -1), 0], [(1, 1), (1, 1), (2, 0), 0, 0], [(1, 3), 0, 0, 0, 0]]","[[0, 0, (2, 0), (1, 1), (2, 1)], [0, 0, (0, -1), (1, 3), 0], [0, (0, -1), (2, 3), (0, -1), 0], [(1, 1), (1, 1), (2, 0), 0, 0], [(1, 2), 0, 0, 0, 0]]","[[0, 0, (2, 2), (1, 1), (2, 1)], [0, 0, (0, -1), (1, 3), 0], [0, (0, -1), (2, 3), (0, -1), 0], [(1, 1), (1, 1), (2, 0), 0, 0], [(1, 2), 0, 0, 0, 0]]","[[0, 0, (2, 2), (1, 1), (2, 1)], [0, 0, (0, -1), (1, 3), 0], [0, (0, -1), (2, 3), (0, -1), 0], [(1, 2), (1, 1), (2, 0), 0, 0], [(1, 2), 0, 0, 0, 0]]","[[0, 0, (2, 2), (1, 1), (2, 1)], [0, 0, (0, -1), (1, 3), 0], [0, (0, -1), (2, 3), (0, -1), 0], [(1, 2), (1, 1), (2, 0), 0, (2, 1)], [(1, 2), 0, 0, 0, 0]]","[[0, 0, (2, 2), 0, (2, 1)], [0, 0, (0, -1), (1, 3), 0], [0, (0, -1), (2, 3), (0, -1), 0], [(1, 2), (1, 1), (2, 0), 0, (2, 1)], [(1, 2), 0, 0, 0, 0]]","[[0, 0, (2, 2), 0, (2, 1)], [0, 0, (0, -1), (1, 3), 0], [0, (0, -1), (2, 3), (0, -1), 0], [(1, 2), (1, 1), (2, 0), 0, 0], [(1, 2), 0, 0, 0, 0]]","[[0, 0, (1, 2), 0, (2, 1)], [0, 0, (2, 2), (1, 3), 0], [0, (0, -1), (0, -1), (0, -1), 0], [(1, 2), (1, 1), (2, 3), 0, 0], [(1, 2), 0, (2, 0), 0, 0]]","[[0, 0, (1, 2), 0, (2, 1)], [0, 0, (2, 2), (1, 3), 0], [0, (0, -1), (0, -1), (0, -1), 0], [(1, 2), (1, 1), (2, 3), 0, 0], [(1, 2), 0, (2, 0), (2, 0), 0]]","[[0, 0, (1, 2), 0, (2, 1)], [0, 0, (2, 2), (1, 3), 0], [0, (0, -1), (0, -1), (0, -1), 0], [0, (1, 1), (2, 3), 0, 0], [(1, 2), 0, (2, 0), (2, 0), 0]]","[[0, 0, (1, 2), 0, (2, 1)], [0, 0, (2, 2), (1, 3), 0], [0, (0, -1), (0, -1), (0, -1), 0], [0, (1, 1), (2, 3), 0, 0], [(1, 2), 0, (2, 3), (2, 0), 0]]","[[0, 0, (1, 2), 0, (2, 1)], [0, 0, (1, 2), (1, 3), 0], [0, (0, -1), (2, 2), (0, -1), 0], [0, (1, 1), (0, -1), 0, 0], [(1, 2), 0, (2, 3), (2, 0), 0]]","[[0, (2, 1), (1, 2), 0, (2, 1)], [0, 0, (1, 2), (1, 3), 0], [0, (0, -1), (2, 2), (0, -1), 0], [0, (1, 1), (0, -1), 0, 0], [(1, 2), 0, (2, 3), (2, 0), 0]]","[[0, (2, 1), 0, 0, (2, 1)], [0, 0, (1, 2), (1, 3), 0], [0, (0, -1), (2, 2), (0, -1), 0], [0, (1, 1), (0, -1), 0, 0], [(1, 2), 0, (2, 3), (2, 0), 0]]","[[0, (2, 2), 0, 0, (2, 1)], [0, 0, (1, 2), (1, 3), 0], [0, (0, -1), (2, 2), (0, -1), 0], [0, (1, 1), (0, -1), 0, 0], [(1, 2), 0, (2, 3), (2, 0), 0]]","[[0, (2, 2), 0, 0, (2, 1)], [0, 0, (1, 2), (1, 3), 0], [0, (0, -1), (2, 2), (0, -1), 0], [(1, 1), (1, 1), (0, -1), 0, 0], [(1, 2), 0, (2, 3), (2, 0), 0]]","[[0, 0, 0, 0, (2, 1)], [0, (2, 2), (1, 2), (1, 3), 0], [0, (0, -1), (2, 2), (0, -1), 0], [(1, 1), (1, 1), (0, -1), 0, 0], [(1, 2), 0, (2, 3), (2, 0), 0]]","[[0, 0, 0, 0, (2, 1)], [0, (2, 2), (1, 2), (1, 3), 0], [0, (0, -1), (2, 2), (0, -1), 0], [0, (1, 1), (1, 1), (0, -1), 0], [(1, 2), 0, (2, 3), (2, 0), 0]]","[[0, 0, 0, 0, (2, 1)], [0, (2, 2), (1, 2), (1, 3), 0], [0, (0, -1), (2, 2), (0, -1), 0], [0, (1, 1), (1, 1), (0, -1), 0], [(1, 2), 0, (2, 3), (2, 2), 0]]","[[0, 0, 0, 0, (2, 1)], [0, (2, 2), (1, 2), (1, 3), 0], [0, (0, -1), (2, 2), (0, -1), 0], [(1, 2), (1, 1), (1, 1), (0, -1), 0], [0, 0, (2, 3), (2, 2), 0]]","[[0, 0, 0, 0, (2, 1)], [0, (2, 2), (1, 2), (1, 3), 0], [0, (0, -1), (2, 2), (0, -1), 0], [(1, 2), (1, 1), (1, 1), (0, -1), 0], [0, 0, (2, 1), (2, 2), 0]]","[[0, 0, 0, 0, (2, 1)], [0, (2, 2), (1, 2), (1, 3), 0], [0, (0, -1), (2, 2), (0, -1), 0], [(1, 2), (1, 2), (1, 1), (0, -1), 0], [0, 0, (2, 1), (2, 2), 0]]","[[0, 0, 0, 0, (2, 1)], [(2, 2), 0, (1, 2), (1, 3), 0], [0, (0, -1), (2, 2), (0, -1), 0], [(1, 2), (1, 2), (1, 1), (0, -1), 0], [0, 0, (2, 1), (2, 2), 0]]","[[0, 0, 0, 0, (2, 1)], [(2, 2), 0, (1, 2), (1, 3), 0], [0, (0, -1), (2, 2), (0, -1), 0], [(1, 0), (1, 2), (1, 1), (0, -1), 0], [0, 0, (2, 1), (2, 2), 0]]","[[0, 0, 0, 0, (2, 1)], [(2, 0), 0, (1, 2), (1, 3), 0], [0, (0, -1), (2, 2), (0, -1), 0], [(1, 0), (1, 2), (1, 1), (0, -1), 0], [0, 0, (2, 1), (2, 2), 0]]","[[0, 0, 0, 0, (2, 1)], [(2, 0), 0, (1, 2), (1, 3), 0], [0, (0, -1), (2, 2), (0, -1), 0], [(1, 0), (1, 1), (1, 1), (0, -1), 0], [0, 0, (2, 1), (2, 2), 0]]","[[0, 0, 0, 0, (2, 1)], [(2, 0), 0, (1, 2), (1, 3), 0], [0, (0, -1), (2, 2), (0, -1), 0], [(1, 0), (1, 1), (1, 1), (0, -1), 0], [0, 0, (2, 1), (2, 0), 0]]","[[0, 0, 0, 0, (2, 1)], [(2, 0), 0, (1, 2), (1, 3), 0], [0, (0, -1), (2, 2), (0, -1), 0], [(1, 2), (1, 1), (1, 1), (0, -1), 0], [0, 0, (2, 1), (2, 0), 0]]","[[0, 0, 0, 0, (2, 1)], [0, (2, 0), (1, 2), (1, 3), 0], [0, (0, -1), (2, 2), (0, -1), 0], [(1, 2), (1, 1), (1, 1), (0, -1), 0], [0, 0, (2, 1), (2, 0), 0]]","[[0, 0, 0, 0, (2, 1)], [0, (2, 0), (1, 2), (1, 3), 0], [0, (0, -1), (2, 2), (0, -1), 0], [(1, 2), (1, 1), (1, 3), (0, -1), 0], [0, 0, (2, 1), (2, 0), 0]]","[[0, 0, 0, 0, (2, 1)], [0, (2, 3), (1, 2), (1, 3), 0], [0, (0, -1), (2, 2), (0, -1), 0], [(1, 2), (1, 1), (1, 3), (0, -1), 0], [0, 0, (2, 1), (2, 0), 0]]","[[0, 0, 0, 0, (2, 1)], [0, (2, 3), (1, 2), (1, 3), 0], [0, (0, -1), (2, 2), (0, -1), 0], [(1, 2), (1, 2), (1, 3), (0, -1), 0], [0, 0, (2, 1), (2, 0), 0]]","[[0, 0, 0, (2, 1), 0], [0, (2, 3), (1, 2), (1, 3), 0], [0, (0, -1), (2, 2), (0, -1), 0], [(1, 2), (1, 2), (1, 3), (0, -1), 0], [0, 0, (2, 1), (2, 0), 0]]","[[0, 0, 0, (2, 1), 0], [0, (2, 3), (1, 2), (1, 3), 0], [0, (0, -1), (2, 2), (0, -1), 0], [(1, 2), (1, 3), 0, (0, -1), 0], [0, 0, (2, 1), (2, 0), 0]]","[[0, 0, 0, (2, 0), 0], [0, (2, 3), (1, 2), (1, 3), 0], [0, (0, -1), (2, 2), (0, -1), 0], [(1, 2), (1, 3), 0, (0, -1), 0], [0, 0, (2, 1), (2, 0), 0]]","[[0, 0, (1, 2), (2, 0), 0], [0, (2, 3), (1, 2), (1, 3), 0], [0, (0, -1), (2, 2), (0, -1), 0], [(1, 2), (1, 3), 0, (0, -1), 0], [0, 0, (2, 1), (2, 0), 0]]","[[0, 0, (1, 2), (2, 2), 0], [0, (2, 3), (1, 2), (1, 3), 0], [0, (0, -1), (2, 2), (0, -1), 0], [(1, 2), (1, 3), 0, (0, -1), 0], [0, 0, (2, 1), (2, 0), 0]]","[[0, 0, (1, 0), (2, 2), 0], [0, (2, 3), (1, 2), (1, 3), 0], [0, (0, -1), (2, 2), (0, -1), 0], [(1, 2), (1, 3), 0, (0, -1), 0], [0, 0, (2, 1), (2, 0), 0]]","[[0, 0, (1, 0), (2, 0), 0], [0, (2, 3), (1, 2), (1, 3), 0], [0, (0, -1), (2, 2), (0, -1), 0], [(1, 2), (1, 3), 0, (0, -1), 0], [0, 0, (2, 1), (2, 0), 0]]","[[0, 0, 0, (2, 0), 0], [0, (2, 3), (1, 2), (1, 3), 0], [0, (0, -1), (2, 2), (0, -1), 0], [(1, 2), (1, 3), 0, (0, -1), 0], [0, 0, (2, 1), (2, 0), 0]]","[[0, 0, 0, (2, 2), 0], [0, (2, 3), (1, 2), (1, 3), 0], [0, (0, -1), (2, 2), (0, -1), 0], [(1, 2), (1, 3), 0, (0, -1), 0], [0, 0, (2, 1), (2, 0), 0]]","[[0, 0, (1, 2), (2, 2), 0], [0, (2, 3), 0, (1, 3), 0], [0, (0, -1), (2, 2), (0, -1), 0], [(1, 2), (1, 3), 0, (0, -1), 0], [0, 0, (2, 1), (2, 0), 0]]","[[0, 0, (1, 2), (2, 0), 0], [0, (2, 3), 0, (1, 3), 0], [0, (0, -1), (2, 2), (0, -1), 0], [(1, 2), (1, 3), 0, (0, -1), 0], [0, 0, (2, 1), (2, 0), 0]]","[[0, 0, (1, 2), (2, 0), 0], [0, (2, 3), 0, (1, 3), 0], [0, (0, -1), (2, 2), (0, -1), 0], [(1, 2), (1, 3), 0, (0, -1), (1, 3)], [0, 0, (2, 1), (2, 0), 0]]","[[0, 0, (1, 2), (2, 2), 0], [0, (2, 3), 0, (1, 3), 0], [0, (0, -1), (2, 2), (0, -1), 0], [(1, 2), (1, 3), 0, (0, -1), (1, 3)], [0, 0, (2, 1), (2, 0), 0]]","[[0, 0, 0, (2, 2), 0], [0, (2, 3), 0, (1, 3), 0], [0, (0, -1), (2, 2), (0, -1), 0], [(1, 2), (1, 3), 0, (0, -1), (1, 3)], [0, 0, (2, 1), (2, 0), 0]]","[[0, 0, 0, (2, 0), 0], [0, (2, 3), 0, (1, 3), 0], [0, (0, -1), (2, 2), (0, -1), 0], [(1, 2), (1, 3), 0, (0, -1), (1, 3)], [0, 0, (2, 1), (2, 0), 0]]","[[0, 0, (1, 2), (2, 0), 0], [0, (2, 3), 0, (1, 3), 0], [0, (0, -1), (2, 2), (0, -1), 0], [(1, 2), (1, 3), 0, (0, -1), (1, 3)], [0, 0, (2, 1), (2, 0), 0]]","[[0, 0, (1, 2), (2, 2), 0], [0, (2, 3), 0, (1, 3), 0], [0, (0, -1), (2, 2), (0, -1), 0], [(1, 2), (1, 3), 0, (0, -1), (1, 3)], [0, 0, (2, 1), (2, 0), 0]]","[[0, 0, (1, 2), (2, 2), 0], [0, (2, 3), 0, (1, 3), 0], [0, (0, -1), (2, 2), (0, -1), 0], [(1, 2), 0, 0, (0, -1), (1, 3)], [0, (1, 3), (2, 1), (2, 0), 0]]","[[0, 0, (1, 2), (2, 0), 0], [0, (2, 3), 0, (1, 3), 0], [0, (0, -1), (2, 2), (0, -1), 0], [(1, 2), 0, 0, (0, -1), (1, 3)], [0, (1, 3), (2, 1), (2, 0), 0]]","[[0, 0, (1, 2), (2, 0), 0], [0, (2, 3), 0, (1, 3), 0], [0, (0, -1), (2, 2), (0, -1), 0], [0, (1, 2), 0, (0, -1), (1, 3)], [0, (1, 3), (2, 1), (2, 0), 0]]","[[0, 0, (1, 2), (2, 0), 0], [(2, 3), 0, 0, (1, 3), 0], [0, (0, -1), (2, 2), (0, -1), 0], [0, (1, 2), 0, (0, -1), (1, 3)], [0, (1, 3), (2, 1), (2, 0), 0]]","[[0, 0, (1, 2), (2, 0), 0], [(2, 3), 0, 0, (1, 3), 0], [0, (0, -1), (2, 2), (0, -1), 0], [0, (1, 2), 0, (0, -1), (1, 0)], [0, (1, 3), (2, 1), (2, 0), 0]]","[[0, 0, (1, 2), (2, 0), 0], [0, 0, 0, (1, 3), 0], [(2, 3), (0, -1), (2, 2), (0, -1), 0], [0, (1, 2), 0, (0, -1), (1, 0)], [0, (1, 3), (2, 1), (2, 0), 0]]","[[0, 0, 0, (2, 0), 0], [0, 0, 0, (1, 3), 0], [(2, 3), (0, -1), (2, 2), (0, -1), 0], [0, (1, 2), 0, (0, -1), (1, 0)], [0, (1, 3), (2, 1), (2, 0), 0]]","[[0, 0, 0, (2, 2), 0], [0, 0, 0, (1, 3), 0], [(2, 3), (0, -1), (2, 2), (0, -1), 0], [0, (1, 2), 0, (0, -1), (1, 0)], [0, (1, 3), (2, 1), (2, 0), 0]]","[[0, 0, (1, 2), (2, 2), 0], [0, 0, 0, (1, 3), 0], [(2, 3), (0, -1), (2, 2), (0, -1), 0], [0, (1, 2), 0, (0, -1), (1, 0)], [0, (1, 3), (2, 1), (2, 0), 0]]",,,,,,,,,,,,,,,,,,,,,,,,,,,,,,,,,,,,,,,,,,,,,,,,,,,,,,,,,,,,,,,,,,,,,,,,,,,,,,,,,,,,,,,,,,,,,,,,,,,,,,,,,,,,,,,,,,,,,,,,,,,,,,,,,,,,,,,,,,,,,,,,,,,,,,,,,,,,,,,,,,,,,,,,,,,,,,,,,,,,,,,,,,,,,,,,,,,,,,,,,,,,,,,,,,,,,,,,,,,,,,,,,,,,,,,,,,,,,,,,,,,,,,,,,,,,,,,,,,,,,,,,,,,,,,,,,,,,,,,,,,,,,,,,,,,,,,,,,,,,,,,,,,,,,,,,,,,,,,,,,,,,,,,,,,,,,,,,,,,,,,,,,,,,,,,,,,,,,,,,,,,,,,,,,,,,,,,,,,,,,,,,,,,,,,,,,,,,,,,,,,,,,,,,,,,,,,,,,,,,,,,,,,,,,,,,,,,,,,,,,,,,,,,,,,,,,,,,,,,,,,,,,,,,,,,,,,,,,,,,,,,,,,,,,,,,,,,,,,,,,,,,,,,,,,,,,,,,,,,,,,,,,,,,,,,,,,,,,,,,,,,,,,,,,,,,,,,,,,,,,,,,,,,,,,,,,,,,,,,,,,,,,,,,,,,,,,,,,,,,,,,,,,,,,,,,,,,,,,,,,,,,,,,,,,,,,,,,,,,,,,,,,,,,,,,,,,,,,,,,,,,,,,,,,,,,,,,,,,,,,,,,,,,,,,,,,,,,,,,,,,,,,,,,,,,,,,,,,,,,,,,,,,,,,,,,,,,,,,,,,,,,,,,,,,,,,,,,,,,,,,,,,,,,,,,,,,,,,,,,,,,,,,,,,,,,,,,,,,,,,,,,,,,,,,,,,,,,,,,,,,,,,,,,,,,,,,,,,,,,,,,,,,,,,,,,,,,,,,,,,,,,,,,,,,,,,,,,,,,,,,,,,,,,,,,,,,,,,,,,,,,,,,,,,,,,,,,
27,state,ia,ia,1,"(1, ('e', 0, 2, 2))","(2, ('e', 4, 0, 0))","(1, ('e', 0, 3, 3))","(2, ('e', 0, 1, 1))","(1, ('t', 0, 3, 0))","(2, ('e', 0, 4, 1))","(1, ('e', 0, 2, 2))","(2, ('t', 0, 1, 0))","(1, ('e', 0, 2, 2))","(2, ('e', 0, 0, 1))","(1, ('e', 0, 2, 2))","(2, ('e', 4, 4, 1))","(1, ('m', 3, 2, 2))",,,,,,,,,,,,,,,,,,,,,,,,,,,,,,,,,,,,,,,,,,,,,,,,,,,,,,,,,,,,,,,,,,,,,,,,,,,,,,,,,,,,,,,,,,,,,,,,,,,,,,,,,,,,,,,,,,,,,,,,,,,,,,,,,,,,,,,,,,,,,,,,,,,,,,,,,,,,,,,,,,,,,,,,,,,,,,,,,,,,,,,,,,,,,,,,,,,,,,,,,,,,,,,,,,,,,,,,,,,,,,,,,,,,,,,,,,,,,,,,,,,,,,,,,,,,,,,,,,,,,,,,,,,,,,,,,,,,,,,,,,,,,,,,,,,,,,,,,,,,,,,,,,,,,,,,,,,,,,,,,,,,,,,,,,,,,,,,,,,,,,,,,,,,,,,,,,,,,,,,,,,,,,,,,,,,,,,,,,,,,,,,,,,,,,,,,,,,,,,,,,,,,,,,,,,,,,,,,,,,,,,,,,,,,,,,,,,,,,,,,,,,,,,,,,,,,,,,,,,,,,,,,,,,,,,,,,,,,,,,,,,,,,,,,,,,,,,,,,,,,,,,,,,,,,,,,,,,,,,,,,,,,,,,,,,,,,,,,,,,,,,,,,,,,,,,,,,,,,,,,,,,,,,,,,,,,,,,,,,,,,,,,,,,,,,,,,,,,,,,,,,,,,,,,,,,,,,,,,,,,,,,,,,,,,,,,,,,,,,,,,,,,,,,,,,,,,,,,,,,,,,,,,,,,,,,,,,,,,,,,,,,,,,,,,,,,,,,,,,,,,,,,,,,,,,,,,,,,,,,,,,,,,,,,,,,,,,,,,,,,,,,,,,,,,,,,,,,,,,,,,,,,,,,,,,,,,,,,,,,,,,,,,,,,,,,,,,,,,,,,,,,,,,,,,,,,,,,,,,,,,,,,,,,,,,,,,,,,,,,,,,,,,,,,,,,,,,,,,,,,,,,,,,,,,,,,,,,,,,,,,,,,,,,,,,,,,,,,,,,,,,,,,,,,,,,,,,,,,,,,,,,,,,,,,,,,,,,,,,,,,,,,,,,,,,,,,,,,,,,,,,,,,,,,,,,,,,,,,,,,,,
28,move,ia,ia,1,"[[0, 0, (1, 2), 0, 0], [0, 0, 0, 0, 0], [0, (0, -1), (0, -1), (0, -1), 0], [0, 0, 0, 0, 0], [0, 0, 0, 0, 0]]","[[0, 0, (1, 2), 0, 0], [0, 0, 0, 0, 0], [0, (0, -1), (0, -1), (0, -1), 0], [0, 0, 0, 0, 0], [(2, 0), 0, 0, 0, 0]]","[[0, 0, (1, 2), (1, 3), 0], [0, 0, 0, 0, 0], [0, (0, -1), (0, -1), (0, -1), 0], [0, 0, 0, 0, 0], [(2, 0), 0, 0, 0, 0]]","[[0, (2, 1), (1, 2), (1, 3), 0], [0, 0, 0, 0, 0], [0, (0, -1), (0, -1), (0, -1), 0], [0, 0, 0, 0, 0], [(2, 0), 0, 0, 0, 0]]","[[0, (2, 1), (1, 2), (1, 0), 0], [0, 0, 0, 0, 0], [0, (0, -1), (0, -1), (0, -1), 0], [0, 0, 0, 0, 0], [(2, 0), 0, 0, 0, 0]]","[[0, (2, 1), (1, 2), (1, 0), (2, 1)], [0, 0, 0, 0, 0], [0, (0, -1), (0, -1), (0, -1), 0], [0, 0, 0, 0, 0], [(2, 0), 0, 0, 0, 0]]","[[0, (2, 1), (1, 2), (1, 0), (2, 1)], [0, 0, (1, 2), 0, 0], [0, (0, -1), (0, -1), (0, -1), 0], [0, 0, 0, 0, 0], [(2, 0), 0, 0, 0, 0]]","[[0, (2, 0), (1, 2), (1, 0), (2, 1)], [0, 0, (1, 2), 0, 0], [0, (0, -1), (0, -1), (0, -1), 0], [0, 0, 0, 0, 0], [(2, 0), 0, 0, 0, 0]]","[[0, (2, 0), (1, 2), (1, 0), (2, 1)], [0, 0, (1, 2), 0, 0], [0, (0, -1), (1, 2), (0, -1), 0], [0, 0, (0, -1), 0, 0], [(2, 0), 0, 0, 0, 0]]","[[(2, 1), (2, 0), (1, 2), (1, 0), (2, 1)], [0, 0, (1, 2), 0, 0], [0, (0, -1), (1, 2), (0, -1), 0], [0, 0, (0, -1), 0, 0], [(2, 0), 0, 0, 0, 0]]","[[(2, 1), (2, 0), (1, 2), (1, 0), (2, 1)], [0, 0, (1, 2), 0, 0], [0, (0, -1), (1, 2), (0, -1), 0], [0, 0, (1, 2), 0, 0], [(2, 0), 0, (0, -1), 0, 0]]","[[(2, 1), (2, 0), (1, 2), (1, 0), (2, 1)], [0, 0, (1, 2), 0, 0], [0, (0, -1), (1, 2), (0, -1), 0], [0, 0, (1, 2), 0, 0], [(2, 0), 0, (0, -1), 0, (2, 1)]]","[[(2, 1), (2, 0), (1, 2), (1, 0), (2, 1)], [0, 0, (1, 2), 0, 0], [0, (0, -1), (1, 2), (0, -1), 0], [0, 0, 0, 0, 0], [(2, 0), 0, (1, 2), 0, (2, 1)]]",,,,,,,,,,,,,,,,,,,,,,,,,,,,,,,,,,,,,,,,,,,,,,,,,,,,,,,,,,,,,,,,,,,,,,,,,,,,,,,,,,,,,,,,,,,,,,,,,,,,,,,,,,,,,,,,,,,,,,,,,,,,,,,,,,,,,,,,,,,,,,,,,,,,,,,,,,,,,,,,,,,,,,,,,,,,,,,,,,,,,,,,,,,,,,,,,,,,,,,,,,,,,,,,,,,,,,,,,,,,,,,,,,,,,,,,,,,,,,,,,,,,,,,,,,,,,,,,,,,,,,,,,,,,,,,,,,,,,,,,,,,,,,,,,,,,,,,,,,,,,,,,,,,,,,,,,,,,,,,,,,,,,,,,,,,,,,,,,,,,,,,,,,,,,,,,,,,,,,,,,,,,,,,,,,,,,,,,,,,,,,,,,,,,,,,,,,,,,,,,,,,,,,,,,,,,,,,,,,,,,,,,,,,,,,,,,,,,,,,,,,,,,,,,,,,,,,,,,,,,,,,,,,,,,,,,,,,,,,,,,,,,,,,,,,,,,,,,,,,,,,,,,,,,,,,,,,,,,,,,,,,,,,,,,,,,,,,,,,,,,,,,,,,,,,,,,,,,,,,,,,,,,,,,,,,,,,,,,,,,,,,,,,,,,,,,,,,,,,,,,,,,,,,,,,,,,,,,,,,,,,,,,,,,,,,,,,,,,,,,,,,,,,,,,,,,,,,,,,,,,,,,,,,,,,,,,,,,,,,,,,,,,,,,,,,,,,,,,,,,,,,,,,,,,,,,,,,,,,,,,,,,,,,,,,,,,,,,,,,,,,,,,,,,,,,,,,,,,,,,,,,,,,,,,,,,,,,,,,,,,,,,,,,,,,,,,,,,,,,,,,,,,,,,,,,,,,,,,,,,,,,,,,,,,,,,,,,,,,,,,,,,,,,,,,,,,,,,,,,,,,,,,,,,,,,,,,,,,,,,,,,,,,,,,,,,,,,,,,,,,,,,,,,,,,,,,,,,,,,,,,,,,,,,,,,,,,,,,,,,,,,,,,,,,,,,,,,,,,,,,,,,,,,,,,,,,,,,,,,,,,,
29,state,ia,ia,1,"(1, ('e', 0, 2, 2))","(2, ('e', 4, 3, 2))","(1, ('e', 0, 2, 2))","(2, ('e', 0, 4, 1))","(1, ('e', 0, 2, 2))","(2, ('e', 3, 0, 2))","(1, ('e', 0, 2, 2))","(2, ('e', 2, 0, 3))","(1, ('e', 0, 2, 2))",,,,,,,,,,,,,,,,,,,,,,,,,,,,,,,,,,,,,,,,,,,,,,,,,,,,,,,,,,,,,,,,,,,,,,,,,,,,,,,,,,,,,,,,,,,,,,,,,,,,,,,,,,,,,,,,,,,,,,,,,,,,,,,,,,,,,,,,,,,,,,,,,,,,,,,,,,,,,,,,,,,,,,,,,,,,,,,,,,,,,,,,,,,,,,,,,,,,,,,,,,,,,,,,,,,,,,,,,,,,,,,,,,,,,,,,,,,,,,,,,,,,,,,,,,,,,,,,,,,,,,,,,,,,,,,,,,,,,,,,,,,,,,,,,,,,,,,,,,,,,,,,,,,,,,,,,,,,,,,,,,,,,,,,,,,,,,,,,,,,,,,,,,,,,,,,,,,,,,,,,,,,,,,,,,,,,,,,,,,,,,,,,,,,,,,,,,,,,,,,,,,,,,,,,,,,,,,,,,,,,,,,,,,,,,,,,,,,,,,,,,,,,,,,,,,,,,,,,,,,,,,,,,,,,,,,,,,,,,,,,,,,,,,,,,,,,,,,,,,,,,,,,,,,,,,,,,,,,,,,,,,,,,,,,,,,,,,,,,,,,,,,,,,,,,,,,,,,,,,,,,,,,,,,,,,,,,,,,,,,,,,,,,,,,,,,,,,,,,,,,,,,,,,,,,,,,,,,,,,,,,,,,,,,,,,,,,,,,,,,,,,,,,,,,,,,,,,,,,,,,,,,,,,,,,,,,,,,,,,,,,,,,,,,,,,,,,,,,,,,,,,,,,,,,,,,,,,,,,,,,,,,,,,,,,,,,,,,,,,,,,,,,,,,,,,,,,,,,,,,,,,,,,,,,,,,,,,,,,,,,,,,,,,,,,,,,,,,,,,,,,,,,,,,,,,,,,,,,,,,,,,,,,,,,,,,,,,,,,,,,,,,,,,,,,,,,,,,,,,,,,,,,,,,,,,,,,,,,,,,,,,,,,,,,,,,,,,,,,,,,,,,,,,,,,,,,,,,,,,,,,,,,,,,,,,,,,,,,,,,,,,,,,,,,,,,,,,,,,,,,,,,,,,,,,,,,,,,,,,,,,,,,,,
30,move,ia,ia,1,"[[0, 0, (1, 2), 0, 0], [0, 0, 0, 0, 0], [0, (0, -1), (0, -1), (0, -1), 0], [0, 0, 0, 0, 0], [0, 0, 0, 0, 0]]","[[0, 0, (1, 2), 0, 0], [0, 0, 0, 0, 0], [0, (0, -1), (0, -1), (0, -1), 0], [0, 0, 0, 0, 0], [0, 0, 0, (2, 2), 0]]","[[0, 0, (1, 2), 0, 0], [0, 0, (1, 2), 0, 0], [0, (0, -1), (0, -1), (0, -1), 0], [0, 0, 0, 0, 0], [0, 0, 0, (2, 2), 0]]","[[0, 0, (1, 2), 0, (2, 1)], [0, 0, (1, 2), 0, 0], [0, (0, -1), (0, -1), (0, -1), 0], [0, 0, 0, 0, 0], [0, 0, 0, (2, 2), 0]]","[[0, 0, (1, 2), 0, (2, 1)], [0, 0, (1, 2), 0, 0], [0, (0, -1), (1, 2), (0, -1), 0], [0, 0, (0, -1), 0, 0], [0, 0, 0, (2, 2), 0]]","[[0, 0, (1, 2), 0, (2, 1)], [0, 0, (1, 2), 0, 0], [0, (0, -1), (1, 2), (0, -1), 0], [(2, 2), 0, (0, -1), 0, 0], [0, 0, 0, (2, 2), 0]]","[[0, 0, (1, 2), 0, (2, 1)], [0, 0, (1, 2), 0, 0], [0, (0, -1), (1, 2), (0, -1), 0], [(2, 2), 0, (1, 2), 0, 0], [0, 0, (0, -1), (2, 2), 0]]","[[0, 0, (1, 2), 0, (2, 1)], [0, 0, (1, 2), 0, 0], [(2, 3), (0, -1), (1, 2), (0, -1), 0], [(2, 2), 0, (1, 2), 0, 0], [0, 0, (0, -1), (2, 2), 0]]","[[0, 0, (1, 2), 0, (2, 1)], [0, 0, (1, 2), 0, 0], [(2, 3), (0, -1), (1, 2), (0, -1), 0], [(2, 2), 0, (1, 2), 0, 0], [0, 0, (1, 2), (2, 2), 0]]",,,,,,,,,,,,,,,,,,,,,,,,,,,,,,,,,,,,,,,,,,,,,,,,,,,,,,,,,,,,,,,,,,,,,,,,,,,,,,,,,,,,,,,,,,,,,,,,,,,,,,,,,,,,,,,,,,,,,,,,,,,,,,,,,,,,,,,,,,,,,,,,,,,,,,,,,,,,,,,,,,,,,,,,,,,,,,,,,,,,,,,,,,,,,,,,,,,,,,,,,,,,,,,,,,,,,,,,,,,,,,,,,,,,,,,,,,,,,,,,,,,,,,,,,,,,,,,,,,,,,,,,,,,,,,,,,,,,,,,,,,,,,,,,,,,,,,,,,,,,,,,,,,,,,,,,,,,,,,,,,,,,,,,,,,,,,,,,,,,,,,,,,,,,,,,,,,,,,,,,,,,,,,,,,,,,,,,,,,,,,,,,,,,,,,,,,,,,,,,,,,,,,,,,,,,,,,,,,,,,,,,,,,,,,,,,,,,,,,,,,,,,,,,,,,,,,,,,,,,,,,,,,,,,,,,,,,,,,,,,,,,,,,,,,,,,,,,,,,,,,,,,,,,,,,,,,,,,,,,,,,,,,,,,,,,,,,,,,,,,,,,,,,,,,,,,,,,,,,,,,,,,,,,,,,,,,,,,,,,,,,,,,,,,,,,,,,,,,,,,,,,,,,,,,,,,,,,,,,,,,,,,,,,,,,,,,,,,,,,,,,,,,,,,,,,,,,,,,,,,,,,,,,,,,,,,,,,,,,,,,,,,,,,,,,,,,,,,,,,,,,,,,,,,,,,,,,,,,,,,,,,,,,,,,,,,,,,,,,,,,,,,,,,,,,,,,,,,,,,,,,,,,,,,,,,,,,,,,,,,,,,,,,,,,,,,,,,,,,,,,,,,,,,,,,,,,,,,,,,,,,,,,,,,,,,,,,,,,,,,,,,,,,,,,,,,,,,,,,,,,,,,,,,,,,,,,,,,,,,,,,,,,,,,,,,,,,,,,,,,,,,,,,,,,,,,,,,,,,,,,,,,,,,,,,,,,,,,,,,,,,,,,,,,,,,,,,,,,,,,,,,,,,,,,,,,,,,,,,,,,,,,,,,
31,state,ia,ia,1,"(1, ('e', 3, 4, 0))","(2, ('e', 0, 4, 1))","(1, ('e', 0, 2, 2))","(2, ('e', 0, 1, 1))","(1, ('e', 0, 2, 2))","(2, ('e', 0, 0, 3))","(1, ('e', 0, 2, 2))","(2, ('e', 1, 0, 3))","(1, ('e', 0, 2, 2))","(2, ('t', 0, 0, 2))","(1, ('m', 3, 4, 2))","(2, ('t', 0, 1, 2))","(1, ('m', 3, 2, 2))",,,,,,,,,,,,,,,,,,,,,,,,,,,,,,,,,,,,,,,,,,,,,,,,,,,,,,,,,,,,,,,,,,,,,,,,,,,,,,,,,,,,,,,,,,,,,,,,,,,,,,,,,,,,,,,,,,,,,,,,,,,,,,,,,,,,,,,,,,,,,,,,,,,,,,,,,,,,,,,,,,,,,,,,,,,,,,,,,,,,,,,,,,,,,,,,,,,,,,,,,,,,,,,,,,,,,,,,,,,,,,,,,,,,,,,,,,,,,,,,,,,,,,,,,,,,,,,,,,,,,,,,,,,,,,,,,,,,,,,,,,,,,,,,,,,,,,,,,,,,,,,,,,,,,,,,,,,,,,,,,,,,,,,,,,,,,,,,,,,,,,,,,,,,,,,,,,,,,,,,,,,,,,,,,,,,,,,,,,,,,,,,,,,,,,,,,,,,,,,,,,,,,,,,,,,,,,,,,,,,,,,,,,,,,,,,,,,,,,,,,,,,,,,,,,,,,,,,,,,,,,,,,,,,,,,,,,,,,,,,,,,,,,,,,,,,,,,,,,,,,,,,,,,,,,,,,,,,,,,,,,,,,,,,,,,,,,,,,,,,,,,,,,,,,,,,,,,,,,,,,,,,,,,,,,,,,,,,,,,,,,,,,,,,,,,,,,,,,,,,,,,,,,,,,,,,,,,,,,,,,,,,,,,,,,,,,,,,,,,,,,,,,,,,,,,,,,,,,,,,,,,,,,,,,,,,,,,,,,,,,,,,,,,,,,,,,,,,,,,,,,,,,,,,,,,,,,,,,,,,,,,,,,,,,,,,,,,,,,,,,,,,,,,,,,,,,,,,,,,,,,,,,,,,,,,,,,,,,,,,,,,,,,,,,,,,,,,,,,,,,,,,,,,,,,,,,,,,,,,,,,,,,,,,,,,,,,,,,,,,,,,,,,,,,,,,,,,,,,,,,,,,,,,,,,,,,,,,,,,,,,,,,,,,,,,,,,,,,,,,,,,,,,,,,,,,,,,,,,,,,,,,,,,,,,,,,,,,,,,,,,,,,,,,,,,,,,,,,,,,,,,,,,,,,,,,,,,,,,,,,,,
32,move,ia,ia,1,"[[0, 0, 0, 0, 0], [0, 0, 0, 0, 0], [0, (0, -1), (0, -1), (0, -1), 0], [0, 0, 0, 0, (1, 0)], [0, 0, 0, 0, 0]]","[[0, 0, 0, 0, (2, 1)], [0, 0, 0, 0, 0], [0, (0, -1), (0, -1), (0, -1), 0], [0, 0, 0, 0, (1, 0)], [0, 0, 0, 0, 0]]","[[0, 0, (1, 2), 0, (2, 1)], [0, 0, 0, 0, 0], [0, (0, -1), (0, -1), (0, -1), 0], [0, 0, 0, 0, (1, 0)], [0, 0, 0, 0, 0]]","[[0, (2, 1), (1, 2), 0, (2, 1)], [0, 0, 0, 0, 0], [0, (0, -1), (0, -1), (0, -1), 0], [0, 0, 0, 0, (1, 0)], [0, 0, 0, 0, 0]]","[[0, (2, 1), (1, 2), 0, (2, 1)], [0, 0, (1, 2), 0, 0], [0, (0, -1), (0, -1), (0, -1), 0], [0, 0, 0, 0, (1, 0)], [0, 0, 0, 0, 0]]","[[(2, 3), (2, 1), (1, 2), 0, (2, 1)], [0, 0, (1, 2), 0, 0], [0, (0, -1), (0, -1), (0, -1), 0], [0, 0, 0, 0, (1, 0)], [0, 0, 0, 0, 0]]","[[(2, 3), (2, 1), (1, 2), 0, (2, 1)], [0, 0, (1, 2), 0, 0], [0, (0, -1), (1, 2), (0, -1), 0], [0, 0, (0, -1), 0, (1, 0)], [0, 0, 0, 0, 0]]","[[(2, 3), (2, 1), (1, 2), 0, (2, 1)], [(2, 3), 0, (1, 2), 0, 0], [0, (0, -1), (1, 2), (0, -1), 0], [0, 0, (0, -1), 0, (1, 0)], [0, 0, 0, 0, 0]]","[[(2, 3), (2, 1), (1, 2), 0, (2, 1)], [(2, 3), 0, (1, 2), 0, 0], [0, (0, -1), (1, 2), (0, -1), 0], [0, 0, (1, 2), 0, (1, 0)], [0, 0, (0, -1), 0, 0]]","[[(2, 2), (2, 1), (1, 2), 0, (2, 1)], [(2, 3), 0, (1, 2), 0, 0], [0, (0, -1), (1, 2), (0, -1), 0], [0, 0, (1, 2), 0, (1, 0)], [0, 0, (0, -1), 0, 0]]","[[(2, 2), (2, 1), (1, 2), 0, (2, 1)], [(2, 3), 0, (1, 2), 0, 0], [0, (0, -1), (1, 2), (0, -1), 0], [0, 0, (1, 2), 0, 0], [0, 0, (0, -1), 0, (1, 0)]]","[[(2, 2), (2, 2), (1, 2), 0, (2, 1)], [(2, 3), 0, (1, 2), 0, 0], [0, (0, -1), (1, 2), (0, -1), 0], [0, 0, (1, 2), 0, 0], [0, 0, (0, -1), 0, (1, 0)]]","[[(2, 2), (2, 2), (1, 2), 0, (2, 1)], [(2, 3), 0, (1, 2), 0, 0], [0, (0, -1), (1, 2), (0, -1), 0], [0, 0, 0, 0, 0], [0, 0, (1, 2), 0, (1, 0)]]",,,,,,,,,,,,,,,,,,,,,,,,,,,,,,,,,,,,,,,,,,,,,,,,,,,,,,,,,,,,,,,,,,,,,,,,,,,,,,,,,,,,,,,,,,,,,,,,,,,,,,,,,,,,,,,,,,,,,,,,,,,,,,,,,,,,,,,,,,,,,,,,,,,,,,,,,,,,,,,,,,,,,,,,,,,,,,,,,,,,,,,,,,,,,,,,,,,,,,,,,,,,,,,,,,,,,,,,,,,,,,,,,,,,,,,,,,,,,,,,,,,,,,,,,,,,,,,,,,,,,,,,,,,,,,,,,,,,,,,,,,,,,,,,,,,,,,,,,,,,,,,,,,,,,,,,,,,,,,,,,,,,,,,,,,,,,,,,,,,,,,,,,,,,,,,,,,,,,,,,,,,,,,,,,,,,,,,,,,,,,,,,,,,,,,,,,,,,,,,,,,,,,,,,,,,,,,,,,,,,,,,,,,,,,,,,,,,,,,,,,,,,,,,,,,,,,,,,,,,,,,,,,,,,,,,,,,,,,,,,,,,,,,,,,,,,,,,,,,,,,,,,,,,,,,,,,,,,,,,,,,,,,,,,,,,,,,,,,,,,,,,,,,,,,,,,,,,,,,,,,,,,,,,,,,,,,,,,,,,,,,,,,,,,,,,,,,,,,,,,,,,,,,,,,,,,,,,,,,,,,,,,,,,,,,,,,,,,,,,,,,,,,,,,,,,,,,,,,,,,,,,,,,,,,,,,,,,,,,,,,,,,,,,,,,,,,,,,,,,,,,,,,,,,,,,,,,,,,,,,,,,,,,,,,,,,,,,,,,,,,,,,,,,,,,,,,,,,,,,,,,,,,,,,,,,,,,,,,,,,,,,,,,,,,,,,,,,,,,,,,,,,,,,,,,,,,,,,,,,,,,,,,,,,,,,,,,,,,,,,,,,,,,,,,,,,,,,,,,,,,,,,,,,,,,,,,,,,,,,,,,,,,,,,,,,,,,,,,,,,,,,,,,,,,,,,,,,,,,,,,,,,,,,,,,,,,,,,,,,,,,,,,,,,,,,,,,,,,,,,,,,,,,,,,,,,,,,,,,,,,,,
33,state,ia,ia,1,"(1, ('e', 0, 2, 2))","(2, ('e', 0, 4, 1))","(1, ('e', 0, 2, 2))","(2, ('e', 4, 2, 0))","(1, ('e', 0, 0, 1))","(2, ('m', 0, 4, 3))","(1, ('e', 0, 2, 2))","(2, ('t', 0, 3, 0))","(1, ('e', 0, 4, 0))","(2, ('e', 2, 4, 1))","(1, ('a', 0, 2))","(2, ('t', 0, 3, 2))","(1, ('e', 0, 2, 2))","(2, ('t', 0, 3, 0))","(1, ('a', 0, 2))","(2, ('t', 0, 3, 2))","(1, ('e', 0, 2, 2))","(2, ('t', 0, 3, 0))","(1, ('a', 0, 0))","(2, ('t', 0, 3, 2))","(1, ('e', 0, 2, 2))","(2, ('t', 0, 3, 0))","(1, ('a', 0, 2))","(2, ('e', 4, 3, 3))","(1, ('e', 0, 2, 2))","(2, ('t', 0, 3, 2))","(1, ('a', 0, 2))","(2, ('t', 0, 3, 0))","(1, ('e', 0, 2, 2))","(2, ('t', 0, 3, 2))","(1, ('m', 3, 2, 2))",,,,,,,,,,,,,,,,,,,,,,,,,,,,,,,,,,,,,,,,,,,,,,,,,,,,,,,,,,,,,,,,,,,,,,,,,,,,,,,,,,,,,,,,,,,,,,,,,,,,,,,,,,,,,,,,,,,,,,,,,,,,,,,,,,,,,,,,,,,,,,,,,,,,,,,,,,,,,,,,,,,,,,,,,,,,,,,,,,,,,,,,,,,,,,,,,,,,,,,,,,,,,,,,,,,,,,,,,,,,,,,,,,,,,,,,,,,,,,,,,,,,,,,,,,,,,,,,,,,,,,,,,,,,,,,,,,,,,,,,,,,,,,,,,,,,,,,,,,,,,,,,,,,,,,,,,,,,,,,,,,,,,,,,,,,,,,,,,,,,,,,,,,,,,,,,,,,,,,,,,,,,,,,,,,,,,,,,,,,,,,,,,,,,,,,,,,,,,,,,,,,,,,,,,,,,,,,,,,,,,,,,,,,,,,,,,,,,,,,,,,,,,,,,,,,,,,,,,,,,,,,,,,,,,,,,,,,,,,,,,,,,,,,,,,,,,,,,,,,,,,,,,,,,,,,,,,,,,,,,,,,,,,,,,,,,,,,,,,,,,,,,,,,,,,,,,,,,,,,,,,,,,,,,,,,,,,,,,,,,,,,,,,,,,,,,,,,,,,,,,,,,,,,,,,,,,,,,,,,,,,,,,,,,,,,,,,,,,,,,,,,,,,,,,,,,,,,,,,,,,,,,,,,,,,,,,,,,,,,,,,,,,,,,,,,,,,,,,,,,,,,,,,,,,,,,,,,,,,,,,,,,,,,,,,,,,,,,,,,,,,,,,,,,,,,,,,,,,,,,,,,,,,,,,,,,,,,,,,,,,,,,,,,,,,,,,,,,,,,,,,,,,,,,,,,,,,,,,,,,,,,,,,,,,,,,,,,,,,,,,,,,,,,,,,,,,,,,,,,,,,,,,,,,,,,,,,,,,,,,,,,,,,,,,,,,,,,,,,,,,,,,,,,,,,,,,,,,,,,,,,,,,,,,,,,,,,,,,,,,,,,,,,,,,,,,,,,,,,,,,,,,,
34,move,ia,ia,1,"[[0, 0, (1, 2), 0, 0], [0, 0, 0, 0, 0], [0, (0, -1), (0, -1), (0, -1), 0], [0, 0, 0, 0, 0], [0, 0, 0, 0, 0]]","[[0, 0, (1, 2), 0, (2, 1)], [0, 0, 0, 0, 0], [0, (0, -1), (0, -1), (0, -1), 0], [0, 0, 0, 0, 0], [0, 0, 0, 0, 0]]","[[0, 0, (1, 2), 0, (2, 1)], [0, 0, (1, 2), 0, 0], [0, (0, -1), (0, -1), (0, -1), 0], [0, 0, 0, 0, 0], [0, 0, 0, 0, 0]]","[[0, 0, (1, 2), 0, (2, 1)], [0, 0, (1, 2), 0, 0], [0, (0, -1), (0, -1), (0, -1), 0], [0, 0, 0, 0, 0], [0, 0, (2, 0), 0, 0]]","[[(1, 1), 0, (1, 2), 0, (2, 1)], [0, 0, (1, 2), 0, 0], [0, (0, -1), (0, -1), (0, -1), 0], [0, 0, 0, 0, 0], [0, 0, (2, 0), 0, 0]]","[[(1, 1), 0, (1, 2), (2, 1), 0], [0, 0, (1, 2), 0, 0], [0, (0, -1), (0, -1), (0, -1), 0], [0, 0, 0, 0, 0], [0, 0, (2, 0), 0, 0]]","[[(1, 1), 0, (1, 2), (2, 1), 0], [0, 0, (1, 2), 0, 0], [0, (0, -1), (1, 2), (0, -1), 0], [0, 0, (0, -1), 0, 0], [0, 0, (2, 0), 0, 0]]","[[(1, 1), 0, (1, 2), (2, 0), 0], [0, 0, (1, 2), 0, 0], [0, (0, -1), (1, 2), (0, -1), 0], [0, 0, (0, -1), 0, 0], [0, 0, (2, 0), 0, 0]]","[[(1, 1), 0, (1, 2), (2, 0), (1, 0)], [0, 0, (1, 2), 0, 0], [0, (0, -1), (1, 2), (0, -1), 0], [0, 0, (0, -1), 0, 0], [0, 0, (2, 0), 0, 0]]","[[(1, 1), 0, (1, 2), (2, 0), (1, 0)], [0, 0, (1, 2), 0, 0], [0, (0, -1), (1, 2), (0, -1), (2, 1)], [0, 0, (0, -1), 0, 0], [0, 0, (2, 0), 0, 0]]","[[(1, 1), 0, 0, (2, 0), (1, 0)], [0, 0, (1, 2), 0, 0], [0, (0, -1), (1, 2), (0, -1), (2, 1)], [0, 0, (0, -1), 0, 0], [0, 0, (2, 0), 0, 0]]","[[(1, 1), 0, 0, (2, 2), (1, 0)], [0, 0, (1, 2), 0, 0], [0, (0, -1), (1, 2), (0, -1), (2, 1)], [0, 0, (0, -1), 0, 0], [0, 0, (2, 0), 0, 0]]","[[(1, 1), 0, (1, 2), (2, 2), (1, 0)], [0, 0, (1, 2), 0, 0], [0, (0, -1), (1, 2), (0, -1), (2, 1)], [0, 0, (0, -1), 0, 0], [0, 0, (2, 0), 0, 0]]","[[(1, 1), 0, (1, 2), (2, 0), (1, 0)], [0, 0, (1, 2), 0, 0], [0, (0, -1), (1, 2), (0, -1), (2, 1)], [0, 0, (0, -1), 0, 0], [0, 0, (2, 0), 0, 0]]","[[(1, 1), 0, 0, (2, 0), (1, 0)], [0, 0, (1, 2), 0, 0], [0, (0, -1), (1, 2), (0, -1), (2, 1)], [0, 0, (0, -1), 0, 0], [0, 0, (2, 0), 0, 0]]","[[(1, 1), 0, 0, (2, 2), (1, 0)], [0, 0, (1, 2), 0, 0], [0, (0, -1), (1, 2), (0, -1), (2, 1)], [0, 0, (0, -1), 0, 0], [0, 0, (2, 0), 0, 0]]","[[(1, 1), 0, (1, 2), (2, 2), (1, 0)], [0, 0, (1, 2), 0, 0], [0, (0, -1), (1, 2), (0, -1), (2, 1)], [0, 0, (0, -1), 0, 0], [0, 0, (2, 0), 0, 0]]","[[(1, 1), 0, (1, 2), (2, 0), (1, 0)], [0, 0, (1, 2), 0, 0], [0, (0, -1), (1, 2), (0, -1), (2, 1)], [0, 0, (0, -1), 0, 0], [0, 0, (2, 0), 0, 0]]","[[0, 0, (1, 2), (2, 0), (1, 0)], [0, 0, (1, 2), 0, 0], [0, (0, -1), (1, 2), (0, -1), (2, 1)], [0, 0, (0, -1), 0, 0], [0, 0, (2, 0), 0, 0]]","[[0, 0, (1, 2), (2, 2), (1, 0)], [0, 0, (1, 2), 0, 0], [0, (0, -1), (1, 2), (0, -1), (2, 1)], [0, 0, (0, -1), 0, 0], [0, 0, (2, 0), 0, 0]]","[[0, 0, (1, 2), (2, 2), (1, 0)], [0, 0, (1, 2), 0, 0], [0, (0, -1), (1, 2), (0, -1), (2, 1)], [0, 0, (1, 2), 0, 0], [0, 0, (0, -1), 0, 0]]","[[0, 0, (1, 2), (2, 0), (1, 0)], [0, 0, (1, 2), 0, 0], [0, (0, -1), (1, 2), (0, -1), (2, 1)], [0, 0, (1, 2), 0, 0], [0, 0, (0, -1), 0, 0]]","[[0, 0, 0, (2, 0), (1, 0)], [0, 0, (1, 2), 0, 0], [0, (0, -1), (1, 2), (0, -1), (2, 1)], [0, 0, (1, 2), 0, 0], [0, 0, (0, -1), 0, 0]]","[[0, 0, 0, (2, 0), (1, 0)], [0, 0, (1, 2), 0, 0], [0, (0, -1), (1, 2), (0, -1), (2, 1)], [0, 0, (1, 2), 0, 0], [0, 0, (0, -1), (2, 3), 0]]","[[0, 0, (1, 2), (2, 0), (1, 0)], [0, 0, (1, 2), 0, 0], [0, (0, -1), (1, 2), (0, -1), (2, 1)], [0, 0, (1, 2), 0, 0], [0, 0, (0, -1), (2, 3), 0]]","[[0, 0, (1, 2), (2, 2), (1, 0)], [0, 0, (1, 2), 0, 0], [0, (0, -1), (1, 2), (0, -1), (2, 1)], [0, 0, (1, 2), 0, 0], [0, 0, (0, -1), (2, 3), 0]]","[[0, 0, 0, (2, 2), (1, 0)], [0, 0, (1, 2), 0, 0], [0, (0, -1), (1, 2), (0, -1), (2, 1)], [0, 0, (1, 2), 0, 0], [0, 0, (0, -1), (2, 3), 0]]","[[0, 0, 0, (2, 0), (1, 0)], [0, 0, (1, 2), 0, 0], [0, (0, -1), (1, 2), (0, -1), (2, 1)], [0, 0, (1, 2), 0, 0], [0, 0, (0, -1), (2, 3), 0]]","[[0, 0, (1, 2), (2, 0), (1, 0)], [0, 0, (1, 2), 0, 0], [0, (0, -1), (1, 2), (0, -1), (2, 1)], [0, 0, (1, 2), 0, 0], [0, 0, (0, -1), (2, 3), 0]]","[[0, 0, (1, 2), (2, 2), (1, 0)], [0, 0, (1, 2), 0, 0], [0, (0, -1), (1, 2), (0, -1), (2, 1)], [0, 0, (1, 2), 0, 0], [0, 0, (0, -1), (2, 3), 0]]","[[0, 0, (1, 2), (2, 2), (1, 0)], [0, 0, (1, 2), 0, 0], [0, (0, -1), (1, 2), (0, -1), (2, 1)], [0, 0, 0, 0, 0], [0, 0, (1, 2), (2, 3), 0]]",,,,,,,,,,,,,,,,,,,,,,,,,,,,,,,,,,,,,,,,,,,,,,,,,,,,,,,,,,,,,,,,,,,,,,,,,,,,,,,,,,,,,,,,,,,,,,,,,,,,,,,,,,,,,,,,,,,,,,,,,,,,,,,,,,,,,,,,,,,,,,,,,,,,,,,,,,,,,,,,,,,,,,,,,,,,,,,,,,,,,,,,,,,,,,,,,,,,,,,,,,,,,,,,,,,,,,,,,,,,,,,,,,,,,,,,,,,,,,,,,,,,,,,,,,,,,,,,,,,,,,,,,,,,,,,,,,,,,,,,,,,,,,,,,,,,,,,,,,,,,,,,,,,,,,,,,,,,,,,,,,,,,,,,,,,,,,,,,,,,,,,,,,,,,,,,,,,,,,,,,,,,,,,,,,,,,,,,,,,,,,,,,,,,,,,,,,,,,,,,,,,,,,,,,,,,,,,,,,,,,,,,,,,,,,,,,,,,,,,,,,,,,,,,,,,,,,,,,,,,,,,,,,,,,,,,,,,,,,,,,,,,,,,,,,,,,,,,,,,,,,,,,,,,,,,,,,,,,,,,,,,,,,,,,,,,,,,,,,,,,,,,,,,,,,,,,,,,,,,,,,,,,,,,,,,,,,,,,,,,,,,,,,,,,,,,,,,,,,,,,,,,,,,,,,,,,,,,,,,,,,,,,,,,,,,,,,,,,,,,,,,,,,,,,,,,,,,,,,,,,,,,,,,,,,,,,,,,,,,,,,,,,,,,,,,,,,,,,,,,,,,,,,,,,,,,,,,,,,,,,,,,,,,,,,,,,,,,,,,,,,,,,,,,,,,,,,,,,,,,,,,,,,,,,,,,,,,,,,,,,,,,,,,,,,,,,,,,,,,,,,,,,,,,,,,,,,,,,,,,,,,,,,,,,,,,,,,,,,,,,,,,,,,,,,,,,,,,,,,,,,,,,,,,,,,,,,,,,,,,,,,,,,,,,,,,,,,,,,,,,,,,,,,,,,,,,,,,,,,,,,,,,,,,,,,,,,,,,,,,,,,,,,,,,,,,,,,,,,,,,,,,,
35,state,ia,ia,1,"(1, ('e', 0, 2, 2))","(2, ('e', 0, 4, 1))","(1, ('e', 4, 2, 3))","(2, ('t', 0, 4, 0))","(1, ('e', 4, 1, 0))","(2, ('e', 3, 0, 0))","(1, ('e', 0, 2, 2))","(2, ('e', 4, 4, 1))","(1, ('e', 0, 2, 2))","(2, ('e', 4, 3, 0))","(1, ('a', 0, 2))","(2, ('e', 3, 4, 1))","(1, ('e', 0, 2, 2))","(2, ('a', 3, 0))","(1, ('a', 0, 2))","(2, ('e', 4, 0, 2))","(1, ('e', 0, 2, 2))","(2, ('a', 3, 4))","(1, ('a', 0, 2))","(2, ('e', 0, 1, 1))","(1, ('e', 0, 2, 2))","(2, ('t', 0, 1, 2))","(1, ('a', 0, 2))","(2, ('t', 0, 4, 1))","(1, ('m', 1, 2, 2))","(2, ('m', 4, 0, 0))","(1, ('e', 0, 2, 2))","(2, ('a', 4, 3))","(1, ('m', 4, 1, 3))","(2, ('e', 2, 0, 3))","(1, ('e', 0, 2, 2))","(2, ('m', 0, 4, 3))","(1, ('t', 4, 0, 1))","(2, ('t', 0, 3, 0))","(1, ('m', 0, 2, 2))",,,,,,,,,,,,,,,,,,,,,,,,,,,,,,,,,,,,,,,,,,,,,,,,,,,,,,,,,,,,,,,,,,,,,,,,,,,,,,,,,,,,,,,,,,,,,,,,,,,,,,,,,,,,,,,,,,,,,,,,,,,,,,,,,,,,,,,,,,,,,,,,,,,,,,,,,,,,,,,,,,,,,,,,,,,,,,,,,,,,,,,,,,,,,,,,,,,,,,,,,,,,,,,,,,,,,,,,,,,,,,,,,,,,,,,,,,,,,,,,,,,,,,,,,,,,,,,,,,,,,,,,,,,,,,,,,,,,,,,,,,,,,,,,,,,,,,,,,,,,,,,,,,,,,,,,,,,,,,,,,,,,,,,,,,,,,,,,,,,,,,,,,,,,,,,,,,,,,,,,,,,,,,,,,,,,,,,,,,,,,,,,,,,,,,,,,,,,,,,,,,,,,,,,,,,,,,,,,,,,,,,,,,,,,,,,,,,,,,,,,,,,,,,,,,,,,,,,,,,,,,,,,,,,,,,,,,,,,,,,,,,,,,,,,,,,,,,,,,,,,,,,,,,,,,,,,,,,,,,,,,,,,,,,,,,,,,,,,,,,,,,,,,,,,,,,,,,,,,,,,,,,,,,,,,,,,,,,,,,,,,,,,,,,,,,,,,,,,,,,,,,,,,,,,,,,,,,,,,,,,,,,,,,,,,,,,,,,,,,,,,,,,,,,,,,,,,,,,,,,,,,,,,,,,,,,,,,,,,,,,,,,,,,,,,,,,,,,,,,,,,,,,,,,,,,,,,,,,,,,,,,,,,,,,,,,,,,,,,,,,,,,,,,,,,,,,,,,,,,,,,,,,,,,,,,,,,,,,,,,,,,,,,,,,,,,,,,,,,,,,,,,,,,,,,,,,,,,,,,,,,,,,,,,,,,,,,,,,,,,,,,,,,,,,,,,,,,,,,,,,,,,,,,,,,,,,,,,,,,,,,,,,,,,,,,,,,,,,,,,,,,,,,,,,,,,,,,,,,,,,,,,,,,,,,,,,,,,,,,,,,,,,,,,,,,,,,,,,,,,,
36,move,ia,ia,1,"[[0, 0, (1, 2), 0, 0], [0, 0, 0, 0, 0], [0, (0, -1), (0, -1), (0, -1), 0], [0, 0, 0, 0, 0], [0, 0, 0, 0, 0]]","[[0, 0, (1, 2), 0, (2, 1)], [0, 0, 0, 0, 0], [0, (0, -1), (0, -1), (0, -1), 0], [0, 0, 0, 0, 0], [0, 0, 0, 0, 0]]","[[0, 0, (1, 2), 0, (2, 1)], [0, 0, 0, 0, 0], [0, (0, -1), (0, -1), (0, -1), 0], [0, 0, 0, 0, 0], [0, 0, (1, 3), 0, 0]]","[[0, 0, (1, 2), 0, (2, 0)], [0, 0, 0, 0, 0], [0, (0, -1), (0, -1), (0, -1), 0], [0, 0, 0, 0, 0], [0, 0, (1, 3), 0, 0]]","[[0, 0, (1, 2), 0, (2, 0)], [0, 0, 0, 0, 0], [0, (0, -1), (0, -1), (0, -1), 0], [0, 0, 0, 0, 0], [0, (1, 0), (1, 3), 0, 0]]","[[0, 0, (1, 2), 0, (2, 0)], [0, 0, 0, 0, 0], [0, (0, -1), (0, -1), (0, -1), 0], [(2, 0), 0, 0, 0, 0], [0, (1, 0), (1, 3), 0, 0]]","[[0, 0, (1, 2), 0, (2, 0)], [0, 0, (1, 2), 0, 0], [0, (0, -1), (0, -1), (0, -1), 0], [(2, 0), 0, 0, 0, 0], [0, (1, 0), (1, 3), 0, 0]]","[[0, 0, (1, 2), 0, (2, 0)], [0, 0, (1, 2), 0, 0], [0, (0, -1), (0, -1), (0, -1), 0], [(2, 0), 0, 0, 0, 0], [0, (1, 0), (1, 3), 0, (2, 1)]]","[[0, 0, (1, 2), 0, (2, 0)], [0, 0, (1, 2), 0, 0], [0, (0, -1), (1, 2), (0, -1), 0], [(2, 0), 0, (0, -1), 0, 0], [0, (1, 0), (1, 3), 0, (2, 1)]]","[[0, 0, (1, 2), 0, (2, 0)], [0, 0, (1, 2), 0, 0], [0, (0, -1), (1, 2), (0, -1), 0], [(2, 0), 0, (0, -1), 0, 0], [0, (1, 0), (1, 3), (2, 0), (2, 1)]]","[[0, 0, 0, 0, (2, 0)], [0, 0, (1, 2), 0, 0], [0, (0, -1), (1, 2), (0, -1), 0], [(2, 0), 0, (0, -1), 0, 0], [0, (1, 0), (1, 3), (2, 0), (2, 1)]]","[[0, 0, 0, 0, (2, 0)], [0, 0, (1, 2), 0, 0], [0, (0, -1), (1, 2), (0, -1), 0], [(2, 0), 0, (0, -1), 0, (2, 1)], [0, (1, 0), (1, 3), (2, 0), (2, 1)]]","[[0, 0, (1, 2), 0, (2, 0)], [0, 0, (1, 2), 0, 0], [0, (0, -1), (1, 2), (0, -1), 0], [(2, 0), 0, (0, -1), 0, (2, 1)], [0, (1, 0), (1, 3), (2, 0), (2, 1)]]","[[0, 0, (1, 2), 0, (2, 0)], [0, 0, (1, 2), 0, 0], [0, (0, -1), (1, 2), (0, -1), 0], [0, 0, (0, -1), 0, (2, 1)], [0, (1, 0), (1, 3), (2, 0), (2, 1)]]","[[0, 0, 0, 0, (2, 0)], [0, 0, (1, 2), 0, 0], [0, (0, -1), (1, 2), (0, -1), 0], [0, 0, (0, -1), 0, (2, 1)], [0, (1, 0), (1, 3), (2, 0), (2, 1)]]","[[0, 0, 0, 0, (2, 0)], [0, 0, (1, 2), 0, 0], [0, (0, -1), (1, 2), (0, -1), 0], [0, 0, (0, -1), 0, (2, 1)], [(2, 2), (1, 0), (1, 3), (2, 0), (2, 1)]]","[[0, 0, (1, 2), 0, (2, 0)], [0, 0, (1, 2), 0, 0], [0, (0, -1), (1, 2), (0, -1), 0], [0, 0, (0, -1), 0, (2, 1)], [(2, 2), (1, 0), (1, 3), (2, 0), (2, 1)]]","[[0, 0, (1, 2), 0, (2, 0)], [0, 0, (1, 2), 0, 0], [0, (0, -1), (1, 2), (0, -1), 0], [0, 0, (0, -1), 0, 0], [(2, 2), (1, 0), (1, 3), (2, 0), (2, 1)]]","[[0, 0, 0, 0, (2, 0)], [0, 0, (1, 2), 0, 0], [0, (0, -1), (1, 2), (0, -1), 0], [0, 0, (0, -1), 0, 0], [(2, 2), (1, 0), (1, 3), (2, 0), (2, 1)]]","[[0, (2, 1), 0, 0, (2, 0)], [0, 0, (1, 2), 0, 0], [0, (0, -1), (1, 2), (0, -1), 0], [0, 0, (0, -1), 0, 0], [(2, 2), (1, 0), (1, 3), (2, 0), (2, 1)]]","[[0, (2, 1), (1, 2), 0, (2, 0)], [0, 0, (1, 2), 0, 0], [0, (0, -1), (1, 2), (0, -1), 0], [0, 0, (0, -1), 0, 0], [(2, 2), (1, 0), (1, 3), (2, 0), (2, 1)]]","[[0, (2, 2), (1, 2), 0, (2, 0)], [0, 0, (1, 2), 0, 0], [0, (0, -1), (1, 2), (0, -1), 0], [0, 0, (0, -1), 0, 0], [(2, 2), (1, 0), (1, 3), (2, 0), (2, 1)]]","[[0, (2, 2), 0, 0, (2, 0)], [0, 0, (1, 2), 0, 0], [0, (0, -1), (1, 2), (0, -1), 0], [0, 0, (0, -1), 0, 0], [(2, 2), (1, 0), (1, 3), (2, 0), (2, 1)]]","[[0, (2, 2), 0, 0, (2, 1)], [0, 0, (1, 2), 0, 0], [0, (0, -1), (1, 2), (0, -1), 0], [0, 0, (0, -1), 0, 0], [(2, 2), (1, 0), (1, 3), (2, 0), (2, 1)]]","[[0, (2, 2), 0, 0, (2, 1)], [0, 0, 0, 0, 0], [0, (0, -1), (1, 2), (0, -1), 0], [0, 0, (1, 2), 0, 0], [(2, 2), (1, 0), (0, -1), (2, 0), (2, 1)]]","[[0, (2, 2), 0, 0, (2, 1)], [0, 0, 0, 0, 0], [0, (0, -1), (1, 2), (0, -1), 0], [(2, 2), 0, (1, 2), 0, 0], [0, (1, 0), (0, -1), (2, 0), (2, 1)]]","[[0, (2, 2), (1, 2), 0, (2, 1)], [0, 0, 0, 0, 0], [0, (0, -1), (1, 2), (0, -1), 0], [(2, 2), 0, (1, 2), 0, 0], [0, (1, 0), (0, -1), (2, 0), (2, 1)]]","[[0, (2, 2), (1, 2), 0, (2, 1)], [0, 0, 0, 0, 0], [0, (0, -1), (1, 2), (0, -1), 0], [(2, 2), 0, (1, 2), 0, 0], [0, (1, 0), (0, -1), 0, (2, 1)]]","[[0, (2, 2), (1, 2), 0, (2, 1)], [0, 0, 0, 0, 0], [0, (0, -1), (1, 2), (0, -1), 0], [(2, 2), 0, (1, 2), 0, 0], [(1, 0), 0, (0, -1), 0, (2, 1)]]","[[0, (2, 2), (1, 2), 0, (2, 1)], [0, 0, 0, 0, 0], [(2, 3), (0, -1), (1, 2), (0, -1), 0], [(2, 2), 0, (1, 2), 0, 0], [(1, 0), 0, (0, -1), 0, (2, 1)]]","[[0, (2, 2), (1, 2), 0, (2, 1)], [0, 0, (1, 2), 0, 0], [(2, 3), (0, -1), (1, 2), (0, -1), 0], [(2, 2), 0, (1, 2), 0, 0], [(1, 0), 0, (0, -1), 0, (2, 1)]]","[[0, (2, 2), (1, 2), (2, 1), 0], [0, 0, (1, 2), 0, 0], [(2, 3), (0, -1), (1, 2), (0, -1), 0], [(2, 2), 0, (1, 2), 0, 0], [(1, 0), 0, (0, -1), 0, (2, 1)]]","[[0, (2, 2), (1, 2), (2, 1), 0], [0, 0, (1, 2), 0, 0], [(2, 3), (0, -1), (1, 2), (0, -1), 0], [(2, 2), 0, (1, 2), 0, 0], [(1, 1), 0, (0, -1), 0, (2, 1)]]","[[0, (2, 2), (1, 2), (2, 0), 0], [0, 0, (1, 2), 0, 0], [(2, 3), (0, -1), (1, 2), (0, -1), 0], [(2, 2), 0, (1, 2), 0, 0], [(1, 1), 0, (0, -1), 0, (2, 1)]]","[[0, (2, 2), 0, (2, 0), 0], [0, 0, (1, 2), 0, 0], [(2, 3), (0, -1), (1, 2), (0, -1), 0], [(2, 2), 0, (1, 2), 0, 0], [(1, 1), 0, (1, 2), 0, (2, 1)]]",,,,,,,,,,,,,,,,,,,,,,,,,,,,,,,,,,,,,,,,,,,,,,,,,,,,,,,,,,,,,,,,,,,,,,,,,,,,,,,,,,,,,,,,,,,,,,,,,,,,,,,,,,,,,,,,,,,,,,,,,,,,,,,,,,,,,,,,,,,,,,,,,,,,,,,,,,,,,,,,,,,,,,,,,,,,,,,,,,,,,,,,,,,,,,,,,,,,,,,,,,,,,,,,,,,,,,,,,,,,,,,,,,,,,,,,,,,,,,,,,,,,,,,,,,,,,,,,,,,,,,,,,,,,,,,,,,,,,,,,,,,,,,,,,,,,,,,,,,,,,,,,,,,,,,,,,,,,,,,,,,,,,,,,,,,,,,,,,,,,,,,,,,,,,,,,,,,,,,,,,,,,,,,,,,,,,,,,,,,,,,,,,,,,,,,,,,,,,,,,,,,,,,,,,,,,,,,,,,,,,,,,,,,,,,,,,,,,,,,,,,,,,,,,,,,,,,,,,,,,,,,,,,,,,,,,,,,,,,,,,,,,,,,,,,,,,,,,,,,,,,,,,,,,,,,,,,,,,,,,,,,,,,,,,,,,,,,,,,,,,,,,,,,,,,,,,,,,,,,,,,,,,,,,,,,,,,,,,,,,,,,,,,,,,,,,,,,,,,,,,,,,,,,,,,,,,,,,,,,,,,,,,,,,,,,,,,,,,,,,,,,,,,,,,,,,,,,,,,,,,,,,,,,,,,,,,,,,,,,,,,,,,,,,,,,,,,,,,,,,,,,,,,,,,,,,,,,,,,,,,,,,,,,,,,,,,,,,,,,,,,,,,,,,,,,,,,,,,,,,,,,,,,,,,,,,,,,,,,,,,,,,,,,,,,,,,,,,,,,,,,,,,,,,,,,,,,,,,,,,,,,,,,,,,,,,,,,,,,,,,,,,,,,,,,,,,,,,,,,,,,,,,,,,,,,,,,,,,,,,,,,,,,,,,,,,,,,,,,,,,,,,,,,,,,,,,,,,,,,,,,,,,,,,,,,,,,,,,,,,,,,,,,,,,,,,,,,,,,,,,
37,state,ia,ia,3,"(1, ('e', 0, 2, 2))","(2, ('e', 3, 4, 1))","(1, ('e', 0, 2, 2))","(2, ('a', 3, 4))","(1, ('e', 0, 0, 2))","(2, ('e', 0, 4, 1))","(1, ('e', 0, 2, 2))","(2, ('e', 4, 1, 2))","(1, ('e', 1, 4, 3))","(2, ('t', 4, 1, 1))","(1, ('m', 0, 0, 1))","(2, ('e', 4, 4, 1))","(1, ('a', 0, 2))","(2, ('t', 4, 4, 0))","(1, ('e', 0, 2, 2))","(2, ('m', 0, 4, 3))","(1, ('a', 0, 2))","(2, ('t', 0, 3, 0))","(1, ('e', 0, 2, 2))","(2, ('t', 0, 3, 2))","(1, ('a', 0, 2))","(2, ('t', 0, 3, 0))","(1, ('e', 0, 2, 2))","(2, ('t', 0, 3, 2))","(1, ('m', 0, 1, 3))","(2, ('t', 0, 3, 0))","(1, ('m', 1, 2, 2))","(2, ('t', 0, 3, 2))","(1, ('a', 0, 2))","(2, ('t', 0, 3, 0))","(1, ('e', 0, 2, 2))","(2, ('t', 0, 3, 2))","(1, ('a', 0, 2))","(2, ('t', 0, 3, 0))","(1, ('e', 0, 2, 2))","(2, ('t', 0, 3, 2))","(1, ('a', 0, 2))","(2, ('t', 0, 3, 0))","(1, ('e', 0, 2, 2))","(2, ('e', 0, 1, 1))","(1, ('a', 0, 2))","(2, ('t', 0, 3, 2))","(1, ('e', 0, 2, 2))","(2, ('e', 4, 0, 3))","(1, ('a', 0, 2))","(2, ('t', 0, 3, 0))","(1, ('e', 0, 2, 2))","(2, ('t', 0, 3, 2))","(1, ('a', 0, 2))","(2, ('t', 0, 3, 0))","(1, ('e', 0, 2, 2))","(2, ('t', 0, 3, 2))","(1, ('t', 0, 0, 3))","(2, ('t', 0, 3, 0))","(1, ('a', 0, 2))","(2, ('t', 0, 3, 2))","(1, ('e', 0, 2, 2))","(2, ('t', 0, 3, 0))","(1, ('a', 0, 2))","(2, ('t', 0, 3, 2))","(1, ('e', 0, 2, 2))","(2, ('t', 0, 3, 0))","(1, ('a', 0, 2))","(2, ('t', 0, 3, 2))","(1, ('e', 0, 2, 2))","(2, ('t', 0, 3, 0))","(1, ('a', 0, 2))",,,,,,,,,,,,,,,,,,,,,,,,,,,,,,,,,,,,,,,,,,,,,,,,,,,,,,,,,,,,,,,,,,,,,,,,,,,,,,,,,,,,,,,,,,,,,,,,,,,,,,,,,,,,,,,,,,,,,,,,,,,,,,,,,,,,,,,,,,,,,,,,,,,,,,,,,,,,,,,,,,,,,,,,,,,,,,,,,,,,,,,,,,,,,,,,,,,,,,,,,,,,,,,,,,,,,,,,,,,,,,,,,,,,,,,,,,,,,,,,,,,,,,,,,,,,,,,,,,,,,,,,,,,,,,,,,,,,,,,,,,,,,,,,,,,,,,,,,,,,,,,,,,,,,,,,,,,,,,,,,,,,,,,,,,,,,,,,,,,,,,,,,,,,,,,,,,,,,,,,,,,,,,,,,,,,,,,,,,,,,,,,,,,,,,,,,,,,,,,,,,,,,,,,,,,,,,,,,,,,,,,,,,,,,,,,,,,,,,,,,,,,,,,,,,,,,,,,,,,,,,,,,,,,,,,,,,,,,,,,,,,,,,,,,,,,,,,,,,,,,,,,,,,,,,,,,,,,,,,,,,,,,,,,,,,,,,,,,,,,,,,,,,,,,,,,,,,,,,,,,,,,,,,,,,,,,,,,,,,,,,,,,,,,,,,,,,,,,,,,,,,,,,,,,,,,,,,,,,,,,,,,,,,,,,,,,,,,,,,,,,,,,,,,,,,,,,,,,,,,,,,,,,,,,,,,,,,,,,,,,,,,,,,,,,,,,,,,,,,,,,,,,,,,,,,,,,,,,,,,,,,,,,,,,,,,,,,,,,,,,,,,,,,,,,,,,,,,,,,,,,,,,,,,,,,,,,,,,,,,,,,,,,,,,,,,,,,,,,,,,,,,,,,,,,,,,,,,,,,,,,,,,,,,,,,,,,,,,,,,,,,,,,,,,,,,,,,,,,,,,,,,,,,,,,,,,,,,,,,,,,,,,,,,,,,,,,,,,,,,,,,,,,,,,,,,,,,,,,,,,,,,,,,,,
38,move,ia,ia,3,"[[0, 0, (1, 2), 0, 0], [0, 0, 0, 0, 0], [0, (0, -1), (0, -1), (0, -1), 0], [0, 0, 0, 0, 0], [0, 0, 0, 0, 0]]","[[0, 0, (1, 2), 0, 0], [0, 0, 0, 0, 0], [0, (0, -1), (0, -1), (0, -1), 0], [0, 0, 0, 0, (2, 1)], [0, 0, 0, 0, 0]]","[[0, 0, (1, 2), 0, 0], [0, 0, (1, 2), 0, 0], [0, (0, -1), (0, -1), (0, -1), 0], [0, 0, 0, 0, (2, 1)], [0, 0, 0, 0, 0]]","[[0, 0, (1, 2), 0, 0], [0, 0, (1, 2), 0, 0], [0, (0, -1), (0, -1), (0, -1), 0], [0, 0, 0, 0, 0], [0, 0, 0, 0, 0]]","[[(1, 2), 0, (1, 2), 0, 0], [0, 0, (1, 2), 0, 0], [0, (0, -1), (0, -1), (0, -1), 0], [0, 0, 0, 0, 0], [0, 0, 0, 0, 0]]","[[(1, 2), 0, (1, 2), 0, (2, 1)], [0, 0, (1, 2), 0, 0], [0, (0, -1), (0, -1), (0, -1), 0], [0, 0, 0, 0, 0], [0, 0, 0, 0, 0]]","[[(1, 2), 0, (1, 2), 0, (2, 1)], [0, 0, (1, 2), 0, 0], [0, (0, -1), (1, 2), (0, -1), 0], [0, 0, (0, -1), 0, 0], [0, 0, 0, 0, 0]]","[[(1, 2), 0, (1, 2), 0, (2, 1)], [0, 0, (1, 2), 0, 0], [0, (0, -1), (1, 2), (0, -1), 0], [0, 0, (0, -1), 0, 0], [0, (2, 2), 0, 0, 0]]","[[(1, 2), 0, (1, 2), 0, (2, 1)], [0, 0, (1, 2), 0, (1, 3)], [0, (0, -1), (1, 2), (0, -1), 0], [0, 0, (0, -1), 0, 0], [0, (2, 2), 0, 0, 0]]","[[(1, 2), 0, (1, 2), 0, (2, 1)], [0, 0, (1, 2), 0, (1, 3)], [0, (0, -1), (1, 2), (0, -1), 0], [0, 0, (0, -1), 0, 0], [0, (2, 1), 0, 0, 0]]","[[0, (1, 2), (1, 2), 0, (2, 1)], [0, 0, (1, 2), 0, (1, 3)], [0, (0, -1), (1, 2), (0, -1), 0], [0, 0, (0, -1), 0, 0], [0, (2, 1), 0, 0, 0]]","[[0, (1, 2), (1, 2), 0, (2, 1)], [0, 0, (1, 2), 0, (1, 3)], [0, (0, -1), (1, 2), (0, -1), 0], [0, 0, (0, -1), 0, 0], [0, (2, 1), 0, 0, (2, 1)]]","[[0, (1, 2), 0, 0, (2, 1)], [0, 0, (1, 2), 0, (1, 3)], [0, (0, -1), (1, 2), (0, -1), 0], [0, 0, (0, -1), 0, 0], [0, (2, 1), 0, 0, (2, 1)]]","[[0, (1, 2), 0, 0, (2, 1)], [0, 0, (1, 2), 0, (1, 3)], [0, (0, -1), (1, 2), (0, -1), 0], [0, 0, (0, -1), 0, 0], [0, (2, 1), 0, 0, (2, 0)]]","[[0, (1, 2), (1, 2), 0, (2, 1)], [0, 0, (1, 2), 0, (1, 3)], [0, (0, -1), (1, 2), (0, -1), 0], [0, 0, (0, -1), 0, 0], [0, (2, 1), 0, 0, (2, 0)]]","[[0, (1, 2), (1, 2), (2, 1), 0], [0, 0, (1, 2), 0, (1, 3)], [0, (0, -1), (1, 2), (0, -1), 0], [0, 0, (0, -1), 0, 0], [0, (2, 1), 0, 0, (2, 0)]]","[[0, (1, 2), 0, (2, 1), 0], [0, 0, (1, 2), 0, (1, 3)], [0, (0, -1), (1, 2), (0, -1), 0], [0, 0, (0, -1), 0, 0], [0, (2, 1), 0, 0, (2, 0)]]","[[0, (1, 2), 0, (2, 0), 0], [0, 0, (1, 2), 0, (1, 3)], [0, (0, -1), (1, 2), (0, -1), 0], [0, 0, (0, -1), 0, 0], [0, (2, 1), 0, 0, (2, 0)]]","[[0, (1, 2), (1, 2), (2, 0), 0], [0, 0, (1, 2), 0, (1, 3)], [0, (0, -1), (1, 2), (0, -1), 0], [0, 0, (0, -1), 0, 0], [0, (2, 1), 0, 0, (2, 0)]]","[[0, (1, 2), (1, 2), (2, 2), 0], [0, 0, (1, 2), 0, (1, 3)], [0, (0, -1), (1, 2), (0, -1), 0], [0, 0, (0, -1), 0, 0], [0, (2, 1), 0, 0, (2, 0)]]","[[0, (1, 2), 0, (2, 2), 0], [0, 0, (1, 2), 0, (1, 3)], [0, (0, -1), (1, 2), (0, -1), 0], [0, 0, (0, -1), 0, 0], [0, (2, 1), 0, 0, (2, 0)]]","[[0, (1, 2), 0, (2, 0), 0], [0, 0, (1, 2), 0, (1, 3)], [0, (0, -1), (1, 2), (0, -1), 0], [0, 0, (0, -1), 0, 0], [0, (2, 1), 0, 0, (2, 0)]]","[[0, (1, 2), (1, 2), (2, 0), 0], [0, 0, (1, 2), 0, (1, 3)], [0, (0, -1), (1, 2), (0, -1), 0], [0, 0, (0, -1), 0, 0], [0, (2, 1), 0, 0, (2, 0)]]","[[0, (1, 2), (1, 2), (2, 2), 0], [0, 0, (1, 2), 0, (1, 3)], [0, (0, -1), (1, 2), (0, -1), 0], [0, 0, (0, -1), 0, 0], [0, (2, 1), 0, 0, (2, 0)]]","[[(1, 2), 0, (1, 2), (2, 2), 0], [0, 0, (1, 2), 0, (1, 3)], [0, (0, -1), (1, 2), (0, -1), 0], [0, 0, (0, -1), 0, 0], [0, (2, 1), 0, 0, (2, 0)]]","[[(1, 2), 0, (1, 2), (2, 0), 0], [0, 0, (1, 2), 0, (1, 3)], [0, (0, -1), (1, 2), (0, -1), 0], [0, 0, (0, -1), 0, 0], [0, (2, 1), 0, 0, (2, 0)]]","[[(1, 2), 0, (1, 2), (2, 0), 0], [0, 0, 0, 0, (1, 3)], [0, (0, -1), (1, 2), (0, -1), 0], [0, 0, (1, 2), 0, 0], [0, (2, 1), (0, -1), 0, (2, 0)]]","[[(1, 2), 0, (1, 2), (2, 2), 0], [0, 0, 0, 0, (1, 3)], [0, (0, -1), (1, 2), (0, -1), 0], [0, 0, (1, 2), 0, 0], [0, (2, 1), (0, -1), 0, (2, 0)]]","[[(1, 2), 0, 0, (2, 2), 0], [0, 0, 0, 0, (1, 3)], [0, (0, -1), (1, 2), (0, -1), 0], [0, 0, (1, 2), 0, 0], [0, (2, 1), (0, -1), 0, (2, 0)]]","[[(1, 2), 0, 0, (2, 0), 0], [0, 0, 0, 0, (1, 3)], [0, (0, -1), (1, 2), (0, -1), 0], [0, 0, (1, 2), 0, 0], [0, (2, 1), (0, -1), 0, (2, 0)]]","[[(1, 2), 0, (1, 2), (2, 0), 0], [0, 0, 0, 0, (1, 3)], [0, (0, -1), (1, 2), (0, -1), 0], [0, 0, (1, 2), 0, 0], [0, (2, 1), (0, -1), 0, (2, 0)]]","[[(1, 2), 0, (1, 2), (2, 2), 0], [0, 0, 0, 0, (1, 3)], [0, (0, -1), (1, 2), (0, -1), 0], [0, 0, (1, 2), 0, 0], [0, (2, 1), (0, -1), 0, (2, 0)]]","[[(1, 2), 0, 0, (2, 2), 0], [0, 0, 0, 0, (1, 3)], [0, (0, -1), (1, 2), (0, -1), 0], [0, 0, (1, 2), 0, 0], [0, (2, 1), (0, -1), 0, (2, 0)]]","[[(1, 2), 0, 0, (2, 0), 0], [0, 0, 0, 0, (1, 3)], [0, (0, -1), (1, 2), (0, -1), 0], [0, 0, (1, 2), 0, 0], [0, (2, 1), (0, -1), 0, (2, 0)]]","[[(1, 2), 0, (1, 2), (2, 0), 0], [0, 0, 0, 0, (1, 3)], [0, (0, -1), (1, 2), (0, -1), 0], [0, 0, (1, 2), 0, 0], [0, (2, 1), (0, -1), 0, (2, 0)]]","[[(1, 2), 0, (1, 2), (2, 2), 0], [0, 0, 0, 0, (1, 3)], [0, (0, -1), (1, 2), (0, -1), 0], [0, 0, (1, 2), 0, 0], [0, (2, 1), (0, -1), 0, (2, 0)]]","[[(1, 2), 0, 0, (2, 2), 0], [0, 0, 0, 0, (1, 3)], [0, (0, -1), (1, 2), (0, -1), 0], [0, 0, (1, 2), 0, 0], [0, (2, 1), (0, -1), 0, (2, 0)]]","[[(1, 2), 0, 0, (2, 0), 0], [0, 0, 0, 0, (1, 3)], [0, (0, -1), (1, 2), (0, -1), 0], [0, 0, (1, 2), 0, 0], [0, (2, 1), (0, -1), 0, (2, 0)]]","[[(1, 2), 0, (1, 2), (2, 0), 0], [0, 0, 0, 0, (1, 3)], [0, (0, -1), (1, 2), (0, -1), 0], [0, 0, (1, 2), 0, 0], [0, (2, 1), (0, -1), 0, (2, 0)]]","[[(1, 2), (2, 1), (1, 2), (2, 0), 0], [0, 0, 0, 0, (1, 3)], [0, (0, -1), (1, 2), (0, -1), 0], [0, 0, (1, 2), 0, 0], [0, (2, 1), (0, -1), 0, (2, 0)]]","[[(1, 2), (2, 1), 0, (2, 0), 0], [0, 0, 0, 0, (1, 3)], [0, (0, -1), (1, 2), (0, -1), 0], [0, 0, (1, 2), 0, 0], [0, (2, 1), (0, -1), 0, (2, 0)]]","[[(1, 2), (2, 1), 0, (2, 2), 0], [0, 0, 0, 0, (1, 3)], [0, (0, -1), (1, 2), (0, -1), 0], [0, 0, (1, 2), 0, 0], [0, (2, 1), (0, -1), 0, (2, 0)]]","[[(1, 2), (2, 1), (1, 2), (2, 2), 0], [0, 0, 0, 0, (1, 3)], [0, (0, -1), (1, 2), (0, -1), 0], [0, 0, (1, 2), 0, 0], [0, (2, 1), (0, -1), 0, (2, 0)]]","[[(1, 2), (2, 1), (1, 2), (2, 2), 0], [0, 0, 0, 0, (1, 3)], [0, (0, -1), (1, 2), (0, -1), 0], [0, 0, (1, 2), 0, 0], [(2, 3), (2, 1), (0, -1), 0, (2, 0)]]","[[(1, 2), (2, 1), 0, (2, 2), 0], [0, 0, 0, 0, (1, 3)], [0, (0, -1), (1, 2), (0, -1), 0], [0, 0, (1, 2), 0, 0], [(2, 3), (2, 1), (0, -1), 0, (2, 0)]]","[[(1, 2), (2, 1), 0, (2, 0), 0], [0, 0, 0, 0, (1, 3)], [0, (0, -1), (1, 2), (0, -1), 0], [0, 0, (1, 2), 0, 0], [(2, 3), (2, 1), (0, -1), 0, (2, 0)]]","[[(1, 2), (2, 1), (1, 2), (2, 0), 0], [0, 0, 0, 0, (1, 3)], [0, (0, -1), (1, 2), (0, -1), 0], [0, 0, (1, 2), 0, 0], [(2, 3), (2, 1), (0, -1), 0, (2, 0)]]","[[(1, 2), (2, 1), (1, 2), (2, 2), 0], [0, 0, 0, 0, (1, 3)], [0, (0, -1), (1, 2), (0, -1), 0], [0, 0, (1, 2), 0, 0], [(2, 3), (2, 1), (0, -1), 0, (2, 0)]]","[[(1, 2), (2, 1), 0, (2, 2), 0], [0, 0, 0, 0, (1, 3)], [0, (0, -1), (1, 2), (0, -1), 0], [0, 0, (1, 2), 0, 0], [(2, 3), (2, 1), (0, -1), 0, (2, 0)]]","[[(1, 2), (2, 1), 0, (2, 0), 0], [0, 0, 0, 0, (1, 3)], [0, (0, -1), (1, 2), (0, -1), 0], [0, 0, (1, 2), 0, 0], [(2, 3), (2, 1), (0, -1), 0, (2, 0)]]","[[(1, 2), (2, 1), (1, 2), (2, 0), 0], [0, 0, 0, 0, (1, 3)], [0, (0, -1), (1, 2), (0, -1), 0], [0, 0, (1, 2), 0, 0], [(2, 3), (2, 1), (0, -1), 0, (2, 0)]]","[[(1, 2), (2, 1), (1, 2), (2, 2), 0], [0, 0, 0, 0, (1, 3)], [0, (0, -1), (1, 2), (0, -1), 0], [0, 0, (1, 2), 0, 0], [(2, 3), (2, 1), (0, -1), 0, (2, 0)]]","[[(1, 3), (2, 1), (1, 2), (2, 2), 0], [0, 0, 0, 0, (1, 3)], [0, (0, -1), (1, 2), (0, -1), 0], [0, 0, (1, 2), 0, 0], [(2, 3), (2, 1), (0, -1), 0, (2, 0)]]","[[(1, 3), (2, 1), (1, 2), (2, 0), 0], [0, 0, 0, 0, (1, 3)], [0, (0, -1), (1, 2), (0, -1), 0], [0, 0, (1, 2), 0, 0], [(2, 3), (2, 1), (0, -1), 0, (2, 0)]]","[[(1, 3), (2, 1), 0, (2, 0), 0], [0, 0, 0, 0, (1, 3)], [0, (0, -1), (1, 2), (0, -1), 0], [0, 0, (1, 2), 0, 0], [(2, 3), (2, 1), (0, -1), 0, (2, 0)]]","[[(1, 3), (2, 1), 0, (2, 2), 0], [0, 0, 0, 0, (1, 3)], [0, (0, -1), (1, 2), (0, -1), 0], [0, 0, (1, 2), 0, 0], [(2, 3), (2, 1), (0, -1), 0, (2, 0)]]","[[(1, 3), (2, 1), (1, 2), (2, 2), 0], [0, 0, 0, 0, (1, 3)], [0, (0, -1), (1, 2), (0, -1), 0], [0, 0, (1, 2), 0, 0], [(2, 3), (2, 1), (0, -1), 0, (2, 0)]]","[[(1, 3), (2, 1), (1, 2), (2, 0), 0], [0, 0, 0, 0, (1, 3)], [0, (0, -1), (1, 2), (0, -1), 0], [0, 0, (1, 2), 0, 0], [(2, 3), (2, 1), (0, -1), 0, (2, 0)]]","[[(1, 3), (2, 1), 0, (2, 0), 0], [0, 0, 0, 0, (1, 3)], [0, (0, -1), (1, 2), (0, -1), 0], [0, 0, (1, 2), 0, 0], [(2, 3), (2, 1), (0, -1), 0, (2, 0)]]","[[(1, 3), (2, 1), 0, (2, 2), 0], [0, 0, 0, 0, (1, 3)], [0, (0, -1), (1, 2), (0, -1), 0], [0, 0, (1, 2), 0, 0], [(2, 3), (2, 1), (0, -1), 0, (2, 0)]]","[[(1, 3), (2, 1), (1, 2), (2, 2), 0], [0, 0, 0, 0, (1, 3)], [0, (0, -1), (1, 2), (0, -1), 0], [0, 0, (1, 2), 0, 0], [(2, 3), (2, 1), (0, -1), 0, (2, 0)]]","[[(1, 3), (2, 1), (1, 2), (2, 0), 0], [0, 0, 0, 0, (1, 3)], [0, (0, -1), (1, 2), (0, -1), 0], [0, 0, (1, 2), 0, 0], [(2, 3), (2, 1), (0, -1), 0, (2, 0)]]","[[(1, 3), (2, 1), 0, (2, 0), 0], [0, 0, 0, 0, (1, 3)], [0, (0, -1), (1, 2), (0, -1), 0], [0, 0, (1, 2), 0, 0], [(2, 3), (2, 1), (0, -1), 0, (2, 0)]]","[[(1, 3), (2, 1), 0, (2, 2), 0], [0, 0, 0, 0, (1, 3)], [0, (0, -1), (1, 2), (0, -1), 0], [0, 0, (1, 2), 0, 0], [(2, 3), (2, 1), (0, -1), 0, (2, 0)]]","[[(1, 3), (2, 1), (1, 2), (2, 2), 0], [0, 0, 0, 0, (1, 3)], [0, (0, -1), (1, 2), (0, -1), 0], [0, 0, (1, 2), 0, 0], [(2, 3), (2, 1), (0, -1), 0, (2, 0)]]","[[(1, 3), (2, 1), (1, 2), (2, 0), 0], [0, 0, 0, 0, (1, 3)], [0, (0, -1), (1, 2), (0, -1), 0], [0, 0, (1, 2), 0, 0], [(2, 3), (2, 1), (0, -1), 0, (2, 0)]]","[[(1, 3), (2, 1), 0, (2, 0), 0], [0, 0, 0, 0, (1, 3)], [0, (0, -1), (1, 2), (0, -1), 0], [0, 0, (1, 2), 0, 0], [(2, 3), (2, 1), (0, -1), 0, (2, 0)]]",,,,,,,,,,,,,,,,,,,,,,,,,,,,,,,,,,,,,,,,,,,,,,,,,,,,,,,,,,,,,,,,,,,,,,,,,,,,,,,,,,,,,,,,,,,,,,,,,,,,,,,,,,,,,,,,,,,,,,,,,,,,,,,,,,,,,,,,,,,,,,,,,,,,,,,,,,,,,,,,,,,,,,,,,,,,,,,,,,,,,,,,,,,,,,,,,,,,,,,,,,,,,,,,,,,,,,,,,,,,,,,,,,,,,,,,,,,,,,,,,,,,,,,,,,,,,,,,,,,,,,,,,,,,,,,,,,,,,,,,,,,,,,,,,,,,,,,,,,,,,,,,,,,,,,,,,,,,,,,,,,,,,,,,,,,,,,,,,,,,,,,,,,,,,,,,,,,,,,,,,,,,,,,,,,,,,,,,,,,,,,,,,,,,,,,,,,,,,,,,,,,,,,,,,,,,,,,,,,,,,,,,,,,,,,,,,,,,,,,,,,,,,,,,,,,,,,,,,,,,,,,,,,,,,,,,,,,,,,,,,,,,,,,,,,,,,,,,,,,,,,,,,,,,,,,,,,,,,,,,,,,,,,,,,,,,,,,,,,,,,,,,,,,,,,,,,,,,,,,,,,,,,,,,,,,,,,,,,,,,,,,,,,,,,,,,,,,,,,,,,,,,,,,,,,,,,,,,,,,,,,,,,,,,,,,,,,,,,,,,,,,,,,,,,,,,,,,,,,,,,,,,,,,,,,,,,,,,,,,,,,,,,,,,,,,,,,,,,,,,,,,,,,,,,,,,,,,,,,,,,,,,,,,,,,,,,,,,,,,,,,,,,,,,,,,,,,,,,,,,,,,,,,,,,,,,,,,,,,,,,,,,,,,,,,,,,,,,,,,,,,,,,,,,,,,,,,,,,,,,,,,,,,,,,,,,,,,,,,,,,,,,,,,,,,,,,,,,,,,,,,,,,,,,,,,,,,,,,,,,,,,,,,,,,,,,,,,,,,,,,,,,,,,,,,,,,,,,,,,,,,,,,,,,,
39,state,ia,ia,3,"(1, ('e', 0, 2, 2))","(2, ('e', 0, 4, 1))","(1, ('e', 2, 0, 2))","(2, ('e', 4, 3, 0))","(1, ('e', 0, 2, 2))","(2, ('e', 3, 4, 1))","(1, ('e', 1, 0, 2))","(2, ('a', 3, 4))","(1, ('e', 0, 2, 2))","(2, ('e', 0, 0, 1))","(1, ('a', 0, 2))","(2, ('e', 4, 3, 0))","(1, ('t', 1, 0, 1))","(2, ('e', 4, 4, 1))","(1, ('e', 0, 2, 2))","(2, ('m', 0, 4, 3))","(1, ('a', 0, 2))","(2, ('t', 0, 3, 0))","(1, ('e', 0, 2, 2))","(2, ('t', 0, 3, 2))","(1, ('a', 2, 0))","(2, ('t', 0, 3, 0))","(1, ('e', 0, 2, 2))","(2, ('t', 0, 3, 2))","(1, ('a', 0, 2))","(2, ('t', 0, 3, 0))","(1, ('e', 2, 4, 3))","(2, ('t', 0, 3, 2))","(1, ('t', 2, 4, 2))","(2, ('t', 0, 3, 0))","(1, ('m', 1, 2, 3))","(2, ('t', 0, 3, 2))","(1, ('m', 2, 2, 0))","(2, ('t', 0, 3, 0))","(1, ('t', 2, 4, 1))","(2, ('t', 0, 3, 2))","(1, ('t', 2, 4, 2))","(2, ('t', 0, 3, 0))","(1, ('t', 1, 2, 1))","(2, ('t', 0, 3, 2))","(1, ('t', 1, 1, 1))","(2, ('t', 0, 3, 0))","(1, ('t', 2, 4, 1))","(2, ('t', 0, 3, 2))","(1, ('t', 2, 4, 2))","(2, ('t', 0, 3, 0))","(1, ('t', 2, 4, 1))","(2, ('t', 0, 3, 2))","(1, ('t', 2, 4, 2))","(2, ('t', 0, 3, 0))","(1, ('t', 1, 2, 2))","(2, ('t', 0, 3, 2))","(1, ('m', 3, 2, 0))","(2, ('m', 3, 3, 3))","(1, ('t', 1, 2, 0))","(2, ('t', 0, 3, 0))","(1, ('t', 1, 2, 1))","(2, ('t', 0, 3, 2))","(1, ('m', 1, 1, 0))","(2, ('t', 0, 3, 0))","(1, ('t', 2, 4, 1))","(2, ('t', 4, 4, 0))","(1, ('t', 2, 4, 2))",,,,,,,,,,,,,,,,,,,,,,,,,,,,,,,,,,,,,,,,,,,,,,,,,,,,,,,,,,,,,,,,,,,,,,,,,,,,,,,,,,,,,,,,,,,,,,,,,,,,,,,,,,,,,,,,,,,,,,,,,,,,,,,,,,,,,,,,,,,,,,,,,,,,,,,,,,,,,,,,,,,,,,,,,,,,,,,,,,,,,,,,,,,,,,,,,,,,,,,,,,,,,,,,,,,,,,,,,,,,,,,,,,,,,,,,,,,,,,,,,,,,,,,,,,,,,,,,,,,,,,,,,,,,,,,,,,,,,,,,,,,,,,,,,,,,,,,,,,,,,,,,,,,,,,,,,,,,,,,,,,,,,,,,,,,,,,,,,,,,,,,,,,,,,,,,,,,,,,,,,,,,,,,,,,,,,,,,,,,,,,,,,,,,,,,,,,,,,,,,,,,,,,,,,,,,,,,,,,,,,,,,,,,,,,,,,,,,,,,,,,,,,,,,,,,,,,,,,,,,,,,,,,,,,,,,,,,,,,,,,,,,,,,,,,,,,,,,,,,,,,,,,,,,,,,,,,,,,,,,,,,,,,,,,,,,,,,,,,,,,,,,,,,,,,,,,,,,,,,,,,,,,,,,,,,,,,,,,,,,,,,,,,,,,,,,,,,,,,,,,,,,,,,,,,,,,,,,,,,,,,,,,,,,,,,,,,,,,,,,,,,,,,,,,,,,,,,,,,,,,,,,,,,,,,,,,,,,,,,,,,,,,,,,,,,,,,,,,,,,,,,,,,,,,,,,,,,,,,,,,,,,,,,,,,,,,,,,,,,,,,,,,,,,,,,,,,,,,,,,,,,,,,,,,,,,,,,,,,,,,,,,,,,,,,,,,,,,,,,,,,,,,,,,,,,,,,,,,,,,,,,,,,,,,,,,,,,,,,,,,,,,,,,,,,,,,,,,,,,,,,,,,,,,,,,,,,,,,,,,,,,,,,,,,,,,,,,,,,,,,,,,,,,,,,,,,,,,,,,,,,,,,,,,,,,,,
40,move,ia,ia,3,"[[0, 0, (1, 2), 0, 0], [0, 0, 0, 0, 0], [0, (0, -1), (0, -1), (0, -1), 0], [0, 0, 0, 0, 0], [0, 0, 0, 0, 0]]","[[0, 0, (1, 2), 0, (2, 1)], [0, 0, 0, 0, 0], [0, (0, -1), (0, -1), (0, -1), 0], [0, 0, 0, 0, 0], [0, 0, 0, 0, 0]]","[[0, 0, (1, 2), 0, (2, 1)], [0, 0, 0, 0, 0], [(1, 2), (0, -1), (0, -1), (0, -1), 0], [0, 0, 0, 0, 0], [0, 0, 0, 0, 0]]","[[0, 0, (1, 2), 0, (2, 1)], [0, 0, 0, 0, 0], [(1, 2), (0, -1), (0, -1), (0, -1), 0], [0, 0, 0, 0, 0], [0, 0, 0, (2, 0), 0]]","[[0, 0, (1, 2), 0, (2, 1)], [0, 0, (1, 2), 0, 0], [(1, 2), (0, -1), (0, -1), (0, -1), 0], [0, 0, 0, 0, 0], [0, 0, 0, (2, 0), 0]]","[[0, 0, (1, 2), 0, (2, 1)], [0, 0, (1, 2), 0, 0], [(1, 2), (0, -1), (0, -1), (0, -1), 0], [0, 0, 0, 0, (2, 1)], [0, 0, 0, (2, 0), 0]]","[[0, 0, (1, 2), 0, (2, 1)], [(1, 2), 0, (1, 2), 0, 0], [(1, 2), (0, -1), (0, -1), (0, -1), 0], [0, 0, 0, 0, (2, 1)], [0, 0, 0, (2, 0), 0]]","[[0, 0, (1, 2), 0, (2, 1)], [(1, 2), 0, (1, 2), 0, 0], [(1, 2), (0, -1), (0, -1), (0, -1), 0], [0, 0, 0, 0, 0], [0, 0, 0, (2, 0), 0]]","[[0, 0, (1, 2), 0, (2, 1)], [(1, 2), 0, (1, 2), 0, 0], [(1, 2), (0, -1), (1, 2), (0, -1), 0], [0, 0, (0, -1), 0, 0], [0, 0, 0, (2, 0), 0]]","[[(2, 1), 0, (1, 2), 0, (2, 1)], [(1, 2), 0, (1, 2), 0, 0], [(1, 2), (0, -1), (1, 2), (0, -1), 0], [0, 0, (0, -1), 0, 0], [0, 0, 0, (2, 0), 0]]","[[(2, 1), 0, 0, 0, (2, 1)], [(1, 2), 0, (1, 2), 0, 0], [(1, 2), (0, -1), (1, 2), (0, -1), 0], [0, 0, (0, -1), 0, 0], [0, 0, 0, (2, 0), 0]]","[[(2, 1), 0, 0, 0, (2, 1)], [(1, 2), 0, (1, 2), 0, 0], [(1, 2), (0, -1), (1, 2), (0, -1), 0], [0, 0, (0, -1), (2, 0), 0], [0, 0, 0, (2, 0), 0]]","[[(2, 1), 0, 0, 0, (2, 1)], [(1, 1), 0, (1, 2), 0, 0], [(1, 2), (0, -1), (1, 2), (0, -1), 0], [0, 0, (0, -1), (2, 0), 0], [0, 0, 0, (2, 0), 0]]","[[(2, 1), 0, 0, 0, (2, 1)], [(1, 1), 0, (1, 2), 0, 0], [(1, 2), (0, -1), (1, 2), (0, -1), 0], [0, 0, (0, -1), (2, 0), 0], [0, 0, 0, (2, 0), (2, 1)]]","[[(2, 1), 0, (1, 2), 0, (2, 1)], [(1, 1), 0, (1, 2), 0, 0], [(1, 2), (0, -1), (1, 2), (0, -1), 0], [0, 0, (0, -1), (2, 0), 0], [0, 0, 0, (2, 0), (2, 1)]]","[[(2, 1), 0, (1, 2), (2, 1), 0], [(1, 1), 0, (1, 2), 0, 0], [(1, 2), (0, -1), (1, 2), (0, -1), 0], [0, 0, (0, -1), (2, 0), 0], [0, 0, 0, (2, 0), (2, 1)]]","[[(2, 1), 0, 0, (2, 1), 0], [(1, 1), 0, (1, 2), 0, 0], [(1, 2), (0, -1), (1, 2), (0, -1), 0], [0, 0, (0, -1), (2, 0), 0], [0, 0, 0, (2, 0), (2, 1)]]","[[(2, 1), 0, 0, (2, 0), 0], [(1, 1), 0, (1, 2), 0, 0], [(1, 2), (0, -1), (1, 2), (0, -1), 0], [0, 0, (0, -1), (2, 0), 0], [0, 0, 0, (2, 0), (2, 1)]]","[[(2, 1), 0, (1, 2), (2, 0), 0], [(1, 1), 0, (1, 2), 0, 0], [(1, 2), (0, -1), (1, 2), (0, -1), 0], [0, 0, (0, -1), (2, 0), 0], [0, 0, 0, (2, 0), (2, 1)]]","[[(2, 1), 0, (1, 2), (2, 2), 0], [(1, 1), 0, (1, 2), 0, 0], [(1, 2), (0, -1), (1, 2), (0, -1), 0], [0, 0, (0, -1), (2, 0), 0], [0, 0, 0, (2, 0), (2, 1)]]","[[(2, 1), 0, (1, 2), (2, 2), 0], [(1, 1), 0, (1, 2), 0, 0], [0, (0, -1), (1, 2), (0, -1), 0], [0, 0, (0, -1), (2, 0), 0], [0, 0, 0, (2, 0), (2, 1)]]","[[(2, 1), 0, (1, 2), (2, 0), 0], [(1, 1), 0, (1, 2), 0, 0], [0, (0, -1), (1, 2), (0, -1), 0], [0, 0, (0, -1), (2, 0), 0], [0, 0, 0, (2, 0), (2, 1)]]","[[(2, 1), 0, (1, 2), (2, 0), 0], [(1, 1), 0, (1, 2), 0, 0], [0, (0, -1), (1, 2), (0, -1), 0], [0, 0, (1, 2), (2, 0), 0], [0, 0, (0, -1), (2, 0), (2, 1)]]","[[(2, 1), 0, (1, 2), (2, 2), 0], [(1, 1), 0, (1, 2), 0, 0], [0, (0, -1), (1, 2), (0, -1), 0], [0, 0, (1, 2), (2, 0), 0], [0, 0, (0, -1), (2, 0), (2, 1)]]","[[(2, 1), 0, 0, (2, 2), 0], [(1, 1), 0, (1, 2), 0, 0], [0, (0, -1), (1, 2), (0, -1), 0], [0, 0, (1, 2), (2, 0), 0], [0, 0, (0, -1), (2, 0), (2, 1)]]","[[(2, 1), 0, 0, (2, 0), 0], [(1, 1), 0, (1, 2), 0, 0], [0, (0, -1), (1, 2), (0, -1), 0], [0, 0, (1, 2), (2, 0), 0], [0, 0, (0, -1), (2, 0), (2, 1)]]","[[(2, 1), 0, 0, (2, 0), 0], [(1, 1), 0, (1, 2), 0, 0], [0, (0, -1), (1, 2), (0, -1), (1, 3)], [0, 0, (1, 2), (2, 0), 0], [0, 0, (0, -1), (2, 0), (2, 1)]]","[[(2, 1), 0, 0, (2, 2), 0], [(1, 1), 0, (1, 2), 0, 0], [0, (0, -1), (1, 2), (0, -1), (1, 3)], [0, 0, (1, 2), (2, 0), 0], [0, 0, (0, -1), (2, 0), (2, 1)]]","[[(2, 1), 0, 0, (2, 2), 0], [(1, 1), 0, (1, 2), 0, 0], [0, (0, -1), (1, 2), (0, -1), (1, 2)], [0, 0, (1, 2), (2, 0), 0], [0, 0, (0, -1), (2, 0), (2, 1)]]","[[(2, 1), 0, 0, (2, 0), 0], [(1, 1), 0, (1, 2), 0, 0], [0, (0, -1), (1, 2), (0, -1), (1, 2)], [0, 0, (1, 2), (2, 0), 0], [0, 0, (0, -1), (2, 0), (2, 1)]]","[[(2, 1), 0, 0, (2, 0), 0], [(1, 1), (1, 2), 0, 0, 0], [0, (0, -1), (1, 2), (0, -1), (1, 2)], [0, 0, (1, 2), (2, 0), 0], [0, 0, (0, -1), (2, 0), (2, 1)]]","[[(2, 1), 0, 0, (2, 2), 0], [(1, 1), (1, 2), 0, 0, 0], [0, (0, -1), (1, 2), (0, -1), (1, 2)], [0, 0, (1, 2), (2, 0), 0], [0, 0, (0, -1), (2, 0), (2, 1)]]","[[(2, 1), 0, 0, (2, 2), 0], [(1, 1), (1, 2), (1, 2), 0, 0], [0, (0, -1), 0, (0, -1), (1, 2)], [0, 0, (1, 2), (2, 0), 0], [0, 0, (0, -1), (2, 0), (2, 1)]]","[[(2, 1), 0, 0, (2, 0), 0], [(1, 1), (1, 2), (1, 2), 0, 0], [0, (0, -1), 0, (0, -1), (1, 2)], [0, 0, (1, 2), (2, 0), 0], [0, 0, (0, -1), (2, 0), (2, 1)]]","[[(2, 1), 0, 0, (2, 0), 0], [(1, 1), (1, 2), (1, 2), 0, 0], [0, (0, -1), 0, (0, -1), (1, 1)], [0, 0, (1, 2), (2, 0), 0], [0, 0, (0, -1), (2, 0), (2, 1)]]","[[(2, 1), 0, 0, (2, 2), 0], [(1, 1), (1, 2), (1, 2), 0, 0], [0, (0, -1), 0, (0, -1), (1, 1)], [0, 0, (1, 2), (2, 0), 0], [0, 0, (0, -1), (2, 0), (2, 1)]]","[[(2, 1), 0, 0, (2, 2), 0], [(1, 1), (1, 2), (1, 2), 0, 0], [0, (0, -1), 0, (0, -1), (1, 2)], [0, 0, (1, 2), (2, 0), 0], [0, 0, (0, -1), (2, 0), (2, 1)]]","[[(2, 1), 0, 0, (2, 0), 0], [(1, 1), (1, 2), (1, 2), 0, 0], [0, (0, -1), 0, (0, -1), (1, 2)], [0, 0, (1, 2), (2, 0), 0], [0, 0, (0, -1), (2, 0), (2, 1)]]","[[(2, 1), 0, 0, (2, 0), 0], [(1, 1), (1, 2), (1, 1), 0, 0], [0, (0, -1), 0, (0, -1), (1, 2)], [0, 0, (1, 2), (2, 0), 0], [0, 0, (0, -1), (2, 0), (2, 1)]]","[[(2, 1), 0, 0, (2, 2), 0], [(1, 1), (1, 2), (1, 1), 0, 0], [0, (0, -1), 0, (0, -1), (1, 2)], [0, 0, (1, 2), (2, 0), 0], [0, 0, (0, -1), (2, 0), (2, 1)]]","[[(2, 1), 0, 0, (2, 2), 0], [(1, 1), (1, 1), (1, 1), 0, 0], [0, (0, -1), 0, (0, -1), (1, 2)], [0, 0, (1, 2), (2, 0), 0], [0, 0, (0, -1), (2, 0), (2, 1)]]","[[(2, 1), 0, 0, (2, 0), 0], [(1, 1), (1, 1), (1, 1), 0, 0], [0, (0, -1), 0, (0, -1), (1, 2)], [0, 0, (1, 2), (2, 0), 0], [0, 0, (0, -1), (2, 0), (2, 1)]]","[[(2, 1), 0, 0, (2, 0), 0], [(1, 1), (1, 1), (1, 1), 0, 0], [0, (0, -1), 0, (0, -1), (1, 1)], [0, 0, (1, 2), (2, 0), 0], [0, 0, (0, -1), (2, 0), (2, 1)]]","[[(2, 1), 0, 0, (2, 2), 0], [(1, 1), (1, 1), (1, 1), 0, 0], [0, (0, -1), 0, (0, -1), (1, 1)], [0, 0, (1, 2), (2, 0), 0], [0, 0, (0, -1), (2, 0), (2, 1)]]","[[(2, 1), 0, 0, (2, 2), 0], [(1, 1), (1, 1), (1, 1), 0, 0], [0, (0, -1), 0, (0, -1), (1, 2)], [0, 0, (1, 2), (2, 0), 0], [0, 0, (0, -1), (2, 0), (2, 1)]]","[[(2, 1), 0, 0, (2, 0), 0], [(1, 1), (1, 1), (1, 1), 0, 0], [0, (0, -1), 0, (0, -1), (1, 2)], [0, 0, (1, 2), (2, 0), 0], [0, 0, (0, -1), (2, 0), (2, 1)]]","[[(2, 1), 0, 0, (2, 0), 0], [(1, 1), (1, 1), (1, 1), 0, 0], [0, (0, -1), 0, (0, -1), (1, 1)], [0, 0, (1, 2), (2, 0), 0], [0, 0, (0, -1), (2, 0), (2, 1)]]","[[(2, 1), 0, 0, (2, 2), 0], [(1, 1), (1, 1), (1, 1), 0, 0], [0, (0, -1), 0, (0, -1), (1, 1)], [0, 0, (1, 2), (2, 0), 0], [0, 0, (0, -1), (2, 0), (2, 1)]]","[[(2, 1), 0, 0, (2, 2), 0], [(1, 1), (1, 1), (1, 1), 0, 0], [0, (0, -1), 0, (0, -1), (1, 2)], [0, 0, (1, 2), (2, 0), 0], [0, 0, (0, -1), (2, 0), (2, 1)]]","[[(2, 1), 0, 0, (2, 0), 0], [(1, 1), (1, 1), (1, 1), 0, 0], [0, (0, -1), 0, (0, -1), (1, 2)], [0, 0, (1, 2), (2, 0), 0], [0, 0, (0, -1), (2, 0), (2, 1)]]","[[(2, 1), 0, 0, (2, 0), 0], [(1, 1), (1, 1), (1, 2), 0, 0], [0, (0, -1), 0, (0, -1), (1, 2)], [0, 0, (1, 2), (2, 0), 0], [0, 0, (0, -1), (2, 0), (2, 1)]]","[[(2, 1), 0, 0, (2, 2), 0], [(1, 1), (1, 1), (1, 2), 0, 0], [0, (0, -1), 0, (0, -1), (1, 2)], [0, 0, (1, 2), (2, 0), 0], [0, 0, (0, -1), (2, 0), (2, 1)]]","[[(2, 1), 0, 0, (2, 2), 0], [(1, 1), (1, 1), (1, 2), 0, 0], [0, (0, -1), (1, 2), (0, -1), (1, 2)], [0, 0, 0, (2, 0), 0], [0, 0, (0, -1), (2, 0), (2, 1)]]","[[(2, 1), 0, 0, (2, 2), 0], [(1, 1), (1, 1), (1, 2), 0, 0], [0, (0, -1), (1, 2), (0, -1), (1, 2)], [0, 0, (2, 0), 0, 0], [0, 0, (0, -1), (2, 0), (2, 1)]]","[[(2, 1), 0, 0, (2, 2), 0], [(1, 1), (1, 1), (1, 0), 0, 0], [0, (0, -1), (1, 2), (0, -1), (1, 2)], [0, 0, (2, 0), 0, 0], [0, 0, (0, -1), (2, 0), (2, 1)]]","[[(2, 1), 0, 0, (2, 0), 0], [(1, 1), (1, 1), (1, 0), 0, 0], [0, (0, -1), (1, 2), (0, -1), (1, 2)], [0, 0, (2, 0), 0, 0], [0, 0, (0, -1), (2, 0), (2, 1)]]","[[(2, 1), 0, 0, (2, 0), 0], [(1, 1), (1, 1), (1, 1), 0, 0], [0, (0, -1), (1, 2), (0, -1), (1, 2)], [0, 0, (2, 0), 0, 0], [0, 0, (0, -1), (2, 0), (2, 1)]]","[[(2, 1), 0, 0, (2, 2), 0], [(1, 1), (1, 1), (1, 1), 0, 0], [0, (0, -1), (1, 2), (0, -1), (1, 2)], [0, 0, (2, 0), 0, 0], [0, 0, (0, -1), (2, 0), (2, 1)]]","[[(2, 1), (1, 1), 0, (2, 2), 0], [(1, 1), 0, (1, 1), 0, 0], [0, (0, -1), (1, 2), (0, -1), (1, 2)], [0, 0, (2, 0), 0, 0], [0, 0, (0, -1), (2, 0), (2, 1)]]","[[(2, 1), (1, 1), 0, (2, 0), 0], [(1, 1), 0, (1, 1), 0, 0], [0, (0, -1), (1, 2), (0, -1), (1, 2)], [0, 0, (2, 0), 0, 0], [0, 0, (0, -1), (2, 0), (2, 1)]]","[[(2, 1), (1, 1), 0, (2, 0), 0], [(1, 1), 0, (1, 1), 0, 0], [0, (0, -1), (1, 2), (0, -1), (1, 1)], [0, 0, (2, 0), 0, 0], [0, 0, (0, -1), (2, 0), (2, 1)]]","[[(2, 1), (1, 1), 0, (2, 0), 0], [(1, 1), 0, (1, 1), 0, 0], [0, (0, -1), (1, 2), (0, -1), (1, 1)], [0, 0, (2, 0), 0, 0], [0, 0, (0, -1), (2, 0), (2, 0)]]","[[(2, 1), (1, 1), 0, (2, 0), 0], [(1, 1), 0, (1, 1), 0, 0], [0, (0, -1), (1, 2), (0, -1), (1, 2)], [0, 0, (2, 0), 0, 0], [0, 0, (0, -1), (2, 0), (2, 0)]]",,,,,,,,,,,,,,,,,,,,,,,,,,,,,,,,,,,,,,,,,,,,,,,,,,,,,,,,,,,,,,,,,,,,,,,,,,,,,,,,,,,,,,,,,,,,,,,,,,,,,,,,,,,,,,,,,,,,,,,,,,,,,,,,,,,,,,,,,,,,,,,,,,,,,,,,,,,,,,,,,,,,,,,,,,,,,,,,,,,,,,,,,,,,,,,,,,,,,,,,,,,,,,,,,,,,,,,,,,,,,,,,,,,,,,,,,,,,,,,,,,,,,,,,,,,,,,,,,,,,,,,,,,,,,,,,,,,,,,,,,,,,,,,,,,,,,,,,,,,,,,,,,,,,,,,,,,,,,,,,,,,,,,,,,,,,,,,,,,,,,,,,,,,,,,,,,,,,,,,,,,,,,,,,,,,,,,,,,,,,,,,,,,,,,,,,,,,,,,,,,,,,,,,,,,,,,,,,,,,,,,,,,,,,,,,,,,,,,,,,,,,,,,,,,,,,,,,,,,,,,,,,,,,,,,,,,,,,,,,,,,,,,,,,,,,,,,,,,,,,,,,,,,,,,,,,,,,,,,,,,,,,,,,,,,,,,,,,,,,,,,,,,,,,,,,,,,,,,,,,,,,,,,,,,,,,,,,,,,,,,,,,,,,,,,,,,,,,,,,,,,,,,,,,,,,,,,,,,,,,,,,,,,,,,,,,,,,,,,,,,,,,,,,,,,,,,,,,,,,,,,,,,,,,,,,,,,,,,,,,,,,,,,,,,,,,,,,,,,,,,,,,,,,,,,,,,,,,,,,,,,,,,,,,,,,,,,,,,,,,,,,,,,,,,,,,,,,,,,,,,,,,,,,,,,,,,,,,,,,,,,,,,,,,,,,,,,,,,,,,,,,,,,,,,,,,,,,,,,,,,,,,,,,,,,,,,,,,,,,,,,,,,,,,,,,,,,,,,,,,,,,,,,,,,,,,,,,,,,,,,,,,,,,,,,,,,,,,,,,,,,,,,,,,,,,,,,,,,,,,,,,,,,,,,,,,,
41,state,ia,ia,3,"(1, ('e', 0, 0, 1))","(2, ('e', 0, 4, 1))","(1, ('e', 0, 2, 2))","(2, ('e', 0, 1, 1))","(1, ('e', 0, 2, 2))","(2, ('e', 0, 3, 1))","(1, ('e', 0, 2, 2))","(2, ('t', 0, 3, 0))","(1, ('e', 0, 2, 2))","(2, ('a', 0, 4))","(1, ('a', 0, 2))","(2, ('t', 0, 3, 2))","(1, ('e', 0, 2, 2))","(2, ('e', 2, 0, 0))","(1, ('a', 0, 2))","(2, ('t', 0, 3, 0))","(1, ('e', 0, 2, 2))","(2, ('t', 0, 3, 2))","(1, ('a', 0, 2))","(2, ('t', 0, 3, 0))","(1, ('e', 0, 2, 2))","(2, ('t', 0, 3, 2))","(1, ('a', 0, 2))","(2, ('t', 0, 3, 0))","(1, ('e', 0, 2, 2))","(2, ('t', 0, 3, 2))","(1, ('a', 0, 2))","(2, ('t', 0, 3, 0))","(1, ('e', 0, 2, 2))","(2, ('t', 0, 3, 2))","(1, ('a', 0, 2))","(2, ('t', 0, 3, 0))","(1, ('e', 0, 2, 2))","(2, ('t', 0, 3, 2))","(1, ('a', 0, 2))","(2, ('t', 0, 1, 3))","(1, ('e', 0, 2, 2))","(2, ('t', 0, 3, 0))","(1, ('a', 0, 2))","(2, ('t', 0, 3, 2))","(1, ('e', 0, 2, 2))","(2, ('t', 0, 3, 0))","(1, ('a', 0, 2))","(2, ('e', 0, 4, 3))","(1, ('e', 0, 2, 3))","(2, ('t', 0, 3, 2))","(1, ('a', 0, 2))","(2, ('t', 0, 3, 0))","(1, ('e', 0, 2, 2))",,,,,,,,,,,,,,,,,,,,,,,,,,,,,,,,,,,,,,,,,,,,,,,,,,,,,,,,,,,,,,,,,,,,,,,,,,,,,,,,,,,,,,,,,,,,,,,,,,,,,,,,,,,,,,,,,,,,,,,,,,,,,,,,,,,,,,,,,,,,,,,,,,,,,,,,,,,,,,,,,,,,,,,,,,,,,,,,,,,,,,,,,,,,,,,,,,,,,,,,,,,,,,,,,,,,,,,,,,,,,,,,,,,,,,,,,,,,,,,,,,,,,,,,,,,,,,,,,,,,,,,,,,,,,,,,,,,,,,,,,,,,,,,,,,,,,,,,,,,,,,,,,,,,,,,,,,,,,,,,,,,,,,,,,,,,,,,,,,,,,,,,,,,,,,,,,,,,,,,,,,,,,,,,,,,,,,,,,,,,,,,,,,,,,,,,,,,,,,,,,,,,,,,,,,,,,,,,,,,,,,,,,,,,,,,,,,,,,,,,,,,,,,,,,,,,,,,,,,,,,,,,,,,,,,,,,,,,,,,,,,,,,,,,,,,,,,,,,,,,,,,,,,,,,,,,,,,,,,,,,,,,,,,,,,,,,,,,,,,,,,,,,,,,,,,,,,,,,,,,,,,,,,,,,,,,,,,,,,,,,,,,,,,,,,,,,,,,,,,,,,,,,,,,,,,,,,,,,,,,,,,,,,,,,,,,,,,,,,,,,,,,,,,,,,,,,,,,,,,,,,,,,,,,,,,,,,,,,,,,,,,,,,,,,,,,,,,,,,,,,,,,,,,,,,,,,,,,,,,,,,,,,,,,,,,,,,,,,,,,,,,,,,,,,,,,,,,,,,,,,,,,,,,,,,,,,,,,,,,,,,,,,,,,,,,,,,,,,,,,,,,,,,,,,,,,,,,,,,,,,,,,,,,,,,,,,,,,,,,,,,,,,,,,,,,,,,,,,,,,,,,,,,,,,,,,,,,,,,,,,,,,,,,,,,,,,,,,,,,,,,,,,,,,,,,,,,,,,,,,,,,,,,,,,,,,,,,,,,,,,,,,,,,
42,move,ia,ia,3,"[[(1, 1), 0, 0, 0, 0], [0, 0, 0, 0, 0], [0, (0, -1), (0, -1), (0, -1), 0], [0, 0, 0, 0, 0], [0, 0, 0, 0, 0]]","[[(1, 1), 0, 0, 0, (2, 1)], [0, 0, 0, 0, 0], [0, (0, -1), (0, -1), (0, -1), 0], [0, 0, 0, 0, 0], [0, 0, 0, 0, 0]]","[[(1, 1), 0, (1, 2), 0, (2, 1)], [0, 0, 0, 0, 0], [0, (0, -1), (0, -1), (0, -1), 0], [0, 0, 0, 0, 0], [0, 0, 0, 0, 0]]","[[(1, 1), (2, 1), (1, 2), 0, (2, 1)], [0, 0, 0, 0, 0], [0, (0, -1), (0, -1), (0, -1), 0], [0, 0, 0, 0, 0], [0, 0, 0, 0, 0]]","[[(1, 1), (2, 1), (1, 2), 0, (2, 1)], [0, 0, (1, 2), 0, 0], [0, (0, -1), (0, -1), (0, -1), 0], [0, 0, 0, 0, 0], [0, 0, 0, 0, 0]]","[[(1, 1), (2, 1), (1, 2), (2, 1), (2, 1)], [0, 0, (1, 2), 0, 0], [0, (0, -1), (0, -1), (0, -1), 0], [0, 0, 0, 0, 0], [0, 0, 0, 0, 0]]","[[(1, 1), (2, 1), (1, 2), (2, 1), (2, 1)], [0, 0, (1, 2), 0, 0], [0, (0, -1), (1, 2), (0, -1), 0], [0, 0, (0, -1), 0, 0], [0, 0, 0, 0, 0]]","[[(1, 1), (2, 1), (1, 2), (2, 0), (2, 1)], [0, 0, (1, 2), 0, 0], [0, (0, -1), (1, 2), (0, -1), 0], [0, 0, (0, -1), 0, 0], [0, 0, 0, 0, 0]]","[[(1, 1), (2, 1), (1, 2), (2, 0), (2, 1)], [0, 0, (1, 2), 0, 0], [0, (0, -1), (1, 2), (0, -1), 0], [0, 0, (1, 2), 0, 0], [0, 0, (0, -1), 0, 0]]","[[(1, 1), (2, 1), (1, 2), (2, 0), 0], [0, 0, (1, 2), 0, 0], [0, (0, -1), (1, 2), (0, -1), 0], [0, 0, (1, 2), 0, 0], [0, 0, (0, -1), 0, 0]]","[[(1, 1), (2, 1), 0, (2, 0), 0], [0, 0, (1, 2), 0, 0], [0, (0, -1), (1, 2), (0, -1), 0], [0, 0, (1, 2), 0, 0], [0, 0, (0, -1), 0, 0]]","[[(1, 1), (2, 1), 0, (2, 2), 0], [0, 0, (1, 2), 0, 0], [0, (0, -1), (1, 2), (0, -1), 0], [0, 0, (1, 2), 0, 0], [0, 0, (0, -1), 0, 0]]","[[(1, 1), (2, 1), (1, 2), (2, 2), 0], [0, 0, (1, 2), 0, 0], [0, (0, -1), (1, 2), (0, -1), 0], [0, 0, (1, 2), 0, 0], [0, 0, (0, -1), 0, 0]]","[[(1, 1), (2, 1), (1, 2), (2, 2), 0], [0, 0, (1, 2), 0, 0], [(2, 0), (0, -1), (1, 2), (0, -1), 0], [0, 0, (1, 2), 0, 0], [0, 0, (0, -1), 0, 0]]","[[(1, 1), (2, 1), 0, (2, 2), 0], [0, 0, (1, 2), 0, 0], [(2, 0), (0, -1), (1, 2), (0, -1), 0], [0, 0, (1, 2), 0, 0], [0, 0, (0, -1), 0, 0]]","[[(1, 1), (2, 1), 0, (2, 0), 0], [0, 0, (1, 2), 0, 0], [(2, 0), (0, -1), (1, 2), (0, -1), 0], [0, 0, (1, 2), 0, 0], [0, 0, (0, -1), 0, 0]]","[[(1, 1), (2, 1), (1, 2), (2, 0), 0], [0, 0, (1, 2), 0, 0], [(2, 0), (0, -1), (1, 2), (0, -1), 0], [0, 0, (1, 2), 0, 0], [0, 0, (0, -1), 0, 0]]","[[(1, 1), (2, 1), (1, 2), (2, 2), 0], [0, 0, (1, 2), 0, 0], [(2, 0), (0, -1), (1, 2), (0, -1), 0], [0, 0, (1, 2), 0, 0], [0, 0, (0, -1), 0, 0]]","[[(1, 1), (2, 1), 0, (2, 2), 0], [0, 0, (1, 2), 0, 0], [(2, 0), (0, -1), (1, 2), (0, -1), 0], [0, 0, (1, 2), 0, 0], [0, 0, (0, -1), 0, 0]]","[[(1, 1), (2, 1), 0, (2, 0), 0], [0, 0, (1, 2), 0, 0], [(2, 0), (0, -1), (1, 2), (0, -1), 0], [0, 0, (1, 2), 0, 0], [0, 0, (0, -1), 0, 0]]","[[(1, 1), (2, 1), (1, 2), (2, 0), 0], [0, 0, (1, 2), 0, 0], [(2, 0), (0, -1), (1, 2), (0, -1), 0], [0, 0, (1, 2), 0, 0], [0, 0, (0, -1), 0, 0]]","[[(1, 1), (2, 1), (1, 2), (2, 2), 0], [0, 0, (1, 2), 0, 0], [(2, 0), (0, -1), (1, 2), (0, -1), 0], [0, 0, (1, 2), 0, 0], [0, 0, (0, -1), 0, 0]]","[[(1, 1), (2, 1), 0, (2, 2), 0], [0, 0, (1, 2), 0, 0], [(2, 0), (0, -1), (1, 2), (0, -1), 0], [0, 0, (1, 2), 0, 0], [0, 0, (0, -1), 0, 0]]","[[(1, 1), (2, 1), 0, (2, 0), 0], [0, 0, (1, 2), 0, 0], [(2, 0), (0, -1), (1, 2), (0, -1), 0], [0, 0, (1, 2), 0, 0], [0, 0, (0, -1), 0, 0]]","[[(1, 1), (2, 1), (1, 2), (2, 0), 0], [0, 0, (1, 2), 0, 0], [(2, 0), (0, -1), (1, 2), (0, -1), 0], [0, 0, (1, 2), 0, 0], [0, 0, (0, -1), 0, 0]]","[[(1, 1), (2, 1), (1, 2), (2, 2), 0], [0, 0, (1, 2), 0, 0], [(2, 0), (0, -1), (1, 2), (0, -1), 0], [0, 0, (1, 2), 0, 0], [0, 0, (0, -1), 0, 0]]","[[(1, 1), (2, 1), 0, (2, 2), 0], [0, 0, (1, 2), 0, 0], [(2, 0), (0, -1), (1, 2), (0, -1), 0], [0, 0, (1, 2), 0, 0], [0, 0, (0, -1), 0, 0]]","[[(1, 1), (2, 1), 0, (2, 0), 0], [0, 0, (1, 2), 0, 0], [(2, 0), (0, -1), (1, 2), (0, -1), 0], [0, 0, (1, 2), 0, 0], [0, 0, (0, -1), 0, 0]]","[[(1, 1), (2, 1), (1, 2), (2, 0), 0], [0, 0, (1, 2), 0, 0], [(2, 0), (0, -1), (1, 2), (0, -1), 0], [0, 0, (1, 2), 0, 0], [0, 0, (0, -1), 0, 0]]","[[(1, 1), (2, 1), (1, 2), (2, 2), 0], [0, 0, (1, 2), 0, 0], [(2, 0), (0, -1), (1, 2), (0, -1), 0], [0, 0, (1, 2), 0, 0], [0, 0, (0, -1), 0, 0]]","[[(1, 1), (2, 1), 0, (2, 2), 0], [0, 0, (1, 2), 0, 0], [(2, 0), (0, -1), (1, 2), (0, -1), 0], [0, 0, (1, 2), 0, 0], [0, 0, (0, -1), 0, 0]]","[[(1, 1), (2, 1), 0, (2, 0), 0], [0, 0, (1, 2), 0, 0], [(2, 0), (0, -1), (1, 2), (0, -1), 0], [0, 0, (1, 2), 0, 0], [0, 0, (0, -1), 0, 0]]","[[(1, 1), (2, 1), (1, 2), (2, 0), 0], [0, 0, (1, 2), 0, 0], [(2, 0), (0, -1), (1, 2), (0, -1), 0], [0, 0, (1, 2), 0, 0], [0, 0, (0, -1), 0, 0]]","[[(1, 1), (2, 1), (1, 2), (2, 2), 0], [0, 0, (1, 2), 0, 0], [(2, 0), (0, -1), (1, 2), (0, -1), 0], [0, 0, (1, 2), 0, 0], [0, 0, (0, -1), 0, 0]]","[[(1, 1), (2, 1), 0, (2, 2), 0], [0, 0, (1, 2), 0, 0], [(2, 0), (0, -1), (1, 2), (0, -1), 0], [0, 0, (1, 2), 0, 0], [0, 0, (0, -1), 0, 0]]","[[(1, 1), (2, 3), 0, (2, 2), 0], [0, 0, (1, 2), 0, 0], [(2, 0), (0, -1), (1, 2), (0, -1), 0], [0, 0, (1, 2), 0, 0], [0, 0, (0, -1), 0, 0]]","[[(1, 1), (2, 3), (1, 2), (2, 2), 0], [0, 0, (1, 2), 0, 0], [(2, 0), (0, -1), (1, 2), (0, -1), 0], [0, 0, (1, 2), 0, 0], [0, 0, (0, -1), 0, 0]]","[[(1, 1), (2, 3), (1, 2), (2, 0), 0], [0, 0, (1, 2), 0, 0], [(2, 0), (0, -1), (1, 2), (0, -1), 0], [0, 0, (1, 2), 0, 0], [0, 0, (0, -1), 0, 0]]","[[(1, 1), (2, 3), 0, (2, 0), 0], [0, 0, (1, 2), 0, 0], [(2, 0), (0, -1), (1, 2), (0, -1), 0], [0, 0, (1, 2), 0, 0], [0, 0, (0, -1), 0, 0]]","[[(1, 1), (2, 3), 0, (2, 2), 0], [0, 0, (1, 2), 0, 0], [(2, 0), (0, -1), (1, 2), (0, -1), 0], [0, 0, (1, 2), 0, 0], [0, 0, (0, -1), 0, 0]]","[[(1, 1), (2, 3), (1, 2), (2, 2), 0], [0, 0, (1, 2), 0, 0], [(2, 0), (0, -1), (1, 2), (0, -1), 0], [0, 0, (1, 2), 0, 0], [0, 0, (0, -1), 0, 0]]","[[(1, 1), (2, 3), (1, 2), (2, 0), 0], [0, 0, (1, 2), 0, 0], [(2, 0), (0, -1), (1, 2), (0, -1), 0], [0, 0, (1, 2), 0, 0], [0, 0, (0, -1), 0, 0]]","[[(1, 1), (2, 3), 0, (2, 0), 0], [0, 0, (1, 2), 0, 0], [(2, 0), (0, -1), (1, 2), (0, -1), 0], [0, 0, (1, 2), 0, 0], [0, 0, (0, -1), 0, 0]]","[[(1, 1), (2, 3), 0, (2, 0), (2, 3)], [0, 0, (1, 2), 0, 0], [(2, 0), (0, -1), (1, 2), (0, -1), 0], [0, 0, (1, 2), 0, 0], [0, 0, (0, -1), 0, 0]]","[[(1, 1), (2, 3), (1, 3), (2, 0), (2, 3)], [0, 0, (1, 2), 0, 0], [(2, 0), (0, -1), (1, 2), (0, -1), 0], [0, 0, (1, 2), 0, 0], [0, 0, (0, -1), 0, 0]]","[[(1, 1), (2, 3), (1, 3), (2, 2), (2, 3)], [0, 0, (1, 2), 0, 0], [(2, 0), (0, -1), (1, 2), (0, -1), 0], [0, 0, (1, 2), 0, 0], [0, 0, (0, -1), 0, 0]]","[[(1, 1), (2, 3), 0, (2, 2), (2, 3)], [0, 0, (1, 2), 0, 0], [(2, 0), (0, -1), (1, 2), (0, -1), 0], [0, 0, (1, 2), 0, 0], [0, 0, (0, -1), 0, 0]]","[[(1, 1), (2, 3), 0, (2, 0), (2, 3)], [0, 0, (1, 2), 0, 0], [(2, 0), (0, -1), (1, 2), (0, -1), 0], [0, 0, (1, 2), 0, 0], [0, 0, (0, -1), 0, 0]]","[[(1, 1), (2, 3), (1, 2), (2, 0), (2, 3)], [0, 0, (1, 2), 0, 0], [(2, 0), (0, -1), (1, 2), (0, -1), 0], [0, 0, (1, 2), 0, 0], [0, 0, (0, -1), 0, 0]]",,,,,,,,,,,,,,,,,,,,,,,,,,,,,,,,,,,,,,,,,,,,,,,,,,,,,,,,,,,,,,,,,,,,,,,,,,,,,,,,,,,,,,,,,,,,,,,,,,,,,,,,,,,,,,,,,,,,,,,,,,,,,,,,,,,,,,,,,,,,,,,,,,,,,,,,,,,,,,,,,,,,,,,,,,,,,,,,,,,,,,,,,,,,,,,,,,,,,,,,,,,,,,,,,,,,,,,,,,,,,,,,,,,,,,,,,,,,,,,,,,,,,,,,,,,,,,,,,,,,,,,,,,,,,,,,,,,,,,,,,,,,,,,,,,,,,,,,,,,,,,,,,,,,,,,,,,,,,,,,,,,,,,,,,,,,,,,,,,,,,,,,,,,,,,,,,,,,,,,,,,,,,,,,,,,,,,,,,,,,,,,,,,,,,,,,,,,,,,,,,,,,,,,,,,,,,,,,,,,,,,,,,,,,,,,,,,,,,,,,,,,,,,,,,,,,,,,,,,,,,,,,,,,,,,,,,,,,,,,,,,,,,,,,,,,,,,,,,,,,,,,,,,,,,,,,,,,,,,,,,,,,,,,,,,,,,,,,,,,,,,,,,,,,,,,,,,,,,,,,,,,,,,,,,,,,,,,,,,,,,,,,,,,,,,,,,,,,,,,,,,,,,,,,,,,,,,,,,,,,,,,,,,,,,,,,,,,,,,,,,,,,,,,,,,,,,,,,,,,,,,,,,,,,,,,,,,,,,,,,,,,,,,,,,,,,,,,,,,,,,,,,,,,,,,,,,,,,,,,,,,,,,,,,,,,,,,,,,,,,,,,,,,,,,,,,,,,,,,,,,,,,,,,,,,,,,,,,,,,,,,,,,,,,,,,,,,,,,,,,,,,,,,,,,,,,,,,,,,,,,,,,,,,,,,,,,,,,,,,,,,,,,,,,,,,,,,,,,,,,,,,,,,,,,,,,,,,,,,,,,,,,,,,,,,,,,,,,,,,,,,,,,,,,,,,,,,,,,,,,,,,,,,,,,,,,,,,,,,,,,,,,,,,
43,state,ia,ia,1,"(1, ('e', 0, 2, 2))","(2, ('e', 1, 0, 2))","(1, ('e', 0, 2, 2))","(2, ('e', 0, 1, 0))","(1, ('e', 0, 2, 2))","(2, ('e', 0, 4, 1))","(1, ('e', 0, 2, 2))","(2, ('e', 3, 4, 1))","(1, ('e', 0, 2, 2))",,,,,,,,,,,,,,,,,,,,,,,,,,,,,,,,,,,,,,,,,,,,,,,,,,,,,,,,,,,,,,,,,,,,,,,,,,,,,,,,,,,,,,,,,,,,,,,,,,,,,,,,,,,,,,,,,,,,,,,,,,,,,,,,,,,,,,,,,,,,,,,,,,,,,,,,,,,,,,,,,,,,,,,,,,,,,,,,,,,,,,,,,,,,,,,,,,,,,,,,,,,,,,,,,,,,,,,,,,,,,,,,,,,,,,,,,,,,,,,,,,,,,,,,,,,,,,,,,,,,,,,,,,,,,,,,,,,,,,,,,,,,,,,,,,,,,,,,,,,,,,,,,,,,,,,,,,,,,,,,,,,,,,,,,,,,,,,,,,,,,,,,,,,,,,,,,,,,,,,,,,,,,,,,,,,,,,,,,,,,,,,,,,,,,,,,,,,,,,,,,,,,,,,,,,,,,,,,,,,,,,,,,,,,,,,,,,,,,,,,,,,,,,,,,,,,,,,,,,,,,,,,,,,,,,,,,,,,,,,,,,,,,,,,,,,,,,,,,,,,,,,,,,,,,,,,,,,,,,,,,,,,,,,,,,,,,,,,,,,,,,,,,,,,,,,,,,,,,,,,,,,,,,,,,,,,,,,,,,,,,,,,,,,,,,,,,,,,,,,,,,,,,,,,,,,,,,,,,,,,,,,,,,,,,,,,,,,,,,,,,,,,,,,,,,,,,,,,,,,,,,,,,,,,,,,,,,,,,,,,,,,,,,,,,,,,,,,,,,,,,,,,,,,,,,,,,,,,,,,,,,,,,,,,,,,,,,,,,,,,,,,,,,,,,,,,,,,,,,,,,,,,,,,,,,,,,,,,,,,,,,,,,,,,,,,,,,,,,,,,,,,,,,,,,,,,,,,,,,,,,,,,,,,,,,,,,,,,,,,,,,,,,,,,,,,,,,,,,,,,,,,,,,,,,,,,,,,,,,,,,,,,,,,,,,,,,,,,,,,,,,,,,,,,,,,,,,,,,,,,,,,,,,,,,,,,,,,,,,,,,,,,,,,,,,,,,,,,,,,,,,,,,,,,,,,,,,,,,,,,,,,,,,,
44,move,ia,ia,1,"[[0, 0, (1, 2), 0, 0], [0, 0, 0, 0, 0], [0, (0, -1), (0, -1), (0, -1), 0], [0, 0, 0, 0, 0], [0, 0, 0, 0, 0]]","[[0, 0, (1, 2), 0, 0], [(2, 2), 0, 0, 0, 0], [0, (0, -1), (0, -1), (0, -1), 0], [0, 0, 0, 0, 0], [0, 0, 0, 0, 0]]","[[0, 0, (1, 2), 0, 0], [(2, 2), 0, (1, 2), 0, 0], [0, (0, -1), (0, -1), (0, -1), 0], [0, 0, 0, 0, 0], [0, 0, 0, 0, 0]]","[[0, (2, 0), (1, 2), 0, 0], [(2, 2), 0, (1, 2), 0, 0], [0, (0, -1), (0, -1), (0, -1), 0], [0, 0, 0, 0, 0], [0, 0, 0, 0, 0]]","[[0, (2, 0), (1, 2), 0, 0], [(2, 2), 0, (1, 2), 0, 0], [0, (0, -1), (1, 2), (0, -1), 0], [0, 0, (0, -1), 0, 0], [0, 0, 0, 0, 0]]","[[0, (2, 0), (1, 2), 0, (2, 1)], [(2, 2), 0, (1, 2), 0, 0], [0, (0, -1), (1, 2), (0, -1), 0], [0, 0, (0, -1), 0, 0], [0, 0, 0, 0, 0]]","[[0, (2, 0), (1, 2), 0, (2, 1)], [(2, 2), 0, (1, 2), 0, 0], [0, (0, -1), (1, 2), (0, -1), 0], [0, 0, (1, 2), 0, 0], [0, 0, (0, -1), 0, 0]]","[[0, (2, 0), (1, 2), 0, (2, 1)], [(2, 2), 0, (1, 2), 0, 0], [0, (0, -1), (1, 2), (0, -1), 0], [0, 0, (1, 2), 0, (2, 1)], [0, 0, (0, -1), 0, 0]]","[[0, (2, 0), (1, 2), 0, (2, 1)], [(2, 2), 0, (1, 2), 0, 0], [0, (0, -1), (1, 2), (0, -1), 0], [0, 0, (1, 2), 0, (2, 1)], [0, 0, (1, 2), 0, 0]]",,,,,,,,,,,,,,,,,,,,,,,,,,,,,,,,,,,,,,,,,,,,,,,,,,,,,,,,,,,,,,,,,,,,,,,,,,,,,,,,,,,,,,,,,,,,,,,,,,,,,,,,,,,,,,,,,,,,,,,,,,,,,,,,,,,,,,,,,,,,,,,,,,,,,,,,,,,,,,,,,,,,,,,,,,,,,,,,,,,,,,,,,,,,,,,,,,,,,,,,,,,,,,,,,,,,,,,,,,,,,,,,,,,,,,,,,,,,,,,,,,,,,,,,,,,,,,,,,,,,,,,,,,,,,,,,,,,,,,,,,,,,,,,,,,,,,,,,,,,,,,,,,,,,,,,,,,,,,,,,,,,,,,,,,,,,,,,,,,,,,,,,,,,,,,,,,,,,,,,,,,,,,,,,,,,,,,,,,,,,,,,,,,,,,,,,,,,,,,,,,,,,,,,,,,,,,,,,,,,,,,,,,,,,,,,,,,,,,,,,,,,,,,,,,,,,,,,,,,,,,,,,,,,,,,,,,,,,,,,,,,,,,,,,,,,,,,,,,,,,,,,,,,,,,,,,,,,,,,,,,,,,,,,,,,,,,,,,,,,,,,,,,,,,,,,,,,,,,,,,,,,,,,,,,,,,,,,,,,,,,,,,,,,,,,,,,,,,,,,,,,,,,,,,,,,,,,,,,,,,,,,,,,,,,,,,,,,,,,,,,,,,,,,,,,,,,,,,,,,,,,,,,,,,,,,,,,,,,,,,,,,,,,,,,,,,,,,,,,,,,,,,,,,,,,,,,,,,,,,,,,,,,,,,,,,,,,,,,,,,,,,,,,,,,,,,,,,,,,,,,,,,,,,,,,,,,,,,,,,,,,,,,,,,,,,,,,,,,,,,,,,,,,,,,,,,,,,,,,,,,,,,,,,,,,,,,,,,,,,,,,,,,,,,,,,,,,,,,,,,,,,,,,,,,,,,,,,,,,,,,,,,,,,,,,,,,,,,,,,,,,,,,,,,,,,,,,,,,,,,,,,,,,,,,,,,,,,,,,,,,,,,,,,,,,,,,,,,,,,,,,,,,,,,,,,,,,,,,,,,,,,,,,,
45,state,ia,ia,1,"(1, ('e', 0, 2, 2))","(2, ('e', 0, 0, 3))","(1, ('e', 1, 4, 1))","(2, ('e', 0, 4, 1))","(1, ('e', 0, 2, 2))","(2, ('e', 4, 4, 3))","(1, ('e', 0, 2, 2))","(2, ('m', 0, 4, 3))","(1, ('e', 0, 2, 2))","(2, ('t', 0, 3, 0))","(1, ('a', 0, 2))","(2, ('t', 0, 3, 2))","(1, ('e', 0, 2, 2))","(2, ('t', 0, 3, 0))","(1, ('a', 0, 2))","(2, ('t', 0, 3, 2))","(1, ('e', 4, 3, 1))","(2, ('t', 0, 3, 0))","(1, ('t', 4, 3, 2))","(2, ('t', 0, 3, 2))","(1, ('t', 1, 4, 0))","(2, ('m', 0, 3, 1))","(1, ('m', 1, 2, 3))","(2, ('e', 3, 4, 1))","(1, ('t', 1, 1, 1))","(2, ('a', 3, 4))","(1, ('m', 2, 2, 0))","(2, ('m', 0, 4, 3))","(1, ('m', 3, 2, 2))",,,,,,,,,,,,,,,,,,,,,,,,,,,,,,,,,,,,,,,,,,,,,,,,,,,,,,,,,,,,,,,,,,,,,,,,,,,,,,,,,,,,,,,,,,,,,,,,,,,,,,,,,,,,,,,,,,,,,,,,,,,,,,,,,,,,,,,,,,,,,,,,,,,,,,,,,,,,,,,,,,,,,,,,,,,,,,,,,,,,,,,,,,,,,,,,,,,,,,,,,,,,,,,,,,,,,,,,,,,,,,,,,,,,,,,,,,,,,,,,,,,,,,,,,,,,,,,,,,,,,,,,,,,,,,,,,,,,,,,,,,,,,,,,,,,,,,,,,,,,,,,,,,,,,,,,,,,,,,,,,,,,,,,,,,,,,,,,,,,,,,,,,,,,,,,,,,,,,,,,,,,,,,,,,,,,,,,,,,,,,,,,,,,,,,,,,,,,,,,,,,,,,,,,,,,,,,,,,,,,,,,,,,,,,,,,,,,,,,,,,,,,,,,,,,,,,,,,,,,,,,,,,,,,,,,,,,,,,,,,,,,,,,,,,,,,,,,,,,,,,,,,,,,,,,,,,,,,,,,,,,,,,,,,,,,,,,,,,,,,,,,,,,,,,,,,,,,,,,,,,,,,,,,,,,,,,,,,,,,,,,,,,,,,,,,,,,,,,,,,,,,,,,,,,,,,,,,,,,,,,,,,,,,,,,,,,,,,,,,,,,,,,,,,,,,,,,,,,,,,,,,,,,,,,,,,,,,,,,,,,,,,,,,,,,,,,,,,,,,,,,,,,,,,,,,,,,,,,,,,,,,,,,,,,,,,,,,,,,,,,,,,,,,,,,,,,,,,,,,,,,,,,,,,,,,,,,,,,,,,,,,,,,,,,,,,,,,,,,,,,,,,,,,,,,,,,,,,,,,,,,,,,,,,,,,,,,,,,,,,,,,,,,,,,,,,,,,,,,,,,,,,,,,,,,,,,,,,,,,,,,,,,,,,,,,,,,,,,,,,,,,,,,,,,,,,,,,,,,,,,,,,,,,,,,,,,,,,,,,,,,,,,,,,,,,,,,,,,,,,,,,,,,,
46,move,ia,ia,1,"[[0, 0, (1, 2), 0, 0], [0, 0, 0, 0, 0], [0, (0, -1), (0, -1), (0, -1), 0], [0, 0, 0, 0, 0], [0, 0, 0, 0, 0]]","[[(2, 3), 0, (1, 2), 0, 0], [0, 0, 0, 0, 0], [0, (0, -1), (0, -1), (0, -1), 0], [0, 0, 0, 0, 0], [0, 0, 0, 0, 0]]","[[(2, 3), 0, (1, 2), 0, 0], [0, 0, 0, 0, (1, 1)], [0, (0, -1), (0, -1), (0, -1), 0], [0, 0, 0, 0, 0], [0, 0, 0, 0, 0]]","[[(2, 3), 0, (1, 2), 0, (2, 1)], [0, 0, 0, 0, (1, 1)], [0, (0, -1), (0, -1), (0, -1), 0], [0, 0, 0, 0, 0], [0, 0, 0, 0, 0]]","[[(2, 3), 0, (1, 2), 0, (2, 1)], [0, 0, (1, 2), 0, (1, 1)], [0, (0, -1), (0, -1), (0, -1), 0], [0, 0, 0, 0, 0], [0, 0, 0, 0, 0]]","[[(2, 3), 0, (1, 2), 0, (2, 1)], [0, 0, (1, 2), 0, (1, 1)], [0, (0, -1), (0, -1), (0, -1), 0], [0, 0, 0, 0, 0], [0, 0, 0, 0, (2, 3)]]","[[(2, 3), 0, (1, 2), 0, (2, 1)], [0, 0, (1, 2), 0, (1, 1)], [0, (0, -1), (1, 2), (0, -1), 0], [0, 0, (0, -1), 0, 0], [0, 0, 0, 0, (2, 3)]]","[[(2, 3), 0, (1, 2), (2, 1), 0], [0, 0, (1, 2), 0, (1, 1)], [0, (0, -1), (1, 2), (0, -1), 0], [0, 0, (0, -1), 0, 0], [0, 0, 0, 0, (2, 3)]]","[[(2, 3), 0, (1, 2), (2, 1), 0], [0, 0, (1, 2), 0, (1, 1)], [0, (0, -1), (1, 2), (0, -1), 0], [0, 0, (1, 2), 0, 0], [0, 0, (0, -1), 0, (2, 3)]]","[[(2, 3), 0, (1, 2), (2, 0), 0], [0, 0, (1, 2), 0, (1, 1)], [0, (0, -1), (1, 2), (0, -1), 0], [0, 0, (1, 2), 0, 0], [0, 0, (0, -1), 0, (2, 3)]]","[[(2, 3), 0, 0, (2, 0), 0], [0, 0, (1, 2), 0, (1, 1)], [0, (0, -1), (1, 2), (0, -1), 0], [0, 0, (1, 2), 0, 0], [0, 0, (0, -1), 0, (2, 3)]]","[[(2, 3), 0, 0, (2, 2), 0], [0, 0, (1, 2), 0, (1, 1)], [0, (0, -1), (1, 2), (0, -1), 0], [0, 0, (1, 2), 0, 0], [0, 0, (0, -1), 0, (2, 3)]]","[[(2, 3), 0, (1, 2), (2, 2), 0], [0, 0, (1, 2), 0, (1, 1)], [0, (0, -1), (1, 2), (0, -1), 0], [0, 0, (1, 2), 0, 0], [0, 0, (0, -1), 0, (2, 3)]]","[[(2, 3), 0, (1, 2), (2, 0), 0], [0, 0, (1, 2), 0, (1, 1)], [0, (0, -1), (1, 2), (0, -1), 0], [0, 0, (1, 2), 0, 0], [0, 0, (0, -1), 0, (2, 3)]]","[[(2, 3), 0, 0, (2, 0), 0], [0, 0, (1, 2), 0, (1, 1)], [0, (0, -1), (1, 2), (0, -1), 0], [0, 0, (1, 2), 0, 0], [0, 0, (0, -1), 0, (2, 3)]]","[[(2, 3), 0, 0, (2, 2), 0], [0, 0, (1, 2), 0, (1, 1)], [0, (0, -1), (1, 2), (0, -1), 0], [0, 0, (1, 2), 0, 0], [0, 0, (0, -1), 0, (2, 3)]]","[[(2, 3), 0, 0, (2, 2), 0], [0, 0, (1, 2), 0, (1, 1)], [0, (0, -1), (1, 2), (0, -1), 0], [0, 0, (1, 2), 0, 0], [0, 0, (0, -1), (1, 1), (2, 3)]]","[[(2, 3), 0, 0, (2, 0), 0], [0, 0, (1, 2), 0, (1, 1)], [0, (0, -1), (1, 2), (0, -1), 0], [0, 0, (1, 2), 0, 0], [0, 0, (0, -1), (1, 1), (2, 3)]]","[[(2, 3), 0, 0, (2, 0), 0], [0, 0, (1, 2), 0, (1, 1)], [0, (0, -1), (1, 2), (0, -1), 0], [0, 0, (1, 2), 0, 0], [0, 0, (0, -1), (1, 2), (2, 3)]]","[[(2, 3), 0, 0, (2, 2), 0], [0, 0, (1, 2), 0, (1, 1)], [0, (0, -1), (1, 2), (0, -1), 0], [0, 0, (1, 2), 0, 0], [0, 0, (0, -1), (1, 2), (2, 3)]]","[[(2, 3), 0, 0, (2, 2), 0], [0, 0, (1, 2), 0, (1, 0)], [0, (0, -1), (1, 2), (0, -1), 0], [0, 0, (1, 2), 0, 0], [0, 0, (0, -1), (1, 2), (2, 3)]]","[[(2, 3), 0, 0, 0, (2, 2)], [0, 0, (1, 2), 0, (1, 0)], [0, (0, -1), (1, 2), (0, -1), 0], [0, 0, (1, 2), 0, 0], [0, 0, (0, -1), (1, 2), (2, 3)]]","[[(2, 3), 0, 0, 0, (2, 2)], [0, (1, 2), 0, 0, (1, 0)], [0, (0, -1), (1, 2), (0, -1), 0], [0, 0, (1, 2), 0, 0], [0, 0, (0, -1), (1, 2), (2, 3)]]","[[(2, 3), 0, 0, 0, (2, 2)], [0, (1, 2), 0, 0, (1, 0)], [0, (0, -1), (1, 2), (0, -1), 0], [0, 0, (1, 2), 0, (2, 1)], [0, 0, (0, -1), (1, 2), (2, 3)]]","[[(2, 3), 0, 0, 0, (2, 2)], [0, (1, 1), 0, 0, (1, 0)], [0, (0, -1), (1, 2), (0, -1), 0], [0, 0, (1, 2), 0, (2, 1)], [0, 0, (0, -1), (1, 2), (2, 3)]]","[[(2, 3), 0, 0, 0, (2, 2)], [0, (1, 1), 0, 0, (1, 0)], [0, (0, -1), (1, 2), (0, -1), 0], [0, 0, (1, 2), 0, 0], [0, 0, (0, -1), (1, 2), (2, 3)]]","[[(2, 3), 0, 0, 0, (2, 2)], [0, (1, 1), (1, 2), 0, (1, 0)], [0, (0, -1), 0, (0, -1), 0], [0, 0, (1, 2), 0, 0], [0, 0, (0, -1), (1, 2), (2, 3)]]","[[(2, 3), 0, 0, (2, 2), 0], [0, (1, 1), (1, 2), 0, (1, 0)], [0, (0, -1), 0, (0, -1), 0], [0, 0, (1, 2), 0, 0], [0, 0, (0, -1), (1, 2), (2, 3)]]","[[(2, 3), 0, 0, (2, 2), 0], [0, (1, 1), (1, 2), 0, (1, 0)], [0, (0, -1), 0, (0, -1), 0], [0, 0, 0, 0, 0], [0, 0, (1, 2), (1, 2), (2, 3)]]",,,,,,,,,,,,,,,,,,,,,,,,,,,,,,,,,,,,,,,,,,,,,,,,,,,,,,,,,,,,,,,,,,,,,,,,,,,,,,,,,,,,,,,,,,,,,,,,,,,,,,,,,,,,,,,,,,,,,,,,,,,,,,,,,,,,,,,,,,,,,,,,,,,,,,,,,,,,,,,,,,,,,,,,,,,,,,,,,,,,,,,,,,,,,,,,,,,,,,,,,,,,,,,,,,,,,,,,,,,,,,,,,,,,,,,,,,,,,,,,,,,,,,,,,,,,,,,,,,,,,,,,,,,,,,,,,,,,,,,,,,,,,,,,,,,,,,,,,,,,,,,,,,,,,,,,,,,,,,,,,,,,,,,,,,,,,,,,,,,,,,,,,,,,,,,,,,,,,,,,,,,,,,,,,,,,,,,,,,,,,,,,,,,,,,,,,,,,,,,,,,,,,,,,,,,,,,,,,,,,,,,,,,,,,,,,,,,,,,,,,,,,,,,,,,,,,,,,,,,,,,,,,,,,,,,,,,,,,,,,,,,,,,,,,,,,,,,,,,,,,,,,,,,,,,,,,,,,,,,,,,,,,,,,,,,,,,,,,,,,,,,,,,,,,,,,,,,,,,,,,,,,,,,,,,,,,,,,,,,,,,,,,,,,,,,,,,,,,,,,,,,,,,,,,,,,,,,,,,,,,,,,,,,,,,,,,,,,,,,,,,,,,,,,,,,,,,,,,,,,,,,,,,,,,,,,,,,,,,,,,,,,,,,,,,,,,,,,,,,,,,,,,,,,,,,,,,,,,,,,,,,,,,,,,,,,,,,,,,,,,,,,,,,,,,,,,,,,,,,,,,,,,,,,,,,,,,,,,,,,,,,,,,,,,,,,,,,,,,,,,,,,,,,,,,,,,,,,,,,,,,,,,,,,,,,,,,,,,,,,,,,,,,,,,,,,,,,,,,,,,,,,,,,,,,,,,,,,,,,,,,,,,,,,,,,,,,,,,,,,,,,,,,,,,,,,,,,,,,,,,,,,,,,,,,,,,,,,,,,,,,,,,,,,,,,,,,,,,,,,,,,,,,,
47,state,ia,ia,3,"(1, ('e', 0, 2, 2))","(2, ('e', 0, 4, 1))","(1, ('e', 0, 2, 2))","(2, ('e', 2, 4, 0))","(1, ('e', 0, 2, 2))","(2, ('m', 0, 4, 3))","(1, ('e', 3, 0, 1))","(2, ('t', 0, 3, 0))","(1, ('e', 0, 2, 2))","(2, ('t', 0, 3, 2))","(1, ('a', 0, 2))","(2, ('t', 0, 3, 0))","(1, ('e', 0, 2, 2))","(2, ('t', 0, 3, 2))","(1, ('a', 0, 2))","(2, ('t', 0, 3, 0))","(1, ('e', 0, 2, 2))","(2, ('e', 2, 0, 1))","(1, ('a', 0, 2))","(2, ('t', 0, 3, 2))","(1, ('e', 0, 2, 2))","(2, ('m', 2, 4, 0))","(1, ('a', 0, 2))","(2, ('t', 0, 3, 0))","(1, ('m', 3, 0, 1))","(2, ('t', 0, 3, 2))","(1, ('e', 0, 2, 1))","(2, ('e', 3, 0, 2))","(1, ('a', 0, 2))","(2, ('t', 0, 3, 0))","(1, ('e', 0, 2, 2))","(2, ('t', 0, 3, 2))","(1, ('a', 0, 2))","(2, ('m', 2, 0, 0))","(1, ('m', 3, 2, 1))","(2, ('t', 0, 3, 0))","(1, ('e', 0, 2, 2))","(2, ('t', 0, 3, 2))","(1, ('a', 0, 2))","(2, ('t', 0, 3, 0))","(1, ('e', 0, 2, 2))","(2, ('t', 0, 3, 2))","(1, ('a', 0, 2))","(2, ('t', 0, 3, 0))","(1, ('e', 0, 2, 2))","(2, ('t', 0, 3, 2))","(1, ('a', 0, 2))","(2, ('t', 0, 3, 0))","(1, ('e', 0, 4, 0))",,,,,,,,,,,,,,,,,,,,,,,,,,,,,,,,,,,,,,,,,,,,,,,,,,,,,,,,,,,,,,,,,,,,,,,,,,,,,,,,,,,,,,,,,,,,,,,,,,,,,,,,,,,,,,,,,,,,,,,,,,,,,,,,,,,,,,,,,,,,,,,,,,,,,,,,,,,,,,,,,,,,,,,,,,,,,,,,,,,,,,,,,,,,,,,,,,,,,,,,,,,,,,,,,,,,,,,,,,,,,,,,,,,,,,,,,,,,,,,,,,,,,,,,,,,,,,,,,,,,,,,,,,,,,,,,,,,,,,,,,,,,,,,,,,,,,,,,,,,,,,,,,,,,,,,,,,,,,,,,,,,,,,,,,,,,,,,,,,,,,,,,,,,,,,,,,,,,,,,,,,,,,,,,,,,,,,,,,,,,,,,,,,,,,,,,,,,,,,,,,,,,,,,,,,,,,,,,,,,,,,,,,,,,,,,,,,,,,,,,,,,,,,,,,,,,,,,,,,,,,,,,,,,,,,,,,,,,,,,,,,,,,,,,,,,,,,,,,,,,,,,,,,,,,,,,,,,,,,,,,,,,,,,,,,,,,,,,,,,,,,,,,,,,,,,,,,,,,,,,,,,,,,,,,,,,,,,,,,,,,,,,,,,,,,,,,,,,,,,,,,,,,,,,,,,,,,,,,,,,,,,,,,,,,,,,,,,,,,,,,,,,,,,,,,,,,,,,,,,,,,,,,,,,,,,,,,,,,,,,,,,,,,,,,,,,,,,,,,,,,,,,,,,,,,,,,,,,,,,,,,,,,,,,,,,,,,,,,,,,,,,,,,,,,,,,,,,,,,,,,,,,,,,,,,,,,,,,,,,,,,,,,,,,,,,,,,,,,,,,,,,,,,,,,,,,,,,,,,,,,,,,,,,,,,,,,,,,,,,,,,,,,,,,,,,,,,,,,,,,,,,,,,,,,,,,,,,,,,,,,,,,,,,,,,,,,,,,,,,,,,,,,,,,,,,,,,,,,,,,,,,,,,,,,,,,,,,,,,,,,,,,,,,
48,move,ia,ia,3,"[[0, 0, (1, 2), 0, 0], [0, 0, 0, 0, 0], [0, (0, -1), (0, -1), (0, -1), 0], [0, 0, 0, 0, 0], [0, 0, 0, 0, 0]]","[[0, 0, (1, 2), 0, (2, 1)], [0, 0, 0, 0, 0], [0, (0, -1), (0, -1), (0, -1), 0], [0, 0, 0, 0, 0], [0, 0, 0, 0, 0]]","[[0, 0, (1, 2), 0, (2, 1)], [0, 0, (1, 2), 0, 0], [0, (0, -1), (0, -1), (0, -1), 0], [0, 0, 0, 0, 0], [0, 0, 0, 0, 0]]","[[0, 0, (1, 2), 0, (2, 1)], [0, 0, (1, 2), 0, 0], [0, (0, -1), (0, -1), (0, -1), (2, 0)], [0, 0, 0, 0, 0], [0, 0, 0, 0, 0]]","[[0, 0, (1, 2), 0, (2, 1)], [0, 0, (1, 2), 0, 0], [0, (0, -1), (1, 2), (0, -1), (2, 0)], [0, 0, (0, -1), 0, 0], [0, 0, 0, 0, 0]]","[[0, 0, (1, 2), (2, 1), 0], [0, 0, (1, 2), 0, 0], [0, (0, -1), (1, 2), (0, -1), (2, 0)], [0, 0, (0, -1), 0, 0], [0, 0, 0, 0, 0]]","[[0, 0, (1, 2), (2, 1), 0], [0, 0, (1, 2), 0, 0], [0, (0, -1), (1, 2), (0, -1), (2, 0)], [(1, 1), 0, (0, -1), 0, 0], [0, 0, 0, 0, 0]]","[[0, 0, (1, 2), (2, 0), 0], [0, 0, (1, 2), 0, 0], [0, (0, -1), (1, 2), (0, -1), (2, 0)], [(1, 1), 0, (0, -1), 0, 0], [0, 0, 0, 0, 0]]","[[0, 0, (1, 2), (2, 0), 0], [0, 0, (1, 2), 0, 0], [0, (0, -1), (1, 2), (0, -1), (2, 0)], [(1, 1), 0, (1, 2), 0, 0], [0, 0, (0, -1), 0, 0]]","[[0, 0, (1, 2), (2, 2), 0], [0, 0, (1, 2), 0, 0], [0, (0, -1), (1, 2), (0, -1), (2, 0)], [(1, 1), 0, (1, 2), 0, 0], [0, 0, (0, -1), 0, 0]]","[[0, 0, 0, (2, 2), 0], [0, 0, (1, 2), 0, 0], [0, (0, -1), (1, 2), (0, -1), (2, 0)], [(1, 1), 0, (1, 2), 0, 0], [0, 0, (0, -1), 0, 0]]","[[0, 0, 0, (2, 0), 0], [0, 0, (1, 2), 0, 0], [0, (0, -1), (1, 2), (0, -1), (2, 0)], [(1, 1), 0, (1, 2), 0, 0], [0, 0, (0, -1), 0, 0]]","[[0, 0, (1, 2), (2, 0), 0], [0, 0, (1, 2), 0, 0], [0, (0, -1), (1, 2), (0, -1), (2, 0)], [(1, 1), 0, (1, 2), 0, 0], [0, 0, (0, -1), 0, 0]]","[[0, 0, (1, 2), (2, 2), 0], [0, 0, (1, 2), 0, 0], [0, (0, -1), (1, 2), (0, -1), (2, 0)], [(1, 1), 0, (1, 2), 0, 0], [0, 0, (0, -1), 0, 0]]","[[0, 0, 0, (2, 2), 0], [0, 0, (1, 2), 0, 0], [0, (0, -1), (1, 2), (0, -1), (2, 0)], [(1, 1), 0, (1, 2), 0, 0], [0, 0, (0, -1), 0, 0]]","[[0, 0, 0, (2, 0), 0], [0, 0, (1, 2), 0, 0], [0, (0, -1), (1, 2), (0, -1), (2, 0)], [(1, 1), 0, (1, 2), 0, 0], [0, 0, (0, -1), 0, 0]]","[[0, 0, (1, 2), (2, 0), 0], [0, 0, (1, 2), 0, 0], [0, (0, -1), (1, 2), (0, -1), (2, 0)], [(1, 1), 0, (1, 2), 0, 0], [0, 0, (0, -1), 0, 0]]","[[0, 0, (1, 2), (2, 0), 0], [0, 0, (1, 2), 0, 0], [(2, 1), (0, -1), (1, 2), (0, -1), (2, 0)], [(1, 1), 0, (1, 2), 0, 0], [0, 0, (0, -1), 0, 0]]","[[0, 0, 0, (2, 0), 0], [0, 0, (1, 2), 0, 0], [(2, 1), (0, -1), (1, 2), (0, -1), (2, 0)], [(1, 1), 0, (1, 2), 0, 0], [0, 0, (0, -1), 0, 0]]","[[0, 0, 0, (2, 2), 0], [0, 0, (1, 2), 0, 0], [(2, 1), (0, -1), (1, 2), (0, -1), (2, 0)], [(1, 1), 0, (1, 2), 0, 0], [0, 0, (0, -1), 0, 0]]","[[0, 0, (1, 2), (2, 2), 0], [0, 0, (1, 2), 0, 0], [(2, 1), (0, -1), (1, 2), (0, -1), (2, 0)], [(1, 1), 0, (1, 2), 0, 0], [0, 0, (0, -1), 0, 0]]","[[0, 0, (1, 2), (2, 2), 0], [0, 0, (1, 2), 0, (2, 0)], [(2, 1), (0, -1), (1, 2), (0, -1), 0], [(1, 1), 0, (1, 2), 0, 0], [0, 0, (0, -1), 0, 0]]","[[0, 0, 0, (2, 2), 0], [0, 0, (1, 2), 0, (2, 0)], [(2, 1), (0, -1), (1, 2), (0, -1), 0], [(1, 1), 0, (1, 2), 0, 0], [0, 0, (0, -1), 0, 0]]","[[0, 0, 0, (2, 0), 0], [0, 0, (1, 2), 0, (2, 0)], [(2, 1), (0, -1), (1, 2), (0, -1), 0], [(1, 1), 0, (1, 2), 0, 0], [0, 0, (0, -1), 0, 0]]","[[0, 0, 0, (2, 0), 0], [0, 0, (1, 2), 0, (2, 0)], [(2, 1), (0, -1), (1, 2), (0, -1), 0], [0, (1, 1), (1, 2), 0, 0], [0, 0, (0, -1), 0, 0]]","[[0, 0, 0, (2, 2), 0], [0, 0, (1, 2), 0, (2, 0)], [(2, 1), (0, -1), (1, 2), (0, -1), 0], [0, (1, 1), (1, 2), 0, 0], [0, 0, (0, -1), 0, 0]]","[[0, 0, (1, 1), (2, 2), 0], [0, 0, (1, 2), 0, (2, 0)], [(2, 1), (0, -1), (1, 2), (0, -1), 0], [0, (1, 1), (1, 2), 0, 0], [0, 0, (0, -1), 0, 0]]","[[0, 0, (1, 1), (2, 2), 0], [0, 0, (1, 2), 0, (2, 0)], [(2, 1), (0, -1), (1, 2), (0, -1), 0], [(2, 2), (1, 1), (1, 2), 0, 0], [0, 0, (0, -1), 0, 0]]","[[0, 0, 0, (2, 2), 0], [0, 0, (1, 2), 0, (2, 0)], [(2, 1), (0, -1), (1, 2), (0, -1), 0], [(2, 2), (1, 1), (1, 2), 0, 0], [0, 0, (0, -1), 0, 0]]","[[0, 0, 0, (2, 0), 0], [0, 0, (1, 2), 0, (2, 0)], [(2, 1), (0, -1), (1, 2), (0, -1), 0], [(2, 2), (1, 1), (1, 2), 0, 0], [0, 0, (0, -1), 0, 0]]","[[0, 0, (1, 2), (2, 0), 0], [0, 0, (1, 2), 0, (2, 0)], [(2, 1), (0, -1), (1, 2), (0, -1), 0], [(2, 2), (1, 1), (1, 2), 0, 0], [0, 0, (0, -1), 0, 0]]","[[0, 0, (1, 2), (2, 2), 0], [0, 0, (1, 2), 0, (2, 0)], [(2, 1), (0, -1), (1, 2), (0, -1), 0], [(2, 2), (1, 1), (1, 2), 0, 0], [0, 0, (0, -1), 0, 0]]","[[0, 0, 0, (2, 2), 0], [0, 0, (1, 2), 0, (2, 0)], [(2, 1), (0, -1), (1, 2), (0, -1), 0], [(2, 2), (1, 1), (1, 2), 0, 0], [0, 0, (0, -1), 0, 0]]","[[0, 0, 0, (2, 2), 0], [(2, 1), 0, (1, 2), 0, (2, 0)], [0, (0, -1), (1, 2), (0, -1), 0], [(2, 2), (1, 1), (1, 2), 0, 0], [0, 0, (0, -1), 0, 0]]","[[0, 0, 0, (2, 2), 0], [(2, 1), 0, (1, 2), 0, (2, 0)], [0, (0, -1), (1, 2), (0, -1), 0], [(2, 2), (1, 1), 0, (1, 2), 0], [0, 0, (0, -1), 0, 0]]","[[0, 0, 0, (2, 0), 0], [(2, 1), 0, (1, 2), 0, (2, 0)], [0, (0, -1), (1, 2), (0, -1), 0], [(2, 2), (1, 1), 0, (1, 2), 0], [0, 0, (0, -1), 0, 0]]","[[0, 0, (1, 2), (2, 0), 0], [(2, 1), 0, (1, 2), 0, (2, 0)], [0, (0, -1), (1, 2), (0, -1), 0], [(2, 2), (1, 1), 0, (1, 2), 0], [0, 0, (0, -1), 0, 0]]","[[0, 0, (1, 2), (2, 2), 0], [(2, 1), 0, (1, 2), 0, (2, 0)], [0, (0, -1), (1, 2), (0, -1), 0], [(2, 2), (1, 1), 0, (1, 2), 0], [0, 0, (0, -1), 0, 0]]","[[0, 0, 0, (2, 2), 0], [(2, 1), 0, (1, 2), 0, (2, 0)], [0, (0, -1), (1, 2), (0, -1), 0], [(2, 2), (1, 1), 0, (1, 2), 0], [0, 0, (0, -1), 0, 0]]","[[0, 0, 0, (2, 0), 0], [(2, 1), 0, (1, 2), 0, (2, 0)], [0, (0, -1), (1, 2), (0, -1), 0], [(2, 2), (1, 1), 0, (1, 2), 0], [0, 0, (0, -1), 0, 0]]","[[0, 0, (1, 2), (2, 0), 0], [(2, 1), 0, (1, 2), 0, (2, 0)], [0, (0, -1), (1, 2), (0, -1), 0], [(2, 2), (1, 1), 0, (1, 2), 0], [0, 0, (0, -1), 0, 0]]","[[0, 0, (1, 2), (2, 2), 0], [(2, 1), 0, (1, 2), 0, (2, 0)], [0, (0, -1), (1, 2), (0, -1), 0], [(2, 2), (1, 1), 0, (1, 2), 0], [0, 0, (0, -1), 0, 0]]","[[0, 0, 0, (2, 2), 0], [(2, 1), 0, (1, 2), 0, (2, 0)], [0, (0, -1), (1, 2), (0, -1), 0], [(2, 2), (1, 1), 0, (1, 2), 0], [0, 0, (0, -1), 0, 0]]","[[0, 0, 0, (2, 0), 0], [(2, 1), 0, (1, 2), 0, (2, 0)], [0, (0, -1), (1, 2), (0, -1), 0], [(2, 2), (1, 1), 0, (1, 2), 0], [0, 0, (0, -1), 0, 0]]","[[0, 0, (1, 2), (2, 0), 0], [(2, 1), 0, (1, 2), 0, (2, 0)], [0, (0, -1), (1, 2), (0, -1), 0], [(2, 2), (1, 1), 0, (1, 2), 0], [0, 0, (0, -1), 0, 0]]","[[0, 0, (1, 2), (2, 2), 0], [(2, 1), 0, (1, 2), 0, (2, 0)], [0, (0, -1), (1, 2), (0, -1), 0], [(2, 2), (1, 1), 0, (1, 2), 0], [0, 0, (0, -1), 0, 0]]","[[0, 0, 0, (2, 2), 0], [(2, 1), 0, (1, 2), 0, (2, 0)], [0, (0, -1), (1, 2), (0, -1), 0], [(2, 2), (1, 1), 0, (1, 2), 0], [0, 0, (0, -1), 0, 0]]","[[0, 0, 0, (2, 0), 0], [(2, 1), 0, (1, 2), 0, (2, 0)], [0, (0, -1), (1, 2), (0, -1), 0], [(2, 2), (1, 1), 0, (1, 2), 0], [0, 0, (0, -1), 0, 0]]","[[0, 0, 0, (2, 0), (1, 0)], [(2, 1), 0, (1, 2), 0, (2, 0)], [0, (0, -1), (1, 2), (0, -1), 0], [(2, 2), (1, 1), 0, (1, 2), 0], [0, 0, (0, -1), 0, 0]]",,,,,,,,,,,,,,,,,,,,,,,,,,,,,,,,,,,,,,,,,,,,,,,,,,,,,,,,,,,,,,,,,,,,,,,,,,,,,,,,,,,,,,,,,,,,,,,,,,,,,,,,,,,,,,,,,,,,,,,,,,,,,,,,,,,,,,,,,,,,,,,,,,,,,,,,,,,,,,,,,,,,,,,,,,,,,,,,,,,,,,,,,,,,,,,,,,,,,,,,,,,,,,,,,,,,,,,,,,,,,,,,,,,,,,,,,,,,,,,,,,,,,,,,,,,,,,,,,,,,,,,,,,,,,,,,,,,,,,,,,,,,,,,,,,,,,,,,,,,,,,,,,,,,,,,,,,,,,,,,,,,,,,,,,,,,,,,,,,,,,,,,,,,,,,,,,,,,,,,,,,,,,,,,,,,,,,,,,,,,,,,,,,,,,,,,,,,,,,,,,,,,,,,,,,,,,,,,,,,,,,,,,,,,,,,,,,,,,,,,,,,,,,,,,,,,,,,,,,,,,,,,,,,,,,,,,,,,,,,,,,,,,,,,,,,,,,,,,,,,,,,,,,,,,,,,,,,,,,,,,,,,,,,,,,,,,,,,,,,,,,,,,,,,,,,,,,,,,,,,,,,,,,,,,,,,,,,,,,,,,,,,,,,,,,,,,,,,,,,,,,,,,,,,,,,,,,,,,,,,,,,,,,,,,,,,,,,,,,,,,,,,,,,,,,,,,,,,,,,,,,,,,,,,,,,,,,,,,,,,,,,,,,,,,,,,,,,,,,,,,,,,,,,,,,,,,,,,,,,,,,,,,,,,,,,,,,,,,,,,,,,,,,,,,,,,,,,,,,,,,,,,,,,,,,,,,,,,,,,,,,,,,,,,,,,,,,,,,,,,,,,,,,,,,,,,,,,,,,,,,,,,,,,,,,,,,,,,,,,,,,,,,,,,,,,,,,,,,,,,,,,,,,,,,,,,,,,,,,,,,,,,,,,,,,,,,,,,,,,,,,,,,,,,,,,,,,,,,,,,,,,,,,,,,,,,,,,,,,,,,,,,,,,
49,state,ia,ia,1,"(1, ('e', 0, 2, 2))","(2, ('e', 0, 1, 1))","(1, ('e', 0, 2, 2))","(2, ('e', 1, 4, 1))","(1, ('e', 0, 2, 2))","(2, ('e', 0, 4, 1))","(1, ('e', 0, 2, 2))","(2, ('e', 2, 0, 0))","(1, ('e', 0, 2, 2))",,,,,,,,,,,,,,,,,,,,,,,,,,,,,,,,,,,,,,,,,,,,,,,,,,,,,,,,,,,,,,,,,,,,,,,,,,,,,,,,,,,,,,,,,,,,,,,,,,,,,,,,,,,,,,,,,,,,,,,,,,,,,,,,,,,,,,,,,,,,,,,,,,,,,,,,,,,,,,,,,,,,,,,,,,,,,,,,,,,,,,,,,,,,,,,,,,,,,,,,,,,,,,,,,,,,,,,,,,,,,,,,,,,,,,,,,,,,,,,,,,,,,,,,,,,,,,,,,,,,,,,,,,,,,,,,,,,,,,,,,,,,,,,,,,,,,,,,,,,,,,,,,,,,,,,,,,,,,,,,,,,,,,,,,,,,,,,,,,,,,,,,,,,,,,,,,,,,,,,,,,,,,,,,,,,,,,,,,,,,,,,,,,,,,,,,,,,,,,,,,,,,,,,,,,,,,,,,,,,,,,,,,,,,,,,,,,,,,,,,,,,,,,,,,,,,,,,,,,,,,,,,,,,,,,,,,,,,,,,,,,,,,,,,,,,,,,,,,,,,,,,,,,,,,,,,,,,,,,,,,,,,,,,,,,,,,,,,,,,,,,,,,,,,,,,,,,,,,,,,,,,,,,,,,,,,,,,,,,,,,,,,,,,,,,,,,,,,,,,,,,,,,,,,,,,,,,,,,,,,,,,,,,,,,,,,,,,,,,,,,,,,,,,,,,,,,,,,,,,,,,,,,,,,,,,,,,,,,,,,,,,,,,,,,,,,,,,,,,,,,,,,,,,,,,,,,,,,,,,,,,,,,,,,,,,,,,,,,,,,,,,,,,,,,,,,,,,,,,,,,,,,,,,,,,,,,,,,,,,,,,,,,,,,,,,,,,,,,,,,,,,,,,,,,,,,,,,,,,,,,,,,,,,,,,,,,,,,,,,,,,,,,,,,,,,,,,,,,,,,,,,,,,,,,,,,,,,,,,,,,,,,,,,,,,,,,,,,,,,,,,,,,,,,,,,,,,,,,,,,,,,,,,,,,,,,,,,,,,,,,,,,,,,,,,,,,,,,,,,,,,,,,,,,,,,,,,,,,,,,,,,,,,,
50,move,ia,ia,1,"[[0, 0, (1, 2), 0, 0], [0, 0, 0, 0, 0], [0, (0, -1), (0, -1), (0, -1), 0], [0, 0, 0, 0, 0], [0, 0, 0, 0, 0]]","[[0, (2, 1), (1, 2), 0, 0], [0, 0, 0, 0, 0], [0, (0, -1), (0, -1), (0, -1), 0], [0, 0, 0, 0, 0], [0, 0, 0, 0, 0]]","[[0, (2, 1), (1, 2), 0, 0], [0, 0, (1, 2), 0, 0], [0, (0, -1), (0, -1), (0, -1), 0], [0, 0, 0, 0, 0], [0, 0, 0, 0, 0]]","[[0, (2, 1), (1, 2), 0, 0], [0, 0, (1, 2), 0, (2, 1)], [0, (0, -1), (0, -1), (0, -1), 0], [0, 0, 0, 0, 0], [0, 0, 0, 0, 0]]","[[0, (2, 1), (1, 2), 0, 0], [0, 0, (1, 2), 0, (2, 1)], [0, (0, -1), (1, 2), (0, -1), 0], [0, 0, (0, -1), 0, 0], [0, 0, 0, 0, 0]]","[[0, (2, 1), (1, 2), 0, (2, 1)], [0, 0, (1, 2), 0, (2, 1)], [0, (0, -1), (1, 2), (0, -1), 0], [0, 0, (0, -1), 0, 0], [0, 0, 0, 0, 0]]","[[0, (2, 1), (1, 2), 0, (2, 1)], [0, 0, (1, 2), 0, (2, 1)], [0, (0, -1), (1, 2), (0, -1), 0], [0, 0, (1, 2), 0, 0], [0, 0, (0, -1), 0, 0]]","[[0, (2, 1), (1, 2), 0, (2, 1)], [0, 0, (1, 2), 0, (2, 1)], [(2, 0), (0, -1), (1, 2), (0, -1), 0], [0, 0, (1, 2), 0, 0], [0, 0, (0, -1), 0, 0]]","[[0, (2, 1), (1, 2), 0, (2, 1)], [0, 0, (1, 2), 0, (2, 1)], [(2, 0), (0, -1), (1, 2), (0, -1), 0], [0, 0, (1, 2), 0, 0], [0, 0, (1, 2), 0, 0]]",,,,,,,,,,,,,,,,,,,,,,,,,,,,,,,,,,,,,,,,,,,,,,,,,,,,,,,,,,,,,,,,,,,,,,,,,,,,,,,,,,,,,,,,,,,,,,,,,,,,,,,,,,,,,,,,,,,,,,,,,,,,,,,,,,,,,,,,,,,,,,,,,,,,,,,,,,,,,,,,,,,,,,,,,,,,,,,,,,,,,,,,,,,,,,,,,,,,,,,,,,,,,,,,,,,,,,,,,,,,,,,,,,,,,,,,,,,,,,,,,,,,,,,,,,,,,,,,,,,,,,,,,,,,,,,,,,,,,,,,,,,,,,,,,,,,,,,,,,,,,,,,,,,,,,,,,,,,,,,,,,,,,,,,,,,,,,,,,,,,,,,,,,,,,,,,,,,,,,,,,,,,,,,,,,,,,,,,,,,,,,,,,,,,,,,,,,,,,,,,,,,,,,,,,,,,,,,,,,,,,,,,,,,,,,,,,,,,,,,,,,,,,,,,,,,,,,,,,,,,,,,,,,,,,,,,,,,,,,,,,,,,,,,,,,,,,,,,,,,,,,,,,,,,,,,,,,,,,,,,,,,,,,,,,,,,,,,,,,,,,,,,,,,,,,,,,,,,,,,,,,,,,,,,,,,,,,,,,,,,,,,,,,,,,,,,,,,,,,,,,,,,,,,,,,,,,,,,,,,,,,,,,,,,,,,,,,,,,,,,,,,,,,,,,,,,,,,,,,,,,,,,,,,,,,,,,,,,,,,,,,,,,,,,,,,,,,,,,,,,,,,,,,,,,,,,,,,,,,,,,,,,,,,,,,,,,,,,,,,,,,,,,,,,,,,,,,,,,,,,,,,,,,,,,,,,,,,,,,,,,,,,,,,,,,,,,,,,,,,,,,,,,,,,,,,,,,,,,,,,,,,,,,,,,,,,,,,,,,,,,,,,,,,,,,,,,,,,,,,,,,,,,,,,,,,,,,,,,,,,,,,,,,,,,,,,,,,,,,,,,,,,,,,,,,,,,,,,,,,,,,,,,,,,,,,,,,,,,,,,,,,,,,,,,,,,,,,,,,,,,,,,,,,,,,,,,,,,,,,,,,,,,,,
51,state,ia,ia,3,"(1, ('e', 4, 0, 3))","(2, ('e', 1, 0, 2))","(1, ('e', 2, 0, 3))","(2, ('e', 0, 1, 1))","(1, ('e', 0, 2, 2))","(2, ('e', 0, 4, 1))","(1, ('e', 0, 2, 2))","(2, ('e', 3, 4, 1))","(1, ('e', 0, 2, 2))","(2, ('a', 3, 4))","(1, ('m', 1, 2, 1))","(2, ('e', 3, 4, 1))","(1, ('a', 0, 2))","(2, ('a', 3, 4))","(1, ('e', 0, 2, 2))","(2, ('m', 0, 4, 3))","(1, ('a', 0, 2))","(2, ('t', 0, 3, 0))","(1, ('e', 0, 2, 2))","(2, ('t', 0, 3, 2))","(1, ('a', 0, 2))","(2, ('t', 0, 3, 0))","(1, ('e', 0, 2, 2))","(2, ('t', 0, 3, 2))","(1, ('a', 0, 2))","(2, ('t', 0, 3, 0))","(1, ('e', 0, 2, 2))","(2, ('t', 0, 3, 2))","(1, ('a', 0, 2))","(2, ('t', 0, 3, 0))","(1, ('e', 0, 2, 2))","(2, ('t', 0, 3, 2))","(1, ('a', 0, 2))","(2, ('t', 0, 3, 0))","(1, ('e', 3, 0, 1))","(2, ('t', 0, 3, 2))","(1, ('t', 3, 0, 0))","(2, ('t', 0, 3, 0))","(1, ('t', 1, 3, 0))","(2, ('t', 0, 3, 2))","(1, ('m', 3, 0, 1))","(2, ('t', 0, 3, 0))","(1, ('a', 2, 0))","(2, ('t', 0, 3, 2))","(1, ('e', 0, 2, 2))","(2, ('t', 0, 3, 0))","(1, ('a', 0, 2))","(2, ('t', 0, 3, 2))","(1, ('e', 0, 2, 2))",,,,,,,,,,,,,,,,,,,,,,,,,,,,,,,,,,,,,,,,,,,,,,,,,,,,,,,,,,,,,,,,,,,,,,,,,,,,,,,,,,,,,,,,,,,,,,,,,,,,,,,,,,,,,,,,,,,,,,,,,,,,,,,,,,,,,,,,,,,,,,,,,,,,,,,,,,,,,,,,,,,,,,,,,,,,,,,,,,,,,,,,,,,,,,,,,,,,,,,,,,,,,,,,,,,,,,,,,,,,,,,,,,,,,,,,,,,,,,,,,,,,,,,,,,,,,,,,,,,,,,,,,,,,,,,,,,,,,,,,,,,,,,,,,,,,,,,,,,,,,,,,,,,,,,,,,,,,,,,,,,,,,,,,,,,,,,,,,,,,,,,,,,,,,,,,,,,,,,,,,,,,,,,,,,,,,,,,,,,,,,,,,,,,,,,,,,,,,,,,,,,,,,,,,,,,,,,,,,,,,,,,,,,,,,,,,,,,,,,,,,,,,,,,,,,,,,,,,,,,,,,,,,,,,,,,,,,,,,,,,,,,,,,,,,,,,,,,,,,,,,,,,,,,,,,,,,,,,,,,,,,,,,,,,,,,,,,,,,,,,,,,,,,,,,,,,,,,,,,,,,,,,,,,,,,,,,,,,,,,,,,,,,,,,,,,,,,,,,,,,,,,,,,,,,,,,,,,,,,,,,,,,,,,,,,,,,,,,,,,,,,,,,,,,,,,,,,,,,,,,,,,,,,,,,,,,,,,,,,,,,,,,,,,,,,,,,,,,,,,,,,,,,,,,,,,,,,,,,,,,,,,,,,,,,,,,,,,,,,,,,,,,,,,,,,,,,,,,,,,,,,,,,,,,,,,,,,,,,,,,,,,,,,,,,,,,,,,,,,,,,,,,,,,,,,,,,,,,,,,,,,,,,,,,,,,,,,,,,,,,,,,,,,,,,,,,,,,,,,,,,,,,,,,,,,,,,,,,,,,,,,,,,,,,,,,,,,,,,,,,,,,,,,,,,,,,,,,,,,,,,,,,,,,,,,,,,,,,,,,,,,,,,,
52,move,ia,ia,3,"[[0, 0, 0, 0, 0], [0, 0, 0, 0, 0], [0, (0, -1), (0, -1), (0, -1), 0], [0, 0, 0, 0, 0], [(1, 3), 0, 0, 0, 0]]","[[0, 0, 0, 0, 0], [(2, 2), 0, 0, 0, 0], [0, (0, -1), (0, -1), (0, -1), 0], [0, 0, 0, 0, 0], [(1, 3), 0, 0, 0, 0]]","[[0, 0, 0, 0, 0], [(2, 2), 0, 0, 0, 0], [(1, 3), (0, -1), (0, -1), (0, -1), 0], [0, 0, 0, 0, 0], [(1, 3), 0, 0, 0, 0]]","[[0, (2, 1), 0, 0, 0], [(2, 2), 0, 0, 0, 0], [(1, 3), (0, -1), (0, -1), (0, -1), 0], [0, 0, 0, 0, 0], [(1, 3), 0, 0, 0, 0]]","[[0, (2, 1), (1, 2), 0, 0], [(2, 2), 0, 0, 0, 0], [(1, 3), (0, -1), (0, -1), (0, -1), 0], [0, 0, 0, 0, 0], [(1, 3), 0, 0, 0, 0]]","[[0, (2, 1), (1, 2), 0, (2, 1)], [(2, 2), 0, 0, 0, 0], [(1, 3), (0, -1), (0, -1), (0, -1), 0], [0, 0, 0, 0, 0], [(1, 3), 0, 0, 0, 0]]","[[0, (2, 1), (1, 2), 0, (2, 1)], [(2, 2), 0, (1, 2), 0, 0], [(1, 3), (0, -1), (0, -1), (0, -1), 0], [0, 0, 0, 0, 0], [(1, 3), 0, 0, 0, 0]]","[[0, (2, 1), (1, 2), 0, (2, 1)], [(2, 2), 0, (1, 2), 0, 0], [(1, 3), (0, -1), (0, -1), (0, -1), 0], [0, 0, 0, 0, (2, 1)], [(1, 3), 0, 0, 0, 0]]","[[0, (2, 1), (1, 2), 0, (2, 1)], [(2, 2), 0, (1, 2), 0, 0], [(1, 3), (0, -1), (1, 2), (0, -1), 0], [0, 0, (0, -1), 0, (2, 1)], [(1, 3), 0, 0, 0, 0]]","[[0, (2, 1), (1, 2), 0, (2, 1)], [(2, 2), 0, (1, 2), 0, 0], [(1, 3), (0, -1), (1, 2), (0, -1), 0], [0, 0, (0, -1), 0, 0], [(1, 3), 0, 0, 0, 0]]","[[0, (2, 1), (1, 2), 0, (2, 1)], [(2, 2), 0, 0, (1, 2), 0], [(1, 3), (0, -1), (1, 2), (0, -1), 0], [0, 0, (0, -1), 0, 0], [(1, 3), 0, 0, 0, 0]]","[[0, (2, 1), (1, 2), 0, (2, 1)], [(2, 2), 0, 0, (1, 2), 0], [(1, 3), (0, -1), (1, 2), (0, -1), 0], [0, 0, (0, -1), 0, (2, 1)], [(1, 3), 0, 0, 0, 0]]","[[0, (2, 1), 0, 0, (2, 1)], [(2, 2), 0, 0, (1, 2), 0], [(1, 3), (0, -1), (1, 2), (0, -1), 0], [0, 0, (0, -1), 0, (2, 1)], [(1, 3), 0, 0, 0, 0]]","[[0, (2, 1), 0, 0, (2, 1)], [(2, 2), 0, 0, (1, 2), 0], [(1, 3), (0, -1), (1, 2), (0, -1), 0], [0, 0, (0, -1), 0, 0], [(1, 3), 0, 0, 0, 0]]","[[0, (2, 1), (1, 2), 0, (2, 1)], [(2, 2), 0, 0, (1, 2), 0], [(1, 3), (0, -1), (1, 2), (0, -1), 0], [0, 0, (0, -1), 0, 0], [(1, 3), 0, 0, 0, 0]]","[[0, (2, 1), (1, 2), (2, 1), 0], [(2, 2), 0, 0, (1, 2), 0], [(1, 3), (0, -1), (1, 2), (0, -1), 0], [0, 0, (0, -1), 0, 0], [(1, 3), 0, 0, 0, 0]]","[[0, (2, 1), 0, (2, 1), 0], [(2, 2), 0, 0, (1, 2), 0], [(1, 3), (0, -1), (1, 2), (0, -1), 0], [0, 0, (0, -1), 0, 0], [(1, 3), 0, 0, 0, 0]]","[[0, (2, 1), 0, (2, 0), 0], [(2, 2), 0, 0, (1, 2), 0], [(1, 3), (0, -1), (1, 2), (0, -1), 0], [0, 0, (0, -1), 0, 0], [(1, 3), 0, 0, 0, 0]]","[[0, (2, 1), (1, 2), (2, 0), 0], [(2, 2), 0, 0, (1, 2), 0], [(1, 3), (0, -1), (1, 2), (0, -1), 0], [0, 0, (0, -1), 0, 0], [(1, 3), 0, 0, 0, 0]]","[[0, (2, 1), (1, 2), (2, 2), 0], [(2, 2), 0, 0, (1, 2), 0], [(1, 3), (0, -1), (1, 2), (0, -1), 0], [0, 0, (0, -1), 0, 0], [(1, 3), 0, 0, 0, 0]]","[[0, (2, 1), 0, (2, 2), 0], [(2, 2), 0, 0, (1, 2), 0], [(1, 3), (0, -1), (1, 2), (0, -1), 0], [0, 0, (0, -1), 0, 0], [(1, 3), 0, 0, 0, 0]]","[[0, (2, 1), 0, (2, 0), 0], [(2, 2), 0, 0, (1, 2), 0], [(1, 3), (0, -1), (1, 2), (0, -1), 0], [0, 0, (0, -1), 0, 0], [(1, 3), 0, 0, 0, 0]]","[[0, (2, 1), (1, 2), (2, 0), 0], [(2, 2), 0, 0, (1, 2), 0], [(1, 3), (0, -1), (1, 2), (0, -1), 0], [0, 0, (0, -1), 0, 0], [(1, 3), 0, 0, 0, 0]]","[[0, (2, 1), (1, 2), (2, 2), 0], [(2, 2), 0, 0, (1, 2), 0], [(1, 3), (0, -1), (1, 2), (0, -1), 0], [0, 0, (0, -1), 0, 0], [(1, 3), 0, 0, 0, 0]]","[[0, (2, 1), 0, (2, 2), 0], [(2, 2), 0, 0, (1, 2), 0], [(1, 3), (0, -1), (1, 2), (0, -1), 0], [0, 0, (0, -1), 0, 0], [(1, 3), 0, 0, 0, 0]]","[[0, (2, 1), 0, (2, 0), 0], [(2, 2), 0, 0, (1, 2), 0], [(1, 3), (0, -1), (1, 2), (0, -1), 0], [0, 0, (0, -1), 0, 0], [(1, 3), 0, 0, 0, 0]]","[[0, (2, 1), (1, 2), (2, 0), 0], [(2, 2), 0, 0, (1, 2), 0], [(1, 3), (0, -1), (1, 2), (0, -1), 0], [0, 0, (0, -1), 0, 0], [(1, 3), 0, 0, 0, 0]]","[[0, (2, 1), (1, 2), (2, 2), 0], [(2, 2), 0, 0, (1, 2), 0], [(1, 3), (0, -1), (1, 2), (0, -1), 0], [0, 0, (0, -1), 0, 0], [(1, 3), 0, 0, 0, 0]]","[[0, (2, 1), 0, (2, 2), 0], [(2, 2), 0, 0, (1, 2), 0], [(1, 3), (0, -1), (1, 2), (0, -1), 0], [0, 0, (0, -1), 0, 0], [(1, 3), 0, 0, 0, 0]]","[[0, (2, 1), 0, (2, 0), 0], [(2, 2), 0, 0, (1, 2), 0], [(1, 3), (0, -1), (1, 2), (0, -1), 0], [0, 0, (0, -1), 0, 0], [(1, 3), 0, 0, 0, 0]]","[[0, (2, 1), (1, 2), (2, 0), 0], [(2, 2), 0, 0, (1, 2), 0], [(1, 3), (0, -1), (1, 2), (0, -1), 0], [0, 0, (0, -1), 0, 0], [(1, 3), 0, 0, 0, 0]]","[[0, (2, 1), (1, 2), (2, 2), 0], [(2, 2), 0, 0, (1, 2), 0], [(1, 3), (0, -1), (1, 2), (0, -1), 0], [0, 0, (0, -1), 0, 0], [(1, 3), 0, 0, 0, 0]]","[[0, (2, 1), 0, (2, 2), 0], [(2, 2), 0, 0, (1, 2), 0], [(1, 3), (0, -1), (1, 2), (0, -1), 0], [0, 0, (0, -1), 0, 0], [(1, 3), 0, 0, 0, 0]]","[[0, (2, 1), 0, (2, 0), 0], [(2, 2), 0, 0, (1, 2), 0], [(1, 3), (0, -1), (1, 2), (0, -1), 0], [0, 0, (0, -1), 0, 0], [(1, 3), 0, 0, 0, 0]]","[[0, (2, 1), 0, (2, 0), 0], [(2, 2), 0, 0, (1, 2), 0], [(1, 3), (0, -1), (1, 2), (0, -1), 0], [(1, 1), 0, (0, -1), 0, 0], [(1, 3), 0, 0, 0, 0]]","[[0, (2, 1), 0, (2, 2), 0], [(2, 2), 0, 0, (1, 2), 0], [(1, 3), (0, -1), (1, 2), (0, -1), 0], [(1, 1), 0, (0, -1), 0, 0], [(1, 3), 0, 0, 0, 0]]","[[0, (2, 1), 0, (2, 2), 0], [(2, 2), 0, 0, (1, 2), 0], [(1, 3), (0, -1), (1, 2), (0, -1), 0], [(1, 0), 0, (0, -1), 0, 0], [(1, 3), 0, 0, 0, 0]]","[[0, (2, 1), 0, (2, 0), 0], [(2, 2), 0, 0, (1, 2), 0], [(1, 3), (0, -1), (1, 2), (0, -1), 0], [(1, 0), 0, (0, -1), 0, 0], [(1, 3), 0, 0, 0, 0]]","[[0, (2, 1), 0, (2, 0), 0], [(2, 2), 0, 0, (1, 0), 0], [(1, 3), (0, -1), (1, 2), (0, -1), 0], [(1, 0), 0, (0, -1), 0, 0], [(1, 3), 0, 0, 0, 0]]","[[0, (2, 1), 0, (2, 2), 0], [(2, 2), 0, 0, (1, 0), 0], [(1, 3), (0, -1), (1, 2), (0, -1), 0], [(1, 0), 0, (0, -1), 0, 0], [(1, 3), 0, 0, 0, 0]]","[[0, (2, 1), 0, (2, 2), 0], [(2, 2), 0, 0, (1, 0), 0], [(1, 3), (0, -1), (1, 2), (0, -1), 0], [0, (1, 0), (0, -1), 0, 0], [(1, 3), 0, 0, 0, 0]]","[[0, (2, 1), 0, (2, 0), 0], [(2, 2), 0, 0, (1, 0), 0], [(1, 3), (0, -1), (1, 2), (0, -1), 0], [0, (1, 0), (0, -1), 0, 0], [(1, 3), 0, 0, 0, 0]]","[[0, (2, 1), 0, (2, 0), 0], [(2, 2), 0, 0, (1, 0), 0], [0, (0, -1), (1, 2), (0, -1), 0], [0, (1, 0), (0, -1), 0, 0], [(1, 3), 0, 0, 0, 0]]","[[0, (2, 1), 0, (2, 2), 0], [(2, 2), 0, 0, (1, 0), 0], [0, (0, -1), (1, 2), (0, -1), 0], [0, (1, 0), (0, -1), 0, 0], [(1, 3), 0, 0, 0, 0]]","[[0, (2, 1), (1, 2), (2, 2), 0], [(2, 2), 0, 0, (1, 0), 0], [0, (0, -1), (1, 2), (0, -1), 0], [0, (1, 0), (0, -1), 0, 0], [(1, 3), 0, 0, 0, 0]]","[[0, (2, 1), (1, 2), (2, 0), 0], [(2, 2), 0, 0, (1, 0), 0], [0, (0, -1), (1, 2), (0, -1), 0], [0, (1, 0), (0, -1), 0, 0], [(1, 3), 0, 0, 0, 0]]","[[0, (2, 1), 0, (2, 0), 0], [(2, 2), 0, 0, (1, 0), 0], [0, (0, -1), (1, 2), (0, -1), 0], [0, (1, 0), (0, -1), 0, 0], [(1, 3), 0, 0, 0, 0]]","[[0, (2, 1), 0, (2, 2), 0], [(2, 2), 0, 0, (1, 0), 0], [0, (0, -1), (1, 2), (0, -1), 0], [0, (1, 0), (0, -1), 0, 0], [(1, 3), 0, 0, 0, 0]]","[[0, (2, 1), (1, 2), (2, 2), 0], [(2, 2), 0, 0, (1, 0), 0], [0, (0, -1), (1, 2), (0, -1), 0], [0, (1, 0), (0, -1), 0, 0], [(1, 3), 0, 0, 0, 0]]",,,,,,,,,,,,,,,,,,,,,,,,,,,,,,,,,,,,,,,,,,,,,,,,,,,,,,,,,,,,,,,,,,,,,,,,,,,,,,,,,,,,,,,,,,,,,,,,,,,,,,,,,,,,,,,,,,,,,,,,,,,,,,,,,,,,,,,,,,,,,,,,,,,,,,,,,,,,,,,,,,,,,,,,,,,,,,,,,,,,,,,,,,,,,,,,,,,,,,,,,,,,,,,,,,,,,,,,,,,,,,,,,,,,,,,,,,,,,,,,,,,,,,,,,,,,,,,,,,,,,,,,,,,,,,,,,,,,,,,,,,,,,,,,,,,,,,,,,,,,,,,,,,,,,,,,,,,,,,,,,,,,,,,,,,,,,,,,,,,,,,,,,,,,,,,,,,,,,,,,,,,,,,,,,,,,,,,,,,,,,,,,,,,,,,,,,,,,,,,,,,,,,,,,,,,,,,,,,,,,,,,,,,,,,,,,,,,,,,,,,,,,,,,,,,,,,,,,,,,,,,,,,,,,,,,,,,,,,,,,,,,,,,,,,,,,,,,,,,,,,,,,,,,,,,,,,,,,,,,,,,,,,,,,,,,,,,,,,,,,,,,,,,,,,,,,,,,,,,,,,,,,,,,,,,,,,,,,,,,,,,,,,,,,,,,,,,,,,,,,,,,,,,,,,,,,,,,,,,,,,,,,,,,,,,,,,,,,,,,,,,,,,,,,,,,,,,,,,,,,,,,,,,,,,,,,,,,,,,,,,,,,,,,,,,,,,,,,,,,,,,,,,,,,,,,,,,,,,,,,,,,,,,,,,,,,,,,,,,,,,,,,,,,,,,,,,,,,,,,,,,,,,,,,,,,,,,,,,,,,,,,,,,,,,,,,,,,,,,,,,,,,,,,,,,,,,,,,,,,,,,,,,,,,,,,,,,,,,,,,,,,,,,,,,,,,,,,,,,,,,,,,,,,,,,,,,,,,,,,,,,,,,,,,,,,,,,,,,,,,,,,,,,,,,,,,,,,,,,,,,,,,,,,,,,,,,,,,,,,,,,,,,,,
53,state,ia,ia,1,"(1, ('e', 0, 2, 2))","(2, ('e', 0, 4, 1))","(1, ('e', 0, 2, 2))","(2, ('m', 0, 4, 2))","(1, ('e', 0, 2, 2))","(2, ('e', 4, 3, 0))","(1, ('e', 0, 2, 2))","(2, ('t', 1, 4, 2))","(1, ('e', 0, 2, 2))",,,,,,,,,,,,,,,,,,,,,,,,,,,,,,,,,,,,,,,,,,,,,,,,,,,,,,,,,,,,,,,,,,,,,,,,,,,,,,,,,,,,,,,,,,,,,,,,,,,,,,,,,,,,,,,,,,,,,,,,,,,,,,,,,,,,,,,,,,,,,,,,,,,,,,,,,,,,,,,,,,,,,,,,,,,,,,,,,,,,,,,,,,,,,,,,,,,,,,,,,,,,,,,,,,,,,,,,,,,,,,,,,,,,,,,,,,,,,,,,,,,,,,,,,,,,,,,,,,,,,,,,,,,,,,,,,,,,,,,,,,,,,,,,,,,,,,,,,,,,,,,,,,,,,,,,,,,,,,,,,,,,,,,,,,,,,,,,,,,,,,,,,,,,,,,,,,,,,,,,,,,,,,,,,,,,,,,,,,,,,,,,,,,,,,,,,,,,,,,,,,,,,,,,,,,,,,,,,,,,,,,,,,,,,,,,,,,,,,,,,,,,,,,,,,,,,,,,,,,,,,,,,,,,,,,,,,,,,,,,,,,,,,,,,,,,,,,,,,,,,,,,,,,,,,,,,,,,,,,,,,,,,,,,,,,,,,,,,,,,,,,,,,,,,,,,,,,,,,,,,,,,,,,,,,,,,,,,,,,,,,,,,,,,,,,,,,,,,,,,,,,,,,,,,,,,,,,,,,,,,,,,,,,,,,,,,,,,,,,,,,,,,,,,,,,,,,,,,,,,,,,,,,,,,,,,,,,,,,,,,,,,,,,,,,,,,,,,,,,,,,,,,,,,,,,,,,,,,,,,,,,,,,,,,,,,,,,,,,,,,,,,,,,,,,,,,,,,,,,,,,,,,,,,,,,,,,,,,,,,,,,,,,,,,,,,,,,,,,,,,,,,,,,,,,,,,,,,,,,,,,,,,,,,,,,,,,,,,,,,,,,,,,,,,,,,,,,,,,,,,,,,,,,,,,,,,,,,,,,,,,,,,,,,,,,,,,,,,,,,,,,,,,,,,,,,,,,,,,,,,,,,,,,,,,,,,,,,,,,,,,,,,,,,,,,,,,,,,,,,,,,,,,,,,,,,,,,,,,,,,,,,,,,
54,move,ia,ia,1,"[[0, 0, (1, 2), 0, 0], [0, 0, 0, 0, 0], [0, (0, -1), (0, -1), (0, -1), 0], [0, 0, 0, 0, 0], [0, 0, 0, 0, 0]]","[[0, 0, (1, 2), 0, (2, 1)], [0, 0, 0, 0, 0], [0, (0, -1), (0, -1), (0, -1), 0], [0, 0, 0, 0, 0], [0, 0, 0, 0, 0]]","[[0, 0, (1, 2), 0, (2, 1)], [0, 0, (1, 2), 0, 0], [0, (0, -1), (0, -1), (0, -1), 0], [0, 0, 0, 0, 0], [0, 0, 0, 0, 0]]","[[0, 0, (1, 2), 0, 0], [0, 0, (1, 2), 0, (2, 1)], [0, (0, -1), (0, -1), (0, -1), 0], [0, 0, 0, 0, 0], [0, 0, 0, 0, 0]]","[[0, 0, (1, 2), 0, 0], [0, 0, (1, 2), 0, (2, 1)], [0, (0, -1), (1, 2), (0, -1), 0], [0, 0, (0, -1), 0, 0], [0, 0, 0, 0, 0]]","[[0, 0, (1, 2), 0, 0], [0, 0, (1, 2), 0, (2, 1)], [0, (0, -1), (1, 2), (0, -1), 0], [0, 0, (0, -1), 0, 0], [0, 0, 0, (2, 0), 0]]","[[0, 0, (1, 2), 0, 0], [0, 0, (1, 2), 0, (2, 1)], [0, (0, -1), (1, 2), (0, -1), 0], [0, 0, (1, 2), 0, 0], [0, 0, (0, -1), (2, 0), 0]]","[[0, 0, (1, 2), 0, 0], [0, 0, (1, 2), 0, (2, 2)], [0, (0, -1), (1, 2), (0, -1), 0], [0, 0, (1, 2), 0, 0], [0, 0, (0, -1), (2, 0), 0]]","[[0, 0, (1, 2), 0, 0], [0, 0, (1, 2), 0, (2, 2)], [0, (0, -1), (1, 2), (0, -1), 0], [0, 0, (1, 2), 0, 0], [0, 0, (1, 2), (2, 0), 0]]",,,,,,,,,,,,,,,,,,,,,,,,,,,,,,,,,,,,,,,,,,,,,,,,,,,,,,,,,,,,,,,,,,,,,,,,,,,,,,,,,,,,,,,,,,,,,,,,,,,,,,,,,,,,,,,,,,,,,,,,,,,,,,,,,,,,,,,,,,,,,,,,,,,,,,,,,,,,,,,,,,,,,,,,,,,,,,,,,,,,,,,,,,,,,,,,,,,,,,,,,,,,,,,,,,,,,,,,,,,,,,,,,,,,,,,,,,,,,,,,,,,,,,,,,,,,,,,,,,,,,,,,,,,,,,,,,,,,,,,,,,,,,,,,,,,,,,,,,,,,,,,,,,,,,,,,,,,,,,,,,,,,,,,,,,,,,,,,,,,,,,,,,,,,,,,,,,,,,,,,,,,,,,,,,,,,,,,,,,,,,,,,,,,,,,,,,,,,,,,,,,,,,,,,,,,,,,,,,,,,,,,,,,,,,,,,,,,,,,,,,,,,,,,,,,,,,,,,,,,,,,,,,,,,,,,,,,,,,,,,,,,,,,,,,,,,,,,,,,,,,,,,,,,,,,,,,,,,,,,,,,,,,,,,,,,,,,,,,,,,,,,,,,,,,,,,,,,,,,,,,,,,,,,,,,,,,,,,,,,,,,,,,,,,,,,,,,,,,,,,,,,,,,,,,,,,,,,,,,,,,,,,,,,,,,,,,,,,,,,,,,,,,,,,,,,,,,,,,,,,,,,,,,,,,,,,,,,,,,,,,,,,,,,,,,,,,,,,,,,,,,,,,,,,,,,,,,,,,,,,,,,,,,,,,,,,,,,,,,,,,,,,,,,,,,,,,,,,,,,,,,,,,,,,,,,,,,,,,,,,,,,,,,,,,,,,,,,,,,,,,,,,,,,,,,,,,,,,,,,,,,,,,,,,,,,,,,,,,,,,,,,,,,,,,,,,,,,,,,,,,,,,,,,,,,,,,,,,,,,,,,,,,,,,,,,,,,,,,,,,,,,,,,,,,,,,,,,,,,,,,,,,,,,,,,,,,,,,,,,,,,,,,,,,,,,,,,,,,,,,,,,,,,,,,,,,,,,,,,,,,,,,,,,
55,state,ia,ia,3,"(1, ('e', 4, 0, 2))","(2, ('e', 4, 2, 0))","(1, ('e', 0, 2, 2))","(2, ('e', 0, 1, 0))","(1, ('e', 0, 2, 2))","(2, ('e', 0, 4, 1))","(1, ('e', 0, 2, 2))","(2, ('e', 3, 4, 1))","(1, ('e', 0, 2, 2))","(2, ('m', 0, 4, 3))","(1, ('a', 0, 2))","(2, ('t', 0, 3, 0))","(1, ('t', 3, 2, 0))","(2, ('t', 0, 3, 2))","(1, ('t', 4, 0, 1))","(2, ('t', 0, 3, 0))","(1, ('m', 1, 2, 3))","(2, ('t', 0, 3, 2))","(1, ('e', 0, 2, 2))","(2, ('t', 0, 3, 0))","(1, ('a', 0, 2))","(2, ('t', 0, 3, 2))","(1, ('e', 0, 2, 2))","(2, ('t', 0, 3, 0))","(1, ('a', 0, 2))","(2, ('t', 0, 3, 2))","(1, ('e', 0, 2, 2))","(2, ('t', 0, 3, 0))","(1, ('a', 0, 2))","(2, ('t', 0, 1, 1))","(1, ('e', 0, 2, 2))","(2, ('t', 0, 3, 2))","(1, ('a', 0, 2))","(2, ('t', 0, 3, 0))","(1, ('e', 0, 2, 2))","(2, ('t', 0, 3, 2))","(1, ('a', 0, 2))","(2, ('t', 0, 3, 0))","(1, ('e', 0, 2, 2))","(2, ('e', 2, 4, 1))","(1, ('a', 0, 2))","(2, ('t', 0, 3, 2))","(1, ('e', 0, 2, 2))","(2, ('t', 0, 3, 0))","(1, ('m', 1, 1, 3))","(2, ('t', 0, 3, 2))","(1, ('a', 0, 2))","(2, ('t', 0, 3, 0))","(1, ('e', 0, 2, 2))",,,,,,,,,,,,,,,,,,,,,,,,,,,,,,,,,,,,,,,,,,,,,,,,,,,,,,,,,,,,,,,,,,,,,,,,,,,,,,,,,,,,,,,,,,,,,,,,,,,,,,,,,,,,,,,,,,,,,,,,,,,,,,,,,,,,,,,,,,,,,,,,,,,,,,,,,,,,,,,,,,,,,,,,,,,,,,,,,,,,,,,,,,,,,,,,,,,,,,,,,,,,,,,,,,,,,,,,,,,,,,,,,,,,,,,,,,,,,,,,,,,,,,,,,,,,,,,,,,,,,,,,,,,,,,,,,,,,,,,,,,,,,,,,,,,,,,,,,,,,,,,,,,,,,,,,,,,,,,,,,,,,,,,,,,,,,,,,,,,,,,,,,,,,,,,,,,,,,,,,,,,,,,,,,,,,,,,,,,,,,,,,,,,,,,,,,,,,,,,,,,,,,,,,,,,,,,,,,,,,,,,,,,,,,,,,,,,,,,,,,,,,,,,,,,,,,,,,,,,,,,,,,,,,,,,,,,,,,,,,,,,,,,,,,,,,,,,,,,,,,,,,,,,,,,,,,,,,,,,,,,,,,,,,,,,,,,,,,,,,,,,,,,,,,,,,,,,,,,,,,,,,,,,,,,,,,,,,,,,,,,,,,,,,,,,,,,,,,,,,,,,,,,,,,,,,,,,,,,,,,,,,,,,,,,,,,,,,,,,,,,,,,,,,,,,,,,,,,,,,,,,,,,,,,,,,,,,,,,,,,,,,,,,,,,,,,,,,,,,,,,,,,,,,,,,,,,,,,,,,,,,,,,,,,,,,,,,,,,,,,,,,,,,,,,,,,,,,,,,,,,,,,,,,,,,,,,,,,,,,,,,,,,,,,,,,,,,,,,,,,,,,,,,,,,,,,,,,,,,,,,,,,,,,,,,,,,,,,,,,,,,,,,,,,,,,,,,,,,,,,,,,,,,,,,,,,,,,,,,,,,,,,,,,,,,,,,,,,,,,,,,,,,,,,,,,,,,,,,,,,,,,,,,,,,,,,,,,,,,,,,,,,,,
56,move,ia,ia,3,"[[0, 0, 0, 0, 0], [0, 0, 0, 0, 0], [0, (0, -1), (0, -1), (0, -1), 0], [0, 0, 0, 0, 0], [(1, 2), 0, 0, 0, 0]]","[[0, 0, 0, 0, 0], [0, 0, 0, 0, 0], [0, (0, -1), (0, -1), (0, -1), 0], [0, 0, 0, 0, 0], [(1, 2), 0, (2, 0), 0, 0]]","[[0, 0, (1, 2), 0, 0], [0, 0, 0, 0, 0], [0, (0, -1), (0, -1), (0, -1), 0], [0, 0, 0, 0, 0], [(1, 2), 0, (2, 0), 0, 0]]","[[0, (2, 0), (1, 2), 0, 0], [0, 0, 0, 0, 0], [0, (0, -1), (0, -1), (0, -1), 0], [0, 0, 0, 0, 0], [(1, 2), 0, (2, 0), 0, 0]]","[[0, (2, 0), (1, 2), 0, 0], [0, 0, (1, 2), 0, 0], [0, (0, -1), (0, -1), (0, -1), 0], [0, 0, 0, 0, 0], [(1, 2), 0, (2, 0), 0, 0]]","[[0, (2, 0), (1, 2), 0, (2, 1)], [0, 0, (1, 2), 0, 0], [0, (0, -1), (0, -1), (0, -1), 0], [0, 0, 0, 0, 0], [(1, 2), 0, (2, 0), 0, 0]]","[[0, (2, 0), (1, 2), 0, (2, 1)], [0, 0, (1, 2), 0, 0], [0, (0, -1), (1, 2), (0, -1), 0], [0, 0, (0, -1), 0, 0], [(1, 2), 0, (2, 0), 0, 0]]","[[0, (2, 0), (1, 2), 0, (2, 1)], [0, 0, (1, 2), 0, 0], [0, (0, -1), (1, 2), (0, -1), 0], [0, 0, (0, -1), 0, (2, 1)], [(1, 2), 0, (2, 0), 0, 0]]","[[0, (2, 0), (1, 2), 0, (2, 1)], [0, 0, (1, 2), 0, 0], [0, (0, -1), (1, 2), (0, -1), 0], [0, 0, (1, 2), 0, (2, 1)], [(1, 2), 0, (0, -1), 0, 0]]","[[0, (2, 0), (1, 2), (2, 1), 0], [0, 0, (1, 2), 0, 0], [0, (0, -1), (1, 2), (0, -1), 0], [0, 0, (1, 2), 0, (2, 1)], [(1, 2), 0, (0, -1), 0, 0]]","[[0, (2, 0), 0, (2, 1), 0], [0, 0, (1, 2), 0, 0], [0, (0, -1), (1, 2), (0, -1), 0], [0, 0, (1, 2), 0, (2, 1)], [(1, 2), 0, (0, -1), 0, 0]]","[[0, (2, 0), 0, (2, 0), 0], [0, 0, (1, 2), 0, 0], [0, (0, -1), (1, 2), (0, -1), 0], [0, 0, (1, 2), 0, (2, 1)], [(1, 2), 0, (0, -1), 0, 0]]","[[0, (2, 0), 0, (2, 0), 0], [0, 0, (1, 2), 0, 0], [0, (0, -1), (1, 2), (0, -1), 0], [0, 0, (1, 0), 0, (2, 1)], [(1, 2), 0, (0, -1), 0, 0]]","[[0, (2, 0), 0, (2, 2), 0], [0, 0, (1, 2), 0, 0], [0, (0, -1), (1, 2), (0, -1), 0], [0, 0, (1, 0), 0, (2, 1)], [(1, 2), 0, (0, -1), 0, 0]]","[[0, (2, 0), 0, (2, 2), 0], [0, 0, (1, 2), 0, 0], [0, (0, -1), (1, 2), (0, -1), 0], [0, 0, (1, 0), 0, (2, 1)], [(1, 1), 0, (0, -1), 0, 0]]","[[0, (2, 0), 0, (2, 0), 0], [0, 0, (1, 2), 0, 0], [0, (0, -1), (1, 2), (0, -1), 0], [0, 0, (1, 0), 0, (2, 1)], [(1, 1), 0, (0, -1), 0, 0]]","[[0, (2, 0), 0, (2, 0), 0], [0, (1, 2), 0, 0, 0], [0, (0, -1), (1, 2), (0, -1), 0], [0, 0, (1, 0), 0, (2, 1)], [(1, 1), 0, (0, -1), 0, 0]]","[[0, (2, 0), 0, (2, 2), 0], [0, (1, 2), 0, 0, 0], [0, (0, -1), (1, 2), (0, -1), 0], [0, 0, (1, 0), 0, (2, 1)], [(1, 1), 0, (0, -1), 0, 0]]","[[0, (2, 0), (1, 2), (2, 2), 0], [0, (1, 2), 0, 0, 0], [0, (0, -1), (1, 2), (0, -1), 0], [0, 0, (1, 0), 0, (2, 1)], [(1, 1), 0, (0, -1), 0, 0]]","[[0, (2, 0), (1, 2), (2, 0), 0], [0, (1, 2), 0, 0, 0], [0, (0, -1), (1, 2), (0, -1), 0], [0, 0, (1, 0), 0, (2, 1)], [(1, 1), 0, (0, -1), 0, 0]]","[[0, (2, 0), 0, (2, 0), 0], [0, (1, 2), 0, 0, 0], [0, (0, -1), (1, 2), (0, -1), 0], [0, 0, (1, 0), 0, (2, 1)], [(1, 1), 0, (0, -1), 0, 0]]","[[0, (2, 0), 0, (2, 2), 0], [0, (1, 2), 0, 0, 0], [0, (0, -1), (1, 2), (0, -1), 0], [0, 0, (1, 0), 0, (2, 1)], [(1, 1), 0, (0, -1), 0, 0]]","[[0, (2, 0), (1, 2), (2, 2), 0], [0, (1, 2), 0, 0, 0], [0, (0, -1), (1, 2), (0, -1), 0], [0, 0, (1, 0), 0, (2, 1)], [(1, 1), 0, (0, -1), 0, 0]]","[[0, (2, 0), (1, 2), (2, 0), 0], [0, (1, 2), 0, 0, 0], [0, (0, -1), (1, 2), (0, -1), 0], [0, 0, (1, 0), 0, (2, 1)], [(1, 1), 0, (0, -1), 0, 0]]","[[0, (2, 0), 0, (2, 0), 0], [0, (1, 2), 0, 0, 0], [0, (0, -1), (1, 2), (0, -1), 0], [0, 0, (1, 0), 0, (2, 1)], [(1, 1), 0, (0, -1), 0, 0]]","[[0, (2, 0), 0, (2, 2), 0], [0, (1, 2), 0, 0, 0], [0, (0, -1), (1, 2), (0, -1), 0], [0, 0, (1, 0), 0, (2, 1)], [(1, 1), 0, (0, -1), 0, 0]]","[[0, (2, 0), (1, 2), (2, 2), 0], [0, (1, 2), 0, 0, 0], [0, (0, -1), (1, 2), (0, -1), 0], [0, 0, (1, 0), 0, (2, 1)], [(1, 1), 0, (0, -1), 0, 0]]","[[0, (2, 0), (1, 2), (2, 0), 0], [0, (1, 2), 0, 0, 0], [0, (0, -1), (1, 2), (0, -1), 0], [0, 0, (1, 0), 0, (2, 1)], [(1, 1), 0, (0, -1), 0, 0]]","[[0, (2, 0), 0, (2, 0), 0], [0, (1, 2), 0, 0, 0], [0, (0, -1), (1, 2), (0, -1), 0], [0, 0, (1, 0), 0, (2, 1)], [(1, 1), 0, (0, -1), 0, 0]]","[[0, (2, 1), 0, (2, 0), 0], [0, (1, 2), 0, 0, 0], [0, (0, -1), (1, 2), (0, -1), 0], [0, 0, (1, 0), 0, (2, 1)], [(1, 1), 0, (0, -1), 0, 0]]","[[0, (2, 1), (1, 2), (2, 0), 0], [0, (1, 2), 0, 0, 0], [0, (0, -1), (1, 2), (0, -1), 0], [0, 0, (1, 0), 0, (2, 1)], [(1, 1), 0, (0, -1), 0, 0]]","[[0, (2, 1), (1, 2), (2, 2), 0], [0, (1, 2), 0, 0, 0], [0, (0, -1), (1, 2), (0, -1), 0], [0, 0, (1, 0), 0, (2, 1)], [(1, 1), 0, (0, -1), 0, 0]]","[[0, (2, 1), 0, (2, 2), 0], [0, (1, 2), 0, 0, 0], [0, (0, -1), (1, 2), (0, -1), 0], [0, 0, (1, 0), 0, (2, 1)], [(1, 1), 0, (0, -1), 0, 0]]","[[0, (2, 1), 0, (2, 0), 0], [0, (1, 2), 0, 0, 0], [0, (0, -1), (1, 2), (0, -1), 0], [0, 0, (1, 0), 0, (2, 1)], [(1, 1), 0, (0, -1), 0, 0]]","[[0, (2, 1), (1, 2), (2, 0), 0], [0, (1, 2), 0, 0, 0], [0, (0, -1), (1, 2), (0, -1), 0], [0, 0, (1, 0), 0, (2, 1)], [(1, 1), 0, (0, -1), 0, 0]]","[[0, (2, 1), (1, 2), (2, 2), 0], [0, (1, 2), 0, 0, 0], [0, (0, -1), (1, 2), (0, -1), 0], [0, 0, (1, 0), 0, (2, 1)], [(1, 1), 0, (0, -1), 0, 0]]","[[0, (2, 1), 0, (2, 2), 0], [0, (1, 2), 0, 0, 0], [0, (0, -1), (1, 2), (0, -1), 0], [0, 0, (1, 0), 0, (2, 1)], [(1, 1), 0, (0, -1), 0, 0]]","[[0, (2, 1), 0, (2, 0), 0], [0, (1, 2), 0, 0, 0], [0, (0, -1), (1, 2), (0, -1), 0], [0, 0, (1, 0), 0, (2, 1)], [(1, 1), 0, (0, -1), 0, 0]]","[[0, (2, 1), (1, 2), (2, 0), 0], [0, (1, 2), 0, 0, 0], [0, (0, -1), (1, 2), (0, -1), 0], [0, 0, (1, 0), 0, (2, 1)], [(1, 1), 0, (0, -1), 0, 0]]","[[0, (2, 1), (1, 2), (2, 0), 0], [0, (1, 2), 0, 0, 0], [0, (0, -1), (1, 2), (0, -1), (2, 1)], [0, 0, (1, 0), 0, (2, 1)], [(1, 1), 0, (0, -1), 0, 0]]","[[0, (2, 1), 0, (2, 0), 0], [0, (1, 2), 0, 0, 0], [0, (0, -1), (1, 2), (0, -1), (2, 1)], [0, 0, (1, 0), 0, (2, 1)], [(1, 1), 0, (0, -1), 0, 0]]","[[0, (2, 1), 0, (2, 2), 0], [0, (1, 2), 0, 0, 0], [0, (0, -1), (1, 2), (0, -1), (2, 1)], [0, 0, (1, 0), 0, (2, 1)], [(1, 1), 0, (0, -1), 0, 0]]","[[0, (2, 1), (1, 2), (2, 2), 0], [0, (1, 2), 0, 0, 0], [0, (0, -1), (1, 2), (0, -1), (2, 1)], [0, 0, (1, 0), 0, (2, 1)], [(1, 1), 0, (0, -1), 0, 0]]","[[0, (2, 1), (1, 2), (2, 0), 0], [0, (1, 2), 0, 0, 0], [0, (0, -1), (1, 2), (0, -1), (2, 1)], [0, 0, (1, 0), 0, (2, 1)], [(1, 1), 0, (0, -1), 0, 0]]","[[0, (2, 1), (1, 2), (2, 0), 0], [(1, 2), 0, 0, 0, 0], [0, (0, -1), (1, 2), (0, -1), (2, 1)], [0, 0, (1, 0), 0, (2, 1)], [(1, 1), 0, (0, -1), 0, 0]]","[[0, (2, 1), (1, 2), (2, 2), 0], [(1, 2), 0, 0, 0, 0], [0, (0, -1), (1, 2), (0, -1), (2, 1)], [0, 0, (1, 0), 0, (2, 1)], [(1, 1), 0, (0, -1), 0, 0]]","[[0, (2, 1), 0, (2, 2), 0], [(1, 2), 0, 0, 0, 0], [0, (0, -1), (1, 2), (0, -1), (2, 1)], [0, 0, (1, 0), 0, (2, 1)], [(1, 1), 0, (0, -1), 0, 0]]","[[0, (2, 1), 0, (2, 0), 0], [(1, 2), 0, 0, 0, 0], [0, (0, -1), (1, 2), (0, -1), (2, 1)], [0, 0, (1, 0), 0, (2, 1)], [(1, 1), 0, (0, -1), 0, 0]]","[[0, (2, 1), (1, 2), (2, 0), 0], [(1, 2), 0, 0, 0, 0], [0, (0, -1), (1, 2), (0, -1), (2, 1)], [0, 0, (1, 0), 0, (2, 1)], [(1, 1), 0, (0, -1), 0, 0]]",,,,,,,,,,,,,,,,,,,,,,,,,,,,,,,,,,,,,,,,,,,,,,,,,,,,,,,,,,,,,,,,,,,,,,,,,,,,,,,,,,,,,,,,,,,,,,,,,,,,,,,,,,,,,,,,,,,,,,,,,,,,,,,,,,,,,,,,,,,,,,,,,,,,,,,,,,,,,,,,,,,,,,,,,,,,,,,,,,,,,,,,,,,,,,,,,,,,,,,,,,,,,,,,,,,,,,,,,,,,,,,,,,,,,,,,,,,,,,,,,,,,,,,,,,,,,,,,,,,,,,,,,,,,,,,,,,,,,,,,,,,,,,,,,,,,,,,,,,,,,,,,,,,,,,,,,,,,,,,,,,,,,,,,,,,,,,,,,,,,,,,,,,,,,,,,,,,,,,,,,,,,,,,,,,,,,,,,,,,,,,,,,,,,,,,,,,,,,,,,,,,,,,,,,,,,,,,,,,,,,,,,,,,,,,,,,,,,,,,,,,,,,,,,,,,,,,,,,,,,,,,,,,,,,,,,,,,,,,,,,,,,,,,,,,,,,,,,,,,,,,,,,,,,,,,,,,,,,,,,,,,,,,,,,,,,,,,,,,,,,,,,,,,,,,,,,,,,,,,,,,,,,,,,,,,,,,,,,,,,,,,,,,,,,,,,,,,,,,,,,,,,,,,,,,,,,,,,,,,,,,,,,,,,,,,,,,,,,,,,,,,,,,,,,,,,,,,,,,,,,,,,,,,,,,,,,,,,,,,,,,,,,,,,,,,,,,,,,,,,,,,,,,,,,,,,,,,,,,,,,,,,,,,,,,,,,,,,,,,,,,,,,,,,,,,,,,,,,,,,,,,,,,,,,,,,,,,,,,,,,,,,,,,,,,,,,,,,,,,,,,,,,,,,,,,,,,,,,,,,,,,,,,,,,,,,,,,,,,,,,,,,,,,,,,,,,,,,,,,,,,,,,,,,,,,,,,,,,,,,,,,,,,,,,,,,,,,,,,,,,,,,,,,,,,,,,,,,,,,,,,,,,,,,,,,,,,,,,,,,,,,,,,,
57,state,ia,ia,3,"(1, ('e', 0, 2, 2))","(2, ('e', 2, 4, 3))","(1, ('e', 0, 2, 2))","(2, ('e', 0, 4, 1))","(1, ('t', 1, 2, 0))","(2, ('m', 2, 4, 0))","(1, ('e', 4, 1, 1))","(2, ('m', 0, 4, 3))","(1, ('e', 0, 2, 2))","(2, ('e', 4, 1, 0))","(1, ('e', 0, 2, 2))","(2, ('t', 0, 3, 0))","(1, ('a', 0, 2))","(2, ('t', 0, 3, 2))","(1, ('e', 0, 2, 2))","(2, ('t', 0, 3, 0))","(1, ('a', 0, 2))","(2, ('t', 0, 3, 2))","(1, ('e', 0, 2, 2))","(2, ('t', 0, 3, 0))","(1, ('a', 0, 2))","(2, ('t', 0, 3, 2))","(1, ('e', 2, 0, 0))","(2, ('m', 4, 1, 3))","(1, ('m', 1, 2, 3))","(2, ('t', 0, 3, 0))","(1, ('m', 2, 2, 0))","(2, ('t', 0, 3, 2))","(1, ('t', 3, 1, 0))","(2, ('t', 0, 3, 0))","(1, ('t', 1, 2, 1))","(2, ('t', 0, 3, 2))","(1, ('m', 3, 1, 2))","(2, ('e', 3, 4, 2))","(1, ('t', 2, 0, 2))","(2, ('t', 0, 3, 0))","(1, ('t', 4, 1, 2))","(2, ('t', 0, 3, 2))","(1, ('m', 2, 0, 0))","(2, ('t', 0, 3, 0))","(1, ('m', 1, 2, 1))","(2, ('t', 0, 3, 2))","(1, ('t', 1, 1, 0))","(2, ('t', 0, 3, 0))","(1, ('t', 1, 0, 0))","(2, ('t', 0, 3, 2))","(1, ('t', 1, 3, 0))","(2, ('e', 2, 4, 2))","(1, ('a', 1, 0))","(2, ('t', 2, 4, 0))","(1, ('e', 0, 2, 2))",,,,,,,,,,,,,,,,,,,,,,,,,,,,,,,,,,,,,,,,,,,,,,,,,,,,,,,,,,,,,,,,,,,,,,,,,,,,,,,,,,,,,,,,,,,,,,,,,,,,,,,,,,,,,,,,,,,,,,,,,,,,,,,,,,,,,,,,,,,,,,,,,,,,,,,,,,,,,,,,,,,,,,,,,,,,,,,,,,,,,,,,,,,,,,,,,,,,,,,,,,,,,,,,,,,,,,,,,,,,,,,,,,,,,,,,,,,,,,,,,,,,,,,,,,,,,,,,,,,,,,,,,,,,,,,,,,,,,,,,,,,,,,,,,,,,,,,,,,,,,,,,,,,,,,,,,,,,,,,,,,,,,,,,,,,,,,,,,,,,,,,,,,,,,,,,,,,,,,,,,,,,,,,,,,,,,,,,,,,,,,,,,,,,,,,,,,,,,,,,,,,,,,,,,,,,,,,,,,,,,,,,,,,,,,,,,,,,,,,,,,,,,,,,,,,,,,,,,,,,,,,,,,,,,,,,,,,,,,,,,,,,,,,,,,,,,,,,,,,,,,,,,,,,,,,,,,,,,,,,,,,,,,,,,,,,,,,,,,,,,,,,,,,,,,,,,,,,,,,,,,,,,,,,,,,,,,,,,,,,,,,,,,,,,,,,,,,,,,,,,,,,,,,,,,,,,,,,,,,,,,,,,,,,,,,,,,,,,,,,,,,,,,,,,,,,,,,,,,,,,,,,,,,,,,,,,,,,,,,,,,,,,,,,,,,,,,,,,,,,,,,,,,,,,,,,,,,,,,,,,,,,,,,,,,,,,,,,,,,,,,,,,,,,,,,,,,,,,,,,,,,,,,,,,,,,,,,,,,,,,,,,,,,,,,,,,,,,,,,,,,,,,,,,,,,,,,,,,,,,,,,,,,,,,,,,,,,,,,,,,,,,,,,,,,,,,,,,,,,,,,,,,,,,,,,,,,,,,,,,,,,,,,,,,,,,,,,,,,,,,,,,,,,,,,,,,,,,,,,,,,,,,,,,,,,,,,,,,,,,,,,,,
58,move,ia,ia,3,"[[0, 0, (1, 2), 0, 0], [0, 0, 0, 0, 0], [0, (0, -1), (0, -1), (0, -1), 0], [0, 0, 0, 0, 0], [0, 0, 0, 0, 0]]","[[0, 0, (1, 2), 0, 0], [0, 0, 0, 0, 0], [0, (0, -1), (0, -1), (0, -1), (2, 3)], [0, 0, 0, 0, 0], [0, 0, 0, 0, 0]]","[[0, 0, (1, 2), 0, 0], [0, 0, (1, 2), 0, 0], [0, (0, -1), (0, -1), (0, -1), (2, 3)], [0, 0, 0, 0, 0], [0, 0, 0, 0, 0]]","[[0, 0, (1, 2), 0, (2, 1)], [0, 0, (1, 2), 0, 0], [0, (0, -1), (0, -1), (0, -1), (2, 3)], [0, 0, 0, 0, 0], [0, 0, 0, 0, 0]]","[[0, 0, (1, 2), 0, (2, 1)], [0, 0, (1, 0), 0, 0], [0, (0, -1), (0, -1), (0, -1), (2, 3)], [0, 0, 0, 0, 0], [0, 0, 0, 0, 0]]","[[0, 0, (1, 2), 0, (2, 1)], [0, 0, (1, 0), 0, (2, 3)], [0, (0, -1), (0, -1), (0, -1), 0], [0, 0, 0, 0, 0], [0, 0, 0, 0, 0]]","[[0, 0, (1, 2), 0, (2, 1)], [0, 0, (1, 0), 0, (2, 3)], [0, (0, -1), (0, -1), (0, -1), 0], [0, 0, 0, 0, 0], [0, (1, 1), 0, 0, 0]]","[[0, 0, (1, 2), (2, 1), 0], [0, 0, (1, 0), 0, (2, 3)], [0, (0, -1), (0, -1), (0, -1), 0], [0, 0, 0, 0, 0], [0, (1, 1), 0, 0, 0]]","[[0, 0, (1, 2), (2, 1), 0], [0, 0, (1, 2), 0, (2, 3)], [0, (0, -1), (1, 0), (0, -1), 0], [0, 0, (0, -1), 0, 0], [0, (1, 1), 0, 0, 0]]","[[0, 0, (1, 2), (2, 1), 0], [0, 0, (1, 2), 0, (2, 3)], [0, (0, -1), (1, 0), (0, -1), 0], [0, (1, 1), (0, -1), 0, 0], [0, (2, 0), 0, 0, 0]]","[[0, 0, (1, 2), (2, 1), 0], [0, 0, (1, 2), 0, (2, 3)], [0, (0, -1), (1, 2), (0, -1), 0], [0, (1, 1), (1, 0), 0, 0], [0, (2, 0), (0, -1), 0, 0]]","[[0, 0, (1, 2), (2, 0), 0], [0, 0, (1, 2), 0, (2, 3)], [0, (0, -1), (1, 2), (0, -1), 0], [0, (1, 1), (1, 0), 0, 0], [0, (2, 0), (0, -1), 0, 0]]","[[0, 0, 0, (2, 0), 0], [0, 0, (1, 2), 0, (2, 3)], [0, (0, -1), (1, 2), (0, -1), 0], [0, (1, 1), (1, 0), 0, 0], [0, (2, 0), (0, -1), 0, 0]]","[[0, 0, 0, (2, 2), 0], [0, 0, (1, 2), 0, (2, 3)], [0, (0, -1), (1, 2), (0, -1), 0], [0, (1, 1), (1, 0), 0, 0], [0, (2, 0), (0, -1), 0, 0]]","[[0, 0, (1, 2), (2, 2), 0], [0, 0, (1, 2), 0, (2, 3)], [0, (0, -1), (1, 2), (0, -1), 0], [0, (1, 1), (1, 0), 0, 0], [0, (2, 0), (0, -1), 0, 0]]","[[0, 0, (1, 2), (2, 0), 0], [0, 0, (1, 2), 0, (2, 3)], [0, (0, -1), (1, 2), (0, -1), 0], [0, (1, 1), (1, 0), 0, 0], [0, (2, 0), (0, -1), 0, 0]]","[[0, 0, 0, (2, 0), 0], [0, 0, (1, 2), 0, (2, 3)], [0, (0, -1), (1, 2), (0, -1), 0], [0, (1, 1), (1, 0), 0, 0], [0, (2, 0), (0, -1), 0, 0]]","[[0, 0, 0, (2, 2), 0], [0, 0, (1, 2), 0, (2, 3)], [0, (0, -1), (1, 2), (0, -1), 0], [0, (1, 1), (1, 0), 0, 0], [0, (2, 0), (0, -1), 0, 0]]","[[0, 0, (1, 2), (2, 2), 0], [0, 0, (1, 2), 0, (2, 3)], [0, (0, -1), (1, 2), (0, -1), 0], [0, (1, 1), (1, 0), 0, 0], [0, (2, 0), (0, -1), 0, 0]]","[[0, 0, (1, 2), (2, 0), 0], [0, 0, (1, 2), 0, (2, 3)], [0, (0, -1), (1, 2), (0, -1), 0], [0, (1, 1), (1, 0), 0, 0], [0, (2, 0), (0, -1), 0, 0]]","[[0, 0, 0, (2, 0), 0], [0, 0, (1, 2), 0, (2, 3)], [0, (0, -1), (1, 2), (0, -1), 0], [0, (1, 1), (1, 0), 0, 0], [0, (2, 0), (0, -1), 0, 0]]","[[0, 0, 0, (2, 2), 0], [0, 0, (1, 2), 0, (2, 3)], [0, (0, -1), (1, 2), (0, -1), 0], [0, (1, 1), (1, 0), 0, 0], [0, (2, 0), (0, -1), 0, 0]]","[[0, 0, 0, (2, 2), 0], [0, 0, (1, 2), 0, (2, 3)], [(1, 0), (0, -1), (1, 2), (0, -1), 0], [0, (1, 1), (1, 0), 0, 0], [0, (2, 0), (0, -1), 0, 0]]","[[0, 0, 0, (2, 2), 0], [0, 0, (1, 2), 0, (2, 3)], [(1, 0), (0, -1), (1, 2), (0, -1), 0], [0, (1, 1), (1, 0), 0, 0], [(2, 0), 0, (0, -1), 0, 0]]","[[0, 0, 0, (2, 2), 0], [0, (1, 2), 0, 0, (2, 3)], [(1, 0), (0, -1), (1, 2), (0, -1), 0], [0, (1, 1), (1, 0), 0, 0], [(2, 0), 0, (0, -1), 0, 0]]","[[0, 0, 0, (2, 0), 0], [0, (1, 2), 0, 0, (2, 3)], [(1, 0), (0, -1), (1, 2), (0, -1), 0], [0, (1, 1), (1, 0), 0, 0], [(2, 0), 0, (0, -1), 0, 0]]","[[0, 0, 0, (2, 0), 0], [0, (1, 2), (1, 2), 0, (2, 3)], [(1, 0), (0, -1), 0, (0, -1), 0], [0, (1, 1), (1, 0), 0, 0], [(2, 0), 0, (0, -1), 0, 0]]","[[0, 0, 0, (2, 2), 0], [0, (1, 2), (1, 2), 0, (2, 3)], [(1, 0), (0, -1), 0, (0, -1), 0], [0, (1, 1), (1, 0), 0, 0], [(2, 0), 0, (0, -1), 0, 0]]","[[0, 0, 0, (2, 2), 0], [0, (1, 2), (1, 2), 0, (2, 3)], [(1, 0), (0, -1), 0, (0, -1), 0], [0, (1, 0), (1, 0), 0, 0], [(2, 0), 0, (0, -1), 0, 0]]","[[0, 0, 0, (2, 0), 0], [0, (1, 2), (1, 2), 0, (2, 3)], [(1, 0), (0, -1), 0, (0, -1), 0], [0, (1, 0), (1, 0), 0, 0], [(2, 0), 0, (0, -1), 0, 0]]","[[0, 0, 0, (2, 0), 0], [0, (1, 2), (1, 1), 0, (2, 3)], [(1, 0), (0, -1), 0, (0, -1), 0], [0, (1, 0), (1, 0), 0, 0], [(2, 0), 0, (0, -1), 0, 0]]","[[0, 0, 0, (2, 2), 0], [0, (1, 2), (1, 1), 0, (2, 3)], [(1, 0), (0, -1), 0, (0, -1), 0], [0, (1, 0), (1, 0), 0, 0], [(2, 0), 0, (0, -1), 0, 0]]","[[0, 0, 0, (2, 2), 0], [0, (1, 2), (1, 1), 0, (2, 3)], [(1, 0), (0, -1), 0, (0, -1), 0], [0, 0, (1, 0), 0, 0], [(2, 0), (1, 0), (0, -1), 0, 0]]","[[0, 0, 0, (2, 2), 0], [0, (1, 2), (1, 1), 0, (2, 3)], [(1, 0), (0, -1), 0, (0, -1), 0], [0, 0, (1, 0), 0, (2, 2)], [(2, 0), (1, 0), (0, -1), 0, 0]]","[[0, 0, 0, (2, 2), 0], [0, (1, 2), (1, 1), 0, (2, 3)], [(1, 2), (0, -1), 0, (0, -1), 0], [0, 0, (1, 0), 0, (2, 2)], [(2, 0), (1, 0), (0, -1), 0, 0]]","[[0, 0, 0, (2, 0), 0], [0, (1, 2), (1, 1), 0, (2, 3)], [(1, 2), (0, -1), 0, (0, -1), 0], [0, 0, (1, 0), 0, (2, 2)], [(2, 0), (1, 0), (0, -1), 0, 0]]","[[0, 0, 0, (2, 0), 0], [0, (1, 2), (1, 1), 0, (2, 3)], [(1, 2), (0, -1), 0, (0, -1), 0], [0, 0, (1, 0), 0, (2, 2)], [(2, 0), (1, 2), (0, -1), 0, 0]]","[[0, 0, 0, (2, 2), 0], [0, (1, 2), (1, 1), 0, (2, 3)], [(1, 2), (0, -1), 0, (0, -1), 0], [0, 0, (1, 0), 0, (2, 2)], [(2, 0), (1, 2), (0, -1), 0, 0]]","[[0, 0, 0, (2, 2), 0], [(1, 2), (1, 2), (1, 1), 0, (2, 3)], [0, (0, -1), 0, (0, -1), 0], [0, 0, (1, 0), 0, (2, 2)], [(2, 0), (1, 2), (0, -1), 0, 0]]","[[0, 0, 0, (2, 0), 0], [(1, 2), (1, 2), (1, 1), 0, (2, 3)], [0, (0, -1), 0, (0, -1), 0], [0, 0, (1, 0), 0, (2, 2)], [(2, 0), (1, 2), (0, -1), 0, 0]]","[[0, 0, 0, (2, 0), 0], [(1, 2), (1, 2), 0, (1, 1), (2, 3)], [0, (0, -1), 0, (0, -1), 0], [0, 0, (1, 0), 0, (2, 2)], [(2, 0), (1, 2), (0, -1), 0, 0]]","[[0, 0, 0, (2, 2), 0], [(1, 2), (1, 2), 0, (1, 1), (2, 3)], [0, (0, -1), 0, (0, -1), 0], [0, 0, (1, 0), 0, (2, 2)], [(2, 0), (1, 2), (0, -1), 0, 0]]","[[0, 0, 0, (2, 2), 0], [(1, 2), (1, 0), 0, (1, 1), (2, 3)], [0, (0, -1), 0, (0, -1), 0], [0, 0, (1, 0), 0, (2, 2)], [(2, 0), (1, 2), (0, -1), 0, 0]]","[[0, 0, 0, (2, 0), 0], [(1, 2), (1, 0), 0, (1, 1), (2, 3)], [0, (0, -1), 0, (0, -1), 0], [0, 0, (1, 0), 0, (2, 2)], [(2, 0), (1, 2), (0, -1), 0, 0]]","[[0, 0, 0, (2, 0), 0], [(1, 0), (1, 0), 0, (1, 1), (2, 3)], [0, (0, -1), 0, (0, -1), 0], [0, 0, (1, 0), 0, (2, 2)], [(2, 0), (1, 2), (0, -1), 0, 0]]","[[0, 0, 0, (2, 2), 0], [(1, 0), (1, 0), 0, (1, 1), (2, 3)], [0, (0, -1), 0, (0, -1), 0], [0, 0, (1, 0), 0, (2, 2)], [(2, 0), (1, 2), (0, -1), 0, 0]]","[[0, 0, 0, (2, 2), 0], [(1, 0), (1, 0), 0, (1, 0), (2, 3)], [0, (0, -1), 0, (0, -1), 0], [0, 0, (1, 0), 0, (2, 2)], [(2, 0), (1, 2), (0, -1), 0, 0]]","[[0, 0, 0, (2, 2), 0], [(1, 0), (1, 0), 0, (1, 0), (2, 3)], [0, (0, -1), 0, (0, -1), (2, 2)], [0, 0, (1, 0), 0, (2, 2)], [(2, 0), (1, 2), (0, -1), 0, 0]]","[[0, 0, 0, (2, 2), 0], [0, (1, 0), 0, (1, 0), (2, 3)], [0, (0, -1), 0, (0, -1), (2, 2)], [0, 0, (1, 0), 0, (2, 2)], [(2, 0), (1, 2), (0, -1), 0, 0]]","[[0, 0, 0, (2, 2), 0], [0, (1, 0), 0, (1, 0), (2, 3)], [0, (0, -1), 0, (0, -1), (2, 0)], [0, 0, (1, 0), 0, (2, 2)], [(2, 0), (1, 2), (0, -1), 0, 0]]","[[0, 0, (1, 2), (2, 2), 0], [0, (1, 0), 0, (1, 0), (2, 3)], [0, (0, -1), 0, (0, -1), (2, 0)], [0, 0, (1, 0), 0, (2, 2)], [(2, 0), (1, 2), (0, -1), 0, 0]]",,,,,,,,,,,,,,,,,,,,,,,,,,,,,,,,,,,,,,,,,,,,,,,,,,,,,,,,,,,,,,,,,,,,,,,,,,,,,,,,,,,,,,,,,,,,,,,,,,,,,,,,,,,,,,,,,,,,,,,,,,,,,,,,,,,,,,,,,,,,,,,,,,,,,,,,,,,,,,,,,,,,,,,,,,,,,,,,,,,,,,,,,,,,,,,,,,,,,,,,,,,,,,,,,,,,,,,,,,,,,,,,,,,,,,,,,,,,,,,,,,,,,,,,,,,,,,,,,,,,,,,,,,,,,,,,,,,,,,,,,,,,,,,,,,,,,,,,,,,,,,,,,,,,,,,,,,,,,,,,,,,,,,,,,,,,,,,,,,,,,,,,,,,,,,,,,,,,,,,,,,,,,,,,,,,,,,,,,,,,,,,,,,,,,,,,,,,,,,,,,,,,,,,,,,,,,,,,,,,,,,,,,,,,,,,,,,,,,,,,,,,,,,,,,,,,,,,,,,,,,,,,,,,,,,,,,,,,,,,,,,,,,,,,,,,,,,,,,,,,,,,,,,,,,,,,,,,,,,,,,,,,,,,,,,,,,,,,,,,,,,,,,,,,,,,,,,,,,,,,,,,,,,,,,,,,,,,,,,,,,,,,,,,,,,,,,,,,,,,,,,,,,,,,,,,,,,,,,,,,,,,,,,,,,,,,,,,,,,,,,,,,,,,,,,,,,,,,,,,,,,,,,,,,,,,,,,,,,,,,,,,,,,,,,,,,,,,,,,,,,,,,,,,,,,,,,,,,,,,,,,,,,,,,,,,,,,,,,,,,,,,,,,,,,,,,,,,,,,,,,,,,,,,,,,,,,,,,,,,,,,,,,,,,,,,,,,,,,,,,,,,,,,,,,,,,,,,,,,,,,,,,,,,,,,,,,,,,,,,,,,,,,,,,,,,,,,,,,,,,,,,,,,,,,,,,,,,,,,,,,,,,,,,,,,,,,,,,,,,,,,,,,,,,,,,,,,,,,,,,,,,,,,,,,,,,,,,,,,,,,,,,,
59,state,ia,ia,1,"(1, ('e', 0, 2, 1))","(2, ('e', 0, 4, 1))","(1, ('e', 0, 2, 2))","(2, ('m', 0, 4, 3))","(1, ('e', 0, 2, 2))","(2, ('t', 0, 3, 0))","(1, ('e', 0, 2, 2))","(2, ('t', 0, 3, 2))","(1, ('e', 0, 2, 2))",,,,,,,,,,,,,,,,,,,,,,,,,,,,,,,,,,,,,,,,,,,,,,,,,,,,,,,,,,,,,,,,,,,,,,,,,,,,,,,,,,,,,,,,,,,,,,,,,,,,,,,,,,,,,,,,,,,,,,,,,,,,,,,,,,,,,,,,,,,,,,,,,,,,,,,,,,,,,,,,,,,,,,,,,,,,,,,,,,,,,,,,,,,,,,,,,,,,,,,,,,,,,,,,,,,,,,,,,,,,,,,,,,,,,,,,,,,,,,,,,,,,,,,,,,,,,,,,,,,,,,,,,,,,,,,,,,,,,,,,,,,,,,,,,,,,,,,,,,,,,,,,,,,,,,,,,,,,,,,,,,,,,,,,,,,,,,,,,,,,,,,,,,,,,,,,,,,,,,,,,,,,,,,,,,,,,,,,,,,,,,,,,,,,,,,,,,,,,,,,,,,,,,,,,,,,,,,,,,,,,,,,,,,,,,,,,,,,,,,,,,,,,,,,,,,,,,,,,,,,,,,,,,,,,,,,,,,,,,,,,,,,,,,,,,,,,,,,,,,,,,,,,,,,,,,,,,,,,,,,,,,,,,,,,,,,,,,,,,,,,,,,,,,,,,,,,,,,,,,,,,,,,,,,,,,,,,,,,,,,,,,,,,,,,,,,,,,,,,,,,,,,,,,,,,,,,,,,,,,,,,,,,,,,,,,,,,,,,,,,,,,,,,,,,,,,,,,,,,,,,,,,,,,,,,,,,,,,,,,,,,,,,,,,,,,,,,,,,,,,,,,,,,,,,,,,,,,,,,,,,,,,,,,,,,,,,,,,,,,,,,,,,,,,,,,,,,,,,,,,,,,,,,,,,,,,,,,,,,,,,,,,,,,,,,,,,,,,,,,,,,,,,,,,,,,,,,,,,,,,,,,,,,,,,,,,,,,,,,,,,,,,,,,,,,,,,,,,,,,,,,,,,,,,,,,,,,,,,,,,,,,,,,,,,,,,,,,,,,,,,,,,,,,,,,,,,,,,,,,,,,,,,,,,,,,,,,,,,,,,,,,,,,,,,,,,,,,,,,,,,,,,,,,,,,,,,,,,,,,,,,,,,,,
60,move,ia,ia,1,"[[0, 0, (1, 1), 0, 0], [0, 0, 0, 0, 0], [0, (0, -1), (0, -1), (0, -1), 0], [0, 0, 0, 0, 0], [0, 0, 0, 0, 0]]","[[0, 0, (1, 1), 0, (2, 1)], [0, 0, 0, 0, 0], [0, (0, -1), (0, -1), (0, -1), 0], [0, 0, 0, 0, 0], [0, 0, 0, 0, 0]]","[[0, 0, (1, 2), 0, (2, 1)], [0, 0, (1, 1), 0, 0], [0, (0, -1), (0, -1), (0, -1), 0], [0, 0, 0, 0, 0], [0, 0, 0, 0, 0]]","[[0, 0, (1, 2), (2, 1), 0], [0, 0, (1, 1), 0, 0], [0, (0, -1), (0, -1), (0, -1), 0], [0, 0, 0, 0, 0], [0, 0, 0, 0, 0]]","[[0, 0, (1, 2), (2, 1), 0], [0, 0, (1, 2), 0, 0], [0, (0, -1), (1, 1), (0, -1), 0], [0, 0, (0, -1), 0, 0], [0, 0, 0, 0, 0]]","[[0, 0, (1, 2), (2, 0), 0], [0, 0, (1, 2), 0, 0], [0, (0, -1), (1, 1), (0, -1), 0], [0, 0, (0, -1), 0, 0], [0, 0, 0, 0, 0]]","[[0, 0, (1, 2), (2, 0), 0], [0, 0, (1, 2), 0, 0], [0, (0, -1), (1, 2), (0, -1), 0], [0, 0, (1, 1), 0, 0], [0, 0, (0, -1), 0, 0]]","[[0, 0, (1, 2), (2, 2), 0], [0, 0, (1, 2), 0, 0], [0, (0, -1), (1, 2), (0, -1), 0], [0, 0, (1, 1), 0, 0], [0, 0, (0, -1), 0, 0]]","[[0, 0, (1, 2), (2, 2), 0], [0, 0, (1, 2), 0, 0], [0, (0, -1), (1, 2), (0, -1), 0], [0, 0, (1, 2), 0, 0], [0, 0, (1, 1), 0, 0]]",,,,,,,,,,,,,,,,,,,,,,,,,,,,,,,,,,,,,,,,,,,,,,,,,,,,,,,,,,,,,,,,,,,,,,,,,,,,,,,,,,,,,,,,,,,,,,,,,,,,,,,,,,,,,,,,,,,,,,,,,,,,,,,,,,,,,,,,,,,,,,,,,,,,,,,,,,,,,,,,,,,,,,,,,,,,,,,,,,,,,,,,,,,,,,,,,,,,,,,,,,,,,,,,,,,,,,,,,,,,,,,,,,,,,,,,,,,,,,,,,,,,,,,,,,,,,,,,,,,,,,,,,,,,,,,,,,,,,,,,,,,,,,,,,,,,,,,,,,,,,,,,,,,,,,,,,,,,,,,,,,,,,,,,,,,,,,,,,,,,,,,,,,,,,,,,,,,,,,,,,,,,,,,,,,,,,,,,,,,,,,,,,,,,,,,,,,,,,,,,,,,,,,,,,,,,,,,,,,,,,,,,,,,,,,,,,,,,,,,,,,,,,,,,,,,,,,,,,,,,,,,,,,,,,,,,,,,,,,,,,,,,,,,,,,,,,,,,,,,,,,,,,,,,,,,,,,,,,,,,,,,,,,,,,,,,,,,,,,,,,,,,,,,,,,,,,,,,,,,,,,,,,,,,,,,,,,,,,,,,,,,,,,,,,,,,,,,,,,,,,,,,,,,,,,,,,,,,,,,,,,,,,,,,,,,,,,,,,,,,,,,,,,,,,,,,,,,,,,,,,,,,,,,,,,,,,,,,,,,,,,,,,,,,,,,,,,,,,,,,,,,,,,,,,,,,,,,,,,,,,,,,,,,,,,,,,,,,,,,,,,,,,,,,,,,,,,,,,,,,,,,,,,,,,,,,,,,,,,,,,,,,,,,,,,,,,,,,,,,,,,,,,,,,,,,,,,,,,,,,,,,,,,,,,,,,,,,,,,,,,,,,,,,,,,,,,,,,,,,,,,,,,,,,,,,,,,,,,,,,,,,,,,,,,,,,,,,,,,,,,,,,,,,,,,,,,,,,,,,,,,,,,,,,,,,,,,,,,,,,,,,,,,,,,,,,,,,,,,,,,,,,,,,,,,,,,,,,,,,,,,,,,,,
61,state,ia,ia,1,"(1, ('e', 0, 2, 2))","(2, ('e', 4, 4, 1))","(1, ('e', 0, 2, 2))","(2, ('e', 1, 4, 1))","(1, ('e', 0, 2, 2))","(2, ('e', 0, 4, 1))","(1, ('e', 0, 2, 2))","(2, ('m', 0, 4, 3))","(1, ('e', 0, 2, 2))",,,,,,,,,,,,,,,,,,,,,,,,,,,,,,,,,,,,,,,,,,,,,,,,,,,,,,,,,,,,,,,,,,,,,,,,,,,,,,,,,,,,,,,,,,,,,,,,,,,,,,,,,,,,,,,,,,,,,,,,,,,,,,,,,,,,,,,,,,,,,,,,,,,,,,,,,,,,,,,,,,,,,,,,,,,,,,,,,,,,,,,,,,,,,,,,,,,,,,,,,,,,,,,,,,,,,,,,,,,,,,,,,,,,,,,,,,,,,,,,,,,,,,,,,,,,,,,,,,,,,,,,,,,,,,,,,,,,,,,,,,,,,,,,,,,,,,,,,,,,,,,,,,,,,,,,,,,,,,,,,,,,,,,,,,,,,,,,,,,,,,,,,,,,,,,,,,,,,,,,,,,,,,,,,,,,,,,,,,,,,,,,,,,,,,,,,,,,,,,,,,,,,,,,,,,,,,,,,,,,,,,,,,,,,,,,,,,,,,,,,,,,,,,,,,,,,,,,,,,,,,,,,,,,,,,,,,,,,,,,,,,,,,,,,,,,,,,,,,,,,,,,,,,,,,,,,,,,,,,,,,,,,,,,,,,,,,,,,,,,,,,,,,,,,,,,,,,,,,,,,,,,,,,,,,,,,,,,,,,,,,,,,,,,,,,,,,,,,,,,,,,,,,,,,,,,,,,,,,,,,,,,,,,,,,,,,,,,,,,,,,,,,,,,,,,,,,,,,,,,,,,,,,,,,,,,,,,,,,,,,,,,,,,,,,,,,,,,,,,,,,,,,,,,,,,,,,,,,,,,,,,,,,,,,,,,,,,,,,,,,,,,,,,,,,,,,,,,,,,,,,,,,,,,,,,,,,,,,,,,,,,,,,,,,,,,,,,,,,,,,,,,,,,,,,,,,,,,,,,,,,,,,,,,,,,,,,,,,,,,,,,,,,,,,,,,,,,,,,,,,,,,,,,,,,,,,,,,,,,,,,,,,,,,,,,,,,,,,,,,,,,,,,,,,,,,,,,,,,,,,,,,,,,,,,,,,,,,,,,,,,,,,,,,,,,,,,,,,,,,,,,,,,,,,,,,,,,,,,,,,,,,,,,
62,move,ia,ia,1,"[[0, 0, (1, 2), 0, 0], [0, 0, 0, 0, 0], [0, (0, -1), (0, -1), (0, -1), 0], [0, 0, 0, 0, 0], [0, 0, 0, 0, 0]]","[[0, 0, (1, 2), 0, 0], [0, 0, 0, 0, 0], [0, (0, -1), (0, -1), (0, -1), 0], [0, 0, 0, 0, 0], [0, 0, 0, 0, (2, 1)]]","[[0, 0, (1, 2), 0, 0], [0, 0, (1, 2), 0, 0], [0, (0, -1), (0, -1), (0, -1), 0], [0, 0, 0, 0, 0], [0, 0, 0, 0, (2, 1)]]","[[0, 0, (1, 2), 0, 0], [0, 0, (1, 2), 0, (2, 1)], [0, (0, -1), (0, -1), (0, -1), 0], [0, 0, 0, 0, 0], [0, 0, 0, 0, (2, 1)]]","[[0, 0, (1, 2), 0, 0], [0, 0, (1, 2), 0, (2, 1)], [0, (0, -1), (1, 2), (0, -1), 0], [0, 0, (0, -1), 0, 0], [0, 0, 0, 0, (2, 1)]]","[[0, 0, (1, 2), 0, (2, 1)], [0, 0, (1, 2), 0, (2, 1)], [0, (0, -1), (1, 2), (0, -1), 0], [0, 0, (0, -1), 0, 0], [0, 0, 0, 0, (2, 1)]]","[[0, 0, (1, 2), 0, (2, 1)], [0, 0, (1, 2), 0, (2, 1)], [0, (0, -1), (1, 2), (0, -1), 0], [0, 0, (1, 2), 0, 0], [0, 0, (0, -1), 0, (2, 1)]]","[[0, 0, (1, 2), (2, 1), 0], [0, 0, (1, 2), 0, (2, 1)], [0, (0, -1), (1, 2), (0, -1), 0], [0, 0, (1, 2), 0, 0], [0, 0, (0, -1), 0, (2, 1)]]","[[0, 0, (1, 2), (2, 1), 0], [0, 0, (1, 2), 0, (2, 1)], [0, (0, -1), (1, 2), (0, -1), 0], [0, 0, (1, 2), 0, 0], [0, 0, (1, 2), 0, (2, 1)]]",,,,,,,,,,,,,,,,,,,,,,,,,,,,,,,,,,,,,,,,,,,,,,,,,,,,,,,,,,,,,,,,,,,,,,,,,,,,,,,,,,,,,,,,,,,,,,,,,,,,,,,,,,,,,,,,,,,,,,,,,,,,,,,,,,,,,,,,,,,,,,,,,,,,,,,,,,,,,,,,,,,,,,,,,,,,,,,,,,,,,,,,,,,,,,,,,,,,,,,,,,,,,,,,,,,,,,,,,,,,,,,,,,,,,,,,,,,,,,,,,,,,,,,,,,,,,,,,,,,,,,,,,,,,,,,,,,,,,,,,,,,,,,,,,,,,,,,,,,,,,,,,,,,,,,,,,,,,,,,,,,,,,,,,,,,,,,,,,,,,,,,,,,,,,,,,,,,,,,,,,,,,,,,,,,,,,,,,,,,,,,,,,,,,,,,,,,,,,,,,,,,,,,,,,,,,,,,,,,,,,,,,,,,,,,,,,,,,,,,,,,,,,,,,,,,,,,,,,,,,,,,,,,,,,,,,,,,,,,,,,,,,,,,,,,,,,,,,,,,,,,,,,,,,,,,,,,,,,,,,,,,,,,,,,,,,,,,,,,,,,,,,,,,,,,,,,,,,,,,,,,,,,,,,,,,,,,,,,,,,,,,,,,,,,,,,,,,,,,,,,,,,,,,,,,,,,,,,,,,,,,,,,,,,,,,,,,,,,,,,,,,,,,,,,,,,,,,,,,,,,,,,,,,,,,,,,,,,,,,,,,,,,,,,,,,,,,,,,,,,,,,,,,,,,,,,,,,,,,,,,,,,,,,,,,,,,,,,,,,,,,,,,,,,,,,,,,,,,,,,,,,,,,,,,,,,,,,,,,,,,,,,,,,,,,,,,,,,,,,,,,,,,,,,,,,,,,,,,,,,,,,,,,,,,,,,,,,,,,,,,,,,,,,,,,,,,,,,,,,,,,,,,,,,,,,,,,,,,,,,,,,,,,,,,,,,,,,,,,,,,,,,,,,,,,,,,,,,,,,,,,,,,,,,,,,,,,,,,,,,,,,,,,,,,,,,,,,,,,,,,,,,,,,,,,,,,,,,,,,,,,,,,,,
63,state,ia,ia,3,"(1, ('e', 0, 2, 2))","(2, ('e', 0, 1, 1))","(1, ('e', 0, 4, 2))","(2, ('e', 1, 4, 3))","(1, ('e', 0, 2, 2))","(2, ('e', 3, 4, 1))","(1, ('e', 0, 2, 2))","(2, ('a', 3, 4))","(1, ('e', 0, 2, 2))","(2, ('e', 3, 4, 1))","(1, ('a', 0, 2))","(2, ('a', 3, 4))","(1, ('t', 1, 2, 1))","(2, ('e', 3, 4, 1))","(1, ('e', 0, 2, 2))","(2, ('a', 3, 4))","(1, ('a', 0, 2))","(2, ('e', 3, 4, 1))","(1, ('e', 0, 2, 2))","(2, ('a', 3, 4))","(1, ('a', 0, 2))","(2, ('e', 3, 4, 1))","(1, ('e', 0, 2, 2))","(2, ('a', 3, 4))","(1, ('a', 0, 2))","(2, ('e', 3, 4, 1))","(1, ('e', 0, 2, 2))","(2, ('a', 3, 4))","(1, ('a', 0, 2))","(2, ('e', 3, 4, 1))","(1, ('m', 0, 4, 2))","(2, ('e', 3, 0, 0))","(1, ('e', 0, 3, 0))","(2, ('e', 0, 4, 1))","(1, ('t', 1, 4, 0))","(2, ('t', 0, 4, 2))","(1, ('m', 1, 2, 3))","(2, ('a', 3, 4))","(1, ('m', 2, 2, 0))","(2, ('e', 3, 4, 1))","(1, ('m', 1, 2, 1))","(2, ('a', 3, 4))","(1, ('t', 0, 3, 2))","(2, ('e', 3, 4, 1))","(1, ('t', 1, 1, 0))","(2, ('a', 3, 4))","(1, ('t', 0, 3, 0))","(2, ('e', 3, 4, 1))","(1, ('m', 1, 1, 1))",,,,,,,,,,,,,,,,,,,,,,,,,,,,,,,,,,,,,,,,,,,,,,,,,,,,,,,,,,,,,,,,,,,,,,,,,,,,,,,,,,,,,,,,,,,,,,,,,,,,,,,,,,,,,,,,,,,,,,,,,,,,,,,,,,,,,,,,,,,,,,,,,,,,,,,,,,,,,,,,,,,,,,,,,,,,,,,,,,,,,,,,,,,,,,,,,,,,,,,,,,,,,,,,,,,,,,,,,,,,,,,,,,,,,,,,,,,,,,,,,,,,,,,,,,,,,,,,,,,,,,,,,,,,,,,,,,,,,,,,,,,,,,,,,,,,,,,,,,,,,,,,,,,,,,,,,,,,,,,,,,,,,,,,,,,,,,,,,,,,,,,,,,,,,,,,,,,,,,,,,,,,,,,,,,,,,,,,,,,,,,,,,,,,,,,,,,,,,,,,,,,,,,,,,,,,,,,,,,,,,,,,,,,,,,,,,,,,,,,,,,,,,,,,,,,,,,,,,,,,,,,,,,,,,,,,,,,,,,,,,,,,,,,,,,,,,,,,,,,,,,,,,,,,,,,,,,,,,,,,,,,,,,,,,,,,,,,,,,,,,,,,,,,,,,,,,,,,,,,,,,,,,,,,,,,,,,,,,,,,,,,,,,,,,,,,,,,,,,,,,,,,,,,,,,,,,,,,,,,,,,,,,,,,,,,,,,,,,,,,,,,,,,,,,,,,,,,,,,,,,,,,,,,,,,,,,,,,,,,,,,,,,,,,,,,,,,,,,,,,,,,,,,,,,,,,,,,,,,,,,,,,,,,,,,,,,,,,,,,,,,,,,,,,,,,,,,,,,,,,,,,,,,,,,,,,,,,,,,,,,,,,,,,,,,,,,,,,,,,,,,,,,,,,,,,,,,,,,,,,,,,,,,,,,,,,,,,,,,,,,,,,,,,,,,,,,,,,,,,,,,,,,,,,,,,,,,,,,,,,,,,,,,,,,,,,,,,,,,,,,,,,,,,,,,,,,,,,,,,,,,,,,,,,,,,,,,,,,,,,,,,,,,,
64,move,ia,ia,3,"[[0, 0, (1, 2), 0, 0], [0, 0, 0, 0, 0], [0, (0, -1), (0, -1), (0, -1), 0], [0, 0, 0, 0, 0], [0, 0, 0, 0, 0]]","[[0, (2, 1), (1, 2), 0, 0], [0, 0, 0, 0, 0], [0, (0, -1), (0, -1), (0, -1), 0], [0, 0, 0, 0, 0], [0, 0, 0, 0, 0]]","[[0, (2, 1), (1, 2), 0, (1, 2)], [0, 0, 0, 0, 0], [0, (0, -1), (0, -1), (0, -1), 0], [0, 0, 0, 0, 0], [0, 0, 0, 0, 0]]","[[0, (2, 1), (1, 2), 0, (1, 2)], [0, 0, 0, 0, (2, 3)], [0, (0, -1), (0, -1), (0, -1), 0], [0, 0, 0, 0, 0], [0, 0, 0, 0, 0]]","[[0, (2, 1), (1, 2), 0, (1, 2)], [0, 0, (1, 2), 0, (2, 3)], [0, (0, -1), (0, -1), (0, -1), 0], [0, 0, 0, 0, 0], [0, 0, 0, 0, 0]]","[[0, (2, 1), (1, 2), 0, (1, 2)], [0, 0, (1, 2), 0, (2, 3)], [0, (0, -1), (0, -1), (0, -1), 0], [0, 0, 0, 0, (2, 1)], [0, 0, 0, 0, 0]]","[[0, (2, 1), (1, 2), 0, (1, 2)], [0, 0, (1, 2), 0, (2, 3)], [0, (0, -1), (1, 2), (0, -1), 0], [0, 0, (0, -1), 0, (2, 1)], [0, 0, 0, 0, 0]]","[[0, (2, 1), (1, 2), 0, (1, 2)], [0, 0, (1, 2), 0, (2, 3)], [0, (0, -1), (1, 2), (0, -1), 0], [0, 0, (0, -1), 0, 0], [0, 0, 0, 0, 0]]","[[0, (2, 1), (1, 2), 0, (1, 2)], [0, 0, (1, 2), 0, (2, 3)], [0, (0, -1), (1, 2), (0, -1), 0], [0, 0, (1, 2), 0, 0], [0, 0, (0, -1), 0, 0]]","[[0, (2, 1), (1, 2), 0, (1, 2)], [0, 0, (1, 2), 0, (2, 3)], [0, (0, -1), (1, 2), (0, -1), 0], [0, 0, (1, 2), 0, (2, 1)], [0, 0, (0, -1), 0, 0]]","[[0, (2, 1), 0, 0, (1, 2)], [0, 0, (1, 2), 0, (2, 3)], [0, (0, -1), (1, 2), (0, -1), 0], [0, 0, (1, 2), 0, (2, 1)], [0, 0, (0, -1), 0, 0]]","[[0, (2, 1), 0, 0, (1, 2)], [0, 0, (1, 2), 0, (2, 3)], [0, (0, -1), (1, 2), (0, -1), 0], [0, 0, (1, 2), 0, 0], [0, 0, (0, -1), 0, 0]]","[[0, (2, 1), 0, 0, (1, 2)], [0, 0, (1, 1), 0, (2, 3)], [0, (0, -1), (1, 2), (0, -1), 0], [0, 0, (1, 2), 0, 0], [0, 0, (0, -1), 0, 0]]","[[0, (2, 1), 0, 0, (1, 2)], [0, 0, (1, 1), 0, (2, 3)], [0, (0, -1), (1, 2), (0, -1), 0], [0, 0, (1, 2), 0, (2, 1)], [0, 0, (0, -1), 0, 0]]","[[0, (2, 1), (1, 2), 0, (1, 2)], [0, 0, (1, 1), 0, (2, 3)], [0, (0, -1), (1, 2), (0, -1), 0], [0, 0, (1, 2), 0, (2, 1)], [0, 0, (0, -1), 0, 0]]","[[0, (2, 1), (1, 2), 0, (1, 2)], [0, 0, (1, 1), 0, (2, 3)], [0, (0, -1), (1, 2), (0, -1), 0], [0, 0, (1, 2), 0, 0], [0, 0, (0, -1), 0, 0]]","[[0, (2, 1), 0, 0, (1, 2)], [0, 0, (1, 1), 0, (2, 3)], [0, (0, -1), (1, 2), (0, -1), 0], [0, 0, (1, 2), 0, 0], [0, 0, (0, -1), 0, 0]]","[[0, (2, 1), 0, 0, (1, 2)], [0, 0, (1, 1), 0, (2, 3)], [0, (0, -1), (1, 2), (0, -1), 0], [0, 0, (1, 2), 0, (2, 1)], [0, 0, (0, -1), 0, 0]]","[[0, (2, 1), (1, 2), 0, (1, 2)], [0, 0, (1, 1), 0, (2, 3)], [0, (0, -1), (1, 2), (0, -1), 0], [0, 0, (1, 2), 0, (2, 1)], [0, 0, (0, -1), 0, 0]]","[[0, (2, 1), (1, 2), 0, (1, 2)], [0, 0, (1, 1), 0, (2, 3)], [0, (0, -1), (1, 2), (0, -1), 0], [0, 0, (1, 2), 0, 0], [0, 0, (0, -1), 0, 0]]","[[0, (2, 1), 0, 0, (1, 2)], [0, 0, (1, 1), 0, (2, 3)], [0, (0, -1), (1, 2), (0, -1), 0], [0, 0, (1, 2), 0, 0], [0, 0, (0, -1), 0, 0]]","[[0, (2, 1), 0, 0, (1, 2)], [0, 0, (1, 1), 0, (2, 3)], [0, (0, -1), (1, 2), (0, -1), 0], [0, 0, (1, 2), 0, (2, 1)], [0, 0, (0, -1), 0, 0]]","[[0, (2, 1), (1, 2), 0, (1, 2)], [0, 0, (1, 1), 0, (2, 3)], [0, (0, -1), (1, 2), (0, -1), 0], [0, 0, (1, 2), 0, (2, 1)], [0, 0, (0, -1), 0, 0]]","[[0, (2, 1), (1, 2), 0, (1, 2)], [0, 0, (1, 1), 0, (2, 3)], [0, (0, -1), (1, 2), (0, -1), 0], [0, 0, (1, 2), 0, 0], [0, 0, (0, -1), 0, 0]]","[[0, (2, 1), 0, 0, (1, 2)], [0, 0, (1, 1), 0, (2, 3)], [0, (0, -1), (1, 2), (0, -1), 0], [0, 0, (1, 2), 0, 0], [0, 0, (0, -1), 0, 0]]","[[0, (2, 1), 0, 0, (1, 2)], [0, 0, (1, 1), 0, (2, 3)], [0, (0, -1), (1, 2), (0, -1), 0], [0, 0, (1, 2), 0, (2, 1)], [0, 0, (0, -1), 0, 0]]","[[0, (2, 1), (1, 2), 0, (1, 2)], [0, 0, (1, 1), 0, (2, 3)], [0, (0, -1), (1, 2), (0, -1), 0], [0, 0, (1, 2), 0, (2, 1)], [0, 0, (0, -1), 0, 0]]","[[0, (2, 1), (1, 2), 0, (1, 2)], [0, 0, (1, 1), 0, (2, 3)], [0, (0, -1), (1, 2), (0, -1), 0], [0, 0, (1, 2), 0, 0], [0, 0, (0, -1), 0, 0]]","[[0, (2, 1), 0, 0, (1, 2)], [0, 0, (1, 1), 0, (2, 3)], [0, (0, -1), (1, 2), (0, -1), 0], [0, 0, (1, 2), 0, 0], [0, 0, (0, -1), 0, 0]]","[[0, (2, 1), 0, 0, (1, 2)], [0, 0, (1, 1), 0, (2, 3)], [0, (0, -1), (1, 2), (0, -1), 0], [0, 0, (1, 2), 0, (2, 1)], [0, 0, (0, -1), 0, 0]]","[[0, (2, 1), 0, 0, 0], [0, 0, (1, 1), 0, (1, 2)], [0, (0, -1), (1, 2), (0, -1), (2, 3)], [0, 0, (1, 2), 0, (2, 1)], [0, 0, (0, -1), 0, 0]]","[[0, (2, 1), 0, 0, 0], [0, 0, (1, 1), 0, (1, 2)], [0, (0, -1), (1, 2), (0, -1), (2, 3)], [(2, 0), 0, (1, 2), 0, (2, 1)], [0, 0, (0, -1), 0, 0]]","[[0, (2, 1), 0, (1, 0), 0], [0, 0, (1, 1), 0, (1, 2)], [0, (0, -1), (1, 2), (0, -1), (2, 3)], [(2, 0), 0, (1, 2), 0, (2, 1)], [0, 0, (0, -1), 0, 0]]","[[0, (2, 1), 0, (1, 0), (2, 1)], [0, 0, (1, 1), 0, (1, 2)], [0, (0, -1), (1, 2), (0, -1), (2, 3)], [(2, 0), 0, (1, 2), 0, (2, 1)], [0, 0, (0, -1), 0, 0]]","[[0, (2, 1), 0, (1, 0), (2, 1)], [0, 0, (1, 1), 0, (1, 0)], [0, (0, -1), (1, 2), (0, -1), (2, 3)], [(2, 0), 0, (1, 2), 0, (2, 1)], [0, 0, (0, -1), 0, 0]]","[[0, (2, 1), 0, (1, 0), (2, 2)], [0, 0, (1, 1), 0, (1, 0)], [0, (0, -1), (1, 2), (0, -1), (2, 3)], [(2, 0), 0, (1, 2), 0, (2, 1)], [0, 0, (0, -1), 0, 0]]","[[0, (2, 1), 0, (1, 0), (2, 2)], [0, (1, 1), 0, 0, (1, 0)], [0, (0, -1), (1, 2), (0, -1), (2, 3)], [(2, 0), 0, (1, 2), 0, (2, 1)], [0, 0, (0, -1), 0, 0]]","[[0, (2, 1), 0, (1, 0), (2, 2)], [0, (1, 1), 0, 0, (1, 0)], [0, (0, -1), (1, 2), (0, -1), (2, 3)], [(2, 0), 0, (1, 2), 0, 0], [0, 0, (0, -1), 0, 0]]","[[0, (2, 1), 0, (1, 0), (2, 2)], [0, (1, 1), (1, 2), 0, (1, 0)], [0, (0, -1), 0, (0, -1), (2, 3)], [(2, 0), 0, (1, 2), 0, 0], [0, 0, (0, -1), 0, 0]]","[[0, (2, 1), 0, (1, 0), (2, 2)], [0, (1, 1), (1, 2), 0, (1, 0)], [0, (0, -1), 0, (0, -1), (2, 3)], [(2, 0), 0, (1, 2), 0, (2, 1)], [0, 0, (0, -1), 0, 0]]","[[0, (2, 1), 0, (1, 0), (2, 2)], [0, (1, 1), 0, (1, 2), (1, 0)], [0, (0, -1), 0, (0, -1), (2, 3)], [(2, 0), 0, (1, 2), 0, (2, 1)], [0, 0, (0, -1), 0, 0]]","[[0, (2, 1), 0, (1, 0), (2, 2)], [0, (1, 1), 0, (1, 2), (1, 0)], [0, (0, -1), 0, (0, -1), (2, 3)], [(2, 0), 0, (1, 2), 0, 0], [0, 0, (0, -1), 0, 0]]","[[0, (2, 1), 0, (1, 2), (2, 2)], [0, (1, 1), 0, (1, 2), (1, 0)], [0, (0, -1), 0, (0, -1), (2, 3)], [(2, 0), 0, (1, 2), 0, 0], [0, 0, (0, -1), 0, 0]]","[[0, (2, 1), 0, (1, 2), (2, 2)], [0, (1, 1), 0, (1, 2), (1, 0)], [0, (0, -1), 0, (0, -1), (2, 3)], [(2, 0), 0, (1, 2), 0, (2, 1)], [0, 0, (0, -1), 0, 0]]","[[0, (2, 1), 0, (1, 2), (2, 2)], [0, (1, 0), 0, (1, 2), (1, 0)], [0, (0, -1), 0, (0, -1), (2, 3)], [(2, 0), 0, (1, 2), 0, (2, 1)], [0, 0, (0, -1), 0, 0]]","[[0, (2, 1), 0, (1, 2), (2, 2)], [0, (1, 0), 0, (1, 2), (1, 0)], [0, (0, -1), 0, (0, -1), (2, 3)], [(2, 0), 0, (1, 2), 0, 0], [0, 0, (0, -1), 0, 0]]","[[0, (2, 1), 0, (1, 0), (2, 2)], [0, (1, 0), 0, (1, 2), (1, 0)], [0, (0, -1), 0, (0, -1), (2, 3)], [(2, 0), 0, (1, 2), 0, 0], [0, 0, (0, -1), 0, 0]]","[[0, (2, 1), 0, (1, 0), (2, 2)], [0, (1, 0), 0, (1, 2), (1, 0)], [0, (0, -1), 0, (0, -1), (2, 3)], [(2, 0), 0, (1, 2), 0, (2, 1)], [0, 0, (0, -1), 0, 0]]","[[0, (2, 1), 0, (1, 0), (2, 2)], [0, 0, (1, 0), (1, 2), (1, 0)], [0, (0, -1), 0, (0, -1), (2, 3)], [(2, 0), 0, (1, 2), 0, (2, 1)], [0, 0, (0, -1), 0, 0]]",,,,,,,,,,,,,,,,,,,,,,,,,,,,,,,,,,,,,,,,,,,,,,,,,,,,,,,,,,,,,,,,,,,,,,,,,,,,,,,,,,,,,,,,,,,,,,,,,,,,,,,,,,,,,,,,,,,,,,,,,,,,,,,,,,,,,,,,,,,,,,,,,,,,,,,,,,,,,,,,,,,,,,,,,,,,,,,,,,,,,,,,,,,,,,,,,,,,,,,,,,,,,,,,,,,,,,,,,,,,,,,,,,,,,,,,,,,,,,,,,,,,,,,,,,,,,,,,,,,,,,,,,,,,,,,,,,,,,,,,,,,,,,,,,,,,,,,,,,,,,,,,,,,,,,,,,,,,,,,,,,,,,,,,,,,,,,,,,,,,,,,,,,,,,,,,,,,,,,,,,,,,,,,,,,,,,,,,,,,,,,,,,,,,,,,,,,,,,,,,,,,,,,,,,,,,,,,,,,,,,,,,,,,,,,,,,,,,,,,,,,,,,,,,,,,,,,,,,,,,,,,,,,,,,,,,,,,,,,,,,,,,,,,,,,,,,,,,,,,,,,,,,,,,,,,,,,,,,,,,,,,,,,,,,,,,,,,,,,,,,,,,,,,,,,,,,,,,,,,,,,,,,,,,,,,,,,,,,,,,,,,,,,,,,,,,,,,,,,,,,,,,,,,,,,,,,,,,,,,,,,,,,,,,,,,,,,,,,,,,,,,,,,,,,,,,,,,,,,,,,,,,,,,,,,,,,,,,,,,,,,,,,,,,,,,,,,,,,,,,,,,,,,,,,,,,,,,,,,,,,,,,,,,,,,,,,,,,,,,,,,,,,,,,,,,,,,,,,,,,,,,,,,,,,,,,,,,,,,,,,,,,,,,,,,,,,,,,,,,,,,,,,,,,,,,,,,,,,,,,,,,,,,,,,,,,,,,,,,,,,,,,,,,,,,,,,,,,,,,,,,,,,,,,,,,,,,,,,,,,,,,,,,,,,,,,,,,,,,,,,,,,,,,,,,,,,,,,,,,,,,,,,,,,,,,,,,,,,,,,,,,,,,,
65,state,ia,ia,1,"(1, ('e', 0, 2, 2))","(2, ('e', 3, 4, 1))","(1, ('e', 0, 2, 2))","(2, ('a', 3, 4))","(1, ('e', 0, 2, 2))","(2, ('e', 3, 4, 1))","(1, ('e', 0, 2, 2))","(2, ('a', 3, 4))","(1, ('e', 0, 1, 0))","(2, ('e', 0, 4, 1))","(1, ('a', 0, 2))","(2, ('e', 3, 4, 1))","(1, ('e', 0, 2, 2))","(2, ('a', 3, 4))","(1, ('a', 0, 2))","(2, ('e', 3, 4, 1))","(1, ('e', 0, 2, 2))","(2, ('a', 3, 4))","(1, ('a', 0, 2))","(2, ('e', 3, 4, 1))","(1, ('e', 4, 4, 1))","(2, ('e', 1, 0, 2))","(1, ('m', 3, 2, 2))",,,,,,,,,,,,,,,,,,,,,,,,,,,,,,,,,,,,,,,,,,,,,,,,,,,,,,,,,,,,,,,,,,,,,,,,,,,,,,,,,,,,,,,,,,,,,,,,,,,,,,,,,,,,,,,,,,,,,,,,,,,,,,,,,,,,,,,,,,,,,,,,,,,,,,,,,,,,,,,,,,,,,,,,,,,,,,,,,,,,,,,,,,,,,,,,,,,,,,,,,,,,,,,,,,,,,,,,,,,,,,,,,,,,,,,,,,,,,,,,,,,,,,,,,,,,,,,,,,,,,,,,,,,,,,,,,,,,,,,,,,,,,,,,,,,,,,,,,,,,,,,,,,,,,,,,,,,,,,,,,,,,,,,,,,,,,,,,,,,,,,,,,,,,,,,,,,,,,,,,,,,,,,,,,,,,,,,,,,,,,,,,,,,,,,,,,,,,,,,,,,,,,,,,,,,,,,,,,,,,,,,,,,,,,,,,,,,,,,,,,,,,,,,,,,,,,,,,,,,,,,,,,,,,,,,,,,,,,,,,,,,,,,,,,,,,,,,,,,,,,,,,,,,,,,,,,,,,,,,,,,,,,,,,,,,,,,,,,,,,,,,,,,,,,,,,,,,,,,,,,,,,,,,,,,,,,,,,,,,,,,,,,,,,,,,,,,,,,,,,,,,,,,,,,,,,,,,,,,,,,,,,,,,,,,,,,,,,,,,,,,,,,,,,,,,,,,,,,,,,,,,,,,,,,,,,,,,,,,,,,,,,,,,,,,,,,,,,,,,,,,,,,,,,,,,,,,,,,,,,,,,,,,,,,,,,,,,,,,,,,,,,,,,,,,,,,,,,,,,,,,,,,,,,,,,,,,,,,,,,,,,,,,,,,,,,,,,,,,,,,,,,,,,,,,,,,,,,,,,,,,,,,,,,,,,,,,,,,,,,,,,,,,,,,,,,,,,,,,,,,,,,,,,,,,,,,,,,,,,,,,,,,,,,,,,,,,,,,,,,,,,,,,,,,,,,,,,,,,,,,,,,,,,,,,,,,,,,,,,,,,,,,,,,,,,,,,,,,,,,,,,,,,,,,,,,,
66,move,ia,ia,1,"[[0, 0, (1, 2), 0, 0], [0, 0, 0, 0, 0], [0, (0, -1), (0, -1), (0, -1), 0], [0, 0, 0, 0, 0], [0, 0, 0, 0, 0]]","[[0, 0, (1, 2), 0, 0], [0, 0, 0, 0, 0], [0, (0, -1), (0, -1), (0, -1), 0], [0, 0, 0, 0, (2, 1)], [0, 0, 0, 0, 0]]","[[0, 0, (1, 2), 0, 0], [0, 0, (1, 2), 0, 0], [0, (0, -1), (0, -1), (0, -1), 0], [0, 0, 0, 0, (2, 1)], [0, 0, 0, 0, 0]]","[[0, 0, (1, 2), 0, 0], [0, 0, (1, 2), 0, 0], [0, (0, -1), (0, -1), (0, -1), 0], [0, 0, 0, 0, 0], [0, 0, 0, 0, 0]]","[[0, 0, (1, 2), 0, 0], [0, 0, (1, 2), 0, 0], [0, (0, -1), (1, 2), (0, -1), 0], [0, 0, (0, -1), 0, 0], [0, 0, 0, 0, 0]]","[[0, 0, (1, 2), 0, 0], [0, 0, (1, 2), 0, 0], [0, (0, -1), (1, 2), (0, -1), 0], [0, 0, (0, -1), 0, (2, 1)], [0, 0, 0, 0, 0]]","[[0, 0, (1, 2), 0, 0], [0, 0, (1, 2), 0, 0], [0, (0, -1), (1, 2), (0, -1), 0], [0, 0, (1, 2), 0, (2, 1)], [0, 0, (0, -1), 0, 0]]","[[0, 0, (1, 2), 0, 0], [0, 0, (1, 2), 0, 0], [0, (0, -1), (1, 2), (0, -1), 0], [0, 0, (1, 2), 0, 0], [0, 0, (0, -1), 0, 0]]","[[0, (1, 0), (1, 2), 0, 0], [0, 0, (1, 2), 0, 0], [0, (0, -1), (1, 2), (0, -1), 0], [0, 0, (1, 2), 0, 0], [0, 0, (0, -1), 0, 0]]","[[0, (1, 0), (1, 2), 0, (2, 1)], [0, 0, (1, 2), 0, 0], [0, (0, -1), (1, 2), (0, -1), 0], [0, 0, (1, 2), 0, 0], [0, 0, (0, -1), 0, 0]]","[[0, (1, 0), 0, 0, (2, 1)], [0, 0, (1, 2), 0, 0], [0, (0, -1), (1, 2), (0, -1), 0], [0, 0, (1, 2), 0, 0], [0, 0, (0, -1), 0, 0]]","[[0, (1, 0), 0, 0, (2, 1)], [0, 0, (1, 2), 0, 0], [0, (0, -1), (1, 2), (0, -1), 0], [0, 0, (1, 2), 0, (2, 1)], [0, 0, (0, -1), 0, 0]]","[[0, (1, 0), (1, 2), 0, (2, 1)], [0, 0, (1, 2), 0, 0], [0, (0, -1), (1, 2), (0, -1), 0], [0, 0, (1, 2), 0, (2, 1)], [0, 0, (0, -1), 0, 0]]","[[0, (1, 0), (1, 2), 0, (2, 1)], [0, 0, (1, 2), 0, 0], [0, (0, -1), (1, 2), (0, -1), 0], [0, 0, (1, 2), 0, 0], [0, 0, (0, -1), 0, 0]]","[[0, (1, 0), 0, 0, (2, 1)], [0, 0, (1, 2), 0, 0], [0, (0, -1), (1, 2), (0, -1), 0], [0, 0, (1, 2), 0, 0], [0, 0, (0, -1), 0, 0]]","[[0, (1, 0), 0, 0, (2, 1)], [0, 0, (1, 2), 0, 0], [0, (0, -1), (1, 2), (0, -1), 0], [0, 0, (1, 2), 0, (2, 1)], [0, 0, (0, -1), 0, 0]]","[[0, (1, 0), (1, 2), 0, (2, 1)], [0, 0, (1, 2), 0, 0], [0, (0, -1), (1, 2), (0, -1), 0], [0, 0, (1, 2), 0, (2, 1)], [0, 0, (0, -1), 0, 0]]","[[0, (1, 0), (1, 2), 0, (2, 1)], [0, 0, (1, 2), 0, 0], [0, (0, -1), (1, 2), (0, -1), 0], [0, 0, (1, 2), 0, 0], [0, 0, (0, -1), 0, 0]]","[[0, (1, 0), 0, 0, (2, 1)], [0, 0, (1, 2), 0, 0], [0, (0, -1), (1, 2), (0, -1), 0], [0, 0, (1, 2), 0, 0], [0, 0, (0, -1), 0, 0]]","[[0, (1, 0), 0, 0, (2, 1)], [0, 0, (1, 2), 0, 0], [0, (0, -1), (1, 2), (0, -1), 0], [0, 0, (1, 2), 0, (2, 1)], [0, 0, (0, -1), 0, 0]]","[[0, (1, 0), 0, 0, (2, 1)], [0, 0, (1, 2), 0, 0], [0, (0, -1), (1, 2), (0, -1), 0], [0, 0, (1, 2), 0, (2, 1)], [0, 0, (0, -1), 0, (1, 1)]]","[[0, (1, 0), 0, 0, (2, 1)], [(2, 2), 0, (1, 2), 0, 0], [0, (0, -1), (1, 2), (0, -1), 0], [0, 0, (1, 2), 0, (2, 1)], [0, 0, (0, -1), 0, (1, 1)]]","[[0, (1, 0), 0, 0, (2, 1)], [(2, 2), 0, (1, 2), 0, 0], [0, (0, -1), (1, 2), (0, -1), 0], [0, 0, 0, 0, (2, 1)], [0, 0, (1, 2), 0, (1, 1)]]",,,,,,,,,,,,,,,,,,,,,,,,,,,,,,,,,,,,,,,,,,,,,,,,,,,,,,,,,,,,,,,,,,,,,,,,,,,,,,,,,,,,,,,,,,,,,,,,,,,,,,,,,,,,,,,,,,,,,,,,,,,,,,,,,,,,,,,,,,,,,,,,,,,,,,,,,,,,,,,,,,,,,,,,,,,,,,,,,,,,,,,,,,,,,,,,,,,,,,,,,,,,,,,,,,,,,,,,,,,,,,,,,,,,,,,,,,,,,,,,,,,,,,,,,,,,,,,,,,,,,,,,,,,,,,,,,,,,,,,,,,,,,,,,,,,,,,,,,,,,,,,,,,,,,,,,,,,,,,,,,,,,,,,,,,,,,,,,,,,,,,,,,,,,,,,,,,,,,,,,,,,,,,,,,,,,,,,,,,,,,,,,,,,,,,,,,,,,,,,,,,,,,,,,,,,,,,,,,,,,,,,,,,,,,,,,,,,,,,,,,,,,,,,,,,,,,,,,,,,,,,,,,,,,,,,,,,,,,,,,,,,,,,,,,,,,,,,,,,,,,,,,,,,,,,,,,,,,,,,,,,,,,,,,,,,,,,,,,,,,,,,,,,,,,,,,,,,,,,,,,,,,,,,,,,,,,,,,,,,,,,,,,,,,,,,,,,,,,,,,,,,,,,,,,,,,,,,,,,,,,,,,,,,,,,,,,,,,,,,,,,,,,,,,,,,,,,,,,,,,,,,,,,,,,,,,,,,,,,,,,,,,,,,,,,,,,,,,,,,,,,,,,,,,,,,,,,,,,,,,,,,,,,,,,,,,,,,,,,,,,,,,,,,,,,,,,,,,,,,,,,,,,,,,,,,,,,,,,,,,,,,,,,,,,,,,,,,,,,,,,,,,,,,,,,,,,,,,,,,,,,,,,,,,,,,,,,,,,,,,,,,,,,,,,,,,,,,,,,,,,,,,,,,,,,,,,,,,,,,,,,,,,,,,,,,,,,,,,,,,,,,,,,,,,,,,,,,,,,,,,,,,,,,,,,,,,,,,,,,,,,,,,,,,,,,,,,,,,,,,,,,,,,,,,,,,,
67,state,ia,ia,1,"(1, ('e', 0, 2, 2))","(2, ('e', 3, 4, 1))","(1, ('e', 0, 2, 2))","(2, ('a', 3, 4))","(1, ('e', 0, 2, 2))","(2, ('e', 3, 4, 1))","(1, ('e', 0, 2, 2))","(2, ('e', 4, 3, 0))","(1, ('e', 0, 2, 2))",,,,,,,,,,,,,,,,,,,,,,,,,,,,,,,,,,,,,,,,,,,,,,,,,,,,,,,,,,,,,,,,,,,,,,,,,,,,,,,,,,,,,,,,,,,,,,,,,,,,,,,,,,,,,,,,,,,,,,,,,,,,,,,,,,,,,,,,,,,,,,,,,,,,,,,,,,,,,,,,,,,,,,,,,,,,,,,,,,,,,,,,,,,,,,,,,,,,,,,,,,,,,,,,,,,,,,,,,,,,,,,,,,,,,,,,,,,,,,,,,,,,,,,,,,,,,,,,,,,,,,,,,,,,,,,,,,,,,,,,,,,,,,,,,,,,,,,,,,,,,,,,,,,,,,,,,,,,,,,,,,,,,,,,,,,,,,,,,,,,,,,,,,,,,,,,,,,,,,,,,,,,,,,,,,,,,,,,,,,,,,,,,,,,,,,,,,,,,,,,,,,,,,,,,,,,,,,,,,,,,,,,,,,,,,,,,,,,,,,,,,,,,,,,,,,,,,,,,,,,,,,,,,,,,,,,,,,,,,,,,,,,,,,,,,,,,,,,,,,,,,,,,,,,,,,,,,,,,,,,,,,,,,,,,,,,,,,,,,,,,,,,,,,,,,,,,,,,,,,,,,,,,,,,,,,,,,,,,,,,,,,,,,,,,,,,,,,,,,,,,,,,,,,,,,,,,,,,,,,,,,,,,,,,,,,,,,,,,,,,,,,,,,,,,,,,,,,,,,,,,,,,,,,,,,,,,,,,,,,,,,,,,,,,,,,,,,,,,,,,,,,,,,,,,,,,,,,,,,,,,,,,,,,,,,,,,,,,,,,,,,,,,,,,,,,,,,,,,,,,,,,,,,,,,,,,,,,,,,,,,,,,,,,,,,,,,,,,,,,,,,,,,,,,,,,,,,,,,,,,,,,,,,,,,,,,,,,,,,,,,,,,,,,,,,,,,,,,,,,,,,,,,,,,,,,,,,,,,,,,,,,,,,,,,,,,,,,,,,,,,,,,,,,,,,,,,,,,,,,,,,,,,,,,,,,,,,,,,,,,,,,,,,,,,,,,,,,,,,,,,,,,,,,,,,,,,,,,,,,,,,,,,,,
68,move,ia,ia,1,"[[0, 0, (1, 2), 0, 0], [0, 0, 0, 0, 0], [0, (0, -1), (0, -1), (0, -1), 0], [0, 0, 0, 0, 0], [0, 0, 0, 0, 0]]","[[0, 0, (1, 2), 0, 0], [0, 0, 0, 0, 0], [0, (0, -1), (0, -1), (0, -1), 0], [0, 0, 0, 0, (2, 1)], [0, 0, 0, 0, 0]]","[[0, 0, (1, 2), 0, 0], [0, 0, (1, 2), 0, 0], [0, (0, -1), (0, -1), (0, -1), 0], [0, 0, 0, 0, (2, 1)], [0, 0, 0, 0, 0]]","[[0, 0, (1, 2), 0, 0], [0, 0, (1, 2), 0, 0], [0, (0, -1), (0, -1), (0, -1), 0], [0, 0, 0, 0, 0], [0, 0, 0, 0, 0]]","[[0, 0, (1, 2), 0, 0], [0, 0, (1, 2), 0, 0], [0, (0, -1), (1, 2), (0, -1), 0], [0, 0, (0, -1), 0, 0], [0, 0, 0, 0, 0]]","[[0, 0, (1, 2), 0, 0], [0, 0, (1, 2), 0, 0], [0, (0, -1), (1, 2), (0, -1), 0], [0, 0, (0, -1), 0, (2, 1)], [0, 0, 0, 0, 0]]","[[0, 0, (1, 2), 0, 0], [0, 0, (1, 2), 0, 0], [0, (0, -1), (1, 2), (0, -1), 0], [0, 0, (1, 2), 0, (2, 1)], [0, 0, (0, -1), 0, 0]]","[[0, 0, (1, 2), 0, 0], [0, 0, (1, 2), 0, 0], [0, (0, -1), (1, 2), (0, -1), 0], [0, 0, (1, 2), 0, (2, 1)], [0, 0, (0, -1), (2, 0), 0]]","[[0, 0, (1, 2), 0, 0], [0, 0, (1, 2), 0, 0], [0, (0, -1), (1, 2), (0, -1), 0], [0, 0, (1, 2), 0, (2, 1)], [0, 0, (1, 2), (2, 0), 0]]",,,,,,,,,,,,,,,,,,,,,,,,,,,,,,,,,,,,,,,,,,,,,,,,,,,,,,,,,,,,,,,,,,,,,,,,,,,,,,,,,,,,,,,,,,,,,,,,,,,,,,,,,,,,,,,,,,,,,,,,,,,,,,,,,,,,,,,,,,,,,,,,,,,,,,,,,,,,,,,,,,,,,,,,,,,,,,,,,,,,,,,,,,,,,,,,,,,,,,,,,,,,,,,,,,,,,,,,,,,,,,,,,,,,,,,,,,,,,,,,,,,,,,,,,,,,,,,,,,,,,,,,,,,,,,,,,,,,,,,,,,,,,,,,,,,,,,,,,,,,,,,,,,,,,,,,,,,,,,,,,,,,,,,,,,,,,,,,,,,,,,,,,,,,,,,,,,,,,,,,,,,,,,,,,,,,,,,,,,,,,,,,,,,,,,,,,,,,,,,,,,,,,,,,,,,,,,,,,,,,,,,,,,,,,,,,,,,,,,,,,,,,,,,,,,,,,,,,,,,,,,,,,,,,,,,,,,,,,,,,,,,,,,,,,,,,,,,,,,,,,,,,,,,,,,,,,,,,,,,,,,,,,,,,,,,,,,,,,,,,,,,,,,,,,,,,,,,,,,,,,,,,,,,,,,,,,,,,,,,,,,,,,,,,,,,,,,,,,,,,,,,,,,,,,,,,,,,,,,,,,,,,,,,,,,,,,,,,,,,,,,,,,,,,,,,,,,,,,,,,,,,,,,,,,,,,,,,,,,,,,,,,,,,,,,,,,,,,,,,,,,,,,,,,,,,,,,,,,,,,,,,,,,,,,,,,,,,,,,,,,,,,,,,,,,,,,,,,,,,,,,,,,,,,,,,,,,,,,,,,,,,,,,,,,,,,,,,,,,,,,,,,,,,,,,,,,,,,,,,,,,,,,,,,,,,,,,,,,,,,,,,,,,,,,,,,,,,,,,,,,,,,,,,,,,,,,,,,,,,,,,,,,,,,,,,,,,,,,,,,,,,,,,,,,,,,,,,,,,,,,,,,,,,,,,,,,,,,,,,,,,,,,,,,,,,,,,,,,,,,,,,,,,,,,,,,,,,,,,,,,,,,,,,
69,state,ia,ia,1,"(1, ('e', 0, 2, 2))","(2, ('e', 3, 4, 1))","(1, ('e', 0, 2, 2))","(2, ('a', 3, 4))","(1, ('e', 0, 2, 2))","(2, ('e', 3, 4, 1))","(1, ('e', 0, 2, 2))","(2, ('a', 3, 4))","(1, ('e', 0, 2, 2))",,,,,,,,,,,,,,,,,,,,,,,,,,,,,,,,,,,,,,,,,,,,,,,,,,,,,,,,,,,,,,,,,,,,,,,,,,,,,,,,,,,,,,,,,,,,,,,,,,,,,,,,,,,,,,,,,,,,,,,,,,,,,,,,,,,,,,,,,,,,,,,,,,,,,,,,,,,,,,,,,,,,,,,,,,,,,,,,,,,,,,,,,,,,,,,,,,,,,,,,,,,,,,,,,,,,,,,,,,,,,,,,,,,,,,,,,,,,,,,,,,,,,,,,,,,,,,,,,,,,,,,,,,,,,,,,,,,,,,,,,,,,,,,,,,,,,,,,,,,,,,,,,,,,,,,,,,,,,,,,,,,,,,,,,,,,,,,,,,,,,,,,,,,,,,,,,,,,,,,,,,,,,,,,,,,,,,,,,,,,,,,,,,,,,,,,,,,,,,,,,,,,,,,,,,,,,,,,,,,,,,,,,,,,,,,,,,,,,,,,,,,,,,,,,,,,,,,,,,,,,,,,,,,,,,,,,,,,,,,,,,,,,,,,,,,,,,,,,,,,,,,,,,,,,,,,,,,,,,,,,,,,,,,,,,,,,,,,,,,,,,,,,,,,,,,,,,,,,,,,,,,,,,,,,,,,,,,,,,,,,,,,,,,,,,,,,,,,,,,,,,,,,,,,,,,,,,,,,,,,,,,,,,,,,,,,,,,,,,,,,,,,,,,,,,,,,,,,,,,,,,,,,,,,,,,,,,,,,,,,,,,,,,,,,,,,,,,,,,,,,,,,,,,,,,,,,,,,,,,,,,,,,,,,,,,,,,,,,,,,,,,,,,,,,,,,,,,,,,,,,,,,,,,,,,,,,,,,,,,,,,,,,,,,,,,,,,,,,,,,,,,,,,,,,,,,,,,,,,,,,,,,,,,,,,,,,,,,,,,,,,,,,,,,,,,,,,,,,,,,,,,,,,,,,,,,,,,,,,,,,,,,,,,,,,,,,,,,,,,,,,,,,,,,,,,,,,,,,,,,,,,,,,,,,,,,,,,,,,,,,,,,,,,,,,,,,,,,,,,,,,,,,,,,,,,,,,,,,,,,,,,,,,,
70,move,ia,ia,1,"[[0, 0, (1, 2), 0, 0], [0, 0, 0, 0, 0], [0, (0, -1), (0, -1), (0, -1), 0], [0, 0, 0, 0, 0], [0, 0, 0, 0, 0]]","[[0, 0, (1, 2), 0, 0], [0, 0, 0, 0, 0], [0, (0, -1), (0, -1), (0, -1), 0], [0, 0, 0, 0, (2, 1)], [0, 0, 0, 0, 0]]","[[0, 0, (1, 2), 0, 0], [0, 0, (1, 2), 0, 0], [0, (0, -1), (0, -1), (0, -1), 0], [0, 0, 0, 0, (2, 1)], [0, 0, 0, 0, 0]]","[[0, 0, (1, 2), 0, 0], [0, 0, (1, 2), 0, 0], [0, (0, -1), (0, -1), (0, -1), 0], [0, 0, 0, 0, 0], [0, 0, 0, 0, 0]]","[[0, 0, (1, 2), 0, 0], [0, 0, (1, 2), 0, 0], [0, (0, -1), (1, 2), (0, -1), 0], [0, 0, (0, -1), 0, 0], [0, 0, 0, 0, 0]]","[[0, 0, (1, 2), 0, 0], [0, 0, (1, 2), 0, 0], [0, (0, -1), (1, 2), (0, -1), 0], [0, 0, (0, -1), 0, (2, 1)], [0, 0, 0, 0, 0]]","[[0, 0, (1, 2), 0, 0], [0, 0, (1, 2), 0, 0], [0, (0, -1), (1, 2), (0, -1), 0], [0, 0, (1, 2), 0, (2, 1)], [0, 0, (0, -1), 0, 0]]","[[0, 0, (1, 2), 0, 0], [0, 0, (1, 2), 0, 0], [0, (0, -1), (1, 2), (0, -1), 0], [0, 0, (1, 2), 0, 0], [0, 0, (0, -1), 0, 0]]","[[0, 0, (1, 2), 0, 0], [0, 0, (1, 2), 0, 0], [0, (0, -1), (1, 2), (0, -1), 0], [0, 0, (1, 2), 0, 0], [0, 0, (1, 2), 0, 0]]",,,,,,,,,,,,,,,,,,,,,,,,,,,,,,,,,,,,,,,,,,,,,,,,,,,,,,,,,,,,,,,,,,,,,,,,,,,,,,,,,,,,,,,,,,,,,,,,,,,,,,,,,,,,,,,,,,,,,,,,,,,,,,,,,,,,,,,,,,,,,,,,,,,,,,,,,,,,,,,,,,,,,,,,,,,,,,,,,,,,,,,,,,,,,,,,,,,,,,,,,,,,,,,,,,,,,,,,,,,,,,,,,,,,,,,,,,,,,,,,,,,,,,,,,,,,,,,,,,,,,,,,,,,,,,,,,,,,,,,,,,,,,,,,,,,,,,,,,,,,,,,,,,,,,,,,,,,,,,,,,,,,,,,,,,,,,,,,,,,,,,,,,,,,,,,,,,,,,,,,,,,,,,,,,,,,,,,,,,,,,,,,,,,,,,,,,,,,,,,,,,,,,,,,,,,,,,,,,,,,,,,,,,,,,,,,,,,,,,,,,,,,,,,,,,,,,,,,,,,,,,,,,,,,,,,,,,,,,,,,,,,,,,,,,,,,,,,,,,,,,,,,,,,,,,,,,,,,,,,,,,,,,,,,,,,,,,,,,,,,,,,,,,,,,,,,,,,,,,,,,,,,,,,,,,,,,,,,,,,,,,,,,,,,,,,,,,,,,,,,,,,,,,,,,,,,,,,,,,,,,,,,,,,,,,,,,,,,,,,,,,,,,,,,,,,,,,,,,,,,,,,,,,,,,,,,,,,,,,,,,,,,,,,,,,,,,,,,,,,,,,,,,,,,,,,,,,,,,,,,,,,,,,,,,,,,,,,,,,,,,,,,,,,,,,,,,,,,,,,,,,,,,,,,,,,,,,,,,,,,,,,,,,,,,,,,,,,,,,,,,,,,,,,,,,,,,,,,,,,,,,,,,,,,,,,,,,,,,,,,,,,,,,,,,,,,,,,,,,,,,,,,,,,,,,,,,,,,,,,,,,,,,,,,,,,,,,,,,,,,,,,,,,,,,,,,,,,,,,,,,,,,,,,,,,,,,,,,,,,,,,,,,,,,,,,,,,,,,,,,,,,,,,,,,,,,,,,,,,,,,,,,,,,
71,state,ia,ia,1,"(1, ('e', 0, 1, 3))","(2, ('e', 0, 1, 2))","(1, ('e', 0, 2, 2))","(2, ('e', 3, 4, 1))","(1, ('e', 0, 2, 2))","(2, ('a', 3, 4))","(1, ('e', 0, 2, 2))","(2, ('e', 0, 4, 1))","(1, ('e', 0, 2, 2))","(2, ('e', 3, 4, 1))","(1, ('a', 0, 2))","(2, ('a', 3, 4))","(1, ('e', 3, 4, 3))","(2, ('e', 3, 0, 1))","(1, ('m', 3, 2, 2))",,,,,,,,,,,,,,,,,,,,,,,,,,,,,,,,,,,,,,,,,,,,,,,,,,,,,,,,,,,,,,,,,,,,,,,,,,,,,,,,,,,,,,,,,,,,,,,,,,,,,,,,,,,,,,,,,,,,,,,,,,,,,,,,,,,,,,,,,,,,,,,,,,,,,,,,,,,,,,,,,,,,,,,,,,,,,,,,,,,,,,,,,,,,,,,,,,,,,,,,,,,,,,,,,,,,,,,,,,,,,,,,,,,,,,,,,,,,,,,,,,,,,,,,,,,,,,,,,,,,,,,,,,,,,,,,,,,,,,,,,,,,,,,,,,,,,,,,,,,,,,,,,,,,,,,,,,,,,,,,,,,,,,,,,,,,,,,,,,,,,,,,,,,,,,,,,,,,,,,,,,,,,,,,,,,,,,,,,,,,,,,,,,,,,,,,,,,,,,,,,,,,,,,,,,,,,,,,,,,,,,,,,,,,,,,,,,,,,,,,,,,,,,,,,,,,,,,,,,,,,,,,,,,,,,,,,,,,,,,,,,,,,,,,,,,,,,,,,,,,,,,,,,,,,,,,,,,,,,,,,,,,,,,,,,,,,,,,,,,,,,,,,,,,,,,,,,,,,,,,,,,,,,,,,,,,,,,,,,,,,,,,,,,,,,,,,,,,,,,,,,,,,,,,,,,,,,,,,,,,,,,,,,,,,,,,,,,,,,,,,,,,,,,,,,,,,,,,,,,,,,,,,,,,,,,,,,,,,,,,,,,,,,,,,,,,,,,,,,,,,,,,,,,,,,,,,,,,,,,,,,,,,,,,,,,,,,,,,,,,,,,,,,,,,,,,,,,,,,,,,,,,,,,,,,,,,,,,,,,,,,,,,,,,,,,,,,,,,,,,,,,,,,,,,,,,,,,,,,,,,,,,,,,,,,,,,,,,,,,,,,,,,,,,,,,,,,,,,,,,,,,,,,,,,,,,,,,,,,,,,,,,,,,,,,,,,,,,,,,,,,,,,,,,,,,,,,,,,,,,,,,,,,,,,,,,,,,,,,,,,,,,,,,,,,,,,,,,,,,,,,,,,,,,,,,,,,,,,,,,,
72,move,ia,ia,1,"[[0, (1, 3), 0, 0, 0], [0, 0, 0, 0, 0], [0, (0, -1), (0, -1), (0, -1), 0], [0, 0, 0, 0, 0], [0, 0, 0, 0, 0]]","[[0, (2, 2), 0, 0, 0], [0, (1, 3), 0, 0, 0], [0, (0, -1), (0, -1), (0, -1), 0], [0, 0, 0, 0, 0], [0, 0, 0, 0, 0]]","[[0, (2, 2), (1, 2), 0, 0], [0, (1, 3), 0, 0, 0], [0, (0, -1), (0, -1), (0, -1), 0], [0, 0, 0, 0, 0], [0, 0, 0, 0, 0]]","[[0, (2, 2), (1, 2), 0, 0], [0, (1, 3), 0, 0, 0], [0, (0, -1), (0, -1), (0, -1), 0], [0, 0, 0, 0, (2, 1)], [0, 0, 0, 0, 0]]","[[0, (2, 2), (1, 2), 0, 0], [0, (1, 3), (1, 2), 0, 0], [0, (0, -1), (0, -1), (0, -1), 0], [0, 0, 0, 0, (2, 1)], [0, 0, 0, 0, 0]]","[[0, (2, 2), (1, 2), 0, 0], [0, (1, 3), (1, 2), 0, 0], [0, (0, -1), (0, -1), (0, -1), 0], [0, 0, 0, 0, 0], [0, 0, 0, 0, 0]]","[[0, (2, 2), (1, 2), 0, 0], [0, (1, 3), (1, 2), 0, 0], [0, (0, -1), (1, 2), (0, -1), 0], [0, 0, (0, -1), 0, 0], [0, 0, 0, 0, 0]]","[[0, (2, 2), (1, 2), 0, (2, 1)], [0, (1, 3), (1, 2), 0, 0], [0, (0, -1), (1, 2), (0, -1), 0], [0, 0, (0, -1), 0, 0], [0, 0, 0, 0, 0]]","[[0, (2, 2), (1, 2), 0, (2, 1)], [0, (1, 3), (1, 2), 0, 0], [0, (0, -1), (1, 2), (0, -1), 0], [0, 0, (1, 2), 0, 0], [0, 0, (0, -1), 0, 0]]","[[0, (2, 2), (1, 2), 0, (2, 1)], [0, (1, 3), (1, 2), 0, 0], [0, (0, -1), (1, 2), (0, -1), 0], [0, 0, (1, 2), 0, (2, 1)], [0, 0, (0, -1), 0, 0]]","[[0, (2, 2), 0, 0, (2, 1)], [0, (1, 3), (1, 2), 0, 0], [0, (0, -1), (1, 2), (0, -1), 0], [0, 0, (1, 2), 0, (2, 1)], [0, 0, (0, -1), 0, 0]]","[[0, (2, 2), 0, 0, (2, 1)], [0, (1, 3), (1, 2), 0, 0], [0, (0, -1), (1, 2), (0, -1), 0], [0, 0, (1, 2), 0, 0], [0, 0, (0, -1), 0, 0]]","[[0, (2, 2), 0, 0, (2, 1)], [0, (1, 3), (1, 2), 0, 0], [0, (0, -1), (1, 2), (0, -1), 0], [0, 0, (1, 2), 0, (1, 3)], [0, 0, (0, -1), 0, 0]]","[[0, (2, 2), 0, 0, (2, 1)], [0, (1, 3), (1, 2), 0, 0], [0, (0, -1), (1, 2), (0, -1), 0], [(2, 1), 0, (1, 2), 0, (1, 3)], [0, 0, (0, -1), 0, 0]]","[[0, (2, 2), 0, 0, (2, 1)], [0, (1, 3), (1, 2), 0, 0], [0, (0, -1), (1, 2), (0, -1), 0], [(2, 1), 0, 0, 0, (1, 3)], [0, 0, (1, 2), 0, 0]]",,,,,,,,,,,,,,,,,,,,,,,,,,,,,,,,,,,,,,,,,,,,,,,,,,,,,,,,,,,,,,,,,,,,,,,,,,,,,,,,,,,,,,,,,,,,,,,,,,,,,,,,,,,,,,,,,,,,,,,,,,,,,,,,,,,,,,,,,,,,,,,,,,,,,,,,,,,,,,,,,,,,,,,,,,,,,,,,,,,,,,,,,,,,,,,,,,,,,,,,,,,,,,,,,,,,,,,,,,,,,,,,,,,,,,,,,,,,,,,,,,,,,,,,,,,,,,,,,,,,,,,,,,,,,,,,,,,,,,,,,,,,,,,,,,,,,,,,,,,,,,,,,,,,,,,,,,,,,,,,,,,,,,,,,,,,,,,,,,,,,,,,,,,,,,,,,,,,,,,,,,,,,,,,,,,,,,,,,,,,,,,,,,,,,,,,,,,,,,,,,,,,,,,,,,,,,,,,,,,,,,,,,,,,,,,,,,,,,,,,,,,,,,,,,,,,,,,,,,,,,,,,,,,,,,,,,,,,,,,,,,,,,,,,,,,,,,,,,,,,,,,,,,,,,,,,,,,,,,,,,,,,,,,,,,,,,,,,,,,,,,,,,,,,,,,,,,,,,,,,,,,,,,,,,,,,,,,,,,,,,,,,,,,,,,,,,,,,,,,,,,,,,,,,,,,,,,,,,,,,,,,,,,,,,,,,,,,,,,,,,,,,,,,,,,,,,,,,,,,,,,,,,,,,,,,,,,,,,,,,,,,,,,,,,,,,,,,,,,,,,,,,,,,,,,,,,,,,,,,,,,,,,,,,,,,,,,,,,,,,,,,,,,,,,,,,,,,,,,,,,,,,,,,,,,,,,,,,,,,,,,,,,,,,,,,,,,,,,,,,,,,,,,,,,,,,,,,,,,,,,,,,,,,,,,,,,,,,,,,,,,,,,,,,,,,,,,,,,,,,,,,,,,,,,,,,,,,,,,,,,,,,,,,,,,,,,,,,,,,,,,,,,,,,,,,,,,,,,,,,,,,,,,,,,,,,,,,,,,,,,,,,,,,,,,,,,,,,,,,,,,,,,,,,,,,,,,,,,,,,,
73,state,ia,ia,1,"(1, ('e', 0, 2, 2))","(2, ('e', 4, 0, 1))","(1, ('e', 0, 2, 2))","(2, ('e', 3, 4, 1))","(1, ('e', 0, 2, 2))","(2, ('a', 3, 4))","(1, ('e', 3, 4, 2))","(2, ('e', 0, 4, 1))","(1, ('e', 0, 2, 2))","(2, ('e', 1, 4, 2))","(1, ('a', 0, 2))","(2, ('m', 0, 4, 3))","(1, ('e', 0, 2, 2))","(2, ('t', 0, 3, 0))","(1, ('m', 1, 2, 2))",,,,,,,,,,,,,,,,,,,,,,,,,,,,,,,,,,,,,,,,,,,,,,,,,,,,,,,,,,,,,,,,,,,,,,,,,,,,,,,,,,,,,,,,,,,,,,,,,,,,,,,,,,,,,,,,,,,,,,,,,,,,,,,,,,,,,,,,,,,,,,,,,,,,,,,,,,,,,,,,,,,,,,,,,,,,,,,,,,,,,,,,,,,,,,,,,,,,,,,,,,,,,,,,,,,,,,,,,,,,,,,,,,,,,,,,,,,,,,,,,,,,,,,,,,,,,,,,,,,,,,,,,,,,,,,,,,,,,,,,,,,,,,,,,,,,,,,,,,,,,,,,,,,,,,,,,,,,,,,,,,,,,,,,,,,,,,,,,,,,,,,,,,,,,,,,,,,,,,,,,,,,,,,,,,,,,,,,,,,,,,,,,,,,,,,,,,,,,,,,,,,,,,,,,,,,,,,,,,,,,,,,,,,,,,,,,,,,,,,,,,,,,,,,,,,,,,,,,,,,,,,,,,,,,,,,,,,,,,,,,,,,,,,,,,,,,,,,,,,,,,,,,,,,,,,,,,,,,,,,,,,,,,,,,,,,,,,,,,,,,,,,,,,,,,,,,,,,,,,,,,,,,,,,,,,,,,,,,,,,,,,,,,,,,,,,,,,,,,,,,,,,,,,,,,,,,,,,,,,,,,,,,,,,,,,,,,,,,,,,,,,,,,,,,,,,,,,,,,,,,,,,,,,,,,,,,,,,,,,,,,,,,,,,,,,,,,,,,,,,,,,,,,,,,,,,,,,,,,,,,,,,,,,,,,,,,,,,,,,,,,,,,,,,,,,,,,,,,,,,,,,,,,,,,,,,,,,,,,,,,,,,,,,,,,,,,,,,,,,,,,,,,,,,,,,,,,,,,,,,,,,,,,,,,,,,,,,,,,,,,,,,,,,,,,,,,,,,,,,,,,,,,,,,,,,,,,,,,,,,,,,,,,,,,,,,,,,,,,,,,,,,,,,,,,,,,,,,,,,,,,,,,,,,,,,,,,,,,,,,,,,,,,,,,,,,,,,,,,,,,,,,,,,,,,,,,,,,,,,,,
74,move,ia,ia,1,"[[0, 0, (1, 2), 0, 0], [0, 0, 0, 0, 0], [0, (0, -1), (0, -1), (0, -1), 0], [0, 0, 0, 0, 0], [0, 0, 0, 0, 0]]","[[0, 0, (1, 2), 0, 0], [0, 0, 0, 0, 0], [0, (0, -1), (0, -1), (0, -1), 0], [0, 0, 0, 0, 0], [(2, 1), 0, 0, 0, 0]]","[[0, 0, (1, 2), 0, 0], [0, 0, (1, 2), 0, 0], [0, (0, -1), (0, -1), (0, -1), 0], [0, 0, 0, 0, 0], [(2, 1), 0, 0, 0, 0]]","[[0, 0, (1, 2), 0, 0], [0, 0, (1, 2), 0, 0], [0, (0, -1), (0, -1), (0, -1), 0], [0, 0, 0, 0, (2, 1)], [(2, 1), 0, 0, 0, 0]]","[[0, 0, (1, 2), 0, 0], [0, 0, (1, 2), 0, 0], [0, (0, -1), (1, 2), (0, -1), 0], [0, 0, (0, -1), 0, (2, 1)], [(2, 1), 0, 0, 0, 0]]","[[0, 0, (1, 2), 0, 0], [0, 0, (1, 2), 0, 0], [0, (0, -1), (1, 2), (0, -1), 0], [0, 0, (0, -1), 0, 0], [(2, 1), 0, 0, 0, 0]]","[[0, 0, (1, 2), 0, 0], [0, 0, (1, 2), 0, 0], [0, (0, -1), (1, 2), (0, -1), 0], [0, 0, (0, -1), 0, (1, 2)], [(2, 1), 0, 0, 0, 0]]","[[0, 0, (1, 2), 0, (2, 1)], [0, 0, (1, 2), 0, 0], [0, (0, -1), (1, 2), (0, -1), 0], [0, 0, (0, -1), 0, (1, 2)], [(2, 1), 0, 0, 0, 0]]","[[0, 0, (1, 2), 0, (2, 1)], [0, 0, (1, 2), 0, 0], [0, (0, -1), (1, 2), (0, -1), 0], [0, 0, (1, 2), 0, (1, 2)], [(2, 1), 0, (0, -1), 0, 0]]","[[0, 0, (1, 2), 0, (2, 1)], [0, 0, (1, 2), 0, (2, 2)], [0, (0, -1), (1, 2), (0, -1), 0], [0, 0, (1, 2), 0, (1, 2)], [(2, 1), 0, (0, -1), 0, 0]]","[[0, 0, 0, 0, (2, 1)], [0, 0, (1, 2), 0, (2, 2)], [0, (0, -1), (1, 2), (0, -1), 0], [0, 0, (1, 2), 0, (1, 2)], [(2, 1), 0, (0, -1), 0, 0]]","[[0, 0, 0, (2, 1), 0], [0, 0, (1, 2), 0, (2, 2)], [0, (0, -1), (1, 2), (0, -1), 0], [0, 0, (1, 2), 0, (1, 2)], [(2, 1), 0, (0, -1), 0, 0]]","[[0, 0, (1, 2), (2, 1), 0], [0, 0, (1, 2), 0, (2, 2)], [0, (0, -1), (1, 2), (0, -1), 0], [0, 0, (1, 2), 0, (1, 2)], [(2, 1), 0, (0, -1), 0, 0]]","[[0, 0, (1, 2), (2, 0), 0], [0, 0, (1, 2), 0, (2, 2)], [0, (0, -1), (1, 2), (0, -1), 0], [0, 0, (1, 2), 0, (1, 2)], [(2, 1), 0, (0, -1), 0, 0]]","[[0, 0, (1, 2), (2, 0), 0], [0, 0, 0, 0, (2, 2)], [0, (0, -1), (1, 2), (0, -1), 0], [0, 0, (1, 2), 0, (1, 2)], [(2, 1), 0, (1, 2), 0, 0]]",,,,,,,,,,,,,,,,,,,,,,,,,,,,,,,,,,,,,,,,,,,,,,,,,,,,,,,,,,,,,,,,,,,,,,,,,,,,,,,,,,,,,,,,,,,,,,,,,,,,,,,,,,,,,,,,,,,,,,,,,,,,,,,,,,,,,,,,,,,,,,,,,,,,,,,,,,,,,,,,,,,,,,,,,,,,,,,,,,,,,,,,,,,,,,,,,,,,,,,,,,,,,,,,,,,,,,,,,,,,,,,,,,,,,,,,,,,,,,,,,,,,,,,,,,,,,,,,,,,,,,,,,,,,,,,,,,,,,,,,,,,,,,,,,,,,,,,,,,,,,,,,,,,,,,,,,,,,,,,,,,,,,,,,,,,,,,,,,,,,,,,,,,,,,,,,,,,,,,,,,,,,,,,,,,,,,,,,,,,,,,,,,,,,,,,,,,,,,,,,,,,,,,,,,,,,,,,,,,,,,,,,,,,,,,,,,,,,,,,,,,,,,,,,,,,,,,,,,,,,,,,,,,,,,,,,,,,,,,,,,,,,,,,,,,,,,,,,,,,,,,,,,,,,,,,,,,,,,,,,,,,,,,,,,,,,,,,,,,,,,,,,,,,,,,,,,,,,,,,,,,,,,,,,,,,,,,,,,,,,,,,,,,,,,,,,,,,,,,,,,,,,,,,,,,,,,,,,,,,,,,,,,,,,,,,,,,,,,,,,,,,,,,,,,,,,,,,,,,,,,,,,,,,,,,,,,,,,,,,,,,,,,,,,,,,,,,,,,,,,,,,,,,,,,,,,,,,,,,,,,,,,,,,,,,,,,,,,,,,,,,,,,,,,,,,,,,,,,,,,,,,,,,,,,,,,,,,,,,,,,,,,,,,,,,,,,,,,,,,,,,,,,,,,,,,,,,,,,,,,,,,,,,,,,,,,,,,,,,,,,,,,,,,,,,,,,,,,,,,,,,,,,,,,,,,,,,,,,,,,,,,,,,,,,,,,,,,,,,,,,,,,,,,,,,,,,,,,,,,,,,,,,,,,,,,,,,,,,,,,,,,,,,,,,,,,,,,,,,,,,,,,,,,,,,,,,,,,,,,,,
75,state,ia,ia,3,"(1, ('e', 0, 2, 2))","(2, ('e', 4, 2, 2))","(1, ('e', 0, 2, 2))","(2, ('e', 3, 4, 1))","(1, ('m', 0, 2, 1))","(2, ('a', 3, 4))","(1, ('e', 0, 2, 2))","(2, ('e', 3, 4, 1))","(1, ('e', 0, 2, 2))","(2, ('a', 3, 4))","(1, ('e', 0, 2, 2))","(2, ('e', 4, 1, 1))","(1, ('a', 0, 2))","(2, ('m', 4, 1, 3))","(1, ('e', 0, 2, 2))","(2, ('e', 3, 4, 1))","(1, ('a', 0, 2))","(2, ('a', 3, 4))","(1, ('e', 0, 2, 2))","(2, ('e', 4, 3, 3))","(1, ('a', 0, 2))","(2, ('e', 4, 4, 2))","(1, ('e', 0, 2, 2))","(2, ('e', 3, 4, 1))","(1, ('a', 0, 2))","(2, ('e', 0, 4, 1))","(1, ('e', 0, 2, 2))","(2, ('a', 3, 4))","(1, ('a', 0, 2))","(2, ('e', 3, 4, 1))","(1, ('e', 0, 2, 2))","(2, ('t', 4, 3, 0))","(1, ('t', 1, 2, 1))","(2, ('a', 3, 4))","(1, ('a', 0, 2))","(2, ('e', 3, 4, 1))","(1, ('e', 0, 2, 2))","(2, ('a', 3, 4))","(1, ('a', 0, 2))","(2, ('e', 3, 4, 1))","(1, ('e', 0, 2, 2))","(2, ('a', 3, 4))","(1, ('a', 0, 2))","(2, ('e', 3, 4, 1))","(1, ('e', 1, 4, 3))","(2, ('a', 3, 4))","(1, ('m', 1, 2, 3))","(2, ('a', 4, 4))","(1, ('m', 2, 2, 0))","(2, ('e', 3, 4, 1))","(1, ('t', 1, 4, 0))",,,,,,,,,,,,,,,,,,,,,,,,,,,,,,,,,,,,,,,,,,,,,,,,,,,,,,,,,,,,,,,,,,,,,,,,,,,,,,,,,,,,,,,,,,,,,,,,,,,,,,,,,,,,,,,,,,,,,,,,,,,,,,,,,,,,,,,,,,,,,,,,,,,,,,,,,,,,,,,,,,,,,,,,,,,,,,,,,,,,,,,,,,,,,,,,,,,,,,,,,,,,,,,,,,,,,,,,,,,,,,,,,,,,,,,,,,,,,,,,,,,,,,,,,,,,,,,,,,,,,,,,,,,,,,,,,,,,,,,,,,,,,,,,,,,,,,,,,,,,,,,,,,,,,,,,,,,,,,,,,,,,,,,,,,,,,,,,,,,,,,,,,,,,,,,,,,,,,,,,,,,,,,,,,,,,,,,,,,,,,,,,,,,,,,,,,,,,,,,,,,,,,,,,,,,,,,,,,,,,,,,,,,,,,,,,,,,,,,,,,,,,,,,,,,,,,,,,,,,,,,,,,,,,,,,,,,,,,,,,,,,,,,,,,,,,,,,,,,,,,,,,,,,,,,,,,,,,,,,,,,,,,,,,,,,,,,,,,,,,,,,,,,,,,,,,,,,,,,,,,,,,,,,,,,,,,,,,,,,,,,,,,,,,,,,,,,,,,,,,,,,,,,,,,,,,,,,,,,,,,,,,,,,,,,,,,,,,,,,,,,,,,,,,,,,,,,,,,,,,,,,,,,,,,,,,,,,,,,,,,,,,,,,,,,,,,,,,,,,,,,,,,,,,,,,,,,,,,,,,,,,,,,,,,,,,,,,,,,,,,,,,,,,,,,,,,,,,,,,,,,,,,,,,,,,,,,,,,,,,,,,,,,,,,,,,,,,,,,,,,,,,,,,,,,,,,,,,,,,,,,,,,,,,,,,,,,,,,,,,,,,,,,,,,,,,,,,,,,,,,,,,,,,,,,,,,,,,,,,,,,,,,,,,,,,,,,,,,,,,,,,,,,,,,,,,,,,,,,,,,,,,,,,,,,,,,,,,,,,,,,,,,
76,move,ia,ia,3,"[[0, 0, (1, 2), 0, 0], [0, 0, 0, 0, 0], [0, (0, -1), (0, -1), (0, -1), 0], [0, 0, 0, 0, 0], [0, 0, 0, 0, 0]]","[[0, 0, (1, 2), 0, 0], [0, 0, 0, 0, 0], [0, (0, -1), (0, -1), (0, -1), 0], [0, 0, 0, 0, 0], [0, 0, (2, 2), 0, 0]]","[[0, 0, (1, 2), 0, 0], [0, 0, (1, 2), 0, 0], [0, (0, -1), (0, -1), (0, -1), 0], [0, 0, 0, 0, 0], [0, 0, (2, 2), 0, 0]]","[[0, 0, (1, 2), 0, 0], [0, 0, (1, 2), 0, 0], [0, (0, -1), (0, -1), (0, -1), 0], [0, 0, 0, 0, (2, 1)], [0, 0, (2, 2), 0, 0]]","[[0, 0, 0, (1, 2), 0], [0, 0, (1, 2), 0, 0], [0, (0, -1), (0, -1), (0, -1), 0], [0, 0, 0, 0, (2, 1)], [0, 0, (2, 2), 0, 0]]","[[0, 0, 0, (1, 2), 0], [0, 0, (1, 2), 0, 0], [0, (0, -1), (0, -1), (0, -1), 0], [0, 0, 0, 0, 0], [0, 0, (2, 2), 0, 0]]","[[0, 0, (1, 2), (1, 2), 0], [0, 0, (1, 2), 0, 0], [0, (0, -1), (0, -1), (0, -1), 0], [0, 0, 0, 0, 0], [0, 0, (2, 2), 0, 0]]","[[0, 0, (1, 2), (1, 2), 0], [0, 0, (1, 2), 0, 0], [0, (0, -1), (0, -1), (0, -1), 0], [0, 0, 0, 0, (2, 1)], [0, 0, (2, 2), 0, 0]]","[[0, 0, (1, 2), (1, 2), 0], [0, 0, (1, 2), 0, 0], [0, (0, -1), (1, 2), (0, -1), 0], [0, 0, (0, -1), 0, (2, 1)], [0, 0, (2, 2), 0, 0]]","[[0, 0, (1, 2), (1, 2), 0], [0, 0, (1, 2), 0, 0], [0, (0, -1), (1, 2), (0, -1), 0], [0, 0, (0, -1), 0, 0], [0, 0, (2, 2), 0, 0]]","[[0, 0, (1, 2), (1, 2), 0], [0, 0, (1, 2), 0, 0], [0, (0, -1), (1, 2), (0, -1), 0], [0, 0, (1, 2), 0, 0], [0, 0, (0, -1), 0, 0]]","[[0, 0, (1, 2), (1, 2), 0], [0, 0, (1, 2), 0, 0], [0, (0, -1), (1, 2), (0, -1), 0], [0, 0, (1, 2), 0, 0], [0, (2, 1), (0, -1), 0, 0]]","[[0, 0, 0, (1, 2), 0], [0, 0, (1, 2), 0, 0], [0, (0, -1), (1, 2), (0, -1), 0], [0, 0, (1, 2), 0, 0], [0, (2, 1), (0, -1), 0, 0]]","[[0, 0, 0, (1, 2), 0], [0, 0, (1, 2), 0, 0], [0, (0, -1), (1, 2), (0, -1), 0], [0, 0, (1, 2), 0, 0], [(2, 1), 0, (0, -1), 0, 0]]","[[0, 0, (1, 2), (1, 2), 0], [0, 0, (1, 2), 0, 0], [0, (0, -1), (1, 2), (0, -1), 0], [0, 0, (1, 2), 0, 0], [(2, 1), 0, (0, -1), 0, 0]]","[[0, 0, (1, 2), (1, 2), 0], [0, 0, (1, 2), 0, 0], [0, (0, -1), (1, 2), (0, -1), 0], [0, 0, (1, 2), 0, (2, 1)], [(2, 1), 0, (0, -1), 0, 0]]","[[0, 0, 0, (1, 2), 0], [0, 0, (1, 2), 0, 0], [0, (0, -1), (1, 2), (0, -1), 0], [0, 0, (1, 2), 0, (2, 1)], [(2, 1), 0, (0, -1), 0, 0]]","[[0, 0, 0, (1, 2), 0], [0, 0, (1, 2), 0, 0], [0, (0, -1), (1, 2), (0, -1), 0], [0, 0, (1, 2), 0, 0], [(2, 1), 0, (0, -1), 0, 0]]","[[0, 0, (1, 2), (1, 2), 0], [0, 0, (1, 2), 0, 0], [0, (0, -1), (1, 2), (0, -1), 0], [0, 0, (1, 2), 0, 0], [(2, 1), 0, (0, -1), 0, 0]]","[[0, 0, (1, 2), (1, 2), 0], [0, 0, (1, 2), 0, 0], [0, (0, -1), (1, 2), (0, -1), 0], [0, 0, (1, 2), 0, 0], [(2, 1), 0, (0, -1), (2, 3), 0]]","[[0, 0, 0, (1, 2), 0], [0, 0, (1, 2), 0, 0], [0, (0, -1), (1, 2), (0, -1), 0], [0, 0, (1, 2), 0, 0], [(2, 1), 0, (0, -1), (2, 3), 0]]","[[0, 0, 0, (1, 2), 0], [0, 0, (1, 2), 0, 0], [0, (0, -1), (1, 2), (0, -1), 0], [0, 0, (1, 2), 0, 0], [(2, 1), 0, (0, -1), (2, 3), (2, 2)]]","[[0, 0, (1, 2), (1, 2), 0], [0, 0, (1, 2), 0, 0], [0, (0, -1), (1, 2), (0, -1), 0], [0, 0, (1, 2), 0, 0], [(2, 1), 0, (0, -1), (2, 3), (2, 2)]]","[[0, 0, (1, 2), (1, 2), 0], [0, 0, (1, 2), 0, 0], [0, (0, -1), (1, 2), (0, -1), 0], [0, 0, (1, 2), 0, (2, 1)], [(2, 1), 0, (0, -1), (2, 3), (2, 2)]]","[[0, 0, 0, (1, 2), 0], [0, 0, (1, 2), 0, 0], [0, (0, -1), (1, 2), (0, -1), 0], [0, 0, (1, 2), 0, (2, 1)], [(2, 1), 0, (0, -1), (2, 3), (2, 2)]]","[[0, 0, 0, (1, 2), (2, 1)], [0, 0, (1, 2), 0, 0], [0, (0, -1), (1, 2), (0, -1), 0], [0, 0, (1, 2), 0, (2, 1)], [(2, 1), 0, (0, -1), (2, 3), (2, 2)]]","[[0, 0, (1, 2), (1, 2), (2, 1)], [0, 0, (1, 2), 0, 0], [0, (0, -1), (1, 2), (0, -1), 0], [0, 0, (1, 2), 0, (2, 1)], [(2, 1), 0, (0, -1), (2, 3), (2, 2)]]","[[0, 0, (1, 2), (1, 2), (2, 1)], [0, 0, (1, 2), 0, 0], [0, (0, -1), (1, 2), (0, -1), 0], [0, 0, (1, 2), 0, 0], [(2, 1), 0, (0, -1), (2, 3), (2, 2)]]","[[0, 0, 0, (1, 2), (2, 1)], [0, 0, (1, 2), 0, 0], [0, (0, -1), (1, 2), (0, -1), 0], [0, 0, (1, 2), 0, 0], [(2, 1), 0, (0, -1), (2, 3), (2, 2)]]","[[0, 0, 0, (1, 2), (2, 1)], [0, 0, (1, 2), 0, 0], [0, (0, -1), (1, 2), (0, -1), 0], [0, 0, (1, 2), 0, (2, 1)], [(2, 1), 0, (0, -1), (2, 3), (2, 2)]]","[[0, 0, (1, 2), (1, 2), (2, 1)], [0, 0, (1, 2), 0, 0], [0, (0, -1), (1, 2), (0, -1), 0], [0, 0, (1, 2), 0, (2, 1)], [(2, 1), 0, (0, -1), (2, 3), (2, 2)]]","[[0, 0, (1, 2), (1, 2), (2, 1)], [0, 0, (1, 2), 0, 0], [0, (0, -1), (1, 2), (0, -1), 0], [0, 0, (1, 2), 0, (2, 1)], [(2, 1), 0, (0, -1), (2, 0), (2, 2)]]","[[0, 0, (1, 2), (1, 2), (2, 1)], [0, 0, (1, 1), 0, 0], [0, (0, -1), (1, 2), (0, -1), 0], [0, 0, (1, 2), 0, (2, 1)], [(2, 1), 0, (0, -1), (2, 0), (2, 2)]]","[[0, 0, (1, 2), (1, 2), (2, 1)], [0, 0, (1, 1), 0, 0], [0, (0, -1), (1, 2), (0, -1), 0], [0, 0, (1, 2), 0, 0], [(2, 1), 0, (0, -1), (2, 0), (2, 2)]]","[[0, 0, 0, (1, 2), (2, 1)], [0, 0, (1, 1), 0, 0], [0, (0, -1), (1, 2), (0, -1), 0], [0, 0, (1, 2), 0, 0], [(2, 1), 0, (0, -1), (2, 0), (2, 2)]]","[[0, 0, 0, (1, 2), (2, 1)], [0, 0, (1, 1), 0, 0], [0, (0, -1), (1, 2), (0, -1), 0], [0, 0, (1, 2), 0, (2, 1)], [(2, 1), 0, (0, -1), (2, 0), (2, 2)]]","[[0, 0, (1, 2), (1, 2), (2, 1)], [0, 0, (1, 1), 0, 0], [0, (0, -1), (1, 2), (0, -1), 0], [0, 0, (1, 2), 0, (2, 1)], [(2, 1), 0, (0, -1), (2, 0), (2, 2)]]","[[0, 0, (1, 2), (1, 2), (2, 1)], [0, 0, (1, 1), 0, 0], [0, (0, -1), (1, 2), (0, -1), 0], [0, 0, (1, 2), 0, 0], [(2, 1), 0, (0, -1), (2, 0), (2, 2)]]","[[0, 0, 0, (1, 2), (2, 1)], [0, 0, (1, 1), 0, 0], [0, (0, -1), (1, 2), (0, -1), 0], [0, 0, (1, 2), 0, 0], [(2, 1), 0, (0, -1), (2, 0), (2, 2)]]","[[0, 0, 0, (1, 2), (2, 1)], [0, 0, (1, 1), 0, 0], [0, (0, -1), (1, 2), (0, -1), 0], [0, 0, (1, 2), 0, (2, 1)], [(2, 1), 0, (0, -1), (2, 0), (2, 2)]]","[[0, 0, (1, 2), (1, 2), (2, 1)], [0, 0, (1, 1), 0, 0], [0, (0, -1), (1, 2), (0, -1), 0], [0, 0, (1, 2), 0, (2, 1)], [(2, 1), 0, (0, -1), (2, 0), (2, 2)]]","[[0, 0, (1, 2), (1, 2), (2, 1)], [0, 0, (1, 1), 0, 0], [0, (0, -1), (1, 2), (0, -1), 0], [0, 0, (1, 2), 0, 0], [(2, 1), 0, (0, -1), (2, 0), (2, 2)]]","[[0, 0, 0, (1, 2), (2, 1)], [0, 0, (1, 1), 0, 0], [0, (0, -1), (1, 2), (0, -1), 0], [0, 0, (1, 2), 0, 0], [(2, 1), 0, (0, -1), (2, 0), (2, 2)]]","[[0, 0, 0, (1, 2), (2, 1)], [0, 0, (1, 1), 0, 0], [0, (0, -1), (1, 2), (0, -1), 0], [0, 0, (1, 2), 0, (2, 1)], [(2, 1), 0, (0, -1), (2, 0), (2, 2)]]","[[0, 0, 0, (1, 2), (2, 1)], [0, 0, (1, 1), 0, (1, 3)], [0, (0, -1), (1, 2), (0, -1), 0], [0, 0, (1, 2), 0, (2, 1)], [(2, 1), 0, (0, -1), (2, 0), (2, 2)]]","[[0, 0, 0, (1, 2), (2, 1)], [0, 0, (1, 1), 0, (1, 3)], [0, (0, -1), (1, 2), (0, -1), 0], [0, 0, (1, 2), 0, 0], [(2, 1), 0, (0, -1), (2, 0), (2, 2)]]","[[0, 0, 0, (1, 2), (2, 1)], [0, (1, 1), 0, 0, (1, 3)], [0, (0, -1), (1, 2), (0, -1), 0], [0, 0, (1, 2), 0, 0], [(2, 1), 0, (0, -1), (2, 0), (2, 2)]]","[[0, 0, 0, (1, 2), (2, 1)], [0, (1, 1), 0, 0, (1, 3)], [0, (0, -1), (1, 2), (0, -1), 0], [0, 0, (1, 2), 0, 0], [(2, 1), 0, (0, -1), (2, 0), 0]]","[[0, 0, 0, (1, 2), (2, 1)], [0, (1, 1), (1, 2), 0, (1, 3)], [0, (0, -1), 0, (0, -1), 0], [0, 0, (1, 2), 0, 0], [(2, 1), 0, (0, -1), (2, 0), 0]]","[[0, 0, 0, (1, 2), (2, 1)], [0, (1, 1), (1, 2), 0, (1, 3)], [0, (0, -1), 0, (0, -1), 0], [0, 0, (1, 2), 0, (2, 1)], [(2, 1), 0, (0, -1), (2, 0), 0]]","[[0, 0, 0, (1, 2), (2, 1)], [0, (1, 1), (1, 2), 0, (1, 0)], [0, (0, -1), 0, (0, -1), 0], [0, 0, (1, 2), 0, (2, 1)], [(2, 1), 0, (0, -1), (2, 0), 0]]",,,,,,,,,,,,,,,,,,,,,,,,,,,,,,,,,,,,,,,,,,,,,,,,,,,,,,,,,,,,,,,,,,,,,,,,,,,,,,,,,,,,,,,,,,,,,,,,,,,,,,,,,,,,,,,,,,,,,,,,,,,,,,,,,,,,,,,,,,,,,,,,,,,,,,,,,,,,,,,,,,,,,,,,,,,,,,,,,,,,,,,,,,,,,,,,,,,,,,,,,,,,,,,,,,,,,,,,,,,,,,,,,,,,,,,,,,,,,,,,,,,,,,,,,,,,,,,,,,,,,,,,,,,,,,,,,,,,,,,,,,,,,,,,,,,,,,,,,,,,,,,,,,,,,,,,,,,,,,,,,,,,,,,,,,,,,,,,,,,,,,,,,,,,,,,,,,,,,,,,,,,,,,,,,,,,,,,,,,,,,,,,,,,,,,,,,,,,,,,,,,,,,,,,,,,,,,,,,,,,,,,,,,,,,,,,,,,,,,,,,,,,,,,,,,,,,,,,,,,,,,,,,,,,,,,,,,,,,,,,,,,,,,,,,,,,,,,,,,,,,,,,,,,,,,,,,,,,,,,,,,,,,,,,,,,,,,,,,,,,,,,,,,,,,,,,,,,,,,,,,,,,,,,,,,,,,,,,,,,,,,,,,,,,,,,,,,,,,,,,,,,,,,,,,,,,,,,,,,,,,,,,,,,,,,,,,,,,,,,,,,,,,,,,,,,,,,,,,,,,,,,,,,,,,,,,,,,,,,,,,,,,,,,,,,,,,,,,,,,,,,,,,,,,,,,,,,,,,,,,,,,,,,,,,,,,,,,,,,,,,,,,,,,,,,,,,,,,,,,,,,,,,,,,,,,,,,,,,,,,,,,,,,,,,,,,,,,,,,,,,,,,,,,,,,,,,,,,,,,,,,,,,,,,,,,,,,,,,,,,,,,,,,,,,,,,,,,,,,,,,,,,,,,,,,,,,,,,,,,,,,,,,,,,,,,,,,,,,,,,,,,,,,,,,,,,,,,,,,,,,,,,,,,,,,,,,,,,,,,,,,,,,
77,state,ia,ia,3,"(1, ('e', 0, 4, 0))","(2, ('e', 3, 4, 1))","(1, ('e', 0, 2, 2))","(2, ('a', 3, 4))","(1, ('e', 0, 2, 2))","(2, ('e', 3, 4, 1))","(1, ('e', 0, 2, 2))","(2, ('e', 0, 1, 0))","(1, ('e', 1, 4, 1))","(2, ('a', 3, 4))","(1, ('t', 0, 4, 1))","(2, ('e', 3, 4, 1))","(1, ('t', 1, 4, 3))","(2, ('a', 3, 4))","(1, ('a', 0, 2))","(2, ('e', 3, 4, 1))","(1, ('e', 0, 2, 2))","(2, ('a', 3, 4))","(1, ('a', 0, 2))","(2, ('e', 4, 2, 2))","(1, ('e', 4, 0, 1))","(2, ('e', 3, 4, 1))","(1, ('m', 1, 2, 0))","(2, ('a', 3, 4))","(1, ('a', 0, 2))","(2, ('e', 3, 4, 1))","(1, ('e', 0, 2, 2))","(2, ('a', 3, 4))","(1, ('a', 0, 2))","(2, ('m', 0, 1, 3))","(1, ('e', 0, 2, 2))","(2, ('e', 3, 4, 1))","(1, ('a', 0, 2))","(2, ('a', 3, 4))","(1, ('e', 0, 2, 2))","(2, ('e', 0, 1, 1))","(1, ('a', 0, 2))","(2, ('e', 3, 4, 1))","(1, ('e', 0, 2, 2))","(2, ('a', 3, 4))","(1, ('a', 0, 2))","(2, ('e', 3, 4, 1))","(1, ('e', 0, 2, 2))","(2, ('a', 3, 4))","(1, ('a', 0, 2))","(2, ('e', 3, 0, 1))","(1, ('e', 1, 0, 1))",,,,,,,,,,,,,,,,,,,,,,,,,,,,,,,,,,,,,,,,,,,,,,,,,,,,,,,,,,,,,,,,,,,,,,,,,,,,,,,,,,,,,,,,,,,,,,,,,,,,,,,,,,,,,,,,,,,,,,,,,,,,,,,,,,,,,,,,,,,,,,,,,,,,,,,,,,,,,,,,,,,,,,,,,,,,,,,,,,,,,,,,,,,,,,,,,,,,,,,,,,,,,,,,,,,,,,,,,,,,,,,,,,,,,,,,,,,,,,,,,,,,,,,,,,,,,,,,,,,,,,,,,,,,,,,,,,,,,,,,,,,,,,,,,,,,,,,,,,,,,,,,,,,,,,,,,,,,,,,,,,,,,,,,,,,,,,,,,,,,,,,,,,,,,,,,,,,,,,,,,,,,,,,,,,,,,,,,,,,,,,,,,,,,,,,,,,,,,,,,,,,,,,,,,,,,,,,,,,,,,,,,,,,,,,,,,,,,,,,,,,,,,,,,,,,,,,,,,,,,,,,,,,,,,,,,,,,,,,,,,,,,,,,,,,,,,,,,,,,,,,,,,,,,,,,,,,,,,,,,,,,,,,,,,,,,,,,,,,,,,,,,,,,,,,,,,,,,,,,,,,,,,,,,,,,,,,,,,,,,,,,,,,,,,,,,,,,,,,,,,,,,,,,,,,,,,,,,,,,,,,,,,,,,,,,,,,,,,,,,,,,,,,,,,,,,,,,,,,,,,,,,,,,,,,,,,,,,,,,,,,,,,,,,,,,,,,,,,,,,,,,,,,,,,,,,,,,,,,,,,,,,,,,,,,,,,,,,,,,,,,,,,,,,,,,,,,,,,,,,,,,,,,,,,,,,,,,,,,,,,,,,,,,,,,,,,,,,,,,,,,,,,,,,,,,,,,,,,,,,,,,,,,,,,,,,,,,,,,,,,,,,,,,,,,,,,,,,,,,,,,,,,,,,,,,,,,,,,,,,,,,,,,,,,,,,,,,,,,,,,,,,,,,,,,,,,,,,,,,,,,,,,,,,,,,,,,,,,,,,,,,,,,,,,
78,move,ia,ia,3,"[[0, 0, 0, 0, (1, 0)], [0, 0, 0, 0, 0], [0, (0, -1), (0, -1), (0, -1), 0], [0, 0, 0, 0, 0], [0, 0, 0, 0, 0]]","[[0, 0, 0, 0, (1, 0)], [0, 0, 0, 0, 0], [0, (0, -1), (0, -1), (0, -1), 0], [0, 0, 0, 0, (2, 1)], [0, 0, 0, 0, 0]]","[[0, 0, (1, 2), 0, (1, 0)], [0, 0, 0, 0, 0], [0, (0, -1), (0, -1), (0, -1), 0], [0, 0, 0, 0, (2, 1)], [0, 0, 0, 0, 0]]","[[0, 0, (1, 2), 0, (1, 0)], [0, 0, 0, 0, 0], [0, (0, -1), (0, -1), (0, -1), 0], [0, 0, 0, 0, 0], [0, 0, 0, 0, 0]]","[[0, 0, (1, 2), 0, (1, 0)], [0, 0, (1, 2), 0, 0], [0, (0, -1), (0, -1), (0, -1), 0], [0, 0, 0, 0, 0], [0, 0, 0, 0, 0]]","[[0, 0, (1, 2), 0, (1, 0)], [0, 0, (1, 2), 0, 0], [0, (0, -1), (0, -1), (0, -1), 0], [0, 0, 0, 0, (2, 1)], [0, 0, 0, 0, 0]]","[[0, 0, (1, 2), 0, (1, 0)], [0, 0, (1, 2), 0, 0], [0, (0, -1), (1, 2), (0, -1), 0], [0, 0, (0, -1), 0, (2, 1)], [0, 0, 0, 0, 0]]","[[0, (2, 0), (1, 2), 0, (1, 0)], [0, 0, (1, 2), 0, 0], [0, (0, -1), (1, 2), (0, -1), 0], [0, 0, (0, -1), 0, (2, 1)], [0, 0, 0, 0, 0]]","[[0, (2, 0), (1, 2), 0, (1, 0)], [0, 0, (1, 2), 0, (1, 1)], [0, (0, -1), (1, 2), (0, -1), 0], [0, 0, (0, -1), 0, (2, 1)], [0, 0, 0, 0, 0]]","[[0, (2, 0), (1, 2), 0, (1, 0)], [0, 0, (1, 2), 0, (1, 1)], [0, (0, -1), (1, 2), (0, -1), 0], [0, 0, (0, -1), 0, 0], [0, 0, 0, 0, 0]]","[[0, (2, 0), (1, 2), 0, (1, 1)], [0, 0, (1, 2), 0, (1, 1)], [0, (0, -1), (1, 2), (0, -1), 0], [0, 0, (0, -1), 0, 0], [0, 0, 0, 0, 0]]","[[0, (2, 0), (1, 2), 0, (1, 1)], [0, 0, (1, 2), 0, (1, 1)], [0, (0, -1), (1, 2), (0, -1), 0], [0, 0, (0, -1), 0, (2, 1)], [0, 0, 0, 0, 0]]","[[0, (2, 0), (1, 2), 0, (1, 1)], [0, 0, (1, 2), 0, (1, 3)], [0, (0, -1), (1, 2), (0, -1), 0], [0, 0, (0, -1), 0, (2, 1)], [0, 0, 0, 0, 0]]","[[0, (2, 0), (1, 2), 0, (1, 1)], [0, 0, (1, 2), 0, (1, 3)], [0, (0, -1), (1, 2), (0, -1), 0], [0, 0, (0, -1), 0, 0], [0, 0, 0, 0, 0]]","[[0, (2, 0), 0, 0, (1, 1)], [0, 0, (1, 2), 0, (1, 3)], [0, (0, -1), (1, 2), (0, -1), 0], [0, 0, (0, -1), 0, 0], [0, 0, 0, 0, 0]]","[[0, (2, 0), 0, 0, (1, 1)], [0, 0, (1, 2), 0, (1, 3)], [0, (0, -1), (1, 2), (0, -1), 0], [0, 0, (0, -1), 0, (2, 1)], [0, 0, 0, 0, 0]]","[[0, (2, 0), (1, 2), 0, (1, 1)], [0, 0, (1, 2), 0, (1, 3)], [0, (0, -1), (1, 2), (0, -1), 0], [0, 0, (0, -1), 0, (2, 1)], [0, 0, 0, 0, 0]]","[[0, (2, 0), (1, 2), 0, (1, 1)], [0, 0, (1, 2), 0, (1, 3)], [0, (0, -1), (1, 2), (0, -1), 0], [0, 0, (0, -1), 0, 0], [0, 0, 0, 0, 0]]","[[0, (2, 0), 0, 0, (1, 1)], [0, 0, (1, 2), 0, (1, 3)], [0, (0, -1), (1, 2), (0, -1), 0], [0, 0, (0, -1), 0, 0], [0, 0, 0, 0, 0]]","[[0, (2, 0), 0, 0, (1, 1)], [0, 0, (1, 2), 0, (1, 3)], [0, (0, -1), (1, 2), (0, -1), 0], [0, 0, (0, -1), 0, 0], [0, 0, (2, 2), 0, 0]]","[[0, (2, 0), 0, 0, (1, 1)], [0, 0, (1, 2), 0, (1, 3)], [0, (0, -1), (1, 2), (0, -1), 0], [0, 0, (0, -1), 0, 0], [(1, 1), 0, (2, 2), 0, 0]]","[[0, (2, 0), 0, 0, (1, 1)], [0, 0, (1, 2), 0, (1, 3)], [0, (0, -1), (1, 2), (0, -1), 0], [0, 0, (0, -1), 0, (2, 1)], [(1, 1), 0, (2, 2), 0, 0]]","[[0, (2, 0), (1, 2), 0, (1, 1)], [0, 0, 0, 0, (1, 3)], [0, (0, -1), (1, 2), (0, -1), 0], [0, 0, (0, -1), 0, (2, 1)], [(1, 1), 0, (2, 2), 0, 0]]","[[0, (2, 0), (1, 2), 0, (1, 1)], [0, 0, 0, 0, (1, 3)], [0, (0, -1), (1, 2), (0, -1), 0], [0, 0, (0, -1), 0, 0], [(1, 1), 0, (2, 2), 0, 0]]","[[0, (2, 0), 0, 0, (1, 1)], [0, 0, 0, 0, (1, 3)], [0, (0, -1), (1, 2), (0, -1), 0], [0, 0, (0, -1), 0, 0], [(1, 1), 0, (2, 2), 0, 0]]","[[0, (2, 0), 0, 0, (1, 1)], [0, 0, 0, 0, (1, 3)], [0, (0, -1), (1, 2), (0, -1), 0], [0, 0, (0, -1), 0, (2, 1)], [(1, 1), 0, (2, 2), 0, 0]]","[[0, (2, 0), (1, 2), 0, (1, 1)], [0, 0, 0, 0, (1, 3)], [0, (0, -1), (1, 2), (0, -1), 0], [0, 0, (0, -1), 0, (2, 1)], [(1, 1), 0, (2, 2), 0, 0]]","[[0, (2, 0), (1, 2), 0, (1, 1)], [0, 0, 0, 0, (1, 3)], [0, (0, -1), (1, 2), (0, -1), 0], [0, 0, (0, -1), 0, 0], [(1, 1), 0, (2, 2), 0, 0]]","[[0, (2, 0), 0, 0, (1, 1)], [0, 0, 0, 0, (1, 3)], [0, (0, -1), (1, 2), (0, -1), 0], [0, 0, (0, -1), 0, 0], [(1, 1), 0, (2, 2), 0, 0]]","[[(2, 0), 0, 0, 0, (1, 1)], [0, 0, 0, 0, (1, 3)], [0, (0, -1), (1, 2), (0, -1), 0], [0, 0, (0, -1), 0, 0], [(1, 1), 0, (2, 2), 0, 0]]","[[(2, 0), 0, (1, 2), 0, (1, 1)], [0, 0, 0, 0, (1, 3)], [0, (0, -1), (1, 2), (0, -1), 0], [0, 0, (0, -1), 0, 0], [(1, 1), 0, (2, 2), 0, 0]]","[[(2, 0), 0, (1, 2), 0, (1, 1)], [0, 0, 0, 0, (1, 3)], [0, (0, -1), (1, 2), (0, -1), 0], [0, 0, (0, -1), 0, (2, 1)], [(1, 1), 0, (2, 2), 0, 0]]","[[(2, 0), 0, 0, 0, (1, 1)], [0, 0, 0, 0, (1, 3)], [0, (0, -1), (1, 2), (0, -1), 0], [0, 0, (0, -1), 0, (2, 1)], [(1, 1), 0, (2, 2), 0, 0]]","[[(2, 0), 0, 0, 0, (1, 1)], [0, 0, 0, 0, (1, 3)], [0, (0, -1), (1, 2), (0, -1), 0], [0, 0, (0, -1), 0, 0], [(1, 1), 0, (2, 2), 0, 0]]","[[(2, 0), 0, (1, 2), 0, (1, 1)], [0, 0, 0, 0, (1, 3)], [0, (0, -1), (1, 2), (0, -1), 0], [0, 0, (0, -1), 0, 0], [(1, 1), 0, (2, 2), 0, 0]]","[[(2, 0), (2, 1), (1, 2), 0, (1, 1)], [0, 0, 0, 0, (1, 3)], [0, (0, -1), (1, 2), (0, -1), 0], [0, 0, (0, -1), 0, 0], [(1, 1), 0, (2, 2), 0, 0]]","[[(2, 0), (2, 1), 0, 0, (1, 1)], [0, 0, 0, 0, (1, 3)], [0, (0, -1), (1, 2), (0, -1), 0], [0, 0, (0, -1), 0, 0], [(1, 1), 0, (2, 2), 0, 0]]","[[(2, 0), (2, 1), 0, 0, (1, 1)], [0, 0, 0, 0, (1, 3)], [0, (0, -1), (1, 2), (0, -1), 0], [0, 0, (0, -1), 0, (2, 1)], [(1, 1), 0, (2, 2), 0, 0]]","[[(2, 0), (2, 1), (1, 2), 0, (1, 1)], [0, 0, 0, 0, (1, 3)], [0, (0, -1), (1, 2), (0, -1), 0], [0, 0, (0, -1), 0, (2, 1)], [(1, 1), 0, (2, 2), 0, 0]]","[[(2, 0), (2, 1), (1, 2), 0, (1, 1)], [0, 0, 0, 0, (1, 3)], [0, (0, -1), (1, 2), (0, -1), 0], [0, 0, (0, -1), 0, 0], [(1, 1), 0, (2, 2), 0, 0]]","[[(2, 0), (2, 1), 0, 0, (1, 1)], [0, 0, 0, 0, (1, 3)], [0, (0, -1), (1, 2), (0, -1), 0], [0, 0, (0, -1), 0, 0], [(1, 1), 0, (2, 2), 0, 0]]","[[(2, 0), (2, 1), 0, 0, (1, 1)], [0, 0, 0, 0, (1, 3)], [0, (0, -1), (1, 2), (0, -1), 0], [0, 0, (0, -1), 0, (2, 1)], [(1, 1), 0, (2, 2), 0, 0]]","[[(2, 0), (2, 1), (1, 2), 0, (1, 1)], [0, 0, 0, 0, (1, 3)], [0, (0, -1), (1, 2), (0, -1), 0], [0, 0, (0, -1), 0, (2, 1)], [(1, 1), 0, (2, 2), 0, 0]]","[[(2, 0), (2, 1), (1, 2), 0, (1, 1)], [0, 0, 0, 0, (1, 3)], [0, (0, -1), (1, 2), (0, -1), 0], [0, 0, (0, -1), 0, 0], [(1, 1), 0, (2, 2), 0, 0]]","[[(2, 0), (2, 1), 0, 0, (1, 1)], [0, 0, 0, 0, (1, 3)], [0, (0, -1), (1, 2), (0, -1), 0], [0, 0, (0, -1), 0, 0], [(1, 1), 0, (2, 2), 0, 0]]","[[(2, 0), (2, 1), 0, 0, (1, 1)], [0, 0, 0, 0, (1, 3)], [0, (0, -1), (1, 2), (0, -1), 0], [(2, 1), 0, (0, -1), 0, 0], [(1, 1), 0, (2, 2), 0, 0]]","[[(2, 0), (2, 1), 0, 0, (1, 1)], [(1, 1), 0, 0, 0, (1, 3)], [0, (0, -1), (1, 2), (0, -1), 0], [(2, 1), 0, (0, -1), 0, 0], [(1, 1), 0, (2, 2), 0, 0]]",,,,,,,,,,,,,,,,,,,,,,,,,,,,,,,,,,,,,,,,,,,,,,,,,,,,,,,,,,,,,,,,,,,,,,,,,,,,,,,,,,,,,,,,,,,,,,,,,,,,,,,,,,,,,,,,,,,,,,,,,,,,,,,,,,,,,,,,,,,,,,,,,,,,,,,,,,,,,,,,,,,,,,,,,,,,,,,,,,,,,,,,,,,,,,,,,,,,,,,,,,,,,,,,,,,,,,,,,,,,,,,,,,,,,,,,,,,,,,,,,,,,,,,,,,,,,,,,,,,,,,,,,,,,,,,,,,,,,,,,,,,,,,,,,,,,,,,,,,,,,,,,,,,,,,,,,,,,,,,,,,,,,,,,,,,,,,,,,,,,,,,,,,,,,,,,,,,,,,,,,,,,,,,,,,,,,,,,,,,,,,,,,,,,,,,,,,,,,,,,,,,,,,,,,,,,,,,,,,,,,,,,,,,,,,,,,,,,,,,,,,,,,,,,,,,,,,,,,,,,,,,,,,,,,,,,,,,,,,,,,,,,,,,,,,,,,,,,,,,,,,,,,,,,,,,,,,,,,,,,,,,,,,,,,,,,,,,,,,,,,,,,,,,,,,,,,,,,,,,,,,,,,,,,,,,,,,,,,,,,,,,,,,,,,,,,,,,,,,,,,,,,,,,,,,,,,,,,,,,,,,,,,,,,,,,,,,,,,,,,,,,,,,,,,,,,,,,,,,,,,,,,,,,,,,,,,,,,,,,,,,,,,,,,,,,,,,,,,,,,,,,,,,,,,,,,,,,,,,,,,,,,,,,,,,,,,,,,,,,,,,,,,,,,,,,,,,,,,,,,,,,,,,,,,,,,,,,,,,,,,,,,,,,,,,,,,,,,,,,,,,,,,,,,,,,,,,,,,,,,,,,,,,,,,,,,,,,,,,,,,,,,,,,,,,,,,,,,,,,,,,,,,,,,,,,,,,,,,,,,,,,,,,,,,,,,,,,,,,,,,,,,,,,,,,,,,,,,,,,,,,,,,,,,,,,,,,,,,,,,,,,,,,,,,
79,state,ia,ia,1,"(1, ('e', 0, 2, 2))","(2, ('e', 3, 4, 1))","(1, ('e', 0, 2, 2))","(2, ('e', 2, 0, 2))","(1, ('e', 0, 2, 2))","(2, ('a', 3, 4))","(1, ('e', 0, 2, 2))","(2, ('e', 3, 4, 1))","(1, ('e', 0, 2, 2))",,,,,,,,,,,,,,,,,,,,,,,,,,,,,,,,,,,,,,,,,,,,,,,,,,,,,,,,,,,,,,,,,,,,,,,,,,,,,,,,,,,,,,,,,,,,,,,,,,,,,,,,,,,,,,,,,,,,,,,,,,,,,,,,,,,,,,,,,,,,,,,,,,,,,,,,,,,,,,,,,,,,,,,,,,,,,,,,,,,,,,,,,,,,,,,,,,,,,,,,,,,,,,,,,,,,,,,,,,,,,,,,,,,,,,,,,,,,,,,,,,,,,,,,,,,,,,,,,,,,,,,,,,,,,,,,,,,,,,,,,,,,,,,,,,,,,,,,,,,,,,,,,,,,,,,,,,,,,,,,,,,,,,,,,,,,,,,,,,,,,,,,,,,,,,,,,,,,,,,,,,,,,,,,,,,,,,,,,,,,,,,,,,,,,,,,,,,,,,,,,,,,,,,,,,,,,,,,,,,,,,,,,,,,,,,,,,,,,,,,,,,,,,,,,,,,,,,,,,,,,,,,,,,,,,,,,,,,,,,,,,,,,,,,,,,,,,,,,,,,,,,,,,,,,,,,,,,,,,,,,,,,,,,,,,,,,,,,,,,,,,,,,,,,,,,,,,,,,,,,,,,,,,,,,,,,,,,,,,,,,,,,,,,,,,,,,,,,,,,,,,,,,,,,,,,,,,,,,,,,,,,,,,,,,,,,,,,,,,,,,,,,,,,,,,,,,,,,,,,,,,,,,,,,,,,,,,,,,,,,,,,,,,,,,,,,,,,,,,,,,,,,,,,,,,,,,,,,,,,,,,,,,,,,,,,,,,,,,,,,,,,,,,,,,,,,,,,,,,,,,,,,,,,,,,,,,,,,,,,,,,,,,,,,,,,,,,,,,,,,,,,,,,,,,,,,,,,,,,,,,,,,,,,,,,,,,,,,,,,,,,,,,,,,,,,,,,,,,,,,,,,,,,,,,,,,,,,,,,,,,,,,,,,,,,,,,,,,,,,,,,,,,,,,,,,,,,,,,,,,,,,,,,,,,,,,,,,,,,,,,,,,,,,,,,,,,,,,,,,,,,,,,,,,,,,,,,,,,,,,,,,,,,,
80,move,ia,ia,1,"[[0, 0, (1, 2), 0, 0], [0, 0, 0, 0, 0], [0, (0, -1), (0, -1), (0, -1), 0], [0, 0, 0, 0, 0], [0, 0, 0, 0, 0]]","[[0, 0, (1, 2), 0, 0], [0, 0, 0, 0, 0], [0, (0, -1), (0, -1), (0, -1), 0], [0, 0, 0, 0, (2, 1)], [0, 0, 0, 0, 0]]","[[0, 0, (1, 2), 0, 0], [0, 0, (1, 2), 0, 0], [0, (0, -1), (0, -1), (0, -1), 0], [0, 0, 0, 0, (2, 1)], [0, 0, 0, 0, 0]]","[[0, 0, (1, 2), 0, 0], [0, 0, (1, 2), 0, 0], [(2, 2), (0, -1), (0, -1), (0, -1), 0], [0, 0, 0, 0, (2, 1)], [0, 0, 0, 0, 0]]","[[0, 0, (1, 2), 0, 0], [0, 0, (1, 2), 0, 0], [(2, 2), (0, -1), (1, 2), (0, -1), 0], [0, 0, (0, -1), 0, (2, 1)], [0, 0, 0, 0, 0]]","[[0, 0, (1, 2), 0, 0], [0, 0, (1, 2), 0, 0], [(2, 2), (0, -1), (1, 2), (0, -1), 0], [0, 0, (0, -1), 0, 0], [0, 0, 0, 0, 0]]","[[0, 0, (1, 2), 0, 0], [0, 0, (1, 2), 0, 0], [(2, 2), (0, -1), (1, 2), (0, -1), 0], [0, 0, (1, 2), 0, 0], [0, 0, (0, -1), 0, 0]]","[[0, 0, (1, 2), 0, 0], [0, 0, (1, 2), 0, 0], [(2, 2), (0, -1), (1, 2), (0, -1), 0], [0, 0, (1, 2), 0, (2, 1)], [0, 0, (0, -1), 0, 0]]","[[0, 0, (1, 2), 0, 0], [0, 0, (1, 2), 0, 0], [(2, 2), (0, -1), (1, 2), (0, -1), 0], [0, 0, (1, 2), 0, (2, 1)], [0, 0, (1, 2), 0, 0]]",,,,,,,,,,,,,,,,,,,,,,,,,,,,,,,,,,,,,,,,,,,,,,,,,,,,,,,,,,,,,,,,,,,,,,,,,,,,,,,,,,,,,,,,,,,,,,,,,,,,,,,,,,,,,,,,,,,,,,,,,,,,,,,,,,,,,,,,,,,,,,,,,,,,,,,,,,,,,,,,,,,,,,,,,,,,,,,,,,,,,,,,,,,,,,,,,,,,,,,,,,,,,,,,,,,,,,,,,,,,,,,,,,,,,,,,,,,,,,,,,,,,,,,,,,,,,,,,,,,,,,,,,,,,,,,,,,,,,,,,,,,,,,,,,,,,,,,,,,,,,,,,,,,,,,,,,,,,,,,,,,,,,,,,,,,,,,,,,,,,,,,,,,,,,,,,,,,,,,,,,,,,,,,,,,,,,,,,,,,,,,,,,,,,,,,,,,,,,,,,,,,,,,,,,,,,,,,,,,,,,,,,,,,,,,,,,,,,,,,,,,,,,,,,,,,,,,,,,,,,,,,,,,,,,,,,,,,,,,,,,,,,,,,,,,,,,,,,,,,,,,,,,,,,,,,,,,,,,,,,,,,,,,,,,,,,,,,,,,,,,,,,,,,,,,,,,,,,,,,,,,,,,,,,,,,,,,,,,,,,,,,,,,,,,,,,,,,,,,,,,,,,,,,,,,,,,,,,,,,,,,,,,,,,,,,,,,,,,,,,,,,,,,,,,,,,,,,,,,,,,,,,,,,,,,,,,,,,,,,,,,,,,,,,,,,,,,,,,,,,,,,,,,,,,,,,,,,,,,,,,,,,,,,,,,,,,,,,,,,,,,,,,,,,,,,,,,,,,,,,,,,,,,,,,,,,,,,,,,,,,,,,,,,,,,,,,,,,,,,,,,,,,,,,,,,,,,,,,,,,,,,,,,,,,,,,,,,,,,,,,,,,,,,,,,,,,,,,,,,,,,,,,,,,,,,,,,,,,,,,,,,,,,,,,,,,,,,,,,,,,,,,,,,,,,,,,,,,,,,,,,,,,,,,,,,,,,,,,,,,,,,,,,,,,,,,,,,,,,,,,,,,,,,,,,,,,,,,,,,,,,,,,,,
81,state,ia,ia,1,"(1, ('e', 0, 2, 2))","(2, ('e', 3, 4, 1))","(1, ('e', 0, 2, 2))","(2, ('a', 3, 4))","(1, ('e', 0, 2, 2))","(2, ('e', 3, 4, 1))","(1, ('e', 0, 2, 2))","(2, ('e', 0, 3, 0))","(1, ('e', 0, 2, 2))",,,,,,,,,,,,,,,,,,,,,,,,,,,,,,,,,,,,,,,,,,,,,,,,,,,,,,,,,,,,,,,,,,,,,,,,,,,,,,,,,,,,,,,,,,,,,,,,,,,,,,,,,,,,,,,,,,,,,,,,,,,,,,,,,,,,,,,,,,,,,,,,,,,,,,,,,,,,,,,,,,,,,,,,,,,,,,,,,,,,,,,,,,,,,,,,,,,,,,,,,,,,,,,,,,,,,,,,,,,,,,,,,,,,,,,,,,,,,,,,,,,,,,,,,,,,,,,,,,,,,,,,,,,,,,,,,,,,,,,,,,,,,,,,,,,,,,,,,,,,,,,,,,,,,,,,,,,,,,,,,,,,,,,,,,,,,,,,,,,,,,,,,,,,,,,,,,,,,,,,,,,,,,,,,,,,,,,,,,,,,,,,,,,,,,,,,,,,,,,,,,,,,,,,,,,,,,,,,,,,,,,,,,,,,,,,,,,,,,,,,,,,,,,,,,,,,,,,,,,,,,,,,,,,,,,,,,,,,,,,,,,,,,,,,,,,,,,,,,,,,,,,,,,,,,,,,,,,,,,,,,,,,,,,,,,,,,,,,,,,,,,,,,,,,,,,,,,,,,,,,,,,,,,,,,,,,,,,,,,,,,,,,,,,,,,,,,,,,,,,,,,,,,,,,,,,,,,,,,,,,,,,,,,,,,,,,,,,,,,,,,,,,,,,,,,,,,,,,,,,,,,,,,,,,,,,,,,,,,,,,,,,,,,,,,,,,,,,,,,,,,,,,,,,,,,,,,,,,,,,,,,,,,,,,,,,,,,,,,,,,,,,,,,,,,,,,,,,,,,,,,,,,,,,,,,,,,,,,,,,,,,,,,,,,,,,,,,,,,,,,,,,,,,,,,,,,,,,,,,,,,,,,,,,,,,,,,,,,,,,,,,,,,,,,,,,,,,,,,,,,,,,,,,,,,,,,,,,,,,,,,,,,,,,,,,,,,,,,,,,,,,,,,,,,,,,,,,,,,,,,,,,,,,,,,,,,,,,,,,,,,,,,,,,,,,,,,,,,,,,,,,,,,,,,,,,,,,,,,,,,,,,,,,
82,move,ia,ia,1,"[[0, 0, (1, 2), 0, 0], [0, 0, 0, 0, 0], [0, (0, -1), (0, -1), (0, -1), 0], [0, 0, 0, 0, 0], [0, 0, 0, 0, 0]]","[[0, 0, (1, 2), 0, 0], [0, 0, 0, 0, 0], [0, (0, -1), (0, -1), (0, -1), 0], [0, 0, 0, 0, (2, 1)], [0, 0, 0, 0, 0]]","[[0, 0, (1, 2), 0, 0], [0, 0, (1, 2), 0, 0], [0, (0, -1), (0, -1), (0, -1), 0], [0, 0, 0, 0, (2, 1)], [0, 0, 0, 0, 0]]","[[0, 0, (1, 2), 0, 0], [0, 0, (1, 2), 0, 0], [0, (0, -1), (0, -1), (0, -1), 0], [0, 0, 0, 0, 0], [0, 0, 0, 0, 0]]","[[0, 0, (1, 2), 0, 0], [0, 0, (1, 2), 0, 0], [0, (0, -1), (1, 2), (0, -1), 0], [0, 0, (0, -1), 0, 0], [0, 0, 0, 0, 0]]","[[0, 0, (1, 2), 0, 0], [0, 0, (1, 2), 0, 0], [0, (0, -1), (1, 2), (0, -1), 0], [0, 0, (0, -1), 0, (2, 1)], [0, 0, 0, 0, 0]]","[[0, 0, (1, 2), 0, 0], [0, 0, (1, 2), 0, 0], [0, (0, -1), (1, 2), (0, -1), 0], [0, 0, (1, 2), 0, (2, 1)], [0, 0, (0, -1), 0, 0]]","[[0, 0, (1, 2), (2, 0), 0], [0, 0, (1, 2), 0, 0], [0, (0, -1), (1, 2), (0, -1), 0], [0, 0, (1, 2), 0, (2, 1)], [0, 0, (0, -1), 0, 0]]","[[0, 0, (1, 2), (2, 0), 0], [0, 0, (1, 2), 0, 0], [0, (0, -1), (1, 2), (0, -1), 0], [0, 0, (1, 2), 0, (2, 1)], [0, 0, (1, 2), 0, 0]]",,,,,,,,,,,,,,,,,,,,,,,,,,,,,,,,,,,,,,,,,,,,,,,,,,,,,,,,,,,,,,,,,,,,,,,,,,,,,,,,,,,,,,,,,,,,,,,,,,,,,,,,,,,,,,,,,,,,,,,,,,,,,,,,,,,,,,,,,,,,,,,,,,,,,,,,,,,,,,,,,,,,,,,,,,,,,,,,,,,,,,,,,,,,,,,,,,,,,,,,,,,,,,,,,,,,,,,,,,,,,,,,,,,,,,,,,,,,,,,,,,,,,,,,,,,,,,,,,,,,,,,,,,,,,,,,,,,,,,,,,,,,,,,,,,,,,,,,,,,,,,,,,,,,,,,,,,,,,,,,,,,,,,,,,,,,,,,,,,,,,,,,,,,,,,,,,,,,,,,,,,,,,,,,,,,,,,,,,,,,,,,,,,,,,,,,,,,,,,,,,,,,,,,,,,,,,,,,,,,,,,,,,,,,,,,,,,,,,,,,,,,,,,,,,,,,,,,,,,,,,,,,,,,,,,,,,,,,,,,,,,,,,,,,,,,,,,,,,,,,,,,,,,,,,,,,,,,,,,,,,,,,,,,,,,,,,,,,,,,,,,,,,,,,,,,,,,,,,,,,,,,,,,,,,,,,,,,,,,,,,,,,,,,,,,,,,,,,,,,,,,,,,,,,,,,,,,,,,,,,,,,,,,,,,,,,,,,,,,,,,,,,,,,,,,,,,,,,,,,,,,,,,,,,,,,,,,,,,,,,,,,,,,,,,,,,,,,,,,,,,,,,,,,,,,,,,,,,,,,,,,,,,,,,,,,,,,,,,,,,,,,,,,,,,,,,,,,,,,,,,,,,,,,,,,,,,,,,,,,,,,,,,,,,,,,,,,,,,,,,,,,,,,,,,,,,,,,,,,,,,,,,,,,,,,,,,,,,,,,,,,,,,,,,,,,,,,,,,,,,,,,,,,,,,,,,,,,,,,,,,,,,,,,,,,,,,,,,,,,,,,,,,,,,,,,,,,,,,,,,,,,,,,,,,,,,,,,,,,,,,,,,,,,,,,,,,,,,,,,,,,,,,,,,,,,,,,,,,,,,,,,,,,,
83,state,ia,ia,3,"(1, ('e', 0, 2, 2))","(2, ('e', 4, 0, 2))","(1, ('e', 0, 2, 2))","(2, ('e', 3, 4, 1))","(1, ('e', 2, 0, 3))","(2, ('a', 3, 4))","(1, ('e', 0, 2, 2))","(2, ('e', 3, 4, 1))","(1, ('e', 0, 4, 0))","(2, ('a', 3, 4))","(1, ('a', 0, 2))","(2, ('e', 3, 4, 1))","(1, ('e', 0, 2, 2))","(2, ('t', 3, 4, 0))","(1, ('a', 0, 2))","(2, ('a', 3, 4))","(1, ('e', 3, 4, 3))","(2, ('t', 4, 0, 0))","(1, ('m', 1, 2, 0))","(2, ('e', 0, 1, 1))","(1, ('a', 0, 2))","(2, ('e', 4, 4, 1))","(1, ('e', 0, 2, 2))","(2, ('e', 4, 3, 0))","(1, ('a', 0, 2))","(2, ('t', 4, 0, 2))","(1, ('e', 0, 2, 2))","(2, ('e', 0, 0, 3))","(1, ('a', 0, 2))","(2, ('t', 0, 1, 2))","(1, ('e', 0, 2, 2))","(2, ('t', 0, 0, 1))","(1, ('a', 0, 2))","(2, ('m', 4, 3, 0))","(1, ('t', 3, 4, 2))","(2, ('m', 3, 3, 2))","(1, ('m', 3, 4, 3))","(2, ('a', 4, 3))","(1, ('e', 0, 2, 2))","(2, ('e', 3, 4, 1))","(1, ('a', 0, 2))","(2, ('a', 3, 4))","(1, ('e', 0, 2, 2))","(2, ('e', 3, 4, 1))","(1, ('a', 0, 2))","(2, ('a', 3, 4))","(1, ('e', 0, 2, 2))",,,,,,,,,,,,,,,,,,,,,,,,,,,,,,,,,,,,,,,,,,,,,,,,,,,,,,,,,,,,,,,,,,,,,,,,,,,,,,,,,,,,,,,,,,,,,,,,,,,,,,,,,,,,,,,,,,,,,,,,,,,,,,,,,,,,,,,,,,,,,,,,,,,,,,,,,,,,,,,,,,,,,,,,,,,,,,,,,,,,,,,,,,,,,,,,,,,,,,,,,,,,,,,,,,,,,,,,,,,,,,,,,,,,,,,,,,,,,,,,,,,,,,,,,,,,,,,,,,,,,,,,,,,,,,,,,,,,,,,,,,,,,,,,,,,,,,,,,,,,,,,,,,,,,,,,,,,,,,,,,,,,,,,,,,,,,,,,,,,,,,,,,,,,,,,,,,,,,,,,,,,,,,,,,,,,,,,,,,,,,,,,,,,,,,,,,,,,,,,,,,,,,,,,,,,,,,,,,,,,,,,,,,,,,,,,,,,,,,,,,,,,,,,,,,,,,,,,,,,,,,,,,,,,,,,,,,,,,,,,,,,,,,,,,,,,,,,,,,,,,,,,,,,,,,,,,,,,,,,,,,,,,,,,,,,,,,,,,,,,,,,,,,,,,,,,,,,,,,,,,,,,,,,,,,,,,,,,,,,,,,,,,,,,,,,,,,,,,,,,,,,,,,,,,,,,,,,,,,,,,,,,,,,,,,,,,,,,,,,,,,,,,,,,,,,,,,,,,,,,,,,,,,,,,,,,,,,,,,,,,,,,,,,,,,,,,,,,,,,,,,,,,,,,,,,,,,,,,,,,,,,,,,,,,,,,,,,,,,,,,,,,,,,,,,,,,,,,,,,,,,,,,,,,,,,,,,,,,,,,,,,,,,,,,,,,,,,,,,,,,,,,,,,,,,,,,,,,,,,,,,,,,,,,,,,,,,,,,,,,,,,,,,,,,,,,,,,,,,,,,,,,,,,,,,,,,,,,,,,,,,,,,,,,,,,,,,,,,,,,,,,,,,,,,,,,,,,,,,,,,,,,,,,,,,,,,,,,,,,,,,,,,,,,,
84,move,ia,ia,3,"[[0, 0, (1, 2), 0, 0], [0, 0, 0, 0, 0], [0, (0, -1), (0, -1), (0, -1), 0], [0, 0, 0, 0, 0], [0, 0, 0, 0, 0]]","[[0, 0, (1, 2), 0, 0], [0, 0, 0, 0, 0], [0, (0, -1), (0, -1), (0, -1), 0], [0, 0, 0, 0, 0], [(2, 2), 0, 0, 0, 0]]","[[0, 0, (1, 2), 0, 0], [0, 0, (1, 2), 0, 0], [0, (0, -1), (0, -1), (0, -1), 0], [0, 0, 0, 0, 0], [(2, 2), 0, 0, 0, 0]]","[[0, 0, (1, 2), 0, 0], [0, 0, (1, 2), 0, 0], [0, (0, -1), (0, -1), (0, -1), 0], [0, 0, 0, 0, (2, 1)], [(2, 2), 0, 0, 0, 0]]","[[0, 0, (1, 2), 0, 0], [0, 0, (1, 2), 0, 0], [(1, 3), (0, -1), (0, -1), (0, -1), 0], [0, 0, 0, 0, (2, 1)], [(2, 2), 0, 0, 0, 0]]","[[0, 0, (1, 2), 0, 0], [0, 0, (1, 2), 0, 0], [(1, 3), (0, -1), (0, -1), (0, -1), 0], [0, 0, 0, 0, 0], [(2, 2), 0, 0, 0, 0]]","[[0, 0, (1, 2), 0, 0], [0, 0, (1, 2), 0, 0], [(1, 3), (0, -1), (1, 2), (0, -1), 0], [0, 0, (0, -1), 0, 0], [(2, 2), 0, 0, 0, 0]]","[[0, 0, (1, 2), 0, 0], [0, 0, (1, 2), 0, 0], [(1, 3), (0, -1), (1, 2), (0, -1), 0], [0, 0, (0, -1), 0, (2, 1)], [(2, 2), 0, 0, 0, 0]]","[[0, 0, (1, 2), 0, (1, 0)], [0, 0, (1, 2), 0, 0], [(1, 3), (0, -1), (1, 2), (0, -1), 0], [0, 0, (0, -1), 0, (2, 1)], [(2, 2), 0, 0, 0, 0]]","[[0, 0, (1, 2), 0, (1, 0)], [0, 0, (1, 2), 0, 0], [(1, 3), (0, -1), (1, 2), (0, -1), 0], [0, 0, (0, -1), 0, 0], [(2, 2), 0, 0, 0, 0]]","[[0, 0, 0, 0, (1, 0)], [0, 0, (1, 2), 0, 0], [(1, 3), (0, -1), (1, 2), (0, -1), 0], [0, 0, (0, -1), 0, 0], [(2, 2), 0, 0, 0, 0]]","[[0, 0, 0, 0, (1, 0)], [0, 0, (1, 2), 0, 0], [(1, 3), (0, -1), (1, 2), (0, -1), 0], [0, 0, (0, -1), 0, (2, 1)], [(2, 2), 0, 0, 0, 0]]","[[0, 0, (1, 2), 0, (1, 0)], [0, 0, (1, 2), 0, 0], [(1, 3), (0, -1), (1, 2), (0, -1), 0], [0, 0, (0, -1), 0, (2, 1)], [(2, 2), 0, 0, 0, 0]]","[[0, 0, (1, 2), 0, (1, 0)], [0, 0, (1, 2), 0, 0], [(1, 3), (0, -1), (1, 2), (0, -1), 0], [0, 0, (0, -1), 0, (2, 0)], [(2, 2), 0, 0, 0, 0]]","[[0, 0, 0, 0, (1, 0)], [0, 0, (1, 2), 0, 0], [(1, 3), (0, -1), (1, 2), (0, -1), 0], [0, 0, (0, -1), 0, (2, 0)], [(2, 2), 0, 0, 0, 0]]","[[0, 0, 0, 0, (1, 0)], [0, 0, (1, 2), 0, 0], [(1, 3), (0, -1), (1, 2), (0, -1), 0], [0, 0, (0, -1), 0, 0], [(2, 2), 0, 0, 0, 0]]","[[0, 0, 0, 0, (1, 0)], [0, 0, (1, 2), 0, 0], [(1, 3), (0, -1), (1, 2), (0, -1), 0], [0, 0, (0, -1), 0, (1, 3)], [(2, 2), 0, 0, 0, 0]]","[[0, 0, 0, 0, (1, 0)], [0, 0, (1, 2), 0, 0], [(1, 3), (0, -1), (1, 2), (0, -1), 0], [0, 0, (0, -1), 0, (1, 3)], [(2, 0), 0, 0, 0, 0]]","[[0, 0, (1, 2), 0, (1, 0)], [0, 0, 0, 0, 0], [(1, 3), (0, -1), (1, 2), (0, -1), 0], [0, 0, (0, -1), 0, (1, 3)], [(2, 0), 0, 0, 0, 0]]","[[0, (2, 1), (1, 2), 0, (1, 0)], [0, 0, 0, 0, 0], [(1, 3), (0, -1), (1, 2), (0, -1), 0], [0, 0, (0, -1), 0, (1, 3)], [(2, 0), 0, 0, 0, 0]]","[[0, (2, 1), 0, 0, (1, 0)], [0, 0, 0, 0, 0], [(1, 3), (0, -1), (1, 2), (0, -1), 0], [0, 0, (0, -1), 0, (1, 3)], [(2, 0), 0, 0, 0, 0]]","[[0, (2, 1), 0, 0, (1, 0)], [0, 0, 0, 0, 0], [(1, 3), (0, -1), (1, 2), (0, -1), 0], [0, 0, (0, -1), 0, (1, 3)], [(2, 0), 0, 0, 0, (2, 1)]]","[[0, (2, 1), (1, 2), 0, (1, 0)], [0, 0, 0, 0, 0], [(1, 3), (0, -1), (1, 2), (0, -1), 0], [0, 0, (0, -1), 0, (1, 3)], [(2, 0), 0, 0, 0, (2, 1)]]","[[0, (2, 1), (1, 2), 0, (1, 0)], [0, 0, 0, 0, 0], [(1, 3), (0, -1), (1, 2), (0, -1), 0], [0, 0, (0, -1), 0, (1, 3)], [(2, 0), 0, 0, (2, 0), (2, 1)]]","[[0, (2, 1), 0, 0, (1, 0)], [0, 0, 0, 0, 0], [(1, 3), (0, -1), (1, 2), (0, -1), 0], [0, 0, (0, -1), 0, (1, 3)], [(2, 0), 0, 0, (2, 0), (2, 1)]]","[[0, (2, 1), 0, 0, (1, 0)], [0, 0, 0, 0, 0], [(1, 3), (0, -1), (1, 2), (0, -1), 0], [0, 0, (0, -1), 0, (1, 3)], [(2, 2), 0, 0, (2, 0), (2, 1)]]","[[0, (2, 1), (1, 2), 0, (1, 0)], [0, 0, 0, 0, 0], [(1, 3), (0, -1), (1, 2), (0, -1), 0], [0, 0, (0, -1), 0, (1, 3)], [(2, 2), 0, 0, (2, 0), (2, 1)]]","[[(2, 3), (2, 1), (1, 2), 0, (1, 0)], [0, 0, 0, 0, 0], [(1, 3), (0, -1), (1, 2), (0, -1), 0], [0, 0, (0, -1), 0, (1, 3)], [(2, 2), 0, 0, (2, 0), (2, 1)]]","[[(2, 3), (2, 1), 0, 0, (1, 0)], [0, 0, 0, 0, 0], [(1, 3), (0, -1), (1, 2), (0, -1), 0], [0, 0, (0, -1), 0, (1, 3)], [(2, 2), 0, 0, (2, 0), (2, 1)]]","[[(2, 3), (2, 2), 0, 0, (1, 0)], [0, 0, 0, 0, 0], [(1, 3), (0, -1), (1, 2), (0, -1), 0], [0, 0, (0, -1), 0, (1, 3)], [(2, 2), 0, 0, (2, 0), (2, 1)]]","[[(2, 3), (2, 2), (1, 2), 0, (1, 0)], [0, 0, 0, 0, 0], [(1, 3), (0, -1), (1, 2), (0, -1), 0], [0, 0, (0, -1), 0, (1, 3)], [(2, 2), 0, 0, (2, 0), (2, 1)]]","[[(2, 1), (2, 2), (1, 2), 0, (1, 0)], [0, 0, 0, 0, 0], [(1, 3), (0, -1), (1, 2), (0, -1), 0], [0, 0, (0, -1), 0, (1, 3)], [(2, 2), 0, 0, (2, 0), (2, 1)]]","[[(2, 1), (2, 2), 0, 0, (1, 0)], [0, 0, 0, 0, 0], [(1, 3), (0, -1), (1, 2), (0, -1), 0], [0, 0, (0, -1), 0, (1, 3)], [(2, 2), 0, 0, (2, 0), (2, 1)]]","[[(2, 1), (2, 2), 0, 0, (1, 0)], [0, 0, 0, 0, 0], [(1, 3), (0, -1), (1, 2), (0, -1), 0], [0, 0, (0, -1), (2, 0), (1, 3)], [(2, 2), 0, 0, 0, (2, 1)]]","[[(2, 1), (2, 2), 0, 0, (1, 0)], [0, 0, 0, 0, 0], [(1, 3), (0, -1), (1, 2), (0, -1), 0], [0, 0, (0, -1), (2, 0), (1, 2)], [(2, 2), 0, 0, 0, (2, 1)]]","[[(2, 1), (2, 2), 0, 0, (1, 0)], [0, 0, 0, 0, 0], [(1, 3), (0, -1), (1, 2), (0, -1), 0], [0, 0, (0, -1), 0, (1, 2)], [(2, 2), 0, 0, (2, 0), (2, 1)]]","[[(2, 1), (2, 2), 0, 0, (1, 0)], [0, 0, 0, 0, 0], [(1, 3), (0, -1), (1, 2), (0, -1), 0], [0, 0, (0, -1), (1, 2), 0], [(2, 2), 0, 0, (2, 0), (2, 1)]]","[[(2, 1), (2, 2), 0, 0, (1, 0)], [0, 0, 0, 0, 0], [(1, 3), (0, -1), (1, 2), (0, -1), 0], [0, 0, (0, -1), (1, 2), 0], [(2, 2), 0, 0, 0, (2, 1)]]","[[(2, 1), (2, 2), (1, 2), 0, (1, 0)], [0, 0, 0, 0, 0], [(1, 3), (0, -1), (1, 2), (0, -1), 0], [0, 0, (0, -1), (1, 2), 0], [(2, 2), 0, 0, 0, (2, 1)]]","[[(2, 1), (2, 2), (1, 2), 0, (1, 0)], [0, 0, 0, 0, 0], [(1, 3), (0, -1), (1, 2), (0, -1), 0], [0, 0, (0, -1), (1, 2), (2, 1)], [(2, 2), 0, 0, 0, (2, 1)]]","[[(2, 1), (2, 2), 0, 0, (1, 0)], [0, 0, 0, 0, 0], [(1, 3), (0, -1), (1, 2), (0, -1), 0], [0, 0, (0, -1), (1, 2), (2, 1)], [(2, 2), 0, 0, 0, (2, 1)]]","[[(2, 1), (2, 2), 0, 0, (1, 0)], [0, 0, 0, 0, 0], [(1, 3), (0, -1), (1, 2), (0, -1), 0], [0, 0, (0, -1), (1, 2), 0], [(2, 2), 0, 0, 0, (2, 1)]]","[[(2, 1), (2, 2), (1, 2), 0, (1, 0)], [0, 0, 0, 0, 0], [(1, 3), (0, -1), (1, 2), (0, -1), 0], [0, 0, (0, -1), (1, 2), 0], [(2, 2), 0, 0, 0, (2, 1)]]","[[(2, 1), (2, 2), (1, 2), 0, (1, 0)], [0, 0, 0, 0, 0], [(1, 3), (0, -1), (1, 2), (0, -1), 0], [0, 0, (0, -1), (1, 2), (2, 1)], [(2, 2), 0, 0, 0, (2, 1)]]","[[(2, 1), (2, 2), 0, 0, (1, 0)], [0, 0, 0, 0, 0], [(1, 3), (0, -1), (1, 2), (0, -1), 0], [0, 0, (0, -1), (1, 2), (2, 1)], [(2, 2), 0, 0, 0, (2, 1)]]","[[(2, 1), (2, 2), 0, 0, (1, 0)], [0, 0, 0, 0, 0], [(1, 3), (0, -1), (1, 2), (0, -1), 0], [0, 0, (0, -1), (1, 2), 0], [(2, 2), 0, 0, 0, (2, 1)]]","[[(2, 1), (2, 2), (1, 2), 0, (1, 0)], [0, 0, 0, 0, 0], [(1, 3), (0, -1), (1, 2), (0, -1), 0], [0, 0, (0, -1), (1, 2), 0], [(2, 2), 0, 0, 0, (2, 1)]]",,,,,,,,,,,,,,,,,,,,,,,,,,,,,,,,,,,,,,,,,,,,,,,,,,,,,,,,,,,,,,,,,,,,,,,,,,,,,,,,,,,,,,,,,,,,,,,,,,,,,,,,,,,,,,,,,,,,,,,,,,,,,,,,,,,,,,,,,,,,,,,,,,,,,,,,,,,,,,,,,,,,,,,,,,,,,,,,,,,,,,,,,,,,,,,,,,,,,,,,,,,,,,,,,,,,,,,,,,,,,,,,,,,,,,,,,,,,,,,,,,,,,,,,,,,,,,,,,,,,,,,,,,,,,,,,,,,,,,,,,,,,,,,,,,,,,,,,,,,,,,,,,,,,,,,,,,,,,,,,,,,,,,,,,,,,,,,,,,,,,,,,,,,,,,,,,,,,,,,,,,,,,,,,,,,,,,,,,,,,,,,,,,,,,,,,,,,,,,,,,,,,,,,,,,,,,,,,,,,,,,,,,,,,,,,,,,,,,,,,,,,,,,,,,,,,,,,,,,,,,,,,,,,,,,,,,,,,,,,,,,,,,,,,,,,,,,,,,,,,,,,,,,,,,,,,,,,,,,,,,,,,,,,,,,,,,,,,,,,,,,,,,,,,,,,,,,,,,,,,,,,,,,,,,,,,,,,,,,,,,,,,,,,,,,,,,,,,,,,,,,,,,,,,,,,,,,,,,,,,,,,,,,,,,,,,,,,,,,,,,,,,,,,,,,,,,,,,,,,,,,,,,,,,,,,,,,,,,,,,,,,,,,,,,,,,,,,,,,,,,,,,,,,,,,,,,,,,,,,,,,,,,,,,,,,,,,,,,,,,,,,,,,,,,,,,,,,,,,,,,,,,,,,,,,,,,,,,,,,,,,,,,,,,,,,,,,,,,,,,,,,,,,,,,,,,,,,,,,,,,,,,,,,,,,,,,,,,,,,,,,,,,,,,,,,,,,,,,,,,,,,,,,,,,,,,,,,,,,,,,,,,,,,,,,,,,,,,,,,,,,,,,,,,,,,,,,,,,,,,,,,,,,,,,,,,,,,,,,,,,,,,,,,,,
85,state,ia,ia,1,"(1, ('e', 0, 2, 2))","(2, ('e', 2, 4, 1))","(1, ('e', 0, 2, 2))","(2, ('e', 3, 4, 1))","(1, ('e', 0, 2, 2))","(2, ('a', 3, 4))","(1, ('e', 0, 2, 2))","(2, ('e', 3, 4, 1))","(1, ('e', 0, 2, 2))",,,,,,,,,,,,,,,,,,,,,,,,,,,,,,,,,,,,,,,,,,,,,,,,,,,,,,,,,,,,,,,,,,,,,,,,,,,,,,,,,,,,,,,,,,,,,,,,,,,,,,,,,,,,,,,,,,,,,,,,,,,,,,,,,,,,,,,,,,,,,,,,,,,,,,,,,,,,,,,,,,,,,,,,,,,,,,,,,,,,,,,,,,,,,,,,,,,,,,,,,,,,,,,,,,,,,,,,,,,,,,,,,,,,,,,,,,,,,,,,,,,,,,,,,,,,,,,,,,,,,,,,,,,,,,,,,,,,,,,,,,,,,,,,,,,,,,,,,,,,,,,,,,,,,,,,,,,,,,,,,,,,,,,,,,,,,,,,,,,,,,,,,,,,,,,,,,,,,,,,,,,,,,,,,,,,,,,,,,,,,,,,,,,,,,,,,,,,,,,,,,,,,,,,,,,,,,,,,,,,,,,,,,,,,,,,,,,,,,,,,,,,,,,,,,,,,,,,,,,,,,,,,,,,,,,,,,,,,,,,,,,,,,,,,,,,,,,,,,,,,,,,,,,,,,,,,,,,,,,,,,,,,,,,,,,,,,,,,,,,,,,,,,,,,,,,,,,,,,,,,,,,,,,,,,,,,,,,,,,,,,,,,,,,,,,,,,,,,,,,,,,,,,,,,,,,,,,,,,,,,,,,,,,,,,,,,,,,,,,,,,,,,,,,,,,,,,,,,,,,,,,,,,,,,,,,,,,,,,,,,,,,,,,,,,,,,,,,,,,,,,,,,,,,,,,,,,,,,,,,,,,,,,,,,,,,,,,,,,,,,,,,,,,,,,,,,,,,,,,,,,,,,,,,,,,,,,,,,,,,,,,,,,,,,,,,,,,,,,,,,,,,,,,,,,,,,,,,,,,,,,,,,,,,,,,,,,,,,,,,,,,,,,,,,,,,,,,,,,,,,,,,,,,,,,,,,,,,,,,,,,,,,,,,,,,,,,,,,,,,,,,,,,,,,,,,,,,,,,,,,,,,,,,,,,,,,,,,,,,,,,,,,,,,,,,,,,,,,,,,,,,,,,,,,,,,,,,,,,,,,,,,,,,
86,move,ia,ia,1,"[[0, 0, (1, 2), 0, 0], [0, 0, 0, 0, 0], [0, (0, -1), (0, -1), (0, -1), 0], [0, 0, 0, 0, 0], [0, 0, 0, 0, 0]]","[[0, 0, (1, 2), 0, 0], [0, 0, 0, 0, 0], [0, (0, -1), (0, -1), (0, -1), (2, 1)], [0, 0, 0, 0, 0], [0, 0, 0, 0, 0]]","[[0, 0, (1, 2), 0, 0], [0, 0, (1, 2), 0, 0], [0, (0, -1), (0, -1), (0, -1), (2, 1)], [0, 0, 0, 0, 0], [0, 0, 0, 0, 0]]","[[0, 0, (1, 2), 0, 0], [0, 0, (1, 2), 0, 0], [0, (0, -1), (0, -1), (0, -1), (2, 1)], [0, 0, 0, 0, (2, 1)], [0, 0, 0, 0, 0]]","[[0, 0, (1, 2), 0, 0], [0, 0, (1, 2), 0, 0], [0, (0, -1), (1, 2), (0, -1), (2, 1)], [0, 0, (0, -1), 0, (2, 1)], [0, 0, 0, 0, 0]]","[[0, 0, (1, 2), 0, 0], [0, 0, (1, 2), 0, 0], [0, (0, -1), (1, 2), (0, -1), (2, 1)], [0, 0, (0, -1), 0, 0], [0, 0, 0, 0, 0]]","[[0, 0, (1, 2), 0, 0], [0, 0, (1, 2), 0, 0], [0, (0, -1), (1, 2), (0, -1), (2, 1)], [0, 0, (1, 2), 0, 0], [0, 0, (0, -1), 0, 0]]","[[0, 0, (1, 2), 0, 0], [0, 0, (1, 2), 0, 0], [0, (0, -1), (1, 2), (0, -1), (2, 1)], [0, 0, (1, 2), 0, (2, 1)], [0, 0, (0, -1), 0, 0]]","[[0, 0, (1, 2), 0, 0], [0, 0, (1, 2), 0, 0], [0, (0, -1), (1, 2), (0, -1), (2, 1)], [0, 0, (1, 2), 0, (2, 1)], [0, 0, (1, 2), 0, 0]]",,,,,,,,,,,,,,,,,,,,,,,,,,,,,,,,,,,,,,,,,,,,,,,,,,,,,,,,,,,,,,,,,,,,,,,,,,,,,,,,,,,,,,,,,,,,,,,,,,,,,,,,,,,,,,,,,,,,,,,,,,,,,,,,,,,,,,,,,,,,,,,,,,,,,,,,,,,,,,,,,,,,,,,,,,,,,,,,,,,,,,,,,,,,,,,,,,,,,,,,,,,,,,,,,,,,,,,,,,,,,,,,,,,,,,,,,,,,,,,,,,,,,,,,,,,,,,,,,,,,,,,,,,,,,,,,,,,,,,,,,,,,,,,,,,,,,,,,,,,,,,,,,,,,,,,,,,,,,,,,,,,,,,,,,,,,,,,,,,,,,,,,,,,,,,,,,,,,,,,,,,,,,,,,,,,,,,,,,,,,,,,,,,,,,,,,,,,,,,,,,,,,,,,,,,,,,,,,,,,,,,,,,,,,,,,,,,,,,,,,,,,,,,,,,,,,,,,,,,,,,,,,,,,,,,,,,,,,,,,,,,,,,,,,,,,,,,,,,,,,,,,,,,,,,,,,,,,,,,,,,,,,,,,,,,,,,,,,,,,,,,,,,,,,,,,,,,,,,,,,,,,,,,,,,,,,,,,,,,,,,,,,,,,,,,,,,,,,,,,,,,,,,,,,,,,,,,,,,,,,,,,,,,,,,,,,,,,,,,,,,,,,,,,,,,,,,,,,,,,,,,,,,,,,,,,,,,,,,,,,,,,,,,,,,,,,,,,,,,,,,,,,,,,,,,,,,,,,,,,,,,,,,,,,,,,,,,,,,,,,,,,,,,,,,,,,,,,,,,,,,,,,,,,,,,,,,,,,,,,,,,,,,,,,,,,,,,,,,,,,,,,,,,,,,,,,,,,,,,,,,,,,,,,,,,,,,,,,,,,,,,,,,,,,,,,,,,,,,,,,,,,,,,,,,,,,,,,,,,,,,,,,,,,,,,,,,,,,,,,,,,,,,,,,,,,,,,,,,,,,,,,,,,,,,,,,,,,,,,,,,,,,,,,,,,,,,,,,,,,,,,,,,,,,,,,,,,,,,,,,,,,,,,,
87,state,ia,ia,3,"(1, ('e', 0, 2, 2))","(2, ('e', 3, 4, 1))","(1, ('e', 0, 2, 2))","(2, ('a', 3, 4))","(1, ('e', 4, 3, 2))","(2, ('e', 3, 4, 1))","(1, ('e', 0, 2, 2))","(2, ('a', 3, 4))","(1, ('e', 3, 0, 1))","(2, ('e', 3, 4, 1))","(1, ('a', 0, 2))","(2, ('a', 3, 4))","(1, ('e', 0, 2, 2))","(2, ('e', 3, 4, 1))","(1, ('a', 0, 2))","(2, ('a', 3, 4))","(1, ('e', 0, 2, 2))","(2, ('e', 3, 4, 1))","(1, ('a', 0, 2))","(2, ('a', 3, 4))","(1, ('e', 0, 2, 2))","(2, ('e', 3, 4, 1))","(1, ('a', 0, 2))","(2, ('a', 3, 4))","(1, ('e', 0, 2, 2))","(2, ('e', 3, 4, 1))","(1, ('a', 0, 2))","(2, ('a', 3, 4))","(1, ('e', 4, 0, 1))","(2, ('e', 3, 4, 1))","(1, ('m', 1, 2, 0))","(2, ('a', 3, 4))","(1, ('a', 0, 2))","(2, ('e', 3, 4, 1))","(1, ('e', 0, 2, 2))","(2, ('a', 3, 4))","(1, ('t', 2, 2, 3))","(2, ('e', 3, 4, 1))","(1, ('a', 0, 2))","(2, ('a', 3, 4))","(1, ('e', 0, 2, 2))","(2, ('e', 3, 4, 1))","(1, ('a', 0, 2))","(2, ('a', 3, 4))","(1, ('e', 0, 2, 2))","(2, ('e', 3, 4, 1))","(1, ('a', 0, 2))",,,,,,,,,,,,,,,,,,,,,,,,,,,,,,,,,,,,,,,,,,,,,,,,,,,,,,,,,,,,,,,,,,,,,,,,,,,,,,,,,,,,,,,,,,,,,,,,,,,,,,,,,,,,,,,,,,,,,,,,,,,,,,,,,,,,,,,,,,,,,,,,,,,,,,,,,,,,,,,,,,,,,,,,,,,,,,,,,,,,,,,,,,,,,,,,,,,,,,,,,,,,,,,,,,,,,,,,,,,,,,,,,,,,,,,,,,,,,,,,,,,,,,,,,,,,,,,,,,,,,,,,,,,,,,,,,,,,,,,,,,,,,,,,,,,,,,,,,,,,,,,,,,,,,,,,,,,,,,,,,,,,,,,,,,,,,,,,,,,,,,,,,,,,,,,,,,,,,,,,,,,,,,,,,,,,,,,,,,,,,,,,,,,,,,,,,,,,,,,,,,,,,,,,,,,,,,,,,,,,,,,,,,,,,,,,,,,,,,,,,,,,,,,,,,,,,,,,,,,,,,,,,,,,,,,,,,,,,,,,,,,,,,,,,,,,,,,,,,,,,,,,,,,,,,,,,,,,,,,,,,,,,,,,,,,,,,,,,,,,,,,,,,,,,,,,,,,,,,,,,,,,,,,,,,,,,,,,,,,,,,,,,,,,,,,,,,,,,,,,,,,,,,,,,,,,,,,,,,,,,,,,,,,,,,,,,,,,,,,,,,,,,,,,,,,,,,,,,,,,,,,,,,,,,,,,,,,,,,,,,,,,,,,,,,,,,,,,,,,,,,,,,,,,,,,,,,,,,,,,,,,,,,,,,,,,,,,,,,,,,,,,,,,,,,,,,,,,,,,,,,,,,,,,,,,,,,,,,,,,,,,,,,,,,,,,,,,,,,,,,,,,,,,,,,,,,,,,,,,,,,,,,,,,,,,,,,,,,,,,,,,,,,,,,,,,,,,,,,,,,,,,,,,,,,,,,,,,,,,,,,,,,,,,,,,,,,,,,,,,,,,,,,,,,,,,,,,,,,,,,,,,,,,,,,,,,,,,,,,,,,,,,,,,,
88,move,ia,ia,3,"[[0, 0, (1, 2), 0, 0], [0, 0, 0, 0, 0], [0, (0, -1), (0, -1), (0, -1), 0], [0, 0, 0, 0, 0], [0, 0, 0, 0, 0]]","[[0, 0, (1, 2), 0, 0], [0, 0, 0, 0, 0], [0, (0, -1), (0, -1), (0, -1), 0], [0, 0, 0, 0, (2, 1)], [0, 0, 0, 0, 0]]","[[0, 0, (1, 2), 0, 0], [0, 0, (1, 2), 0, 0], [0, (0, -1), (0, -1), (0, -1), 0], [0, 0, 0, 0, (2, 1)], [0, 0, 0, 0, 0]]","[[0, 0, (1, 2), 0, 0], [0, 0, (1, 2), 0, 0], [0, (0, -1), (0, -1), (0, -1), 0], [0, 0, 0, 0, 0], [0, 0, 0, 0, 0]]","[[0, 0, (1, 2), 0, 0], [0, 0, (1, 2), 0, 0], [0, (0, -1), (0, -1), (0, -1), 0], [0, 0, 0, 0, 0], [0, 0, 0, (1, 2), 0]]","[[0, 0, (1, 2), 0, 0], [0, 0, (1, 2), 0, 0], [0, (0, -1), (0, -1), (0, -1), 0], [0, 0, 0, 0, (2, 1)], [0, 0, 0, (1, 2), 0]]","[[0, 0, (1, 2), 0, 0], [0, 0, (1, 2), 0, 0], [0, (0, -1), (1, 2), (0, -1), 0], [0, 0, (0, -1), 0, (2, 1)], [0, 0, 0, (1, 2), 0]]","[[0, 0, (1, 2), 0, 0], [0, 0, (1, 2), 0, 0], [0, (0, -1), (1, 2), (0, -1), 0], [0, 0, (0, -1), 0, 0], [0, 0, 0, (1, 2), 0]]","[[0, 0, (1, 2), 0, 0], [0, 0, (1, 2), 0, 0], [0, (0, -1), (1, 2), (0, -1), 0], [(1, 1), 0, (0, -1), 0, 0], [0, 0, 0, (1, 2), 0]]","[[0, 0, (1, 2), 0, 0], [0, 0, (1, 2), 0, 0], [0, (0, -1), (1, 2), (0, -1), 0], [(1, 1), 0, (0, -1), 0, (2, 1)], [0, 0, 0, (1, 2), 0]]","[[0, 0, 0, 0, 0], [0, 0, (1, 2), 0, 0], [0, (0, -1), (1, 2), (0, -1), 0], [(1, 1), 0, (0, -1), 0, (2, 1)], [0, 0, 0, (1, 2), 0]]","[[0, 0, 0, 0, 0], [0, 0, (1, 2), 0, 0], [0, (0, -1), (1, 2), (0, -1), 0], [(1, 1), 0, (0, -1), 0, 0], [0, 0, 0, (1, 2), 0]]","[[0, 0, (1, 2), 0, 0], [0, 0, (1, 2), 0, 0], [0, (0, -1), (1, 2), (0, -1), 0], [(1, 1), 0, (0, -1), 0, 0], [0, 0, 0, (1, 2), 0]]","[[0, 0, (1, 2), 0, 0], [0, 0, (1, 2), 0, 0], [0, (0, -1), (1, 2), (0, -1), 0], [(1, 1), 0, (0, -1), 0, (2, 1)], [0, 0, 0, (1, 2), 0]]","[[0, 0, 0, 0, 0], [0, 0, (1, 2), 0, 0], [0, (0, -1), (1, 2), (0, -1), 0], [(1, 1), 0, (0, -1), 0, (2, 1)], [0, 0, 0, (1, 2), 0]]","[[0, 0, 0, 0, 0], [0, 0, (1, 2), 0, 0], [0, (0, -1), (1, 2), (0, -1), 0], [(1, 1), 0, (0, -1), 0, 0], [0, 0, 0, (1, 2), 0]]","[[0, 0, (1, 2), 0, 0], [0, 0, (1, 2), 0, 0], [0, (0, -1), (1, 2), (0, -1), 0], [(1, 1), 0, (0, -1), 0, 0], [0, 0, 0, (1, 2), 0]]","[[0, 0, (1, 2), 0, 0], [0, 0, (1, 2), 0, 0], [0, (0, -1), (1, 2), (0, -1), 0], [(1, 1), 0, (0, -1), 0, (2, 1)], [0, 0, 0, (1, 2), 0]]","[[0, 0, 0, 0, 0], [0, 0, (1, 2), 0, 0], [0, (0, -1), (1, 2), (0, -1), 0], [(1, 1), 0, (0, -1), 0, (2, 1)], [0, 0, 0, (1, 2), 0]]","[[0, 0, 0, 0, 0], [0, 0, (1, 2), 0, 0], [0, (0, -1), (1, 2), (0, -1), 0], [(1, 1), 0, (0, -1), 0, 0], [0, 0, 0, (1, 2), 0]]","[[0, 0, (1, 2), 0, 0], [0, 0, (1, 2), 0, 0], [0, (0, -1), (1, 2), (0, -1), 0], [(1, 1), 0, (0, -1), 0, 0], [0, 0, 0, (1, 2), 0]]","[[0, 0, (1, 2), 0, 0], [0, 0, (1, 2), 0, 0], [0, (0, -1), (1, 2), (0, -1), 0], [(1, 1), 0, (0, -1), 0, (2, 1)], [0, 0, 0, (1, 2), 0]]","[[0, 0, 0, 0, 0], [0, 0, (1, 2), 0, 0], [0, (0, -1), (1, 2), (0, -1), 0], [(1, 1), 0, (0, -1), 0, (2, 1)], [0, 0, 0, (1, 2), 0]]","[[0, 0, 0, 0, 0], [0, 0, (1, 2), 0, 0], [0, (0, -1), (1, 2), (0, -1), 0], [(1, 1), 0, (0, -1), 0, 0], [0, 0, 0, (1, 2), 0]]","[[0, 0, (1, 2), 0, 0], [0, 0, (1, 2), 0, 0], [0, (0, -1), (1, 2), (0, -1), 0], [(1, 1), 0, (0, -1), 0, 0], [0, 0, 0, (1, 2), 0]]","[[0, 0, (1, 2), 0, 0], [0, 0, (1, 2), 0, 0], [0, (0, -1), (1, 2), (0, -1), 0], [(1, 1), 0, (0, -1), 0, (2, 1)], [0, 0, 0, (1, 2), 0]]","[[0, 0, 0, 0, 0], [0, 0, (1, 2), 0, 0], [0, (0, -1), (1, 2), (0, -1), 0], [(1, 1), 0, (0, -1), 0, (2, 1)], [0, 0, 0, (1, 2), 0]]","[[0, 0, 0, 0, 0], [0, 0, (1, 2), 0, 0], [0, (0, -1), (1, 2), (0, -1), 0], [(1, 1), 0, (0, -1), 0, 0], [0, 0, 0, (1, 2), 0]]","[[0, 0, 0, 0, 0], [0, 0, (1, 2), 0, 0], [0, (0, -1), (1, 2), (0, -1), 0], [(1, 1), 0, (0, -1), 0, 0], [(1, 1), 0, 0, (1, 2), 0]]","[[0, 0, 0, 0, 0], [0, 0, (1, 2), 0, 0], [0, (0, -1), (1, 2), (0, -1), 0], [(1, 1), 0, (0, -1), 0, (2, 1)], [(1, 1), 0, 0, (1, 2), 0]]","[[0, 0, (1, 2), 0, 0], [0, 0, 0, 0, 0], [0, (0, -1), (1, 2), (0, -1), 0], [(1, 1), 0, (0, -1), 0, (2, 1)], [(1, 1), 0, 0, (1, 2), 0]]","[[0, 0, (1, 2), 0, 0], [0, 0, 0, 0, 0], [0, (0, -1), (1, 2), (0, -1), 0], [(1, 1), 0, (0, -1), 0, 0], [(1, 1), 0, 0, (1, 2), 0]]","[[0, 0, 0, 0, 0], [0, 0, 0, 0, 0], [0, (0, -1), (1, 2), (0, -1), 0], [(1, 1), 0, (0, -1), 0, 0], [(1, 1), 0, 0, (1, 2), 0]]","[[0, 0, 0, 0, 0], [0, 0, 0, 0, 0], [0, (0, -1), (1, 2), (0, -1), 0], [(1, 1), 0, (0, -1), 0, (2, 1)], [(1, 1), 0, 0, (1, 2), 0]]","[[0, 0, (1, 2), 0, 0], [0, 0, 0, 0, 0], [0, (0, -1), (1, 2), (0, -1), 0], [(1, 1), 0, (0, -1), 0, (2, 1)], [(1, 1), 0, 0, (1, 2), 0]]","[[0, 0, (1, 2), 0, 0], [0, 0, 0, 0, 0], [0, (0, -1), (1, 2), (0, -1), 0], [(1, 1), 0, (0, -1), 0, 0], [(1, 1), 0, 0, (1, 2), 0]]","[[0, 0, (1, 2), 0, 0], [0, 0, 0, 0, 0], [0, (0, -1), (1, 3), (0, -1), 0], [(1, 1), 0, (0, -1), 0, 0], [(1, 1), 0, 0, (1, 2), 0]]","[[0, 0, (1, 2), 0, 0], [0, 0, 0, 0, 0], [0, (0, -1), (1, 3), (0, -1), 0], [(1, 1), 0, (0, -1), 0, (2, 1)], [(1, 1), 0, 0, (1, 2), 0]]","[[0, 0, 0, 0, 0], [0, 0, 0, 0, 0], [0, (0, -1), (1, 3), (0, -1), 0], [(1, 1), 0, (0, -1), 0, (2, 1)], [(1, 1), 0, 0, (1, 2), 0]]","[[0, 0, 0, 0, 0], [0, 0, 0, 0, 0], [0, (0, -1), (1, 3), (0, -1), 0], [(1, 1), 0, (0, -1), 0, 0], [(1, 1), 0, 0, (1, 2), 0]]","[[0, 0, (1, 2), 0, 0], [0, 0, 0, 0, 0], [0, (0, -1), (1, 3), (0, -1), 0], [(1, 1), 0, (0, -1), 0, 0], [(1, 1), 0, 0, (1, 2), 0]]","[[0, 0, (1, 2), 0, 0], [0, 0, 0, 0, 0], [0, (0, -1), (1, 3), (0, -1), 0], [(1, 1), 0, (0, -1), 0, (2, 1)], [(1, 1), 0, 0, (1, 2), 0]]","[[0, 0, 0, 0, 0], [0, 0, 0, 0, 0], [0, (0, -1), (1, 3), (0, -1), 0], [(1, 1), 0, (0, -1), 0, (2, 1)], [(1, 1), 0, 0, (1, 2), 0]]","[[0, 0, 0, 0, 0], [0, 0, 0, 0, 0], [0, (0, -1), (1, 3), (0, -1), 0], [(1, 1), 0, (0, -1), 0, 0], [(1, 1), 0, 0, (1, 2), 0]]","[[0, 0, (1, 2), 0, 0], [0, 0, 0, 0, 0], [0, (0, -1), (1, 3), (0, -1), 0], [(1, 1), 0, (0, -1), 0, 0], [(1, 1), 0, 0, (1, 2), 0]]","[[0, 0, (1, 2), 0, 0], [0, 0, 0, 0, 0], [0, (0, -1), (1, 3), (0, -1), 0], [(1, 1), 0, (0, -1), 0, (2, 1)], [(1, 1), 0, 0, (1, 2), 0]]","[[0, 0, 0, 0, 0], [0, 0, 0, 0, 0], [0, (0, -1), (1, 3), (0, -1), 0], [(1, 1), 0, (0, -1), 0, (2, 1)], [(1, 1), 0, 0, (1, 2), 0]]",,,,,,,,,,,,,,,,,,,,,,,,,,,,,,,,,,,,,,,,,,,,,,,,,,,,,,,,,,,,,,,,,,,,,,,,,,,,,,,,,,,,,,,,,,,,,,,,,,,,,,,,,,,,,,,,,,,,,,,,,,,,,,,,,,,,,,,,,,,,,,,,,,,,,,,,,,,,,,,,,,,,,,,,,,,,,,,,,,,,,,,,,,,,,,,,,,,,,,,,,,,,,,,,,,,,,,,,,,,,,,,,,,,,,,,,,,,,,,,,,,,,,,,,,,,,,,,,,,,,,,,,,,,,,,,,,,,,,,,,,,,,,,,,,,,,,,,,,,,,,,,,,,,,,,,,,,,,,,,,,,,,,,,,,,,,,,,,,,,,,,,,,,,,,,,,,,,,,,,,,,,,,,,,,,,,,,,,,,,,,,,,,,,,,,,,,,,,,,,,,,,,,,,,,,,,,,,,,,,,,,,,,,,,,,,,,,,,,,,,,,,,,,,,,,,,,,,,,,,,,,,,,,,,,,,,,,,,,,,,,,,,,,,,,,,,,,,,,,,,,,,,,,,,,,,,,,,,,,,,,,,,,,,,,,,,,,,,,,,,,,,,,,,,,,,,,,,,,,,,,,,,,,,,,,,,,,,,,,,,,,,,,,,,,,,,,,,,,,,,,,,,,,,,,,,,,,,,,,,,,,,,,,,,,,,,,,,,,,,,,,,,,,,,,,,,,,,,,,,,,,,,,,,,,,,,,,,,,,,,,,,,,,,,,,,,,,,,,,,,,,,,,,,,,,,,,,,,,,,,,,,,,,,,,,,,,,,,,,,,,,,,,,,,,,,,,,,,,,,,,,,,,,,,,,,,,,,,,,,,,,,,,,,,,,,,,,,,,,,,,,,,,,,,,,,,,,,,,,,,,,,,,,,,,,,,,,,,,,,,,,,,,,,,,,,,,,,,,,,,,,,,,,,,,,,,,,,,,,,,,,,,,,,,,,,,,,,,,,,,,,,,,,,,,,,,,,,,,,,,,,,,,,,,,,,,,,,,,,,,,,,,,,,,,
89,state,ia,ia,3,"(1, ('e', 0, 2, 2))","(2, ('e', 3, 4, 1))","(1, ('e', 0, 2, 2))","(2, ('m', 3, 4, 3))","(1, ('e', 0, 2, 2))","(2, ('e', 3, 4, 1))","(1, ('e', 0, 2, 2))","(2, ('a', 3, 4))","(1, ('e', 1, 0, 3))","(2, ('e', 3, 4, 1))","(1, ('a', 0, 2))","(2, ('a', 3, 4))","(1, ('e', 0, 2, 2))","(2, ('e', 3, 4, 1))","(1, ('t', 2, 2, 0))","(2, ('a', 3, 4))","(1, ('a', 0, 2))","(2, ('e', 3, 4, 1))","(1, ('e', 0, 2, 2))","(2, ('a', 3, 4))","(1, ('a', 0, 2))","(2, ('e', 3, 4, 1))","(1, ('e', 0, 2, 2))","(2, ('a', 3, 4))","(1, ('a', 0, 2))","(2, ('e', 3, 4, 1))","(1, ('e', 0, 2, 2))","(2, ('a', 3, 4))","(1, ('a', 0, 2))","(2, ('e', 3, 4, 1))","(1, ('e', 0, 2, 2))","(2, ('a', 3, 4))","(1, ('a', 0, 2))","(2, ('e', 0, 4, 1))","(1, ('e', 0, 2, 2))","(2, ('e', 3, 4, 1))","(1, ('a', 0, 2))","(2, ('e', 0, 1, 3))","(1, ('e', 0, 2, 2))","(2, ('a', 3, 4))","(1, ('a', 0, 2))","(2, ('e', 3, 4, 1))","(1, ('e', 0, 2, 2))","(2, ('e', 3, 0, 2))","(1, ('t', 3, 2, 0))","(2, ('a', 3, 4))","(1, ('a', 0, 2))",,,,,,,,,,,,,,,,,,,,,,,,,,,,,,,,,,,,,,,,,,,,,,,,,,,,,,,,,,,,,,,,,,,,,,,,,,,,,,,,,,,,,,,,,,,,,,,,,,,,,,,,,,,,,,,,,,,,,,,,,,,,,,,,,,,,,,,,,,,,,,,,,,,,,,,,,,,,,,,,,,,,,,,,,,,,,,,,,,,,,,,,,,,,,,,,,,,,,,,,,,,,,,,,,,,,,,,,,,,,,,,,,,,,,,,,,,,,,,,,,,,,,,,,,,,,,,,,,,,,,,,,,,,,,,,,,,,,,,,,,,,,,,,,,,,,,,,,,,,,,,,,,,,,,,,,,,,,,,,,,,,,,,,,,,,,,,,,,,,,,,,,,,,,,,,,,,,,,,,,,,,,,,,,,,,,,,,,,,,,,,,,,,,,,,,,,,,,,,,,,,,,,,,,,,,,,,,,,,,,,,,,,,,,,,,,,,,,,,,,,,,,,,,,,,,,,,,,,,,,,,,,,,,,,,,,,,,,,,,,,,,,,,,,,,,,,,,,,,,,,,,,,,,,,,,,,,,,,,,,,,,,,,,,,,,,,,,,,,,,,,,,,,,,,,,,,,,,,,,,,,,,,,,,,,,,,,,,,,,,,,,,,,,,,,,,,,,,,,,,,,,,,,,,,,,,,,,,,,,,,,,,,,,,,,,,,,,,,,,,,,,,,,,,,,,,,,,,,,,,,,,,,,,,,,,,,,,,,,,,,,,,,,,,,,,,,,,,,,,,,,,,,,,,,,,,,,,,,,,,,,,,,,,,,,,,,,,,,,,,,,,,,,,,,,,,,,,,,,,,,,,,,,,,,,,,,,,,,,,,,,,,,,,,,,,,,,,,,,,,,,,,,,,,,,,,,,,,,,,,,,,,,,,,,,,,,,,,,,,,,,,,,,,,,,,,,,,,,,,,,,,,,,,,,,,,,,,,,,,,,,,,,,,,,,,,,,,,,,,,,,,,,,,,,,,,,,,,,,,,,,,,,,,,,,,,,,,,,,,,,,,,,,,,,
90,move,ia,ia,3,"[[0, 0, (1, 2), 0, 0], [0, 0, 0, 0, 0], [0, (0, -1), (0, -1), (0, -1), 0], [0, 0, 0, 0, 0], [0, 0, 0, 0, 0]]","[[0, 0, (1, 2), 0, 0], [0, 0, 0, 0, 0], [0, (0, -1), (0, -1), (0, -1), 0], [0, 0, 0, 0, (2, 1)], [0, 0, 0, 0, 0]]","[[0, 0, (1, 2), 0, 0], [0, 0, (1, 2), 0, 0], [0, (0, -1), (0, -1), (0, -1), 0], [0, 0, 0, 0, (2, 1)], [0, 0, 0, 0, 0]]","[[0, 0, (1, 2), 0, 0], [0, 0, (1, 2), 0, 0], [0, (0, -1), (0, -1), (0, -1), 0], [0, 0, 0, (2, 1), 0], [0, 0, 0, 0, 0]]","[[0, 0, (1, 2), 0, 0], [0, 0, (1, 2), 0, 0], [0, (0, -1), (1, 2), (0, -1), 0], [0, 0, (0, -1), (2, 1), 0], [0, 0, 0, 0, 0]]","[[0, 0, (1, 2), 0, 0], [0, 0, (1, 2), 0, 0], [0, (0, -1), (1, 2), (0, -1), 0], [0, 0, (0, -1), (2, 1), (2, 1)], [0, 0, 0, 0, 0]]","[[0, 0, (1, 2), 0, 0], [0, 0, (1, 2), 0, 0], [0, (0, -1), (1, 2), (0, -1), 0], [0, 0, (1, 2), (2, 1), (2, 1)], [0, 0, (0, -1), 0, 0]]","[[0, 0, (1, 2), 0, 0], [0, 0, (1, 2), 0, 0], [0, (0, -1), (1, 2), (0, -1), 0], [0, 0, (1, 2), (2, 1), 0], [0, 0, (0, -1), 0, 0]]","[[0, 0, (1, 2), 0, 0], [(1, 3), 0, (1, 2), 0, 0], [0, (0, -1), (1, 2), (0, -1), 0], [0, 0, (1, 2), (2, 1), 0], [0, 0, (0, -1), 0, 0]]","[[0, 0, (1, 2), 0, 0], [(1, 3), 0, (1, 2), 0, 0], [0, (0, -1), (1, 2), (0, -1), 0], [0, 0, (1, 2), (2, 1), (2, 1)], [0, 0, (0, -1), 0, 0]]","[[0, 0, 0, 0, 0], [(1, 3), 0, (1, 2), 0, 0], [0, (0, -1), (1, 2), (0, -1), 0], [0, 0, (1, 2), (2, 1), (2, 1)], [0, 0, (0, -1), 0, 0]]","[[0, 0, 0, 0, 0], [(1, 3), 0, (1, 2), 0, 0], [0, (0, -1), (1, 2), (0, -1), 0], [0, 0, (1, 2), (2, 1), 0], [0, 0, (0, -1), 0, 0]]","[[0, 0, (1, 2), 0, 0], [(1, 3), 0, (1, 2), 0, 0], [0, (0, -1), (1, 2), (0, -1), 0], [0, 0, (1, 2), (2, 1), 0], [0, 0, (0, -1), 0, 0]]","[[0, 0, (1, 2), 0, 0], [(1, 3), 0, (1, 2), 0, 0], [0, (0, -1), (1, 2), (0, -1), 0], [0, 0, (1, 2), (2, 1), (2, 1)], [0, 0, (0, -1), 0, 0]]","[[0, 0, (1, 2), 0, 0], [(1, 3), 0, (1, 2), 0, 0], [0, (0, -1), (1, 0), (0, -1), 0], [0, 0, (1, 2), (2, 1), (2, 1)], [0, 0, (0, -1), 0, 0]]","[[0, 0, (1, 2), 0, 0], [(1, 3), 0, (1, 2), 0, 0], [0, (0, -1), (1, 0), (0, -1), 0], [0, 0, (1, 2), (2, 1), 0], [0, 0, (0, -1), 0, 0]]","[[0, 0, 0, 0, 0], [(1, 3), 0, (1, 2), 0, 0], [0, (0, -1), (1, 0), (0, -1), 0], [0, 0, (1, 2), (2, 1), 0], [0, 0, (0, -1), 0, 0]]","[[0, 0, 0, 0, 0], [(1, 3), 0, (1, 2), 0, 0], [0, (0, -1), (1, 0), (0, -1), 0], [0, 0, (1, 2), (2, 1), (2, 1)], [0, 0, (0, -1), 0, 0]]","[[0, 0, (1, 2), 0, 0], [(1, 3), 0, (1, 2), 0, 0], [0, (0, -1), (1, 0), (0, -1), 0], [0, 0, (1, 2), (2, 1), (2, 1)], [0, 0, (0, -1), 0, 0]]","[[0, 0, (1, 2), 0, 0], [(1, 3), 0, (1, 2), 0, 0], [0, (0, -1), (1, 0), (0, -1), 0], [0, 0, (1, 2), (2, 1), 0], [0, 0, (0, -1), 0, 0]]","[[0, 0, 0, 0, 0], [(1, 3), 0, (1, 2), 0, 0], [0, (0, -1), (1, 0), (0, -1), 0], [0, 0, (1, 2), (2, 1), 0], [0, 0, (0, -1), 0, 0]]","[[0, 0, 0, 0, 0], [(1, 3), 0, (1, 2), 0, 0], [0, (0, -1), (1, 0), (0, -1), 0], [0, 0, (1, 2), (2, 1), (2, 1)], [0, 0, (0, -1), 0, 0]]","[[0, 0, (1, 2), 0, 0], [(1, 3), 0, (1, 2), 0, 0], [0, (0, -1), (1, 0), (0, -1), 0], [0, 0, (1, 2), (2, 1), (2, 1)], [0, 0, (0, -1), 0, 0]]","[[0, 0, (1, 2), 0, 0], [(1, 3), 0, (1, 2), 0, 0], [0, (0, -1), (1, 0), (0, -1), 0], [0, 0, (1, 2), (2, 1), 0], [0, 0, (0, -1), 0, 0]]","[[0, 0, 0, 0, 0], [(1, 3), 0, (1, 2), 0, 0], [0, (0, -1), (1, 0), (0, -1), 0], [0, 0, (1, 2), (2, 1), 0], [0, 0, (0, -1), 0, 0]]","[[0, 0, 0, 0, 0], [(1, 3), 0, (1, 2), 0, 0], [0, (0, -1), (1, 0), (0, -1), 0], [0, 0, (1, 2), (2, 1), (2, 1)], [0, 0, (0, -1), 0, 0]]","[[0, 0, (1, 2), 0, 0], [(1, 3), 0, (1, 2), 0, 0], [0, (0, -1), (1, 0), (0, -1), 0], [0, 0, (1, 2), (2, 1), (2, 1)], [0, 0, (0, -1), 0, 0]]","[[0, 0, (1, 2), 0, 0], [(1, 3), 0, (1, 2), 0, 0], [0, (0, -1), (1, 0), (0, -1), 0], [0, 0, (1, 2), (2, 1), 0], [0, 0, (0, -1), 0, 0]]","[[0, 0, 0, 0, 0], [(1, 3), 0, (1, 2), 0, 0], [0, (0, -1), (1, 0), (0, -1), 0], [0, 0, (1, 2), (2, 1), 0], [0, 0, (0, -1), 0, 0]]","[[0, 0, 0, 0, 0], [(1, 3), 0, (1, 2), 0, 0], [0, (0, -1), (1, 0), (0, -1), 0], [0, 0, (1, 2), (2, 1), (2, 1)], [0, 0, (0, -1), 0, 0]]","[[0, 0, (1, 2), 0, 0], [(1, 3), 0, (1, 2), 0, 0], [0, (0, -1), (1, 0), (0, -1), 0], [0, 0, (1, 2), (2, 1), (2, 1)], [0, 0, (0, -1), 0, 0]]","[[0, 0, (1, 2), 0, 0], [(1, 3), 0, (1, 2), 0, 0], [0, (0, -1), (1, 0), (0, -1), 0], [0, 0, (1, 2), (2, 1), 0], [0, 0, (0, -1), 0, 0]]","[[0, 0, 0, 0, 0], [(1, 3), 0, (1, 2), 0, 0], [0, (0, -1), (1, 0), (0, -1), 0], [0, 0, (1, 2), (2, 1), 0], [0, 0, (0, -1), 0, 0]]","[[0, 0, 0, 0, (2, 1)], [(1, 3), 0, (1, 2), 0, 0], [0, (0, -1), (1, 0), (0, -1), 0], [0, 0, (1, 2), (2, 1), 0], [0, 0, (0, -1), 0, 0]]","[[0, 0, (1, 2), 0, (2, 1)], [(1, 3), 0, (1, 2), 0, 0], [0, (0, -1), (1, 0), (0, -1), 0], [0, 0, (1, 2), (2, 1), 0], [0, 0, (0, -1), 0, 0]]","[[0, 0, (1, 2), 0, (2, 1)], [(1, 3), 0, (1, 2), 0, 0], [0, (0, -1), (1, 0), (0, -1), 0], [0, 0, (1, 2), (2, 1), (2, 1)], [0, 0, (0, -1), 0, 0]]","[[0, 0, 0, 0, (2, 1)], [(1, 3), 0, (1, 2), 0, 0], [0, (0, -1), (1, 0), (0, -1), 0], [0, 0, (1, 2), (2, 1), (2, 1)], [0, 0, (0, -1), 0, 0]]","[[0, (2, 3), 0, 0, (2, 1)], [(1, 3), 0, (1, 2), 0, 0], [0, (0, -1), (1, 0), (0, -1), 0], [0, 0, (1, 2), (2, 1), (2, 1)], [0, 0, (0, -1), 0, 0]]","[[0, (2, 3), (1, 2), 0, (2, 1)], [(1, 3), 0, (1, 2), 0, 0], [0, (0, -1), (1, 0), (0, -1), 0], [0, 0, (1, 2), (2, 1), (2, 1)], [0, 0, (0, -1), 0, 0]]","[[0, (2, 3), (1, 2), 0, (2, 1)], [(1, 3), 0, (1, 2), 0, 0], [0, (0, -1), (1, 0), (0, -1), 0], [0, 0, (1, 2), (2, 1), 0], [0, 0, (0, -1), 0, 0]]","[[0, (2, 3), 0, 0, (2, 1)], [(1, 3), 0, (1, 2), 0, 0], [0, (0, -1), (1, 0), (0, -1), 0], [0, 0, (1, 2), (2, 1), 0], [0, 0, (0, -1), 0, 0]]","[[0, (2, 3), 0, 0, (2, 1)], [(1, 3), 0, (1, 2), 0, 0], [0, (0, -1), (1, 0), (0, -1), 0], [0, 0, (1, 2), (2, 1), (2, 1)], [0, 0, (0, -1), 0, 0]]","[[0, (2, 3), (1, 2), 0, (2, 1)], [(1, 3), 0, (1, 2), 0, 0], [0, (0, -1), (1, 0), (0, -1), 0], [0, 0, (1, 2), (2, 1), (2, 1)], [0, 0, (0, -1), 0, 0]]","[[0, (2, 3), (1, 2), 0, (2, 1)], [(1, 3), 0, (1, 2), 0, 0], [0, (0, -1), (1, 0), (0, -1), 0], [(2, 2), 0, (1, 2), (2, 1), (2, 1)], [0, 0, (0, -1), 0, 0]]","[[0, (2, 3), (1, 2), 0, (2, 1)], [(1, 3), 0, (1, 2), 0, 0], [0, (0, -1), (1, 0), (0, -1), 0], [(2, 2), 0, (1, 0), (2, 1), (2, 1)], [0, 0, (0, -1), 0, 0]]","[[0, (2, 3), (1, 2), 0, (2, 1)], [(1, 3), 0, (1, 2), 0, 0], [0, (0, -1), (1, 0), (0, -1), 0], [(2, 2), 0, (1, 0), (2, 1), 0], [0, 0, (0, -1), 0, 0]]","[[0, (2, 3), 0, 0, (2, 1)], [(1, 3), 0, (1, 2), 0, 0], [0, (0, -1), (1, 0), (0, -1), 0], [(2, 2), 0, (1, 0), (2, 1), 0], [0, 0, (0, -1), 0, 0]]",,,,,,,,,,,,,,,,,,,,,,,,,,,,,,,,,,,,,,,,,,,,,,,,,,,,,,,,,,,,,,,,,,,,,,,,,,,,,,,,,,,,,,,,,,,,,,,,,,,,,,,,,,,,,,,,,,,,,,,,,,,,,,,,,,,,,,,,,,,,,,,,,,,,,,,,,,,,,,,,,,,,,,,,,,,,,,,,,,,,,,,,,,,,,,,,,,,,,,,,,,,,,,,,,,,,,,,,,,,,,,,,,,,,,,,,,,,,,,,,,,,,,,,,,,,,,,,,,,,,,,,,,,,,,,,,,,,,,,,,,,,,,,,,,,,,,,,,,,,,,,,,,,,,,,,,,,,,,,,,,,,,,,,,,,,,,,,,,,,,,,,,,,,,,,,,,,,,,,,,,,,,,,,,,,,,,,,,,,,,,,,,,,,,,,,,,,,,,,,,,,,,,,,,,,,,,,,,,,,,,,,,,,,,,,,,,,,,,,,,,,,,,,,,,,,,,,,,,,,,,,,,,,,,,,,,,,,,,,,,,,,,,,,,,,,,,,,,,,,,,,,,,,,,,,,,,,,,,,,,,,,,,,,,,,,,,,,,,,,,,,,,,,,,,,,,,,,,,,,,,,,,,,,,,,,,,,,,,,,,,,,,,,,,,,,,,,,,,,,,,,,,,,,,,,,,,,,,,,,,,,,,,,,,,,,,,,,,,,,,,,,,,,,,,,,,,,,,,,,,,,,,,,,,,,,,,,,,,,,,,,,,,,,,,,,,,,,,,,,,,,,,,,,,,,,,,,,,,,,,,,,,,,,,,,,,,,,,,,,,,,,,,,,,,,,,,,,,,,,,,,,,,,,,,,,,,,,,,,,,,,,,,,,,,,,,,,,,,,,,,,,,,,,,,,,,,,,,,,,,,,,,,,,,,,,,,,,,,,,,,,,,,,,,,,,,,,,,,,,,,,,,,,,,,,,,,,,,,,,,,,,,,,,,,,,,,,,,,,,,,,,,,,,,,,,,,,,,,,,,,,,,,,,,,,,,,,,,,,,,,,,,,,,,,
91,state,ia,ia,1,"(1, ('e', 1, 4, 0))","(2, ('e', 3, 4, 1))","(1, ('e', 0, 2, 2))","(2, ('e', 0, 4, 2))","(1, ('e', 0, 2, 2))","(2, ('a', 3, 4))","(1, ('e', 0, 2, 2))","(2, ('e', 3, 0, 1))","(1, ('e', 0, 2, 2))","(2, ('e', 3, 4, 1))","(1, ('a', 0, 2))","(2, ('e', 2, 0, 0))","(1, ('e', 0, 2, 2))","(2, ('a', 3, 4))","(1, ('a', 0, 2))","(2, ('e', 3, 4, 1))","(1, ('e', 0, 2, 2))","(2, ('e', 1, 0, 3))","(1, ('a', 0, 2))","(2, ('a', 3, 4))","(1, ('e', 3, 4, 2))","(2, ('m', 0, 4, 3))","(1, ('m', 1, 2, 3))","(2, ('e', 0, 2, 0))","(1, ('m', 2, 2, 0))","(2, ('t', 0, 3, 0))","(1, ('t', 1, 2, 1))","(2, ('t', 0, 3, 2))","(1, ('t', 1, 4, 1))","(2, ('t', 0, 3, 0))","(1, ('t', 3, 4, 1))","(2, ('t', 2, 0, 1))","(1, ('t', 1, 4, 2))","(2, ('t', 0, 3, 2))","(1, ('t', 1, 4, 0))","(2, ('t', 0, 3, 0))","(1, ('m', 1, 4, 0))","(2, ('m', 3, 0, 2))","(1, ('m', 3, 2, 2))",,,,,,,,,,,,,,,,,,,,,,,,,,,,,,,,,,,,,,,,,,,,,,,,,,,,,,,,,,,,,,,,,,,,,,,,,,,,,,,,,,,,,,,,,,,,,,,,,,,,,,,,,,,,,,,,,,,,,,,,,,,,,,,,,,,,,,,,,,,,,,,,,,,,,,,,,,,,,,,,,,,,,,,,,,,,,,,,,,,,,,,,,,,,,,,,,,,,,,,,,,,,,,,,,,,,,,,,,,,,,,,,,,,,,,,,,,,,,,,,,,,,,,,,,,,,,,,,,,,,,,,,,,,,,,,,,,,,,,,,,,,,,,,,,,,,,,,,,,,,,,,,,,,,,,,,,,,,,,,,,,,,,,,,,,,,,,,,,,,,,,,,,,,,,,,,,,,,,,,,,,,,,,,,,,,,,,,,,,,,,,,,,,,,,,,,,,,,,,,,,,,,,,,,,,,,,,,,,,,,,,,,,,,,,,,,,,,,,,,,,,,,,,,,,,,,,,,,,,,,,,,,,,,,,,,,,,,,,,,,,,,,,,,,,,,,,,,,,,,,,,,,,,,,,,,,,,,,,,,,,,,,,,,,,,,,,,,,,,,,,,,,,,,,,,,,,,,,,,,,,,,,,,,,,,,,,,,,,,,,,,,,,,,,,,,,,,,,,,,,,,,,,,,,,,,,,,,,,,,,,,,,,,,,,,,,,,,,,,,,,,,,,,,,,,,,,,,,,,,,,,,,,,,,,,,,,,,,,,,,,,,,,,,,,,,,,,,,,,,,,,,,,,,,,,,,,,,,,,,,,,,,,,,,,,,,,,,,,,,,,,,,,,,,,,,,,,,,,,,,,,,,,,,,,,,,,,,,,,,,,,,,,,,,,,,,,,,,,,,,,,,,,,,,,,,,,,,,,,,,,,,,,,,,,,,,,,,,,,,,,,,,,,,,,,,,,,,,,,,,,,,,,,,,,,,,,,,,,,,,,,,,,,,,,,,,,,,,,,,,,,,,,,,,,,,,,,,,,,,,,,,,,,,,,,,,,,,,,,,,,,,,,,,,,,,,,,,,,
92,move,ia,ia,1,"[[0, 0, 0, 0, 0], [0, 0, 0, 0, (1, 0)], [0, (0, -1), (0, -1), (0, -1), 0], [0, 0, 0, 0, 0], [0, 0, 0, 0, 0]]","[[0, 0, 0, 0, 0], [0, 0, 0, 0, (1, 0)], [0, (0, -1), (0, -1), (0, -1), 0], [0, 0, 0, 0, (2, 1)], [0, 0, 0, 0, 0]]","[[0, 0, (1, 2), 0, 0], [0, 0, 0, 0, (1, 0)], [0, (0, -1), (0, -1), (0, -1), 0], [0, 0, 0, 0, (2, 1)], [0, 0, 0, 0, 0]]","[[0, 0, (1, 2), 0, (2, 2)], [0, 0, 0, 0, (1, 0)], [0, (0, -1), (0, -1), (0, -1), 0], [0, 0, 0, 0, (2, 1)], [0, 0, 0, 0, 0]]","[[0, 0, (1, 2), 0, (2, 2)], [0, 0, (1, 2), 0, (1, 0)], [0, (0, -1), (0, -1), (0, -1), 0], [0, 0, 0, 0, (2, 1)], [0, 0, 0, 0, 0]]","[[0, 0, (1, 2), 0, (2, 2)], [0, 0, (1, 2), 0, (1, 0)], [0, (0, -1), (0, -1), (0, -1), 0], [0, 0, 0, 0, 0], [0, 0, 0, 0, 0]]","[[0, 0, (1, 2), 0, (2, 2)], [0, 0, (1, 2), 0, (1, 0)], [0, (0, -1), (1, 2), (0, -1), 0], [0, 0, (0, -1), 0, 0], [0, 0, 0, 0, 0]]","[[0, 0, (1, 2), 0, (2, 2)], [0, 0, (1, 2), 0, (1, 0)], [0, (0, -1), (1, 2), (0, -1), 0], [(2, 1), 0, (0, -1), 0, 0], [0, 0, 0, 0, 0]]","[[0, 0, (1, 2), 0, (2, 2)], [0, 0, (1, 2), 0, (1, 0)], [0, (0, -1), (1, 2), (0, -1), 0], [(2, 1), 0, (1, 2), 0, 0], [0, 0, (0, -1), 0, 0]]","[[0, 0, (1, 2), 0, (2, 2)], [0, 0, (1, 2), 0, (1, 0)], [0, (0, -1), (1, 2), (0, -1), 0], [(2, 1), 0, (1, 2), 0, (2, 1)], [0, 0, (0, -1), 0, 0]]","[[0, 0, 0, 0, (2, 2)], [0, 0, (1, 2), 0, (1, 0)], [0, (0, -1), (1, 2), (0, -1), 0], [(2, 1), 0, (1, 2), 0, (2, 1)], [0, 0, (0, -1), 0, 0]]","[[0, 0, 0, 0, (2, 2)], [0, 0, (1, 2), 0, (1, 0)], [(2, 0), (0, -1), (1, 2), (0, -1), 0], [(2, 1), 0, (1, 2), 0, (2, 1)], [0, 0, (0, -1), 0, 0]]","[[0, 0, (1, 2), 0, (2, 2)], [0, 0, (1, 2), 0, (1, 0)], [(2, 0), (0, -1), (1, 2), (0, -1), 0], [(2, 1), 0, (1, 2), 0, (2, 1)], [0, 0, (0, -1), 0, 0]]","[[0, 0, (1, 2), 0, (2, 2)], [0, 0, (1, 2), 0, (1, 0)], [(2, 0), (0, -1), (1, 2), (0, -1), 0], [(2, 1), 0, (1, 2), 0, 0], [0, 0, (0, -1), 0, 0]]","[[0, 0, 0, 0, (2, 2)], [0, 0, (1, 2), 0, (1, 0)], [(2, 0), (0, -1), (1, 2), (0, -1), 0], [(2, 1), 0, (1, 2), 0, 0], [0, 0, (0, -1), 0, 0]]","[[0, 0, 0, 0, (2, 2)], [0, 0, (1, 2), 0, (1, 0)], [(2, 0), (0, -1), (1, 2), (0, -1), 0], [(2, 1), 0, (1, 2), 0, (2, 1)], [0, 0, (0, -1), 0, 0]]","[[0, 0, (1, 2), 0, (2, 2)], [0, 0, (1, 2), 0, (1, 0)], [(2, 0), (0, -1), (1, 2), (0, -1), 0], [(2, 1), 0, (1, 2), 0, (2, 1)], [0, 0, (0, -1), 0, 0]]","[[0, 0, (1, 2), 0, (2, 2)], [(2, 3), 0, (1, 2), 0, (1, 0)], [(2, 0), (0, -1), (1, 2), (0, -1), 0], [(2, 1), 0, (1, 2), 0, (2, 1)], [0, 0, (0, -1), 0, 0]]","[[0, 0, 0, 0, (2, 2)], [(2, 3), 0, (1, 2), 0, (1, 0)], [(2, 0), (0, -1), (1, 2), (0, -1), 0], [(2, 1), 0, (1, 2), 0, (2, 1)], [0, 0, (0, -1), 0, 0]]","[[0, 0, 0, 0, (2, 2)], [(2, 3), 0, (1, 2), 0, (1, 0)], [(2, 0), (0, -1), (1, 2), (0, -1), 0], [(2, 1), 0, (1, 2), 0, 0], [0, 0, (0, -1), 0, 0]]","[[0, 0, 0, 0, (2, 2)], [(2, 3), 0, (1, 2), 0, (1, 0)], [(2, 0), (0, -1), (1, 2), (0, -1), 0], [(2, 1), 0, (1, 2), 0, (1, 2)], [0, 0, (0, -1), 0, 0]]","[[0, 0, 0, (2, 2), 0], [(2, 3), 0, (1, 2), 0, (1, 0)], [(2, 0), (0, -1), (1, 2), (0, -1), 0], [(2, 1), 0, (1, 2), 0, (1, 2)], [0, 0, (0, -1), 0, 0]]","[[0, 0, 0, (2, 2), 0], [(2, 3), (1, 2), 0, 0, (1, 0)], [(2, 0), (0, -1), (1, 2), (0, -1), 0], [(2, 1), 0, (1, 2), 0, (1, 2)], [0, 0, (0, -1), 0, 0]]","[[0, 0, (2, 0), (2, 2), 0], [(2, 3), (1, 2), 0, 0, (1, 0)], [(2, 0), (0, -1), (1, 2), (0, -1), 0], [(2, 1), 0, (1, 2), 0, (1, 2)], [0, 0, (0, -1), 0, 0]]","[[0, 0, (2, 0), (2, 2), 0], [(2, 3), (1, 2), (1, 2), 0, (1, 0)], [(2, 0), (0, -1), 0, (0, -1), 0], [(2, 1), 0, (1, 2), 0, (1, 2)], [0, 0, (0, -1), 0, 0]]","[[0, 0, (2, 0), (2, 0), 0], [(2, 3), (1, 2), (1, 2), 0, (1, 0)], [(2, 0), (0, -1), 0, (0, -1), 0], [(2, 1), 0, (1, 2), 0, (1, 2)], [0, 0, (0, -1), 0, 0]]","[[0, 0, (2, 0), (2, 0), 0], [(2, 3), (1, 2), (1, 1), 0, (1, 0)], [(2, 0), (0, -1), 0, (0, -1), 0], [(2, 1), 0, (1, 2), 0, (1, 2)], [0, 0, (0, -1), 0, 0]]","[[0, 0, (2, 0), (2, 2), 0], [(2, 3), (1, 2), (1, 1), 0, (1, 0)], [(2, 0), (0, -1), 0, (0, -1), 0], [(2, 1), 0, (1, 2), 0, (1, 2)], [0, 0, (0, -1), 0, 0]]","[[0, 0, (2, 0), (2, 2), 0], [(2, 3), (1, 2), (1, 1), 0, (1, 1)], [(2, 0), (0, -1), 0, (0, -1), 0], [(2, 1), 0, (1, 2), 0, (1, 2)], [0, 0, (0, -1), 0, 0]]","[[0, 0, (2, 0), (2, 0), 0], [(2, 3), (1, 2), (1, 1), 0, (1, 1)], [(2, 0), (0, -1), 0, (0, -1), 0], [(2, 1), 0, (1, 2), 0, (1, 2)], [0, 0, (0, -1), 0, 0]]","[[0, 0, (2, 0), (2, 0), 0], [(2, 3), (1, 2), (1, 1), 0, (1, 1)], [(2, 0), (0, -1), 0, (0, -1), 0], [(2, 1), 0, (1, 2), 0, (1, 1)], [0, 0, (0, -1), 0, 0]]","[[0, 0, (2, 0), (2, 0), 0], [(2, 3), (1, 2), (1, 1), 0, (1, 1)], [(2, 1), (0, -1), 0, (0, -1), 0], [(2, 1), 0, (1, 2), 0, (1, 1)], [0, 0, (0, -1), 0, 0]]","[[0, 0, (2, 0), (2, 0), 0], [(2, 3), (1, 2), (1, 1), 0, (1, 2)], [(2, 1), (0, -1), 0, (0, -1), 0], [(2, 1), 0, (1, 2), 0, (1, 1)], [0, 0, (0, -1), 0, 0]]","[[0, 0, (2, 0), (2, 2), 0], [(2, 3), (1, 2), (1, 1), 0, (1, 2)], [(2, 1), (0, -1), 0, (0, -1), 0], [(2, 1), 0, (1, 2), 0, (1, 1)], [0, 0, (0, -1), 0, 0]]","[[0, 0, (2, 0), (2, 2), 0], [(2, 3), (1, 2), (1, 1), 0, (1, 0)], [(2, 1), (0, -1), 0, (0, -1), 0], [(2, 1), 0, (1, 2), 0, (1, 1)], [0, 0, (0, -1), 0, 0]]","[[0, 0, (2, 0), (2, 0), 0], [(2, 3), (1, 2), (1, 1), 0, (1, 0)], [(2, 1), (0, -1), 0, (0, -1), 0], [(2, 1), 0, (1, 2), 0, (1, 1)], [0, 0, (0, -1), 0, 0]]","[[0, 0, (2, 0), (2, 0), (1, 0)], [(2, 3), (1, 2), (1, 1), 0, 0], [(2, 1), (0, -1), 0, (0, -1), 0], [(2, 1), 0, (1, 2), 0, (1, 1)], [0, 0, (0, -1), 0, 0]]","[[0, 0, (2, 0), (2, 0), (1, 0)], [(2, 3), (1, 2), (1, 1), 0, 0], [(2, 1), (0, -1), 0, (0, -1), 0], [0, 0, (1, 2), 0, (1, 1)], [(2, 1), 0, (0, -1), 0, 0]]","[[0, 0, (2, 0), (2, 0), (1, 0)], [(2, 3), (1, 2), (1, 1), 0, 0], [(2, 1), (0, -1), 0, (0, -1), 0], [0, 0, 0, 0, (1, 1)], [(2, 1), 0, (1, 2), 0, 0]]",,,,,,,,,,,,,,,,,,,,,,,,,,,,,,,,,,,,,,,,,,,,,,,,,,,,,,,,,,,,,,,,,,,,,,,,,,,,,,,,,,,,,,,,,,,,,,,,,,,,,,,,,,,,,,,,,,,,,,,,,,,,,,,,,,,,,,,,,,,,,,,,,,,,,,,,,,,,,,,,,,,,,,,,,,,,,,,,,,,,,,,,,,,,,,,,,,,,,,,,,,,,,,,,,,,,,,,,,,,,,,,,,,,,,,,,,,,,,,,,,,,,,,,,,,,,,,,,,,,,,,,,,,,,,,,,,,,,,,,,,,,,,,,,,,,,,,,,,,,,,,,,,,,,,,,,,,,,,,,,,,,,,,,,,,,,,,,,,,,,,,,,,,,,,,,,,,,,,,,,,,,,,,,,,,,,,,,,,,,,,,,,,,,,,,,,,,,,,,,,,,,,,,,,,,,,,,,,,,,,,,,,,,,,,,,,,,,,,,,,,,,,,,,,,,,,,,,,,,,,,,,,,,,,,,,,,,,,,,,,,,,,,,,,,,,,,,,,,,,,,,,,,,,,,,,,,,,,,,,,,,,,,,,,,,,,,,,,,,,,,,,,,,,,,,,,,,,,,,,,,,,,,,,,,,,,,,,,,,,,,,,,,,,,,,,,,,,,,,,,,,,,,,,,,,,,,,,,,,,,,,,,,,,,,,,,,,,,,,,,,,,,,,,,,,,,,,,,,,,,,,,,,,,,,,,,,,,,,,,,,,,,,,,,,,,,,,,,,,,,,,,,,,,,,,,,,,,,,,,,,,,,,,,,,,,,,,,,,,,,,,,,,,,,,,,,,,,,,,,,,,,,,,,,,,,,,,,,,,,,,,,,,,,,,,,,,,,,,,,,,,,,,,,,,,,,,,,,,,,,,,,,,,,,,,,,,,,,,,,,,,,,,,,,,,,,,,,,,,,,,,,,,,,,,,,,,,,,,,,,,,,,,,,,,,,,,,,,,,,,,,,,,,,,,,,,,,,,,,,,,,,,,,,,,,,,,,,,,,,,,,,,,,,,,,,,,,,,,
93,state,ia,ia,1,"(1, ('e', 0, 2, 2))","(2, ('e', 3, 4, 1))","(1, ('e', 0, 2, 2))","(2, ('a', 3, 4))","(1, ('e', 4, 1, 0))","(2, ('e', 3, 4, 1))","(1, ('e', 0, 2, 2))","(2, ('a', 3, 4))","(1, ('e', 0, 2, 2))","(2, ('e', 3, 4, 1))","(1, ('a', 0, 2))","(2, ('a', 3, 4))","(1, ('e', 0, 2, 2))","(2, ('e', 0, 2, 2))",,,,,,,,,,,,,,,,,,,,,,,,,,,,,,,,,,,,,,,,,,,,,,,,,,,,,,,,,,,,,,,,,,,,,,,,,,,,,,,,,,,,,,,,,,,,,,,,,,,,,,,,,,,,,,,,,,,,,,,,,,,,,,,,,,,,,,,,,,,,,,,,,,,,,,,,,,,,,,,,,,,,,,,,,,,,,,,,,,,,,,,,,,,,,,,,,,,,,,,,,,,,,,,,,,,,,,,,,,,,,,,,,,,,,,,,,,,,,,,,,,,,,,,,,,,,,,,,,,,,,,,,,,,,,,,,,,,,,,,,,,,,,,,,,,,,,,,,,,,,,,,,,,,,,,,,,,,,,,,,,,,,,,,,,,,,,,,,,,,,,,,,,,,,,,,,,,,,,,,,,,,,,,,,,,,,,,,,,,,,,,,,,,,,,,,,,,,,,,,,,,,,,,,,,,,,,,,,,,,,,,,,,,,,,,,,,,,,,,,,,,,,,,,,,,,,,,,,,,,,,,,,,,,,,,,,,,,,,,,,,,,,,,,,,,,,,,,,,,,,,,,,,,,,,,,,,,,,,,,,,,,,,,,,,,,,,,,,,,,,,,,,,,,,,,,,,,,,,,,,,,,,,,,,,,,,,,,,,,,,,,,,,,,,,,,,,,,,,,,,,,,,,,,,,,,,,,,,,,,,,,,,,,,,,,,,,,,,,,,,,,,,,,,,,,,,,,,,,,,,,,,,,,,,,,,,,,,,,,,,,,,,,,,,,,,,,,,,,,,,,,,,,,,,,,,,,,,,,,,,,,,,,,,,,,,,,,,,,,,,,,,,,,,,,,,,,,,,,,,,,,,,,,,,,,,,,,,,,,,,,,,,,,,,,,,,,,,,,,,,,,,,,,,,,,,,,,,,,,,,,,,,,,,,,,,,,,,,,,,,,,,,,,,,,,,,,,,,,,,,,,,,,,,,,,,,,,,,,,,,,,,,,,,,,,,,,,,,,,,,,,,,,,,,,,,,,,,,,,,,,,,,,,,,,,,,,,,,,,,,,,,,,,,,,,,,,,,,,,,,,,,,,,,,,,,,,,,,,,,,,,
94,move,ia,ia,1,"[[0, 0, (1, 2), 0, 0], [0, 0, 0, 0, 0], [0, (0, -1), (0, -1), (0, -1), 0], [0, 0, 0, 0, 0], [0, 0, 0, 0, 0]]","[[0, 0, (1, 2), 0, 0], [0, 0, 0, 0, 0], [0, (0, -1), (0, -1), (0, -1), 0], [0, 0, 0, 0, (2, 1)], [0, 0, 0, 0, 0]]","[[0, 0, (1, 2), 0, 0], [0, 0, (1, 2), 0, 0], [0, (0, -1), (0, -1), (0, -1), 0], [0, 0, 0, 0, (2, 1)], [0, 0, 0, 0, 0]]","[[0, 0, (1, 2), 0, 0], [0, 0, (1, 2), 0, 0], [0, (0, -1), (0, -1), (0, -1), 0], [0, 0, 0, 0, 0], [0, 0, 0, 0, 0]]","[[0, 0, (1, 2), 0, 0], [0, 0, (1, 2), 0, 0], [0, (0, -1), (0, -1), (0, -1), 0], [0, 0, 0, 0, 0], [0, (1, 0), 0, 0, 0]]","[[0, 0, (1, 2), 0, 0], [0, 0, (1, 2), 0, 0], [0, (0, -1), (0, -1), (0, -1), 0], [0, 0, 0, 0, (2, 1)], [0, (1, 0), 0, 0, 0]]","[[0, 0, (1, 2), 0, 0], [0, 0, (1, 2), 0, 0], [0, (0, -1), (1, 2), (0, -1), 0], [0, 0, (0, -1), 0, (2, 1)], [0, (1, 0), 0, 0, 0]]","[[0, 0, (1, 2), 0, 0], [0, 0, (1, 2), 0, 0], [0, (0, -1), (1, 2), (0, -1), 0], [0, 0, (0, -1), 0, 0], [0, (1, 0), 0, 0, 0]]","[[0, 0, (1, 2), 0, 0], [0, 0, (1, 2), 0, 0], [0, (0, -1), (1, 2), (0, -1), 0], [0, 0, (1, 2), 0, 0], [0, (1, 0), (0, -1), 0, 0]]","[[0, 0, (1, 2), 0, 0], [0, 0, (1, 2), 0, 0], [0, (0, -1), (1, 2), (0, -1), 0], [0, 0, (1, 2), 0, (2, 1)], [0, (1, 0), (0, -1), 0, 0]]","[[0, 0, 0, 0, 0], [0, 0, (1, 2), 0, 0], [0, (0, -1), (1, 2), (0, -1), 0], [0, 0, (1, 2), 0, (2, 1)], [0, (1, 0), (0, -1), 0, 0]]","[[0, 0, 0, 0, 0], [0, 0, (1, 2), 0, 0], [0, (0, -1), (1, 2), (0, -1), 0], [0, 0, (1, 2), 0, 0], [0, (1, 0), (0, -1), 0, 0]]","[[0, 0, (1, 2), 0, 0], [0, 0, (1, 2), 0, 0], [0, (0, -1), (1, 2), (0, -1), 0], [0, 0, (1, 2), 0, 0], [0, (1, 0), (0, -1), 0, 0]]","[[0, 0, (2, 2), 0, 0], [0, 0, (1, 2), 0, 0], [0, (0, -1), (1, 2), (0, -1), 0], [0, 0, (1, 2), 0, 0], [0, (1, 0), (1, 2), 0, 0]]",,,,,,,,,,,,,,,,,,,,,,,,,,,,,,,,,,,,,,,,,,,,,,,,,,,,,,,,,,,,,,,,,,,,,,,,,,,,,,,,,,,,,,,,,,,,,,,,,,,,,,,,,,,,,,,,,,,,,,,,,,,,,,,,,,,,,,,,,,,,,,,,,,,,,,,,,,,,,,,,,,,,,,,,,,,,,,,,,,,,,,,,,,,,,,,,,,,,,,,,,,,,,,,,,,,,,,,,,,,,,,,,,,,,,,,,,,,,,,,,,,,,,,,,,,,,,,,,,,,,,,,,,,,,,,,,,,,,,,,,,,,,,,,,,,,,,,,,,,,,,,,,,,,,,,,,,,,,,,,,,,,,,,,,,,,,,,,,,,,,,,,,,,,,,,,,,,,,,,,,,,,,,,,,,,,,,,,,,,,,,,,,,,,,,,,,,,,,,,,,,,,,,,,,,,,,,,,,,,,,,,,,,,,,,,,,,,,,,,,,,,,,,,,,,,,,,,,,,,,,,,,,,,,,,,,,,,,,,,,,,,,,,,,,,,,,,,,,,,,,,,,,,,,,,,,,,,,,,,,,,,,,,,,,,,,,,,,,,,,,,,,,,,,,,,,,,,,,,,,,,,,,,,,,,,,,,,,,,,,,,,,,,,,,,,,,,,,,,,,,,,,,,,,,,,,,,,,,,,,,,,,,,,,,,,,,,,,,,,,,,,,,,,,,,,,,,,,,,,,,,,,,,,,,,,,,,,,,,,,,,,,,,,,,,,,,,,,,,,,,,,,,,,,,,,,,,,,,,,,,,,,,,,,,,,,,,,,,,,,,,,,,,,,,,,,,,,,,,,,,,,,,,,,,,,,,,,,,,,,,,,,,,,,,,,,,,,,,,,,,,,,,,,,,,,,,,,,,,,,,,,,,,,,,,,,,,,,,,,,,,,,,,,,,,,,,,,,,,,,,,,,,,,,,,,,,,,,,,,,,,,,,,,,,,,,,,,,,,,,,,,,,,,,,,,,,,,,,,,,,,,,,,,,,,,,,,,,,,,,,,,,,,,,,,,,,,,,,,,,,,,,,,,,,,,,,,,,,,,,,,,
95,state,ia,ia,1,"(1, ('e', 0, 2, 3))","(2, ('e', 3, 4, 1))","(1, ('e', 0, 2, 2))","(2, ('e', 3, 0, 3))","(1, ('e', 0, 2, 2))","(2, ('a', 3, 4))","(1, ('e', 0, 2, 2))","(2, ('e', 3, 4, 1))","(1, ('t', 2, 2, 3))","(2, ('a', 3, 4))","(1, ('e', 4, 0, 0))","(2, ('e', 3, 4, 1))","(1, ('a', 0, 2))","(2, ('a', 3, 4))","(1, ('e', 0, 2, 2))","(2, ('e', 0, 4, 1))","(1, ('a', 0, 2))","(2, ('e', 3, 4, 1))","(1, ('e', 0, 2, 2))","(2, ('a', 3, 4))","(1, ('a', 0, 2))","(2, ('e', 0, 2, 2))","(1, ('e', 0, 2, 2))",,,,,,,,,,,,,,,,,,,,,,,,,,,,,,,,,,,,,,,,,,,,,,,,,,,,,,,,,,,,,,,,,,,,,,,,,,,,,,,,,,,,,,,,,,,,,,,,,,,,,,,,,,,,,,,,,,,,,,,,,,,,,,,,,,,,,,,,,,,,,,,,,,,,,,,,,,,,,,,,,,,,,,,,,,,,,,,,,,,,,,,,,,,,,,,,,,,,,,,,,,,,,,,,,,,,,,,,,,,,,,,,,,,,,,,,,,,,,,,,,,,,,,,,,,,,,,,,,,,,,,,,,,,,,,,,,,,,,,,,,,,,,,,,,,,,,,,,,,,,,,,,,,,,,,,,,,,,,,,,,,,,,,,,,,,,,,,,,,,,,,,,,,,,,,,,,,,,,,,,,,,,,,,,,,,,,,,,,,,,,,,,,,,,,,,,,,,,,,,,,,,,,,,,,,,,,,,,,,,,,,,,,,,,,,,,,,,,,,,,,,,,,,,,,,,,,,,,,,,,,,,,,,,,,,,,,,,,,,,,,,,,,,,,,,,,,,,,,,,,,,,,,,,,,,,,,,,,,,,,,,,,,,,,,,,,,,,,,,,,,,,,,,,,,,,,,,,,,,,,,,,,,,,,,,,,,,,,,,,,,,,,,,,,,,,,,,,,,,,,,,,,,,,,,,,,,,,,,,,,,,,,,,,,,,,,,,,,,,,,,,,,,,,,,,,,,,,,,,,,,,,,,,,,,,,,,,,,,,,,,,,,,,,,,,,,,,,,,,,,,,,,,,,,,,,,,,,,,,,,,,,,,,,,,,,,,,,,,,,,,,,,,,,,,,,,,,,,,,,,,,,,,,,,,,,,,,,,,,,,,,,,,,,,,,,,,,,,,,,,,,,,,,,,,,,,,,,,,,,,,,,,,,,,,,,,,,,,,,,,,,,,,,,,,,,,,,,,,,,,,,,,,,,,,,,,,,,,,,,,,,,,,,,,,,,,,,,,,,,,,,,,,,,,,,,,,,,,,,,,,,,,,,,,,,,,,,,,,,,,,,,,,,,,,,,,,,,,,,,,,,,,,,,,,,,,,
96,move,ia,ia,1,"[[0, 0, (1, 3), 0, 0], [0, 0, 0, 0, 0], [0, (0, -1), (0, -1), (0, -1), 0], [0, 0, 0, 0, 0], [0, 0, 0, 0, 0]]","[[0, 0, (1, 3), 0, 0], [0, 0, 0, 0, 0], [0, (0, -1), (0, -1), (0, -1), 0], [0, 0, 0, 0, (2, 1)], [0, 0, 0, 0, 0]]","[[0, 0, (1, 2), 0, 0], [0, 0, (1, 3), 0, 0], [0, (0, -1), (0, -1), (0, -1), 0], [0, 0, 0, 0, (2, 1)], [0, 0, 0, 0, 0]]","[[0, 0, (1, 2), 0, 0], [0, 0, (1, 3), 0, 0], [0, (0, -1), (0, -1), (0, -1), 0], [(2, 3), 0, 0, 0, (2, 1)], [0, 0, 0, 0, 0]]","[[0, 0, (1, 2), 0, 0], [0, 0, (1, 2), 0, 0], [0, (0, -1), (1, 3), (0, -1), 0], [(2, 3), 0, (0, -1), 0, (2, 1)], [0, 0, 0, 0, 0]]","[[0, 0, (1, 2), 0, 0], [0, 0, (1, 2), 0, 0], [0, (0, -1), (1, 3), (0, -1), 0], [(2, 3), 0, (0, -1), 0, 0], [0, 0, 0, 0, 0]]","[[0, 0, (1, 2), 0, 0], [0, 0, (1, 2), 0, 0], [0, (0, -1), (1, 2), (0, -1), 0], [(2, 3), 0, (1, 3), 0, 0], [0, 0, (0, -1), 0, 0]]","[[0, 0, (1, 2), 0, 0], [0, 0, (1, 2), 0, 0], [0, (0, -1), (1, 2), (0, -1), 0], [(2, 3), 0, (1, 3), 0, (2, 1)], [0, 0, (0, -1), 0, 0]]","[[0, 0, (1, 2), 0, 0], [0, 0, (1, 2), 0, 0], [0, (0, -1), (1, 3), (0, -1), 0], [(2, 3), 0, (1, 3), 0, (2, 1)], [0, 0, (0, -1), 0, 0]]","[[0, 0, (1, 2), 0, 0], [0, 0, (1, 2), 0, 0], [0, (0, -1), (1, 3), (0, -1), 0], [(2, 3), 0, (1, 3), 0, 0], [0, 0, (0, -1), 0, 0]]","[[0, 0, (1, 2), 0, 0], [0, 0, (1, 2), 0, 0], [0, (0, -1), (1, 3), (0, -1), 0], [(2, 3), 0, (1, 3), 0, 0], [(1, 0), 0, (0, -1), 0, 0]]","[[0, 0, (1, 2), 0, 0], [0, 0, (1, 2), 0, 0], [0, (0, -1), (1, 3), (0, -1), 0], [(2, 3), 0, (1, 3), 0, (2, 1)], [(1, 0), 0, (0, -1), 0, 0]]","[[0, 0, 0, 0, 0], [0, 0, (1, 2), 0, 0], [0, (0, -1), (1, 3), (0, -1), 0], [(2, 3), 0, (1, 3), 0, (2, 1)], [(1, 0), 0, (0, -1), 0, 0]]","[[0, 0, 0, 0, 0], [0, 0, (1, 2), 0, 0], [0, (0, -1), (1, 3), (0, -1), 0], [(2, 3), 0, (1, 3), 0, 0], [(1, 0), 0, (0, -1), 0, 0]]","[[0, 0, (1, 2), 0, 0], [0, 0, (1, 2), 0, 0], [0, (0, -1), (1, 3), (0, -1), 0], [(2, 3), 0, (1, 3), 0, 0], [(1, 0), 0, (0, -1), 0, 0]]","[[0, 0, (1, 2), 0, (2, 1)], [0, 0, (1, 2), 0, 0], [0, (0, -1), (1, 3), (0, -1), 0], [(2, 3), 0, (1, 3), 0, 0], [(1, 0), 0, (0, -1), 0, 0]]","[[0, 0, 0, 0, (2, 1)], [0, 0, (1, 2), 0, 0], [0, (0, -1), (1, 3), (0, -1), 0], [(2, 3), 0, (1, 3), 0, 0], [(1, 0), 0, (0, -1), 0, 0]]","[[0, 0, 0, 0, (2, 1)], [0, 0, (1, 2), 0, 0], [0, (0, -1), (1, 3), (0, -1), 0], [(2, 3), 0, (1, 3), 0, (2, 1)], [(1, 0), 0, (0, -1), 0, 0]]","[[0, 0, (1, 2), 0, (2, 1)], [0, 0, (1, 2), 0, 0], [0, (0, -1), (1, 3), (0, -1), 0], [(2, 3), 0, (1, 3), 0, (2, 1)], [(1, 0), 0, (0, -1), 0, 0]]","[[0, 0, (1, 2), 0, (2, 1)], [0, 0, (1, 2), 0, 0], [0, (0, -1), (1, 3), (0, -1), 0], [(2, 3), 0, (1, 3), 0, 0], [(1, 0), 0, (0, -1), 0, 0]]","[[0, 0, 0, 0, (2, 1)], [0, 0, (1, 2), 0, 0], [0, (0, -1), (1, 3), (0, -1), 0], [(2, 3), 0, (1, 3), 0, 0], [(1, 0), 0, (0, -1), 0, 0]]","[[0, 0, (2, 2), 0, (2, 1)], [0, 0, (1, 2), 0, 0], [0, (0, -1), (1, 3), (0, -1), 0], [(2, 3), 0, (1, 3), 0, 0], [(1, 0), 0, (0, -1), 0, 0]]","[[0, 0, (1, 2), 0, (2, 1)], [0, 0, (2, 2), 0, 0], [0, (0, -1), (1, 2), (0, -1), 0], [(2, 3), 0, (1, 3), 0, 0], [(1, 0), 0, (1, 3), 0, 0]]",,,,,,,,,,,,,,,,,,,,,,,,,,,,,,,,,,,,,,,,,,,,,,,,,,,,,,,,,,,,,,,,,,,,,,,,,,,,,,,,,,,,,,,,,,,,,,,,,,,,,,,,,,,,,,,,,,,,,,,,,,,,,,,,,,,,,,,,,,,,,,,,,,,,,,,,,,,,,,,,,,,,,,,,,,,,,,,,,,,,,,,,,,,,,,,,,,,,,,,,,,,,,,,,,,,,,,,,,,,,,,,,,,,,,,,,,,,,,,,,,,,,,,,,,,,,,,,,,,,,,,,,,,,,,,,,,,,,,,,,,,,,,,,,,,,,,,,,,,,,,,,,,,,,,,,,,,,,,,,,,,,,,,,,,,,,,,,,,,,,,,,,,,,,,,,,,,,,,,,,,,,,,,,,,,,,,,,,,,,,,,,,,,,,,,,,,,,,,,,,,,,,,,,,,,,,,,,,,,,,,,,,,,,,,,,,,,,,,,,,,,,,,,,,,,,,,,,,,,,,,,,,,,,,,,,,,,,,,,,,,,,,,,,,,,,,,,,,,,,,,,,,,,,,,,,,,,,,,,,,,,,,,,,,,,,,,,,,,,,,,,,,,,,,,,,,,,,,,,,,,,,,,,,,,,,,,,,,,,,,,,,,,,,,,,,,,,,,,,,,,,,,,,,,,,,,,,,,,,,,,,,,,,,,,,,,,,,,,,,,,,,,,,,,,,,,,,,,,,,,,,,,,,,,,,,,,,,,,,,,,,,,,,,,,,,,,,,,,,,,,,,,,,,,,,,,,,,,,,,,,,,,,,,,,,,,,,,,,,,,,,,,,,,,,,,,,,,,,,,,,,,,,,,,,,,,,,,,,,,,,,,,,,,,,,,,,,,,,,,,,,,,,,,,,,,,,,,,,,,,,,,,,,,,,,,,,,,,,,,,,,,,,,,,,,,,,,,,,,,,,,,,,,,,,,,,,,,,,,,,,,,,,,,,,,,,,,,,,,,,,,,,,,,,,,,,,,,,,,,,,,,,,,,,,,,,,,,,,,,,,,,,,,,,,,,,,,,,,,,,,,,,,,,,,,,,,
97,state,ia,ia,3,"(1, ('e', 4, 0, 1))","(2, ('e', 3, 4, 1))","(1, ('e', 0, 2, 2))","(2, ('a', 3, 4))","(1, ('e', 0, 2, 2))","(2, ('e', 4, 1, 0))","(1, ('e', 0, 2, 2))","(2, ('e', 3, 4, 1))","(1, ('m', 4, 0, 0))","(2, ('a', 3, 4))","(1, ('e', 4, 1, 0))","(2, ('e', 3, 4, 1))","(1, ('a', 0, 2))","(2, ('a', 3, 4))","(1, ('e', 0, 2, 2))","(2, ('e', 3, 4, 1))","(1, ('a', 0, 2))","(2, ('e', 4, 4, 0))","(1, ('e', 0, 2, 2))","(2, ('a', 3, 4))","(1, ('a', 0, 2))","(2, ('e', 3, 4, 1))","(1, ('e', 0, 2, 2))","(2, ('a', 3, 4))","(1, ('a', 0, 2))","(2, ('a', 4, 4))","(1, ('m', 3, 0, 0))","(2, ('e', 3, 4, 1))","(1, ('e', 0, 2, 2))","(2, ('a', 3, 4))","(1, ('a', 0, 2))","(2, ('e', 3, 4, 1))","(1, ('e', 0, 2, 2))","(2, ('a', 3, 4))","(1, ('a', 0, 2))","(2, ('e', 3, 4, 1))","(1, ('e', 0, 2, 2))","(2, ('a', 3, 4))","(1, ('a', 0, 2))","(2, ('e', 3, 4, 1))","(1, ('e', 0, 2, 2))","(2, ('a', 3, 4))","(1, ('a', 0, 2))","(2, ('e', 4, 3, 0))","(1, ('e', 0, 2, 2))","(2, ('e', 3, 4, 1))","(1, ('a', 0, 2))",,,,,,,,,,,,,,,,,,,,,,,,,,,,,,,,,,,,,,,,,,,,,,,,,,,,,,,,,,,,,,,,,,,,,,,,,,,,,,,,,,,,,,,,,,,,,,,,,,,,,,,,,,,,,,,,,,,,,,,,,,,,,,,,,,,,,,,,,,,,,,,,,,,,,,,,,,,,,,,,,,,,,,,,,,,,,,,,,,,,,,,,,,,,,,,,,,,,,,,,,,,,,,,,,,,,,,,,,,,,,,,,,,,,,,,,,,,,,,,,,,,,,,,,,,,,,,,,,,,,,,,,,,,,,,,,,,,,,,,,,,,,,,,,,,,,,,,,,,,,,,,,,,,,,,,,,,,,,,,,,,,,,,,,,,,,,,,,,,,,,,,,,,,,,,,,,,,,,,,,,,,,,,,,,,,,,,,,,,,,,,,,,,,,,,,,,,,,,,,,,,,,,,,,,,,,,,,,,,,,,,,,,,,,,,,,,,,,,,,,,,,,,,,,,,,,,,,,,,,,,,,,,,,,,,,,,,,,,,,,,,,,,,,,,,,,,,,,,,,,,,,,,,,,,,,,,,,,,,,,,,,,,,,,,,,,,,,,,,,,,,,,,,,,,,,,,,,,,,,,,,,,,,,,,,,,,,,,,,,,,,,,,,,,,,,,,,,,,,,,,,,,,,,,,,,,,,,,,,,,,,,,,,,,,,,,,,,,,,,,,,,,,,,,,,,,,,,,,,,,,,,,,,,,,,,,,,,,,,,,,,,,,,,,,,,,,,,,,,,,,,,,,,,,,,,,,,,,,,,,,,,,,,,,,,,,,,,,,,,,,,,,,,,,,,,,,,,,,,,,,,,,,,,,,,,,,,,,,,,,,,,,,,,,,,,,,,,,,,,,,,,,,,,,,,,,,,,,,,,,,,,,,,,,,,,,,,,,,,,,,,,,,,,,,,,,,,,,,,,,,,,,,,,,,,,,,,,,,,,,,,,,,,,,,,,,,,,,,,,,,,,,,,,,,,,,,,,,,,,,,,,,,,,,,,,,,,,,,,,,,,,,,,,,,
98,move,ia,ia,3,"[[0, 0, 0, 0, 0], [0, 0, 0, 0, 0], [0, (0, -1), (0, -1), (0, -1), 0], [0, 0, 0, 0, 0], [(1, 1), 0, 0, 0, 0]]","[[0, 0, 0, 0, 0], [0, 0, 0, 0, 0], [0, (0, -1), (0, -1), (0, -1), 0], [0, 0, 0, 0, (2, 1)], [(1, 1), 0, 0, 0, 0]]","[[0, 0, (1, 2), 0, 0], [0, 0, 0, 0, 0], [0, (0, -1), (0, -1), (0, -1), 0], [0, 0, 0, 0, (2, 1)], [(1, 1), 0, 0, 0, 0]]","[[0, 0, (1, 2), 0, 0], [0, 0, 0, 0, 0], [0, (0, -1), (0, -1), (0, -1), 0], [0, 0, 0, 0, 0], [(1, 1), 0, 0, 0, 0]]","[[0, 0, (1, 2), 0, 0], [0, 0, (1, 2), 0, 0], [0, (0, -1), (0, -1), (0, -1), 0], [0, 0, 0, 0, 0], [(1, 1), 0, 0, 0, 0]]","[[0, 0, (1, 2), 0, 0], [0, 0, (1, 2), 0, 0], [0, (0, -1), (0, -1), (0, -1), 0], [0, 0, 0, 0, 0], [(1, 1), (2, 0), 0, 0, 0]]","[[0, 0, (1, 2), 0, 0], [0, 0, (1, 2), 0, 0], [0, (0, -1), (1, 2), (0, -1), 0], [0, 0, (0, -1), 0, 0], [(1, 1), (2, 0), 0, 0, 0]]","[[0, 0, (1, 2), 0, 0], [0, 0, (1, 2), 0, 0], [0, (0, -1), (1, 2), (0, -1), 0], [0, 0, (0, -1), 0, (2, 1)], [(1, 1), (2, 0), 0, 0, 0]]","[[0, 0, (1, 2), 0, 0], [0, 0, (1, 2), 0, 0], [0, (0, -1), (1, 2), (0, -1), 0], [(1, 1), 0, (0, -1), 0, (2, 1)], [0, (2, 0), 0, 0, 0]]","[[0, 0, (1, 2), 0, 0], [0, 0, (1, 2), 0, 0], [0, (0, -1), (1, 2), (0, -1), 0], [(1, 1), 0, (0, -1), 0, 0], [0, (2, 0), 0, 0, 0]]","[[0, 0, (1, 2), 0, 0], [0, 0, (1, 2), 0, 0], [0, (0, -1), (1, 2), (0, -1), 0], [(1, 1), (2, 0), (0, -1), 0, 0], [0, (1, 0), 0, 0, 0]]","[[0, 0, (1, 2), 0, 0], [0, 0, (1, 2), 0, 0], [0, (0, -1), (1, 2), (0, -1), 0], [(1, 1), (2, 0), (0, -1), 0, (2, 1)], [0, (1, 0), 0, 0, 0]]","[[0, 0, 0, 0, 0], [0, 0, (1, 2), 0, 0], [0, (0, -1), (1, 2), (0, -1), 0], [(1, 1), (2, 0), (0, -1), 0, (2, 1)], [0, (1, 0), 0, 0, 0]]","[[0, 0, 0, 0, 0], [0, 0, (1, 2), 0, 0], [0, (0, -1), (1, 2), (0, -1), 0], [(1, 1), (2, 0), (0, -1), 0, 0], [0, (1, 0), 0, 0, 0]]","[[0, 0, (1, 2), 0, 0], [0, 0, (1, 2), 0, 0], [0, (0, -1), (1, 2), (0, -1), 0], [(1, 1), (2, 0), (0, -1), 0, 0], [0, (1, 0), 0, 0, 0]]","[[0, 0, (1, 2), 0, 0], [0, 0, (1, 2), 0, 0], [0, (0, -1), (1, 2), (0, -1), 0], [(1, 1), (2, 0), (0, -1), 0, (2, 1)], [0, (1, 0), 0, 0, 0]]","[[0, 0, 0, 0, 0], [0, 0, (1, 2), 0, 0], [0, (0, -1), (1, 2), (0, -1), 0], [(1, 1), (2, 0), (0, -1), 0, (2, 1)], [0, (1, 0), 0, 0, 0]]","[[0, 0, 0, 0, 0], [0, 0, (1, 2), 0, 0], [0, (0, -1), (1, 2), (0, -1), 0], [(1, 1), (2, 0), (0, -1), 0, (2, 1)], [0, (1, 0), 0, 0, (2, 0)]]","[[0, 0, (1, 2), 0, 0], [0, 0, (1, 2), 0, 0], [0, (0, -1), (1, 2), (0, -1), 0], [(1, 1), (2, 0), (0, -1), 0, (2, 1)], [0, (1, 0), 0, 0, (2, 0)]]","[[0, 0, (1, 2), 0, 0], [0, 0, (1, 2), 0, 0], [0, (0, -1), (1, 2), (0, -1), 0], [(1, 1), (2, 0), (0, -1), 0, 0], [0, (1, 0), 0, 0, (2, 0)]]","[[0, 0, 0, 0, 0], [0, 0, (1, 2), 0, 0], [0, (0, -1), (1, 2), (0, -1), 0], [(1, 1), (2, 0), (0, -1), 0, 0], [0, (1, 0), 0, 0, (2, 0)]]","[[0, 0, 0, 0, 0], [0, 0, (1, 2), 0, 0], [0, (0, -1), (1, 2), (0, -1), 0], [(1, 1), (2, 0), (0, -1), 0, (2, 1)], [0, (1, 0), 0, 0, (2, 0)]]","[[0, 0, (1, 2), 0, 0], [0, 0, (1, 2), 0, 0], [0, (0, -1), (1, 2), (0, -1), 0], [(1, 1), (2, 0), (0, -1), 0, (2, 1)], [0, (1, 0), 0, 0, (2, 0)]]","[[0, 0, (1, 2), 0, 0], [0, 0, (1, 2), 0, 0], [0, (0, -1), (1, 2), (0, -1), 0], [(1, 1), (2, 0), (0, -1), 0, 0], [0, (1, 0), 0, 0, (2, 0)]]","[[0, 0, 0, 0, 0], [0, 0, (1, 2), 0, 0], [0, (0, -1), (1, 2), (0, -1), 0], [(1, 1), (2, 0), (0, -1), 0, 0], [0, (1, 0), 0, 0, (2, 0)]]","[[0, 0, 0, 0, 0], [0, 0, (1, 2), 0, 0], [0, (0, -1), (1, 2), (0, -1), 0], [(1, 1), (2, 0), (0, -1), 0, 0], [0, (1, 0), 0, 0, 0]]","[[0, 0, 0, 0, 0], [0, 0, (1, 2), 0, 0], [(1, 1), (0, -1), (1, 2), (0, -1), 0], [0, (2, 0), (0, -1), 0, 0], [0, (1, 0), 0, 0, 0]]","[[0, 0, 0, 0, 0], [0, 0, (1, 2), 0, 0], [(1, 1), (0, -1), (1, 2), (0, -1), 0], [0, (2, 0), (0, -1), 0, (2, 1)], [0, (1, 0), 0, 0, 0]]","[[0, 0, (1, 2), 0, 0], [0, 0, (1, 2), 0, 0], [(1, 1), (0, -1), (1, 2), (0, -1), 0], [0, (2, 0), (0, -1), 0, (2, 1)], [0, (1, 0), 0, 0, 0]]","[[0, 0, (1, 2), 0, 0], [0, 0, (1, 2), 0, 0], [(1, 1), (0, -1), (1, 2), (0, -1), 0], [0, (2, 0), (0, -1), 0, 0], [0, (1, 0), 0, 0, 0]]","[[0, 0, 0, 0, 0], [0, 0, (1, 2), 0, 0], [(1, 1), (0, -1), (1, 2), (0, -1), 0], [0, (2, 0), (0, -1), 0, 0], [0, (1, 0), 0, 0, 0]]","[[0, 0, 0, 0, 0], [0, 0, (1, 2), 0, 0], [(1, 1), (0, -1), (1, 2), (0, -1), 0], [0, (2, 0), (0, -1), 0, (2, 1)], [0, (1, 0), 0, 0, 0]]","[[0, 0, (1, 2), 0, 0], [0, 0, (1, 2), 0, 0], [(1, 1), (0, -1), (1, 2), (0, -1), 0], [0, (2, 0), (0, -1), 0, (2, 1)], [0, (1, 0), 0, 0, 0]]","[[0, 0, (1, 2), 0, 0], [0, 0, (1, 2), 0, 0], [(1, 1), (0, -1), (1, 2), (0, -1), 0], [0, (2, 0), (0, -1), 0, 0], [0, (1, 0), 0, 0, 0]]","[[0, 0, 0, 0, 0], [0, 0, (1, 2), 0, 0], [(1, 1), (0, -1), (1, 2), (0, -1), 0], [0, (2, 0), (0, -1), 0, 0], [0, (1, 0), 0, 0, 0]]","[[0, 0, 0, 0, 0], [0, 0, (1, 2), 0, 0], [(1, 1), (0, -1), (1, 2), (0, -1), 0], [0, (2, 0), (0, -1), 0, (2, 1)], [0, (1, 0), 0, 0, 0]]","[[0, 0, (1, 2), 0, 0], [0, 0, (1, 2), 0, 0], [(1, 1), (0, -1), (1, 2), (0, -1), 0], [0, (2, 0), (0, -1), 0, (2, 1)], [0, (1, 0), 0, 0, 0]]","[[0, 0, (1, 2), 0, 0], [0, 0, (1, 2), 0, 0], [(1, 1), (0, -1), (1, 2), (0, -1), 0], [0, (2, 0), (0, -1), 0, 0], [0, (1, 0), 0, 0, 0]]","[[0, 0, 0, 0, 0], [0, 0, (1, 2), 0, 0], [(1, 1), (0, -1), (1, 2), (0, -1), 0], [0, (2, 0), (0, -1), 0, 0], [0, (1, 0), 0, 0, 0]]","[[0, 0, 0, 0, 0], [0, 0, (1, 2), 0, 0], [(1, 1), (0, -1), (1, 2), (0, -1), 0], [0, (2, 0), (0, -1), 0, (2, 1)], [0, (1, 0), 0, 0, 0]]","[[0, 0, (1, 2), 0, 0], [0, 0, (1, 2), 0, 0], [(1, 1), (0, -1), (1, 2), (0, -1), 0], [0, (2, 0), (0, -1), 0, (2, 1)], [0, (1, 0), 0, 0, 0]]","[[0, 0, (1, 2), 0, 0], [0, 0, (1, 2), 0, 0], [(1, 1), (0, -1), (1, 2), (0, -1), 0], [0, (2, 0), (0, -1), 0, 0], [0, (1, 0), 0, 0, 0]]","[[0, 0, 0, 0, 0], [0, 0, (1, 2), 0, 0], [(1, 1), (0, -1), (1, 2), (0, -1), 0], [0, (2, 0), (0, -1), 0, 0], [0, (1, 0), 0, 0, 0]]","[[0, 0, 0, 0, 0], [0, 0, (1, 2), 0, 0], [(1, 1), (0, -1), (1, 2), (0, -1), 0], [0, (2, 0), (0, -1), 0, 0], [0, (1, 0), 0, (2, 0), 0]]","[[0, 0, (1, 2), 0, 0], [0, 0, (1, 2), 0, 0], [(1, 1), (0, -1), (1, 2), (0, -1), 0], [0, (2, 0), (0, -1), 0, 0], [0, (1, 0), 0, (2, 0), 0]]","[[0, 0, (1, 2), 0, 0], [0, 0, (1, 2), 0, 0], [(1, 1), (0, -1), (1, 2), (0, -1), 0], [0, (2, 0), (0, -1), 0, (2, 1)], [0, (1, 0), 0, (2, 0), 0]]","[[0, 0, 0, 0, 0], [0, 0, (1, 2), 0, 0], [(1, 1), (0, -1), (1, 2), (0, -1), 0], [0, (2, 0), (0, -1), 0, (2, 1)], [0, (1, 0), 0, (2, 0), 0]]",,,,,,,,,,,,,,,,,,,,,,,,,,,,,,,,,,,,,,,,,,,,,,,,,,,,,,,,,,,,,,,,,,,,,,,,,,,,,,,,,,,,,,,,,,,,,,,,,,,,,,,,,,,,,,,,,,,,,,,,,,,,,,,,,,,,,,,,,,,,,,,,,,,,,,,,,,,,,,,,,,,,,,,,,,,,,,,,,,,,,,,,,,,,,,,,,,,,,,,,,,,,,,,,,,,,,,,,,,,,,,,,,,,,,,,,,,,,,,,,,,,,,,,,,,,,,,,,,,,,,,,,,,,,,,,,,,,,,,,,,,,,,,,,,,,,,,,,,,,,,,,,,,,,,,,,,,,,,,,,,,,,,,,,,,,,,,,,,,,,,,,,,,,,,,,,,,,,,,,,,,,,,,,,,,,,,,,,,,,,,,,,,,,,,,,,,,,,,,,,,,,,,,,,,,,,,,,,,,,,,,,,,,,,,,,,,,,,,,,,,,,,,,,,,,,,,,,,,,,,,,,,,,,,,,,,,,,,,,,,,,,,,,,,,,,,,,,,,,,,,,,,,,,,,,,,,,,,,,,,,,,,,,,,,,,,,,,,,,,,,,,,,,,,,,,,,,,,,,,,,,,,,,,,,,,,,,,,,,,,,,,,,,,,,,,,,,,,,,,,,,,,,,,,,,,,,,,,,,,,,,,,,,,,,,,,,,,,,,,,,,,,,,,,,,,,,,,,,,,,,,,,,,,,,,,,,,,,,,,,,,,,,,,,,,,,,,,,,,,,,,,,,,,,,,,,,,,,,,,,,,,,,,,,,,,,,,,,,,,,,,,,,,,,,,,,,,,,,,,,,,,,,,,,,,,,,,,,,,,,,,,,,,,,,,,,,,,,,,,,,,,,,,,,,,,,,,,,,,,,,,,,,,,,,,,,,,,,,,,,,,,,,,,,,,,,,,,,,,,,,,,,,,,,,,,,,,,,,,,,,,,,,,,,,,,,,,,,,,,,,,,,,,,,,,,,,,,,,,,,,,,,,,,,,,,,,,,,,,,,,,,,,,,,,
99,state,ia,ia,1,"(1, ('e', 0, 2, 2))","(2, ('e', 3, 4, 1))","(1, ('e', 0, 2, 2))","(2, ('e', 0, 4, 0))","(1, ('e', 0, 2, 2))","(2, ('a', 3, 4))","(1, ('e', 0, 2, 2))","(2, ('e', 3, 4, 1))","(1, ('e', 1, 4, 0))","(2, ('a', 3, 4))","(1, ('a', 0, 2))","(2, ('e', 3, 4, 1))","(1, ('e', 4, 4, 0))","(2, ('a', 3, 4))","(1, ('m', 4, 4, 3))","(2, ('e', 3, 4, 1))","(1, ('m', 1, 2, 3))","(2, ('a', 3, 4))","(1, ('m', 2, 2, 0))","(2, ('e', 3, 4, 1))","(1, ('m', 1, 1, 3))","(2, ('a', 3, 4))","(1, ('m', 1, 2, 3))","(2, ('e', 3, 4, 1))","(1, ('m', 3, 2, 2))",,,,,,,,,,,,,,,,,,,,,,,,,,,,,,,,,,,,,,,,,,,,,,,,,,,,,,,,,,,,,,,,,,,,,,,,,,,,,,,,,,,,,,,,,,,,,,,,,,,,,,,,,,,,,,,,,,,,,,,,,,,,,,,,,,,,,,,,,,,,,,,,,,,,,,,,,,,,,,,,,,,,,,,,,,,,,,,,,,,,,,,,,,,,,,,,,,,,,,,,,,,,,,,,,,,,,,,,,,,,,,,,,,,,,,,,,,,,,,,,,,,,,,,,,,,,,,,,,,,,,,,,,,,,,,,,,,,,,,,,,,,,,,,,,,,,,,,,,,,,,,,,,,,,,,,,,,,,,,,,,,,,,,,,,,,,,,,,,,,,,,,,,,,,,,,,,,,,,,,,,,,,,,,,,,,,,,,,,,,,,,,,,,,,,,,,,,,,,,,,,,,,,,,,,,,,,,,,,,,,,,,,,,,,,,,,,,,,,,,,,,,,,,,,,,,,,,,,,,,,,,,,,,,,,,,,,,,,,,,,,,,,,,,,,,,,,,,,,,,,,,,,,,,,,,,,,,,,,,,,,,,,,,,,,,,,,,,,,,,,,,,,,,,,,,,,,,,,,,,,,,,,,,,,,,,,,,,,,,,,,,,,,,,,,,,,,,,,,,,,,,,,,,,,,,,,,,,,,,,,,,,,,,,,,,,,,,,,,,,,,,,,,,,,,,,,,,,,,,,,,,,,,,,,,,,,,,,,,,,,,,,,,,,,,,,,,,,,,,,,,,,,,,,,,,,,,,,,,,,,,,,,,,,,,,,,,,,,,,,,,,,,,,,,,,,,,,,,,,,,,,,,,,,,,,,,,,,,,,,,,,,,,,,,,,,,,,,,,,,,,,,,,,,,,,,,,,,,,,,,,,,,,,,,,,,,,,,,,,,,,,,,,,,,,,,,,,,,,,,,,,,,,,,,,,,,,,,,,,,,,,,,,,,,,,,,,,,,,,,,,,,,,,,,,,,,,,,,,,,,,,,,,,,,,,,,,,,,,,,,,,,,,,,,,,,,,,,,,,,,,,,,,,,,,,,
100,move,ia,ia,1,"[[0, 0, (1, 2), 0, 0], [0, 0, 0, 0, 0], [0, (0, -1), (0, -1), (0, -1), 0], [0, 0, 0, 0, 0], [0, 0, 0, 0, 0]]","[[0, 0, (1, 2), 0, 0], [0, 0, 0, 0, 0], [0, (0, -1), (0, -1), (0, -1), 0], [0, 0, 0, 0, (2, 1)], [0, 0, 0, 0, 0]]","[[0, 0, (1, 2), 0, 0], [0, 0, (1, 2), 0, 0], [0, (0, -1), (0, -1), (0, -1), 0], [0, 0, 0, 0, (2, 1)], [0, 0, 0, 0, 0]]","[[0, 0, (1, 2), 0, (2, 0)], [0, 0, (1, 2), 0, 0], [0, (0, -1), (0, -1), (0, -1), 0], [0, 0, 0, 0, (2, 1)], [0, 0, 0, 0, 0]]","[[0, 0, (1, 2), 0, (2, 0)], [0, 0, (1, 2), 0, 0], [0, (0, -1), (1, 2), (0, -1), 0], [0, 0, (0, -1), 0, (2, 1)], [0, 0, 0, 0, 0]]","[[0, 0, (1, 2), 0, (2, 0)], [0, 0, (1, 2), 0, 0], [0, (0, -1), (1, 2), (0, -1), 0], [0, 0, (0, -1), 0, 0], [0, 0, 0, 0, 0]]","[[0, 0, (1, 2), 0, (2, 0)], [0, 0, (1, 2), 0, 0], [0, (0, -1), (1, 2), (0, -1), 0], [0, 0, (1, 2), 0, 0], [0, 0, (0, -1), 0, 0]]","[[0, 0, (1, 2), 0, (2, 0)], [0, 0, (1, 2), 0, 0], [0, (0, -1), (1, 2), (0, -1), 0], [0, 0, (1, 2), 0, (2, 1)], [0, 0, (0, -1), 0, 0]]","[[0, 0, (1, 2), 0, (2, 0)], [0, 0, (1, 2), 0, (1, 0)], [0, (0, -1), (1, 2), (0, -1), 0], [0, 0, (1, 2), 0, (2, 1)], [0, 0, (0, -1), 0, 0]]","[[0, 0, (1, 2), 0, (2, 0)], [0, 0, (1, 2), 0, (1, 0)], [0, (0, -1), (1, 2), (0, -1), 0], [0, 0, (1, 2), 0, 0], [0, 0, (0, -1), 0, 0]]","[[0, 0, 0, 0, (2, 0)], [0, 0, (1, 2), 0, (1, 0)], [0, (0, -1), (1, 2), (0, -1), 0], [0, 0, (1, 2), 0, 0], [0, 0, (0, -1), 0, 0]]","[[0, 0, 0, 0, (2, 0)], [0, 0, (1, 2), 0, (1, 0)], [0, (0, -1), (1, 2), (0, -1), 0], [0, 0, (1, 2), 0, (2, 1)], [0, 0, (0, -1), 0, 0]]","[[0, 0, 0, 0, (2, 0)], [0, 0, (1, 2), 0, (1, 0)], [0, (0, -1), (1, 2), (0, -1), 0], [0, 0, (1, 2), 0, (2, 1)], [0, 0, (0, -1), 0, (1, 0)]]","[[0, 0, 0, 0, (2, 0)], [0, 0, (1, 2), 0, (1, 0)], [0, (0, -1), (1, 2), (0, -1), 0], [0, 0, (1, 2), 0, 0], [0, 0, (0, -1), 0, (1, 0)]]","[[0, 0, 0, 0, (2, 0)], [0, 0, (1, 2), 0, (1, 0)], [0, (0, -1), (1, 2), (0, -1), 0], [0, 0, (1, 2), 0, 0], [0, 0, (0, -1), (1, 0), 0]]","[[0, 0, 0, 0, (2, 0)], [0, 0, (1, 2), 0, (1, 0)], [0, (0, -1), (1, 2), (0, -1), 0], [0, 0, (1, 2), 0, (2, 1)], [0, 0, (0, -1), (1, 0), 0]]","[[0, 0, 0, 0, (2, 0)], [0, (1, 2), 0, 0, (1, 0)], [0, (0, -1), (1, 2), (0, -1), 0], [0, 0, (1, 2), 0, (2, 1)], [0, 0, (0, -1), (1, 0), 0]]","[[0, 0, 0, 0, (2, 0)], [0, (1, 2), 0, 0, (1, 0)], [0, (0, -1), (1, 2), (0, -1), 0], [0, 0, (1, 2), 0, 0], [0, 0, (0, -1), (1, 0), 0]]","[[0, 0, 0, 0, (2, 0)], [0, (1, 2), (1, 2), 0, (1, 0)], [0, (0, -1), 0, (0, -1), 0], [0, 0, (1, 2), 0, 0], [0, 0, (0, -1), (1, 0), 0]]","[[0, 0, 0, 0, (2, 0)], [0, (1, 2), (1, 2), 0, (1, 0)], [0, (0, -1), 0, (0, -1), 0], [0, 0, (1, 2), 0, (2, 1)], [0, 0, (0, -1), (1, 0), 0]]","[[0, 0, 0, 0, (2, 0)], [(1, 2), 0, (1, 2), 0, (1, 0)], [0, (0, -1), 0, (0, -1), 0], [0, 0, (1, 2), 0, (2, 1)], [0, 0, (0, -1), (1, 0), 0]]","[[0, 0, 0, 0, (2, 0)], [(1, 2), 0, (1, 2), 0, (1, 0)], [0, (0, -1), 0, (0, -1), 0], [0, 0, (1, 2), 0, 0], [0, 0, (0, -1), (1, 0), 0]]","[[0, 0, 0, 0, (2, 0)], [(1, 2), (1, 2), 0, 0, (1, 0)], [0, (0, -1), 0, (0, -1), 0], [0, 0, (1, 2), 0, 0], [0, 0, (0, -1), (1, 0), 0]]","[[0, 0, 0, 0, (2, 0)], [(1, 2), (1, 2), 0, 0, (1, 0)], [0, (0, -1), 0, (0, -1), 0], [0, 0, (1, 2), 0, (2, 1)], [0, 0, (0, -1), (1, 0), 0]]","[[0, 0, 0, 0, (2, 0)], [(1, 2), (1, 2), 0, 0, (1, 0)], [0, (0, -1), 0, (0, -1), 0], [0, 0, 0, 0, (2, 1)], [0, 0, (1, 2), (1, 0), 0]]",,,,,,,,,,,,,,,,,,,,,,,,,,,,,,,,,,,,,,,,,,,,,,,,,,,,,,,,,,,,,,,,,,,,,,,,,,,,,,,,,,,,,,,,,,,,,,,,,,,,,,,,,,,,,,,,,,,,,,,,,,,,,,,,,,,,,,,,,,,,,,,,,,,,,,,,,,,,,,,,,,,,,,,,,,,,,,,,,,,,,,,,,,,,,,,,,,,,,,,,,,,,,,,,,,,,,,,,,,,,,,,,,,,,,,,,,,,,,,,,,,,,,,,,,,,,,,,,,,,,,,,,,,,,,,,,,,,,,,,,,,,,,,,,,,,,,,,,,,,,,,,,,,,,,,,,,,,,,,,,,,,,,,,,,,,,,,,,,,,,,,,,,,,,,,,,,,,,,,,,,,,,,,,,,,,,,,,,,,,,,,,,,,,,,,,,,,,,,,,,,,,,,,,,,,,,,,,,,,,,,,,,,,,,,,,,,,,,,,,,,,,,,,,,,,,,,,,,,,,,,,,,,,,,,,,,,,,,,,,,,,,,,,,,,,,,,,,,,,,,,,,,,,,,,,,,,,,,,,,,,,,,,,,,,,,,,,,,,,,,,,,,,,,,,,,,,,,,,,,,,,,,,,,,,,,,,,,,,,,,,,,,,,,,,,,,,,,,,,,,,,,,,,,,,,,,,,,,,,,,,,,,,,,,,,,,,,,,,,,,,,,,,,,,,,,,,,,,,,,,,,,,,,,,,,,,,,,,,,,,,,,,,,,,,,,,,,,,,,,,,,,,,,,,,,,,,,,,,,,,,,,,,,,,,,,,,,,,,,,,,,,,,,,,,,,,,,,,,,,,,,,,,,,,,,,,,,,,,,,,,,,,,,,,,,,,,,,,,,,,,,,,,,,,,,,,,,,,,,,,,,,,,,,,,,,,,,,,,,,,,,,,,,,,,,,,,,,,,,,,,,,,,,,,,,,,,,,,,,,,,,,,,,,,,,,,,,,,,,,,,,,,,,,,,,,,,,,,,,,,,,,,,,,,,,,,,,,,,,,,,,,,,,,,,,,,,,,,,,,,,,,,,,,,,,,
101,state,ia,ia,1,"(1, ('e', 0, 2, 2))","(2, ('e', 2, 4, 3))","(1, ('e', 0, 2, 2))","(2, ('e', 3, 4, 1))","(1, ('e', 0, 2, 2))","(2, ('a', 3, 4))","(1, ('e', 0, 2, 2))","(2, ('e', 3, 4, 1))","(1, ('e', 0, 2, 2))",,,,,,,,,,,,,,,,,,,,,,,,,,,,,,,,,,,,,,,,,,,,,,,,,,,,,,,,,,,,,,,,,,,,,,,,,,,,,,,,,,,,,,,,,,,,,,,,,,,,,,,,,,,,,,,,,,,,,,,,,,,,,,,,,,,,,,,,,,,,,,,,,,,,,,,,,,,,,,,,,,,,,,,,,,,,,,,,,,,,,,,,,,,,,,,,,,,,,,,,,,,,,,,,,,,,,,,,,,,,,,,,,,,,,,,,,,,,,,,,,,,,,,,,,,,,,,,,,,,,,,,,,,,,,,,,,,,,,,,,,,,,,,,,,,,,,,,,,,,,,,,,,,,,,,,,,,,,,,,,,,,,,,,,,,,,,,,,,,,,,,,,,,,,,,,,,,,,,,,,,,,,,,,,,,,,,,,,,,,,,,,,,,,,,,,,,,,,,,,,,,,,,,,,,,,,,,,,,,,,,,,,,,,,,,,,,,,,,,,,,,,,,,,,,,,,,,,,,,,,,,,,,,,,,,,,,,,,,,,,,,,,,,,,,,,,,,,,,,,,,,,,,,,,,,,,,,,,,,,,,,,,,,,,,,,,,,,,,,,,,,,,,,,,,,,,,,,,,,,,,,,,,,,,,,,,,,,,,,,,,,,,,,,,,,,,,,,,,,,,,,,,,,,,,,,,,,,,,,,,,,,,,,,,,,,,,,,,,,,,,,,,,,,,,,,,,,,,,,,,,,,,,,,,,,,,,,,,,,,,,,,,,,,,,,,,,,,,,,,,,,,,,,,,,,,,,,,,,,,,,,,,,,,,,,,,,,,,,,,,,,,,,,,,,,,,,,,,,,,,,,,,,,,,,,,,,,,,,,,,,,,,,,,,,,,,,,,,,,,,,,,,,,,,,,,,,,,,,,,,,,,,,,,,,,,,,,,,,,,,,,,,,,,,,,,,,,,,,,,,,,,,,,,,,,,,,,,,,,,,,,,,,,,,,,,,,,,,,,,,,,,,,,,,,,,,,,,,,,,,,,,,,,,,,,,,,,,,,,,,,,,,,,,,,,,,,,,,,,,,,,,,,,,,,,,,,,,,,,,,,,,,,,,
102,move,ia,ia,1,"[[0, 0, (1, 2), 0, 0], [0, 0, 0, 0, 0], [0, (0, -1), (0, -1), (0, -1), 0], [0, 0, 0, 0, 0], [0, 0, 0, 0, 0]]","[[0, 0, (1, 2), 0, 0], [0, 0, 0, 0, 0], [0, (0, -1), (0, -1), (0, -1), (2, 3)], [0, 0, 0, 0, 0], [0, 0, 0, 0, 0]]","[[0, 0, (1, 2), 0, 0], [0, 0, (1, 2), 0, 0], [0, (0, -1), (0, -1), (0, -1), (2, 3)], [0, 0, 0, 0, 0], [0, 0, 0, 0, 0]]","[[0, 0, (1, 2), 0, 0], [0, 0, (1, 2), 0, 0], [0, (0, -1), (0, -1), (0, -1), (2, 3)], [0, 0, 0, 0, (2, 1)], [0, 0, 0, 0, 0]]","[[0, 0, (1, 2), 0, 0], [0, 0, (1, 2), 0, 0], [0, (0, -1), (1, 2), (0, -1), (2, 3)], [0, 0, (0, -1), 0, (2, 1)], [0, 0, 0, 0, 0]]","[[0, 0, (1, 2), 0, 0], [0, 0, (1, 2), 0, 0], [0, (0, -1), (1, 2), (0, -1), (2, 3)], [0, 0, (0, -1), 0, 0], [0, 0, 0, 0, 0]]","[[0, 0, (1, 2), 0, 0], [0, 0, (1, 2), 0, 0], [0, (0, -1), (1, 2), (0, -1), (2, 3)], [0, 0, (1, 2), 0, 0], [0, 0, (0, -1), 0, 0]]","[[0, 0, (1, 2), 0, 0], [0, 0, (1, 2), 0, 0], [0, (0, -1), (1, 2), (0, -1), (2, 3)], [0, 0, (1, 2), 0, (2, 1)], [0, 0, (0, -1), 0, 0]]","[[0, 0, (1, 2), 0, 0], [0, 0, (1, 2), 0, 0], [0, (0, -1), (1, 2), (0, -1), (2, 3)], [0, 0, (1, 2), 0, (2, 1)], [0, 0, (1, 2), 0, 0]]",,,,,,,,,,,,,,,,,,,,,,,,,,,,,,,,,,,,,,,,,,,,,,,,,,,,,,,,,,,,,,,,,,,,,,,,,,,,,,,,,,,,,,,,,,,,,,,,,,,,,,,,,,,,,,,,,,,,,,,,,,,,,,,,,,,,,,,,,,,,,,,,,,,,,,,,,,,,,,,,,,,,,,,,,,,,,,,,,,,,,,,,,,,,,,,,,,,,,,,,,,,,,,,,,,,,,,,,,,,,,,,,,,,,,,,,,,,,,,,,,,,,,,,,,,,,,,,,,,,,,,,,,,,,,,,,,,,,,,,,,,,,,,,,,,,,,,,,,,,,,,,,,,,,,,,,,,,,,,,,,,,,,,,,,,,,,,,,,,,,,,,,,,,,,,,,,,,,,,,,,,,,,,,,,,,,,,,,,,,,,,,,,,,,,,,,,,,,,,,,,,,,,,,,,,,,,,,,,,,,,,,,,,,,,,,,,,,,,,,,,,,,,,,,,,,,,,,,,,,,,,,,,,,,,,,,,,,,,,,,,,,,,,,,,,,,,,,,,,,,,,,,,,,,,,,,,,,,,,,,,,,,,,,,,,,,,,,,,,,,,,,,,,,,,,,,,,,,,,,,,,,,,,,,,,,,,,,,,,,,,,,,,,,,,,,,,,,,,,,,,,,,,,,,,,,,,,,,,,,,,,,,,,,,,,,,,,,,,,,,,,,,,,,,,,,,,,,,,,,,,,,,,,,,,,,,,,,,,,,,,,,,,,,,,,,,,,,,,,,,,,,,,,,,,,,,,,,,,,,,,,,,,,,,,,,,,,,,,,,,,,,,,,,,,,,,,,,,,,,,,,,,,,,,,,,,,,,,,,,,,,,,,,,,,,,,,,,,,,,,,,,,,,,,,,,,,,,,,,,,,,,,,,,,,,,,,,,,,,,,,,,,,,,,,,,,,,,,,,,,,,,,,,,,,,,,,,,,,,,,,,,,,,,,,,,,,,,,,,,,,,,,,,,,,,,,,,,,,,,,,,,,,,,,,,,,,,,,,,,,,,,,,,,,,,,,,,,,,,,,,,,,,,,,,,,,,,,,,,,,,,,,,,,
103,state,ia,ia,1,"(1, ('e', 0, 3, 2))","(2, ('e', 3, 4, 1))","(1, ('e', 0, 2, 2))","(2, ('a', 3, 4))","(1, ('e', 0, 2, 2))","(2, ('e', 3, 4, 1))","(1, ('e', 0, 2, 2))","(2, ('e', 2, 0, 1))","(1, ('e', 0, 2, 2))","(2, ('a', 3, 4))","(1, ('a', 0, 2))","(2, ('e', 3, 4, 1))","(1, ('e', 0, 2, 2))","(2, ('a', 3, 4))","(1, ('a', 0, 2))","(2, ('e', 3, 4, 1))","(1, ('e', 0, 2, 2))","(2, ('a', 3, 4))","(1, ('a', 0, 2))","(2, ('e', 3, 0, 3))","(1, ('e', 0, 2, 2))","(2, ('e', 3, 4, 1))","(1, ('a', 0, 2))","(2, ('a', 3, 4))","(1, ('e', 0, 2, 2))","(2, ('e', 3, 4, 1))","(1, ('a', 0, 2))","(2, ('a', 3, 4))","(1, ('e', 0, 2, 2))","(2, ('e', 3, 4, 1))","(1, ('a', 0, 2))","(2, ('a', 3, 4))","(1, ('e', 0, 2, 2))","(2, ('e', 3, 4, 1))","(1, ('a', 0, 2))","(2, ('t', 3, 0, 2))","(1, ('e', 0, 2, 2))","(2, ('a', 3, 4))","(1, ('a', 0, 2))","(2, ('e', 3, 4, 1))","(1, ('e', 2, 4, 3))","(2, ('a', 3, 4))","(1, ('t', 2, 4, 2))","(2, ('e', 3, 4, 1))","(1, ('m', 1, 2, 3))","(2, ('a', 3, 4))","(1, ('m', 2, 2, 0))","(2, ('e', 3, 4, 1))","(1, ('m', 3, 2, 2))",,,,,,,,,,,,,,,,,,,,,,,,,,,,,,,,,,,,,,,,,,,,,,,,,,,,,,,,,,,,,,,,,,,,,,,,,,,,,,,,,,,,,,,,,,,,,,,,,,,,,,,,,,,,,,,,,,,,,,,,,,,,,,,,,,,,,,,,,,,,,,,,,,,,,,,,,,,,,,,,,,,,,,,,,,,,,,,,,,,,,,,,,,,,,,,,,,,,,,,,,,,,,,,,,,,,,,,,,,,,,,,,,,,,,,,,,,,,,,,,,,,,,,,,,,,,,,,,,,,,,,,,,,,,,,,,,,,,,,,,,,,,,,,,,,,,,,,,,,,,,,,,,,,,,,,,,,,,,,,,,,,,,,,,,,,,,,,,,,,,,,,,,,,,,,,,,,,,,,,,,,,,,,,,,,,,,,,,,,,,,,,,,,,,,,,,,,,,,,,,,,,,,,,,,,,,,,,,,,,,,,,,,,,,,,,,,,,,,,,,,,,,,,,,,,,,,,,,,,,,,,,,,,,,,,,,,,,,,,,,,,,,,,,,,,,,,,,,,,,,,,,,,,,,,,,,,,,,,,,,,,,,,,,,,,,,,,,,,,,,,,,,,,,,,,,,,,,,,,,,,,,,,,,,,,,,,,,,,,,,,,,,,,,,,,,,,,,,,,,,,,,,,,,,,,,,,,,,,,,,,,,,,,,,,,,,,,,,,,,,,,,,,,,,,,,,,,,,,,,,,,,,,,,,,,,,,,,,,,,,,,,,,,,,,,,,,,,,,,,,,,,,,,,,,,,,,,,,,,,,,,,,,,,,,,,,,,,,,,,,,,,,,,,,,,,,,,,,,,,,,,,,,,,,,,,,,,,,,,,,,,,,,,,,,,,,,,,,,,,,,,,,,,,,,,,,,,,,,,,,,,,,,,,,,,,,,,,,,,,,,,,,,,,,,,,,,,,,,,,,,,,,,,,,,,,,,,,,,,,,,,,,,,,,,,,,,,,,,,,,,,,,,,,,,,,,,,,,,,,,,,,,,,,,,,,,,,,,,,,,,,,,,,,
104,move,ia,ia,1,"[[0, 0, 0, (1, 2), 0], [0, 0, 0, 0, 0], [0, (0, -1), (0, -1), (0, -1), 0], [0, 0, 0, 0, 0], [0, 0, 0, 0, 0]]","[[0, 0, 0, (1, 2), 0], [0, 0, 0, 0, 0], [0, (0, -1), (0, -1), (0, -1), 0], [0, 0, 0, 0, (2, 1)], [0, 0, 0, 0, 0]]","[[0, 0, (1, 2), (1, 2), 0], [0, 0, 0, 0, 0], [0, (0, -1), (0, -1), (0, -1), 0], [0, 0, 0, 0, (2, 1)], [0, 0, 0, 0, 0]]","[[0, 0, (1, 2), (1, 2), 0], [0, 0, 0, 0, 0], [0, (0, -1), (0, -1), (0, -1), 0], [0, 0, 0, 0, 0], [0, 0, 0, 0, 0]]","[[0, 0, (1, 2), (1, 2), 0], [0, 0, (1, 2), 0, 0], [0, (0, -1), (0, -1), (0, -1), 0], [0, 0, 0, 0, 0], [0, 0, 0, 0, 0]]","[[0, 0, (1, 2), (1, 2), 0], [0, 0, (1, 2), 0, 0], [0, (0, -1), (0, -1), (0, -1), 0], [0, 0, 0, 0, (2, 1)], [0, 0, 0, 0, 0]]","[[0, 0, (1, 2), (1, 2), 0], [0, 0, (1, 2), 0, 0], [0, (0, -1), (1, 2), (0, -1), 0], [0, 0, (0, -1), 0, (2, 1)], [0, 0, 0, 0, 0]]","[[0, 0, (1, 2), (1, 2), 0], [0, 0, (1, 2), 0, 0], [(2, 1), (0, -1), (1, 2), (0, -1), 0], [0, 0, (0, -1), 0, (2, 1)], [0, 0, 0, 0, 0]]","[[0, 0, (1, 2), (1, 2), 0], [0, 0, (1, 2), 0, 0], [(2, 1), (0, -1), (1, 2), (0, -1), 0], [0, 0, (1, 2), 0, (2, 1)], [0, 0, (0, -1), 0, 0]]","[[0, 0, (1, 2), (1, 2), 0], [0, 0, (1, 2), 0, 0], [(2, 1), (0, -1), (1, 2), (0, -1), 0], [0, 0, (1, 2), 0, 0], [0, 0, (0, -1), 0, 0]]","[[0, 0, 0, (1, 2), 0], [0, 0, (1, 2), 0, 0], [(2, 1), (0, -1), (1, 2), (0, -1), 0], [0, 0, (1, 2), 0, 0], [0, 0, (0, -1), 0, 0]]","[[0, 0, 0, (1, 2), 0], [0, 0, (1, 2), 0, 0], [(2, 1), (0, -1), (1, 2), (0, -1), 0], [0, 0, (1, 2), 0, (2, 1)], [0, 0, (0, -1), 0, 0]]","[[0, 0, (1, 2), (1, 2), 0], [0, 0, (1, 2), 0, 0], [(2, 1), (0, -1), (1, 2), (0, -1), 0], [0, 0, (1, 2), 0, (2, 1)], [0, 0, (0, -1), 0, 0]]","[[0, 0, (1, 2), (1, 2), 0], [0, 0, (1, 2), 0, 0], [(2, 1), (0, -1), (1, 2), (0, -1), 0], [0, 0, (1, 2), 0, 0], [0, 0, (0, -1), 0, 0]]","[[0, 0, 0, (1, 2), 0], [0, 0, (1, 2), 0, 0], [(2, 1), (0, -1), (1, 2), (0, -1), 0], [0, 0, (1, 2), 0, 0], [0, 0, (0, -1), 0, 0]]","[[0, 0, 0, (1, 2), 0], [0, 0, (1, 2), 0, 0], [(2, 1), (0, -1), (1, 2), (0, -1), 0], [0, 0, (1, 2), 0, (2, 1)], [0, 0, (0, -1), 0, 0]]","[[0, 0, (1, 2), (1, 2), 0], [0, 0, (1, 2), 0, 0], [(2, 1), (0, -1), (1, 2), (0, -1), 0], [0, 0, (1, 2), 0, (2, 1)], [0, 0, (0, -1), 0, 0]]","[[0, 0, (1, 2), (1, 2), 0], [0, 0, (1, 2), 0, 0], [(2, 1), (0, -1), (1, 2), (0, -1), 0], [0, 0, (1, 2), 0, 0], [0, 0, (0, -1), 0, 0]]","[[0, 0, 0, (1, 2), 0], [0, 0, (1, 2), 0, 0], [(2, 1), (0, -1), (1, 2), (0, -1), 0], [0, 0, (1, 2), 0, 0], [0, 0, (0, -1), 0, 0]]","[[0, 0, 0, (1, 2), 0], [0, 0, (1, 2), 0, 0], [(2, 1), (0, -1), (1, 2), (0, -1), 0], [(2, 3), 0, (1, 2), 0, 0], [0, 0, (0, -1), 0, 0]]","[[0, 0, (1, 2), (1, 2), 0], [0, 0, (1, 2), 0, 0], [(2, 1), (0, -1), (1, 2), (0, -1), 0], [(2, 3), 0, (1, 2), 0, 0], [0, 0, (0, -1), 0, 0]]","[[0, 0, (1, 2), (1, 2), 0], [0, 0, (1, 2), 0, 0], [(2, 1), (0, -1), (1, 2), (0, -1), 0], [(2, 3), 0, (1, 2), 0, (2, 1)], [0, 0, (0, -1), 0, 0]]","[[0, 0, 0, (1, 2), 0], [0, 0, (1, 2), 0, 0], [(2, 1), (0, -1), (1, 2), (0, -1), 0], [(2, 3), 0, (1, 2), 0, (2, 1)], [0, 0, (0, -1), 0, 0]]","[[0, 0, 0, (1, 2), 0], [0, 0, (1, 2), 0, 0], [(2, 1), (0, -1), (1, 2), (0, -1), 0], [(2, 3), 0, (1, 2), 0, 0], [0, 0, (0, -1), 0, 0]]","[[0, 0, (1, 2), (1, 2), 0], [0, 0, (1, 2), 0, 0], [(2, 1), (0, -1), (1, 2), (0, -1), 0], [(2, 3), 0, (1, 2), 0, 0], [0, 0, (0, -1), 0, 0]]","[[0, 0, (1, 2), (1, 2), 0], [0, 0, (1, 2), 0, 0], [(2, 1), (0, -1), (1, 2), (0, -1), 0], [(2, 3), 0, (1, 2), 0, (2, 1)], [0, 0, (0, -1), 0, 0]]","[[0, 0, 0, (1, 2), 0], [0, 0, (1, 2), 0, 0], [(2, 1), (0, -1), (1, 2), (0, -1), 0], [(2, 3), 0, (1, 2), 0, (2, 1)], [0, 0, (0, -1), 0, 0]]","[[0, 0, 0, (1, 2), 0], [0, 0, (1, 2), 0, 0], [(2, 1), (0, -1), (1, 2), (0, -1), 0], [(2, 3), 0, (1, 2), 0, 0], [0, 0, (0, -1), 0, 0]]","[[0, 0, (1, 2), (1, 2), 0], [0, 0, (1, 2), 0, 0], [(2, 1), (0, -1), (1, 2), (0, -1), 0], [(2, 3), 0, (1, 2), 0, 0], [0, 0, (0, -1), 0, 0]]","[[0, 0, (1, 2), (1, 2), 0], [0, 0, (1, 2), 0, 0], [(2, 1), (0, -1), (1, 2), (0, -1), 0], [(2, 3), 0, (1, 2), 0, (2, 1)], [0, 0, (0, -1), 0, 0]]","[[0, 0, 0, (1, 2), 0], [0, 0, (1, 2), 0, 0], [(2, 1), (0, -1), (1, 2), (0, -1), 0], [(2, 3), 0, (1, 2), 0, (2, 1)], [0, 0, (0, -1), 0, 0]]","[[0, 0, 0, (1, 2), 0], [0, 0, (1, 2), 0, 0], [(2, 1), (0, -1), (1, 2), (0, -1), 0], [(2, 3), 0, (1, 2), 0, 0], [0, 0, (0, -1), 0, 0]]","[[0, 0, (1, 2), (1, 2), 0], [0, 0, (1, 2), 0, 0], [(2, 1), (0, -1), (1, 2), (0, -1), 0], [(2, 3), 0, (1, 2), 0, 0], [0, 0, (0, -1), 0, 0]]","[[0, 0, (1, 2), (1, 2), 0], [0, 0, (1, 2), 0, 0], [(2, 1), (0, -1), (1, 2), (0, -1), 0], [(2, 3), 0, (1, 2), 0, (2, 1)], [0, 0, (0, -1), 0, 0]]","[[0, 0, 0, (1, 2), 0], [0, 0, (1, 2), 0, 0], [(2, 1), (0, -1), (1, 2), (0, -1), 0], [(2, 3), 0, (1, 2), 0, (2, 1)], [0, 0, (0, -1), 0, 0]]","[[0, 0, 0, (1, 2), 0], [0, 0, (1, 2), 0, 0], [(2, 1), (0, -1), (1, 2), (0, -1), 0], [(2, 2), 0, (1, 2), 0, (2, 1)], [0, 0, (0, -1), 0, 0]]","[[0, 0, (1, 2), (1, 2), 0], [0, 0, (1, 2), 0, 0], [(2, 1), (0, -1), (1, 2), (0, -1), 0], [(2, 2), 0, (1, 2), 0, (2, 1)], [0, 0, (0, -1), 0, 0]]","[[0, 0, (1, 2), (1, 2), 0], [0, 0, (1, 2), 0, 0], [(2, 1), (0, -1), (1, 2), (0, -1), 0], [(2, 2), 0, (1, 2), 0, 0], [0, 0, (0, -1), 0, 0]]","[[0, 0, 0, (1, 2), 0], [0, 0, (1, 2), 0, 0], [(2, 1), (0, -1), (1, 2), (0, -1), 0], [(2, 2), 0, (1, 2), 0, 0], [0, 0, (0, -1), 0, 0]]","[[0, 0, 0, (1, 2), 0], [0, 0, (1, 2), 0, 0], [(2, 1), (0, -1), (1, 2), (0, -1), 0], [(2, 2), 0, (1, 2), 0, (2, 1)], [0, 0, (0, -1), 0, 0]]","[[0, 0, 0, (1, 2), 0], [0, 0, (1, 2), 0, 0], [(2, 1), (0, -1), (1, 2), (0, -1), (1, 3)], [(2, 2), 0, (1, 2), 0, (2, 1)], [0, 0, (0, -1), 0, 0]]","[[0, 0, 0, (1, 2), 0], [0, 0, (1, 2), 0, 0], [(2, 1), (0, -1), (1, 2), (0, -1), (1, 3)], [(2, 2), 0, (1, 2), 0, 0], [0, 0, (0, -1), 0, 0]]","[[0, 0, 0, (1, 2), 0], [0, 0, (1, 2), 0, 0], [(2, 1), (0, -1), (1, 2), (0, -1), (1, 2)], [(2, 2), 0, (1, 2), 0, 0], [0, 0, (0, -1), 0, 0]]","[[0, 0, 0, (1, 2), 0], [0, 0, (1, 2), 0, 0], [(2, 1), (0, -1), (1, 2), (0, -1), (1, 2)], [(2, 2), 0, (1, 2), 0, (2, 1)], [0, 0, (0, -1), 0, 0]]","[[0, 0, 0, (1, 2), 0], [0, (1, 2), 0, 0, 0], [(2, 1), (0, -1), (1, 2), (0, -1), (1, 2)], [(2, 2), 0, (1, 2), 0, (2, 1)], [0, 0, (0, -1), 0, 0]]","[[0, 0, 0, (1, 2), 0], [0, (1, 2), 0, 0, 0], [(2, 1), (0, -1), (1, 2), (0, -1), (1, 2)], [(2, 2), 0, (1, 2), 0, 0], [0, 0, (0, -1), 0, 0]]","[[0, 0, 0, (1, 2), 0], [0, (1, 2), (1, 2), 0, 0], [(2, 1), (0, -1), 0, (0, -1), (1, 2)], [(2, 2), 0, (1, 2), 0, 0], [0, 0, (0, -1), 0, 0]]","[[0, 0, 0, (1, 2), 0], [0, (1, 2), (1, 2), 0, 0], [(2, 1), (0, -1), 0, (0, -1), (1, 2)], [(2, 2), 0, (1, 2), 0, (2, 1)], [0, 0, (0, -1), 0, 0]]","[[0, 0, 0, (1, 2), 0], [0, (1, 2), (1, 2), 0, 0], [(2, 1), (0, -1), 0, (0, -1), (1, 2)], [(2, 2), 0, 0, 0, (2, 1)], [0, 0, (1, 2), 0, 0]]",,,,,,,,,,,,,,,,,,,,,,,,,,,,,,,,,,,,,,,,,,,,,,,,,,,,,,,,,,,,,,,,,,,,,,,,,,,,,,,,,,,,,,,,,,,,,,,,,,,,,,,,,,,,,,,,,,,,,,,,,,,,,,,,,,,,,,,,,,,,,,,,,,,,,,,,,,,,,,,,,,,,,,,,,,,,,,,,,,,,,,,,,,,,,,,,,,,,,,,,,,,,,,,,,,,,,,,,,,,,,,,,,,,,,,,,,,,,,,,,,,,,,,,,,,,,,,,,,,,,,,,,,,,,,,,,,,,,,,,,,,,,,,,,,,,,,,,,,,,,,,,,,,,,,,,,,,,,,,,,,,,,,,,,,,,,,,,,,,,,,,,,,,,,,,,,,,,,,,,,,,,,,,,,,,,,,,,,,,,,,,,,,,,,,,,,,,,,,,,,,,,,,,,,,,,,,,,,,,,,,,,,,,,,,,,,,,,,,,,,,,,,,,,,,,,,,,,,,,,,,,,,,,,,,,,,,,,,,,,,,,,,,,,,,,,,,,,,,,,,,,,,,,,,,,,,,,,,,,,,,,,,,,,,,,,,,,,,,,,,,,,,,,,,,,,,,,,,,,,,,,,,,,,,,,,,,,,,,,,,,,,,,,,,,,,,,,,,,,,,,,,,,,,,,,,,,,,,,,,,,,,,,,,,,,,,,,,,,,,,,,,,,,,,,,,,,,,,,,,,,,,,,,,,,,,,,,,,,,,,,,,,,,,,,,,,,,,,,,,,,,,,,,,,,,,,,,,,,,,,,,,,,,,,,,,,,,,,,,,,,,,,,,,,,,,,,,,,,,,,,,,,,,,,,,,,,,,,,,,,,,,,,,,,,,,,,,,,,,,,,,,,,,,,,,,,,,,,,,,,,,,,,,,,,,,,,,,,,,,,,,,,,,,,,,,,,,,,,,,,,,,,,,,,,,,,,,,,,,,,,,,,,,,,,,,,,,,,,,,,,,,,,,,,,,,,,,,,,,,,,,,,,,,,,,,,,,,,,,,,,,,,,,,
105,state,ia,ia,1,"(1, ('e', 0, 2, 2))","(2, ('e', 3, 4, 1))","(1, ('e', 0, 4, 0))","(2, ('a', 3, 4))","(1, ('e', 0, 2, 2))","(2, ('e', 3, 4, 1))","(1, ('e', 0, 2, 2))","(2, ('a', 3, 4))","(1, ('e', 0, 2, 2))","(2, ('e', 3, 4, 1))","(1, ('a', 0, 2))","(2, ('a', 3, 4))","(1, ('e', 0, 2, 2))","(2, ('e', 3, 4, 1))","(1, ('a', 0, 2))","(2, ('a', 3, 4))","(1, ('e', 0, 2, 2))","(2, ('e', 1, 4, 1))","(1, ('a', 0, 2))","(2, ('e', 4, 4, 1))","(1, ('e', 0, 2, 2))","(2, ('e', 3, 4, 1))","(1, ('m', 0, 2, 3))","(2, ('a', 3, 4))","(1, ('m', 1, 2, 3))","(2, ('e', 3, 4, 1))","(1, ('m', 2, 2, 0))","(2, ('a', 3, 4))","(1, ('m', 3, 2, 2))",,,,,,,,,,,,,,,,,,,,,,,,,,,,,,,,,,,,,,,,,,,,,,,,,,,,,,,,,,,,,,,,,,,,,,,,,,,,,,,,,,,,,,,,,,,,,,,,,,,,,,,,,,,,,,,,,,,,,,,,,,,,,,,,,,,,,,,,,,,,,,,,,,,,,,,,,,,,,,,,,,,,,,,,,,,,,,,,,,,,,,,,,,,,,,,,,,,,,,,,,,,,,,,,,,,,,,,,,,,,,,,,,,,,,,,,,,,,,,,,,,,,,,,,,,,,,,,,,,,,,,,,,,,,,,,,,,,,,,,,,,,,,,,,,,,,,,,,,,,,,,,,,,,,,,,,,,,,,,,,,,,,,,,,,,,,,,,,,,,,,,,,,,,,,,,,,,,,,,,,,,,,,,,,,,,,,,,,,,,,,,,,,,,,,,,,,,,,,,,,,,,,,,,,,,,,,,,,,,,,,,,,,,,,,,,,,,,,,,,,,,,,,,,,,,,,,,,,,,,,,,,,,,,,,,,,,,,,,,,,,,,,,,,,,,,,,,,,,,,,,,,,,,,,,,,,,,,,,,,,,,,,,,,,,,,,,,,,,,,,,,,,,,,,,,,,,,,,,,,,,,,,,,,,,,,,,,,,,,,,,,,,,,,,,,,,,,,,,,,,,,,,,,,,,,,,,,,,,,,,,,,,,,,,,,,,,,,,,,,,,,,,,,,,,,,,,,,,,,,,,,,,,,,,,,,,,,,,,,,,,,,,,,,,,,,,,,,,,,,,,,,,,,,,,,,,,,,,,,,,,,,,,,,,,,,,,,,,,,,,,,,,,,,,,,,,,,,,,,,,,,,,,,,,,,,,,,,,,,,,,,,,,,,,,,,,,,,,,,,,,,,,,,,,,,,,,,,,,,,,,,,,,,,,,,,,,,,,,,,,,,,,,,,,,,,,,,,,,,,,,,,,,,,,,,,,,,,,,,,,,,,,,,,,,,,,,,,,,,,,,,,,,,,,,,,,,,,,,,,,,,,,,,,,,,,,,,,,,,,,,,,,,,,,,,,,,,,,,,,,,,,,,,,
106,move,ia,ia,1,"[[0, 0, (1, 2), 0, 0], [0, 0, 0, 0, 0], [0, (0, -1), (0, -1), (0, -1), 0], [0, 0, 0, 0, 0], [0, 0, 0, 0, 0]]","[[0, 0, (1, 2), 0, 0], [0, 0, 0, 0, 0], [0, (0, -1), (0, -1), (0, -1), 0], [0, 0, 0, 0, (2, 1)], [0, 0, 0, 0, 0]]","[[0, 0, (1, 2), 0, (1, 0)], [0, 0, 0, 0, 0], [0, (0, -1), (0, -1), (0, -1), 0], [0, 0, 0, 0, (2, 1)], [0, 0, 0, 0, 0]]","[[0, 0, (1, 2), 0, (1, 0)], [0, 0, 0, 0, 0], [0, (0, -1), (0, -1), (0, -1), 0], [0, 0, 0, 0, 0], [0, 0, 0, 0, 0]]","[[0, 0, (1, 2), 0, (1, 0)], [0, 0, (1, 2), 0, 0], [0, (0, -1), (0, -1), (0, -1), 0], [0, 0, 0, 0, 0], [0, 0, 0, 0, 0]]","[[0, 0, (1, 2), 0, (1, 0)], [0, 0, (1, 2), 0, 0], [0, (0, -1), (0, -1), (0, -1), 0], [0, 0, 0, 0, (2, 1)], [0, 0, 0, 0, 0]]","[[0, 0, (1, 2), 0, (1, 0)], [0, 0, (1, 2), 0, 0], [0, (0, -1), (1, 2), (0, -1), 0], [0, 0, (0, -1), 0, (2, 1)], [0, 0, 0, 0, 0]]","[[0, 0, (1, 2), 0, (1, 0)], [0, 0, (1, 2), 0, 0], [0, (0, -1), (1, 2), (0, -1), 0], [0, 0, (0, -1), 0, 0], [0, 0, 0, 0, 0]]","[[0, 0, (1, 2), 0, (1, 0)], [0, 0, (1, 2), 0, 0], [0, (0, -1), (1, 2), (0, -1), 0], [0, 0, (1, 2), 0, 0], [0, 0, (0, -1), 0, 0]]","[[0, 0, (1, 2), 0, (1, 0)], [0, 0, (1, 2), 0, 0], [0, (0, -1), (1, 2), (0, -1), 0], [0, 0, (1, 2), 0, (2, 1)], [0, 0, (0, -1), 0, 0]]","[[0, 0, 0, 0, (1, 0)], [0, 0, (1, 2), 0, 0], [0, (0, -1), (1, 2), (0, -1), 0], [0, 0, (1, 2), 0, (2, 1)], [0, 0, (0, -1), 0, 0]]","[[0, 0, 0, 0, (1, 0)], [0, 0, (1, 2), 0, 0], [0, (0, -1), (1, 2), (0, -1), 0], [0, 0, (1, 2), 0, 0], [0, 0, (0, -1), 0, 0]]","[[0, 0, (1, 2), 0, (1, 0)], [0, 0, (1, 2), 0, 0], [0, (0, -1), (1, 2), (0, -1), 0], [0, 0, (1, 2), 0, 0], [0, 0, (0, -1), 0, 0]]","[[0, 0, (1, 2), 0, (1, 0)], [0, 0, (1, 2), 0, 0], [0, (0, -1), (1, 2), (0, -1), 0], [0, 0, (1, 2), 0, (2, 1)], [0, 0, (0, -1), 0, 0]]","[[0, 0, 0, 0, (1, 0)], [0, 0, (1, 2), 0, 0], [0, (0, -1), (1, 2), (0, -1), 0], [0, 0, (1, 2), 0, (2, 1)], [0, 0, (0, -1), 0, 0]]","[[0, 0, 0, 0, (1, 0)], [0, 0, (1, 2), 0, 0], [0, (0, -1), (1, 2), (0, -1), 0], [0, 0, (1, 2), 0, 0], [0, 0, (0, -1), 0, 0]]","[[0, 0, (1, 2), 0, (1, 0)], [0, 0, (1, 2), 0, 0], [0, (0, -1), (1, 2), (0, -1), 0], [0, 0, (1, 2), 0, 0], [0, 0, (0, -1), 0, 0]]","[[0, 0, (1, 2), 0, (1, 0)], [0, 0, (1, 2), 0, (2, 1)], [0, (0, -1), (1, 2), (0, -1), 0], [0, 0, (1, 2), 0, 0], [0, 0, (0, -1), 0, 0]]","[[0, 0, 0, 0, (1, 0)], [0, 0, (1, 2), 0, (2, 1)], [0, (0, -1), (1, 2), (0, -1), 0], [0, 0, (1, 2), 0, 0], [0, 0, (0, -1), 0, 0]]","[[0, 0, 0, 0, (1, 0)], [0, 0, (1, 2), 0, (2, 1)], [0, (0, -1), (1, 2), (0, -1), 0], [0, 0, (1, 2), 0, 0], [0, 0, (0, -1), 0, (2, 1)]]","[[0, 0, (1, 2), 0, (1, 0)], [0, 0, (1, 2), 0, (2, 1)], [0, (0, -1), (1, 2), (0, -1), 0], [0, 0, (1, 2), 0, 0], [0, 0, (0, -1), 0, (2, 1)]]","[[0, 0, (1, 2), 0, (1, 0)], [0, 0, (1, 2), 0, (2, 1)], [0, (0, -1), (1, 2), (0, -1), 0], [0, 0, (1, 2), 0, (2, 1)], [0, 0, (0, -1), 0, (2, 1)]]","[[0, (1, 2), 0, 0, (1, 0)], [0, 0, (1, 2), 0, (2, 1)], [0, (0, -1), (1, 2), (0, -1), 0], [0, 0, (1, 2), 0, (2, 1)], [0, 0, (0, -1), 0, (2, 1)]]","[[0, (1, 2), 0, 0, (1, 0)], [0, 0, (1, 2), 0, (2, 1)], [0, (0, -1), (1, 2), (0, -1), 0], [0, 0, (1, 2), 0, 0], [0, 0, (0, -1), 0, (2, 1)]]","[[0, (1, 2), 0, 0, (1, 0)], [0, (1, 2), 0, 0, (2, 1)], [0, (0, -1), (1, 2), (0, -1), 0], [0, 0, (1, 2), 0, 0], [0, 0, (0, -1), 0, (2, 1)]]","[[0, (1, 2), 0, 0, (1, 0)], [0, (1, 2), 0, 0, (2, 1)], [0, (0, -1), (1, 2), (0, -1), 0], [0, 0, (1, 2), 0, (2, 1)], [0, 0, (0, -1), 0, (2, 1)]]","[[0, (1, 2), 0, 0, (1, 0)], [0, (1, 2), (1, 2), 0, (2, 1)], [0, (0, -1), 0, (0, -1), 0], [0, 0, (1, 2), 0, (2, 1)], [0, 0, (0, -1), 0, (2, 1)]]","[[0, (1, 2), 0, 0, (1, 0)], [0, (1, 2), (1, 2), 0, (2, 1)], [0, (0, -1), 0, (0, -1), 0], [0, 0, (1, 2), 0, 0], [0, 0, (0, -1), 0, (2, 1)]]","[[0, (1, 2), 0, 0, (1, 0)], [0, (1, 2), (1, 2), 0, (2, 1)], [0, (0, -1), 0, (0, -1), 0], [0, 0, 0, 0, 0], [0, 0, (1, 2), 0, (2, 1)]]",,,,,,,,,,,,,,,,,,,,,,,,,,,,,,,,,,,,,,,,,,,,,,,,,,,,,,,,,,,,,,,,,,,,,,,,,,,,,,,,,,,,,,,,,,,,,,,,,,,,,,,,,,,,,,,,,,,,,,,,,,,,,,,,,,,,,,,,,,,,,,,,,,,,,,,,,,,,,,,,,,,,,,,,,,,,,,,,,,,,,,,,,,,,,,,,,,,,,,,,,,,,,,,,,,,,,,,,,,,,,,,,,,,,,,,,,,,,,,,,,,,,,,,,,,,,,,,,,,,,,,,,,,,,,,,,,,,,,,,,,,,,,,,,,,,,,,,,,,,,,,,,,,,,,,,,,,,,,,,,,,,,,,,,,,,,,,,,,,,,,,,,,,,,,,,,,,,,,,,,,,,,,,,,,,,,,,,,,,,,,,,,,,,,,,,,,,,,,,,,,,,,,,,,,,,,,,,,,,,,,,,,,,,,,,,,,,,,,,,,,,,,,,,,,,,,,,,,,,,,,,,,,,,,,,,,,,,,,,,,,,,,,,,,,,,,,,,,,,,,,,,,,,,,,,,,,,,,,,,,,,,,,,,,,,,,,,,,,,,,,,,,,,,,,,,,,,,,,,,,,,,,,,,,,,,,,,,,,,,,,,,,,,,,,,,,,,,,,,,,,,,,,,,,,,,,,,,,,,,,,,,,,,,,,,,,,,,,,,,,,,,,,,,,,,,,,,,,,,,,,,,,,,,,,,,,,,,,,,,,,,,,,,,,,,,,,,,,,,,,,,,,,,,,,,,,,,,,,,,,,,,,,,,,,,,,,,,,,,,,,,,,,,,,,,,,,,,,,,,,,,,,,,,,,,,,,,,,,,,,,,,,,,,,,,,,,,,,,,,,,,,,,,,,,,,,,,,,,,,,,,,,,,,,,,,,,,,,,,,,,,,,,,,,,,,,,,,,,,,,,,,,,,,,,,,,,,,,,,,,,,,,,,,,,,,,,,,,,,,,,,,,,,,,,,,,,,,,,,,,,,,,,,,,,,,,,,,,,,,,,,,,,,,,,,,,,,,,,,,,,,,,,,,
107,state,ia,ia,1,"(1, ('e', 0, 2, 2))","(2, ('e', 3, 4, 1))","(1, ('e', 4, 2, 3))","(2, ('a', 3, 4))","(1, ('e', 0, 2, 2))","(2, ('e', 3, 4, 3))","(1, ('e', 0, 2, 2))","(2, ('a', 3, 4))","(1, ('e', 0, 2, 2))","(2, ('e', 3, 4, 1))","(1, ('e', 0, 2, 2))",,,,,,,,,,,,,,,,,,,,,,,,,,,,,,,,,,,,,,,,,,,,,,,,,,,,,,,,,,,,,,,,,,,,,,,,,,,,,,,,,,,,,,,,,,,,,,,,,,,,,,,,,,,,,,,,,,,,,,,,,,,,,,,,,,,,,,,,,,,,,,,,,,,,,,,,,,,,,,,,,,,,,,,,,,,,,,,,,,,,,,,,,,,,,,,,,,,,,,,,,,,,,,,,,,,,,,,,,,,,,,,,,,,,,,,,,,,,,,,,,,,,,,,,,,,,,,,,,,,,,,,,,,,,,,,,,,,,,,,,,,,,,,,,,,,,,,,,,,,,,,,,,,,,,,,,,,,,,,,,,,,,,,,,,,,,,,,,,,,,,,,,,,,,,,,,,,,,,,,,,,,,,,,,,,,,,,,,,,,,,,,,,,,,,,,,,,,,,,,,,,,,,,,,,,,,,,,,,,,,,,,,,,,,,,,,,,,,,,,,,,,,,,,,,,,,,,,,,,,,,,,,,,,,,,,,,,,,,,,,,,,,,,,,,,,,,,,,,,,,,,,,,,,,,,,,,,,,,,,,,,,,,,,,,,,,,,,,,,,,,,,,,,,,,,,,,,,,,,,,,,,,,,,,,,,,,,,,,,,,,,,,,,,,,,,,,,,,,,,,,,,,,,,,,,,,,,,,,,,,,,,,,,,,,,,,,,,,,,,,,,,,,,,,,,,,,,,,,,,,,,,,,,,,,,,,,,,,,,,,,,,,,,,,,,,,,,,,,,,,,,,,,,,,,,,,,,,,,,,,,,,,,,,,,,,,,,,,,,,,,,,,,,,,,,,,,,,,,,,,,,,,,,,,,,,,,,,,,,,,,,,,,,,,,,,,,,,,,,,,,,,,,,,,,,,,,,,,,,,,,,,,,,,,,,,,,,,,,,,,,,,,,,,,,,,,,,,,,,,,,,,,,,,,,,,,,,,,,,,,,,,,,,,,,,,,,,,,,,,,,,,,,,,,,,,,,,,,,,,,,,,,,,,,,,,,,,,,,,,,,,,,,,,,,,,,,,,,,,,,,,,,,,,,,,,,,,,,,,,,,,,,,
108,move,ia,ia,1,"[[0, 0, (1, 2), 0, 0], [0, 0, 0, 0, 0], [0, (0, -1), (0, -1), (0, -1), 0], [0, 0, 0, 0, 0], [0, 0, 0, 0, 0]]","[[0, 0, (1, 2), 0, 0], [0, 0, 0, 0, 0], [0, (0, -1), (0, -1), (0, -1), 0], [0, 0, 0, 0, (2, 1)], [0, 0, 0, 0, 0]]","[[0, 0, (1, 2), 0, 0], [0, 0, 0, 0, 0], [0, (0, -1), (0, -1), (0, -1), 0], [0, 0, 0, 0, (2, 1)], [0, 0, (1, 3), 0, 0]]","[[0, 0, (1, 2), 0, 0], [0, 0, 0, 0, 0], [0, (0, -1), (0, -1), (0, -1), 0], [0, 0, 0, 0, 0], [0, 0, (1, 3), 0, 0]]","[[0, 0, (1, 2), 0, 0], [0, 0, (1, 2), 0, 0], [0, (0, -1), (0, -1), (0, -1), 0], [0, 0, 0, 0, 0], [0, 0, (1, 3), 0, 0]]","[[0, 0, (1, 2), 0, 0], [0, 0, (1, 2), 0, 0], [0, (0, -1), (0, -1), (0, -1), 0], [0, 0, 0, 0, (2, 3)], [0, 0, (1, 3), 0, 0]]","[[0, 0, (1, 2), 0, 0], [0, 0, (1, 2), 0, 0], [0, (0, -1), (1, 2), (0, -1), 0], [0, 0, (0, -1), 0, (2, 3)], [0, 0, (1, 3), 0, 0]]","[[0, 0, (1, 2), 0, 0], [0, 0, (1, 2), 0, 0], [0, (0, -1), (1, 2), (0, -1), 0], [0, 0, (0, -1), 0, 0], [0, 0, (1, 3), 0, 0]]","[[0, 0, (1, 2), 0, 0], [0, 0, (1, 2), 0, 0], [0, (0, -1), (1, 2), (0, -1), 0], [0, 0, (1, 2), 0, 0], [0, 0, (0, -1), 0, 0]]","[[0, 0, (1, 2), 0, 0], [0, 0, (1, 2), 0, 0], [0, (0, -1), (1, 2), (0, -1), 0], [0, 0, (1, 2), 0, (2, 1)], [0, 0, (0, -1), 0, 0]]","[[0, 0, (1, 2), 0, 0], [0, 0, (1, 2), 0, 0], [0, (0, -1), (1, 2), (0, -1), 0], [0, 0, (1, 2), 0, (2, 1)], [0, 0, (1, 2), 0, 0]]",,,,,,,,,,,,,,,,,,,,,,,,,,,,,,,,,,,,,,,,,,,,,,,,,,,,,,,,,,,,,,,,,,,,,,,,,,,,,,,,,,,,,,,,,,,,,,,,,,,,,,,,,,,,,,,,,,,,,,,,,,,,,,,,,,,,,,,,,,,,,,,,,,,,,,,,,,,,,,,,,,,,,,,,,,,,,,,,,,,,,,,,,,,,,,,,,,,,,,,,,,,,,,,,,,,,,,,,,,,,,,,,,,,,,,,,,,,,,,,,,,,,,,,,,,,,,,,,,,,,,,,,,,,,,,,,,,,,,,,,,,,,,,,,,,,,,,,,,,,,,,,,,,,,,,,,,,,,,,,,,,,,,,,,,,,,,,,,,,,,,,,,,,,,,,,,,,,,,,,,,,,,,,,,,,,,,,,,,,,,,,,,,,,,,,,,,,,,,,,,,,,,,,,,,,,,,,,,,,,,,,,,,,,,,,,,,,,,,,,,,,,,,,,,,,,,,,,,,,,,,,,,,,,,,,,,,,,,,,,,,,,,,,,,,,,,,,,,,,,,,,,,,,,,,,,,,,,,,,,,,,,,,,,,,,,,,,,,,,,,,,,,,,,,,,,,,,,,,,,,,,,,,,,,,,,,,,,,,,,,,,,,,,,,,,,,,,,,,,,,,,,,,,,,,,,,,,,,,,,,,,,,,,,,,,,,,,,,,,,,,,,,,,,,,,,,,,,,,,,,,,,,,,,,,,,,,,,,,,,,,,,,,,,,,,,,,,,,,,,,,,,,,,,,,,,,,,,,,,,,,,,,,,,,,,,,,,,,,,,,,,,,,,,,,,,,,,,,,,,,,,,,,,,,,,,,,,,,,,,,,,,,,,,,,,,,,,,,,,,,,,,,,,,,,,,,,,,,,,,,,,,,,,,,,,,,,,,,,,,,,,,,,,,,,,,,,,,,,,,,,,,,,,,,,,,,,,,,,,,,,,,,,,,,,,,,,,,,,,,,,,,,,,,,,,,,,,,,,,,,,,,,,,,,,,,,,,,,,,,,,,,,,,,,,,,,,,,,,,,,,,,,,,,,,,,,,,,,,,,,,,,,,
109,state,ia,ia,1,"(1, ('e', 0, 2, 2))","(2, ('e', 3, 4, 1))","(1, ('e', 0, 2, 2))","(2, ('a', 3, 4))","(1, ('e', 0, 2, 2))","(2, ('e', 3, 4, 1))","(1, ('e', 0, 2, 2))","(2, ('a', 3, 4))","(1, ('e', 0, 2, 2))",,,,,,,,,,,,,,,,,,,,,,,,,,,,,,,,,,,,,,,,,,,,,,,,,,,,,,,,,,,,,,,,,,,,,,,,,,,,,,,,,,,,,,,,,,,,,,,,,,,,,,,,,,,,,,,,,,,,,,,,,,,,,,,,,,,,,,,,,,,,,,,,,,,,,,,,,,,,,,,,,,,,,,,,,,,,,,,,,,,,,,,,,,,,,,,,,,,,,,,,,,,,,,,,,,,,,,,,,,,,,,,,,,,,,,,,,,,,,,,,,,,,,,,,,,,,,,,,,,,,,,,,,,,,,,,,,,,,,,,,,,,,,,,,,,,,,,,,,,,,,,,,,,,,,,,,,,,,,,,,,,,,,,,,,,,,,,,,,,,,,,,,,,,,,,,,,,,,,,,,,,,,,,,,,,,,,,,,,,,,,,,,,,,,,,,,,,,,,,,,,,,,,,,,,,,,,,,,,,,,,,,,,,,,,,,,,,,,,,,,,,,,,,,,,,,,,,,,,,,,,,,,,,,,,,,,,,,,,,,,,,,,,,,,,,,,,,,,,,,,,,,,,,,,,,,,,,,,,,,,,,,,,,,,,,,,,,,,,,,,,,,,,,,,,,,,,,,,,,,,,,,,,,,,,,,,,,,,,,,,,,,,,,,,,,,,,,,,,,,,,,,,,,,,,,,,,,,,,,,,,,,,,,,,,,,,,,,,,,,,,,,,,,,,,,,,,,,,,,,,,,,,,,,,,,,,,,,,,,,,,,,,,,,,,,,,,,,,,,,,,,,,,,,,,,,,,,,,,,,,,,,,,,,,,,,,,,,,,,,,,,,,,,,,,,,,,,,,,,,,,,,,,,,,,,,,,,,,,,,,,,,,,,,,,,,,,,,,,,,,,,,,,,,,,,,,,,,,,,,,,,,,,,,,,,,,,,,,,,,,,,,,,,,,,,,,,,,,,,,,,,,,,,,,,,,,,,,,,,,,,,,,,,,,,,,,,,,,,,,,,,,,,,,,,,,,,,,,,,,,,,,,,,,,,,,,,,,,,,,,,,,,,,,,,,,,,,,,,,,,,,,,,,,,,,,,,,,,,,,,,,,,,,,
110,move,ia,ia,1,"[[0, 0, (1, 2), 0, 0], [0, 0, 0, 0, 0], [0, (0, -1), (0, -1), (0, -1), 0], [0, 0, 0, 0, 0], [0, 0, 0, 0, 0]]","[[0, 0, (1, 2), 0, 0], [0, 0, 0, 0, 0], [0, (0, -1), (0, -1), (0, -1), 0], [0, 0, 0, 0, (2, 1)], [0, 0, 0, 0, 0]]","[[0, 0, (1, 2), 0, 0], [0, 0, (1, 2), 0, 0], [0, (0, -1), (0, -1), (0, -1), 0], [0, 0, 0, 0, (2, 1)], [0, 0, 0, 0, 0]]","[[0, 0, (1, 2), 0, 0], [0, 0, (1, 2), 0, 0], [0, (0, -1), (0, -1), (0, -1), 0], [0, 0, 0, 0, 0], [0, 0, 0, 0, 0]]","[[0, 0, (1, 2), 0, 0], [0, 0, (1, 2), 0, 0], [0, (0, -1), (1, 2), (0, -1), 0], [0, 0, (0, -1), 0, 0], [0, 0, 0, 0, 0]]","[[0, 0, (1, 2), 0, 0], [0, 0, (1, 2), 0, 0], [0, (0, -1), (1, 2), (0, -1), 0], [0, 0, (0, -1), 0, (2, 1)], [0, 0, 0, 0, 0]]","[[0, 0, (1, 2), 0, 0], [0, 0, (1, 2), 0, 0], [0, (0, -1), (1, 2), (0, -1), 0], [0, 0, (1, 2), 0, (2, 1)], [0, 0, (0, -1), 0, 0]]","[[0, 0, (1, 2), 0, 0], [0, 0, (1, 2), 0, 0], [0, (0, -1), (1, 2), (0, -1), 0], [0, 0, (1, 2), 0, 0], [0, 0, (0, -1), 0, 0]]","[[0, 0, (1, 2), 0, 0], [0, 0, (1, 2), 0, 0], [0, (0, -1), (1, 2), (0, -1), 0], [0, 0, (1, 2), 0, 0], [0, 0, (1, 2), 0, 0]]",,,,,,,,,,,,,,,,,,,,,,,,,,,,,,,,,,,,,,,,,,,,,,,,,,,,,,,,,,,,,,,,,,,,,,,,,,,,,,,,,,,,,,,,,,,,,,,,,,,,,,,,,,,,,,,,,,,,,,,,,,,,,,,,,,,,,,,,,,,,,,,,,,,,,,,,,,,,,,,,,,,,,,,,,,,,,,,,,,,,,,,,,,,,,,,,,,,,,,,,,,,,,,,,,,,,,,,,,,,,,,,,,,,,,,,,,,,,,,,,,,,,,,,,,,,,,,,,,,,,,,,,,,,,,,,,,,,,,,,,,,,,,,,,,,,,,,,,,,,,,,,,,,,,,,,,,,,,,,,,,,,,,,,,,,,,,,,,,,,,,,,,,,,,,,,,,,,,,,,,,,,,,,,,,,,,,,,,,,,,,,,,,,,,,,,,,,,,,,,,,,,,,,,,,,,,,,,,,,,,,,,,,,,,,,,,,,,,,,,,,,,,,,,,,,,,,,,,,,,,,,,,,,,,,,,,,,,,,,,,,,,,,,,,,,,,,,,,,,,,,,,,,,,,,,,,,,,,,,,,,,,,,,,,,,,,,,,,,,,,,,,,,,,,,,,,,,,,,,,,,,,,,,,,,,,,,,,,,,,,,,,,,,,,,,,,,,,,,,,,,,,,,,,,,,,,,,,,,,,,,,,,,,,,,,,,,,,,,,,,,,,,,,,,,,,,,,,,,,,,,,,,,,,,,,,,,,,,,,,,,,,,,,,,,,,,,,,,,,,,,,,,,,,,,,,,,,,,,,,,,,,,,,,,,,,,,,,,,,,,,,,,,,,,,,,,,,,,,,,,,,,,,,,,,,,,,,,,,,,,,,,,,,,,,,,,,,,,,,,,,,,,,,,,,,,,,,,,,,,,,,,,,,,,,,,,,,,,,,,,,,,,,,,,,,,,,,,,,,,,,,,,,,,,,,,,,,,,,,,,,,,,,,,,,,,,,,,,,,,,,,,,,,,,,,,,,,,,,,,,,,,,,,,,,,,,,,,,,,,,,,,,,,,,,,,,,,,,,,,,,,,,,,,,,,,,,,,,,,,,,,,,,,,
111,state,ia,ia,1,"(1, ('e', 0, 2, 2))","(2, ('e', 3, 4, 1))","(1, ('e', 0, 2, 2))","(2, ('a', 3, 4))","(1, ('e', 0, 2, 2))","(2, ('e', 3, 4, 1))","(1, ('e', 0, 2, 2))","(2, ('a', 3, 4))","(1, ('e', 0, 2, 2))",,,,,,,,,,,,,,,,,,,,,,,,,,,,,,,,,,,,,,,,,,,,,,,,,,,,,,,,,,,,,,,,,,,,,,,,,,,,,,,,,,,,,,,,,,,,,,,,,,,,,,,,,,,,,,,,,,,,,,,,,,,,,,,,,,,,,,,,,,,,,,,,,,,,,,,,,,,,,,,,,,,,,,,,,,,,,,,,,,,,,,,,,,,,,,,,,,,,,,,,,,,,,,,,,,,,,,,,,,,,,,,,,,,,,,,,,,,,,,,,,,,,,,,,,,,,,,,,,,,,,,,,,,,,,,,,,,,,,,,,,,,,,,,,,,,,,,,,,,,,,,,,,,,,,,,,,,,,,,,,,,,,,,,,,,,,,,,,,,,,,,,,,,,,,,,,,,,,,,,,,,,,,,,,,,,,,,,,,,,,,,,,,,,,,,,,,,,,,,,,,,,,,,,,,,,,,,,,,,,,,,,,,,,,,,,,,,,,,,,,,,,,,,,,,,,,,,,,,,,,,,,,,,,,,,,,,,,,,,,,,,,,,,,,,,,,,,,,,,,,,,,,,,,,,,,,,,,,,,,,,,,,,,,,,,,,,,,,,,,,,,,,,,,,,,,,,,,,,,,,,,,,,,,,,,,,,,,,,,,,,,,,,,,,,,,,,,,,,,,,,,,,,,,,,,,,,,,,,,,,,,,,,,,,,,,,,,,,,,,,,,,,,,,,,,,,,,,,,,,,,,,,,,,,,,,,,,,,,,,,,,,,,,,,,,,,,,,,,,,,,,,,,,,,,,,,,,,,,,,,,,,,,,,,,,,,,,,,,,,,,,,,,,,,,,,,,,,,,,,,,,,,,,,,,,,,,,,,,,,,,,,,,,,,,,,,,,,,,,,,,,,,,,,,,,,,,,,,,,,,,,,,,,,,,,,,,,,,,,,,,,,,,,,,,,,,,,,,,,,,,,,,,,,,,,,,,,,,,,,,,,,,,,,,,,,,,,,,,,,,,,,,,,,,,,,,,,,,,,,,,,,,,,,,,,,,,,,,,,,,,,,,,,,,,,,,,,,,,,,,,,,,,,,,,,,,,,,,,,,,,,,,,,,
112,move,ia,ia,1,"[[0, 0, (1, 2), 0, 0], [0, 0, 0, 0, 0], [0, (0, -1), (0, -1), (0, -1), 0], [0, 0, 0, 0, 0], [0, 0, 0, 0, 0]]","[[0, 0, (1, 2), 0, 0], [0, 0, 0, 0, 0], [0, (0, -1), (0, -1), (0, -1), 0], [0, 0, 0, 0, (2, 1)], [0, 0, 0, 0, 0]]","[[0, 0, (1, 2), 0, 0], [0, 0, (1, 2), 0, 0], [0, (0, -1), (0, -1), (0, -1), 0], [0, 0, 0, 0, (2, 1)], [0, 0, 0, 0, 0]]","[[0, 0, (1, 2), 0, 0], [0, 0, (1, 2), 0, 0], [0, (0, -1), (0, -1), (0, -1), 0], [0, 0, 0, 0, 0], [0, 0, 0, 0, 0]]","[[0, 0, (1, 2), 0, 0], [0, 0, (1, 2), 0, 0], [0, (0, -1), (1, 2), (0, -1), 0], [0, 0, (0, -1), 0, 0], [0, 0, 0, 0, 0]]","[[0, 0, (1, 2), 0, 0], [0, 0, (1, 2), 0, 0], [0, (0, -1), (1, 2), (0, -1), 0], [0, 0, (0, -1), 0, (2, 1)], [0, 0, 0, 0, 0]]","[[0, 0, (1, 2), 0, 0], [0, 0, (1, 2), 0, 0], [0, (0, -1), (1, 2), (0, -1), 0], [0, 0, (1, 2), 0, (2, 1)], [0, 0, (0, -1), 0, 0]]","[[0, 0, (1, 2), 0, 0], [0, 0, (1, 2), 0, 0], [0, (0, -1), (1, 2), (0, -1), 0], [0, 0, (1, 2), 0, 0], [0, 0, (0, -1), 0, 0]]","[[0, 0, (1, 2), 0, 0], [0, 0, (1, 2), 0, 0], [0, (0, -1), (1, 2), (0, -1), 0], [0, 0, (1, 2), 0, 0], [0, 0, (1, 2), 0, 0]]",,,,,,,,,,,,,,,,,,,,,,,,,,,,,,,,,,,,,,,,,,,,,,,,,,,,,,,,,,,,,,,,,,,,,,,,,,,,,,,,,,,,,,,,,,,,,,,,,,,,,,,,,,,,,,,,,,,,,,,,,,,,,,,,,,,,,,,,,,,,,,,,,,,,,,,,,,,,,,,,,,,,,,,,,,,,,,,,,,,,,,,,,,,,,,,,,,,,,,,,,,,,,,,,,,,,,,,,,,,,,,,,,,,,,,,,,,,,,,,,,,,,,,,,,,,,,,,,,,,,,,,,,,,,,,,,,,,,,,,,,,,,,,,,,,,,,,,,,,,,,,,,,,,,,,,,,,,,,,,,,,,,,,,,,,,,,,,,,,,,,,,,,,,,,,,,,,,,,,,,,,,,,,,,,,,,,,,,,,,,,,,,,,,,,,,,,,,,,,,,,,,,,,,,,,,,,,,,,,,,,,,,,,,,,,,,,,,,,,,,,,,,,,,,,,,,,,,,,,,,,,,,,,,,,,,,,,,,,,,,,,,,,,,,,,,,,,,,,,,,,,,,,,,,,,,,,,,,,,,,,,,,,,,,,,,,,,,,,,,,,,,,,,,,,,,,,,,,,,,,,,,,,,,,,,,,,,,,,,,,,,,,,,,,,,,,,,,,,,,,,,,,,,,,,,,,,,,,,,,,,,,,,,,,,,,,,,,,,,,,,,,,,,,,,,,,,,,,,,,,,,,,,,,,,,,,,,,,,,,,,,,,,,,,,,,,,,,,,,,,,,,,,,,,,,,,,,,,,,,,,,,,,,,,,,,,,,,,,,,,,,,,,,,,,,,,,,,,,,,,,,,,,,,,,,,,,,,,,,,,,,,,,,,,,,,,,,,,,,,,,,,,,,,,,,,,,,,,,,,,,,,,,,,,,,,,,,,,,,,,,,,,,,,,,,,,,,,,,,,,,,,,,,,,,,,,,,,,,,,,,,,,,,,,,,,,,,,,,,,,,,,,,,,,,,,,,,,,,,,,,,,,,,,,,,,,,,,,,,,,,,,,,,,,,,,,,,,,,,,,,,,,,,,,,,,,,,,,,,,,,,,,,,,
113,state,ia,ia,1,"(1, ('e', 0, 2, 2))","(2, ('e', 3, 4, 1))","(1, ('e', 0, 2, 2))","(2, ('e', 4, 2, 2))","(1, ('e', 0, 2, 2))","(2, ('a', 3, 4))","(1, ('e', 0, 2, 2))","(2, ('e', 0, 4, 3))","(1, ('e', 0, 2, 2))",,,,,,,,,,,,,,,,,,,,,,,,,,,,,,,,,,,,,,,,,,,,,,,,,,,,,,,,,,,,,,,,,,,,,,,,,,,,,,,,,,,,,,,,,,,,,,,,,,,,,,,,,,,,,,,,,,,,,,,,,,,,,,,,,,,,,,,,,,,,,,,,,,,,,,,,,,,,,,,,,,,,,,,,,,,,,,,,,,,,,,,,,,,,,,,,,,,,,,,,,,,,,,,,,,,,,,,,,,,,,,,,,,,,,,,,,,,,,,,,,,,,,,,,,,,,,,,,,,,,,,,,,,,,,,,,,,,,,,,,,,,,,,,,,,,,,,,,,,,,,,,,,,,,,,,,,,,,,,,,,,,,,,,,,,,,,,,,,,,,,,,,,,,,,,,,,,,,,,,,,,,,,,,,,,,,,,,,,,,,,,,,,,,,,,,,,,,,,,,,,,,,,,,,,,,,,,,,,,,,,,,,,,,,,,,,,,,,,,,,,,,,,,,,,,,,,,,,,,,,,,,,,,,,,,,,,,,,,,,,,,,,,,,,,,,,,,,,,,,,,,,,,,,,,,,,,,,,,,,,,,,,,,,,,,,,,,,,,,,,,,,,,,,,,,,,,,,,,,,,,,,,,,,,,,,,,,,,,,,,,,,,,,,,,,,,,,,,,,,,,,,,,,,,,,,,,,,,,,,,,,,,,,,,,,,,,,,,,,,,,,,,,,,,,,,,,,,,,,,,,,,,,,,,,,,,,,,,,,,,,,,,,,,,,,,,,,,,,,,,,,,,,,,,,,,,,,,,,,,,,,,,,,,,,,,,,,,,,,,,,,,,,,,,,,,,,,,,,,,,,,,,,,,,,,,,,,,,,,,,,,,,,,,,,,,,,,,,,,,,,,,,,,,,,,,,,,,,,,,,,,,,,,,,,,,,,,,,,,,,,,,,,,,,,,,,,,,,,,,,,,,,,,,,,,,,,,,,,,,,,,,,,,,,,,,,,,,,,,,,,,,,,,,,,,,,,,,,,,,,,,,,,,,,,,,,,,,,,,,,,,,,,,,,,,,,,,,,,,,,,,,,,,,,,,,,,,,,,,,,,,,,,,,
114,move,ia,ia,1,"[[0, 0, (1, 2), 0, 0], [0, 0, 0, 0, 0], [0, (0, -1), (0, -1), (0, -1), 0], [0, 0, 0, 0, 0], [0, 0, 0, 0, 0]]","[[0, 0, (1, 2), 0, 0], [0, 0, 0, 0, 0], [0, (0, -1), (0, -1), (0, -1), 0], [0, 0, 0, 0, (2, 1)], [0, 0, 0, 0, 0]]","[[0, 0, (1, 2), 0, 0], [0, 0, (1, 2), 0, 0], [0, (0, -1), (0, -1), (0, -1), 0], [0, 0, 0, 0, (2, 1)], [0, 0, 0, 0, 0]]","[[0, 0, (1, 2), 0, 0], [0, 0, (1, 2), 0, 0], [0, (0, -1), (0, -1), (0, -1), 0], [0, 0, 0, 0, (2, 1)], [0, 0, (2, 2), 0, 0]]","[[0, 0, (1, 2), 0, 0], [0, 0, (1, 2), 0, 0], [0, (0, -1), (1, 2), (0, -1), 0], [0, 0, (0, -1), 0, (2, 1)], [0, 0, (2, 2), 0, 0]]","[[0, 0, (1, 2), 0, 0], [0, 0, (1, 2), 0, 0], [0, (0, -1), (1, 2), (0, -1), 0], [0, 0, (0, -1), 0, 0], [0, 0, (2, 2), 0, 0]]","[[0, 0, (1, 2), 0, 0], [0, 0, (1, 2), 0, 0], [0, (0, -1), (1, 2), (0, -1), 0], [0, 0, (1, 2), 0, 0], [0, 0, (0, -1), 0, 0]]","[[0, 0, (1, 2), 0, (2, 3)], [0, 0, (1, 2), 0, 0], [0, (0, -1), (1, 2), (0, -1), 0], [0, 0, (1, 2), 0, 0], [0, 0, (0, -1), 0, 0]]","[[0, 0, (1, 2), 0, (2, 3)], [0, 0, (1, 2), 0, 0], [0, (0, -1), (1, 2), (0, -1), 0], [0, 0, (1, 2), 0, 0], [0, 0, (1, 2), 0, 0]]",,,,,,,,,,,,,,,,,,,,,,,,,,,,,,,,,,,,,,,,,,,,,,,,,,,,,,,,,,,,,,,,,,,,,,,,,,,,,,,,,,,,,,,,,,,,,,,,,,,,,,,,,,,,,,,,,,,,,,,,,,,,,,,,,,,,,,,,,,,,,,,,,,,,,,,,,,,,,,,,,,,,,,,,,,,,,,,,,,,,,,,,,,,,,,,,,,,,,,,,,,,,,,,,,,,,,,,,,,,,,,,,,,,,,,,,,,,,,,,,,,,,,,,,,,,,,,,,,,,,,,,,,,,,,,,,,,,,,,,,,,,,,,,,,,,,,,,,,,,,,,,,,,,,,,,,,,,,,,,,,,,,,,,,,,,,,,,,,,,,,,,,,,,,,,,,,,,,,,,,,,,,,,,,,,,,,,,,,,,,,,,,,,,,,,,,,,,,,,,,,,,,,,,,,,,,,,,,,,,,,,,,,,,,,,,,,,,,,,,,,,,,,,,,,,,,,,,,,,,,,,,,,,,,,,,,,,,,,,,,,,,,,,,,,,,,,,,,,,,,,,,,,,,,,,,,,,,,,,,,,,,,,,,,,,,,,,,,,,,,,,,,,,,,,,,,,,,,,,,,,,,,,,,,,,,,,,,,,,,,,,,,,,,,,,,,,,,,,,,,,,,,,,,,,,,,,,,,,,,,,,,,,,,,,,,,,,,,,,,,,,,,,,,,,,,,,,,,,,,,,,,,,,,,,,,,,,,,,,,,,,,,,,,,,,,,,,,,,,,,,,,,,,,,,,,,,,,,,,,,,,,,,,,,,,,,,,,,,,,,,,,,,,,,,,,,,,,,,,,,,,,,,,,,,,,,,,,,,,,,,,,,,,,,,,,,,,,,,,,,,,,,,,,,,,,,,,,,,,,,,,,,,,,,,,,,,,,,,,,,,,,,,,,,,,,,,,,,,,,,,,,,,,,,,,,,,,,,,,,,,,,,,,,,,,,,,,,,,,,,,,,,,,,,,,,,,,,,,,,,,,,,,,,,,,,,,,,,,,,,,,,,,,,,,,,,,,,,,,,,,,,,,,,,,,,,,,,,,,,,,,,,,,,
115,state,ia,ia,1,"(1, ('e', 0, 2, 2))","(2, ('e', 3, 4, 1))","(1, ('e', 0, 2, 2))","(2, ('a', 3, 4))","(1, ('e', 0, 2, 2))","(2, ('e', 3, 4, 1))","(1, ('e', 0, 2, 2))","(2, ('a', 3, 4))","(1, ('e', 0, 2, 2))",,,,,,,,,,,,,,,,,,,,,,,,,,,,,,,,,,,,,,,,,,,,,,,,,,,,,,,,,,,,,,,,,,,,,,,,,,,,,,,,,,,,,,,,,,,,,,,,,,,,,,,,,,,,,,,,,,,,,,,,,,,,,,,,,,,,,,,,,,,,,,,,,,,,,,,,,,,,,,,,,,,,,,,,,,,,,,,,,,,,,,,,,,,,,,,,,,,,,,,,,,,,,,,,,,,,,,,,,,,,,,,,,,,,,,,,,,,,,,,,,,,,,,,,,,,,,,,,,,,,,,,,,,,,,,,,,,,,,,,,,,,,,,,,,,,,,,,,,,,,,,,,,,,,,,,,,,,,,,,,,,,,,,,,,,,,,,,,,,,,,,,,,,,,,,,,,,,,,,,,,,,,,,,,,,,,,,,,,,,,,,,,,,,,,,,,,,,,,,,,,,,,,,,,,,,,,,,,,,,,,,,,,,,,,,,,,,,,,,,,,,,,,,,,,,,,,,,,,,,,,,,,,,,,,,,,,,,,,,,,,,,,,,,,,,,,,,,,,,,,,,,,,,,,,,,,,,,,,,,,,,,,,,,,,,,,,,,,,,,,,,,,,,,,,,,,,,,,,,,,,,,,,,,,,,,,,,,,,,,,,,,,,,,,,,,,,,,,,,,,,,,,,,,,,,,,,,,,,,,,,,,,,,,,,,,,,,,,,,,,,,,,,,,,,,,,,,,,,,,,,,,,,,,,,,,,,,,,,,,,,,,,,,,,,,,,,,,,,,,,,,,,,,,,,,,,,,,,,,,,,,,,,,,,,,,,,,,,,,,,,,,,,,,,,,,,,,,,,,,,,,,,,,,,,,,,,,,,,,,,,,,,,,,,,,,,,,,,,,,,,,,,,,,,,,,,,,,,,,,,,,,,,,,,,,,,,,,,,,,,,,,,,,,,,,,,,,,,,,,,,,,,,,,,,,,,,,,,,,,,,,,,,,,,,,,,,,,,,,,,,,,,,,,,,,,,,,,,,,,,,,,,,,,,,,,,,,,,,,,,,,,,,,,,,,,,,,,,,,,,,,,,,,,,,,,,,,,,,,,,,,,,,,,
116,move,ia,ia,1,"[[0, 0, (1, 2), 0, 0], [0, 0, 0, 0, 0], [0, (0, -1), (0, -1), (0, -1), 0], [0, 0, 0, 0, 0], [0, 0, 0, 0, 0]]","[[0, 0, (1, 2), 0, 0], [0, 0, 0, 0, 0], [0, (0, -1), (0, -1), (0, -1), 0], [0, 0, 0, 0, (2, 1)], [0, 0, 0, 0, 0]]","[[0, 0, (1, 2), 0, 0], [0, 0, (1, 2), 0, 0], [0, (0, -1), (0, -1), (0, -1), 0], [0, 0, 0, 0, (2, 1)], [0, 0, 0, 0, 0]]","[[0, 0, (1, 2), 0, 0], [0, 0, (1, 2), 0, 0], [0, (0, -1), (0, -1), (0, -1), 0], [0, 0, 0, 0, 0], [0, 0, 0, 0, 0]]","[[0, 0, (1, 2), 0, 0], [0, 0, (1, 2), 0, 0], [0, (0, -1), (1, 2), (0, -1), 0], [0, 0, (0, -1), 0, 0], [0, 0, 0, 0, 0]]","[[0, 0, (1, 2), 0, 0], [0, 0, (1, 2), 0, 0], [0, (0, -1), (1, 2), (0, -1), 0], [0, 0, (0, -1), 0, (2, 1)], [0, 0, 0, 0, 0]]","[[0, 0, (1, 2), 0, 0], [0, 0, (1, 2), 0, 0], [0, (0, -1), (1, 2), (0, -1), 0], [0, 0, (1, 2), 0, (2, 1)], [0, 0, (0, -1), 0, 0]]","[[0, 0, (1, 2), 0, 0], [0, 0, (1, 2), 0, 0], [0, (0, -1), (1, 2), (0, -1), 0], [0, 0, (1, 2), 0, 0], [0, 0, (0, -1), 0, 0]]","[[0, 0, (1, 2), 0, 0], [0, 0, (1, 2), 0, 0], [0, (0, -1), (1, 2), (0, -1), 0], [0, 0, (1, 2), 0, 0], [0, 0, (1, 2), 0, 0]]",,,,,,,,,,,,,,,,,,,,,,,,,,,,,,,,,,,,,,,,,,,,,,,,,,,,,,,,,,,,,,,,,,,,,,,,,,,,,,,,,,,,,,,,,,,,,,,,,,,,,,,,,,,,,,,,,,,,,,,,,,,,,,,,,,,,,,,,,,,,,,,,,,,,,,,,,,,,,,,,,,,,,,,,,,,,,,,,,,,,,,,,,,,,,,,,,,,,,,,,,,,,,,,,,,,,,,,,,,,,,,,,,,,,,,,,,,,,,,,,,,,,,,,,,,,,,,,,,,,,,,,,,,,,,,,,,,,,,,,,,,,,,,,,,,,,,,,,,,,,,,,,,,,,,,,,,,,,,,,,,,,,,,,,,,,,,,,,,,,,,,,,,,,,,,,,,,,,,,,,,,,,,,,,,,,,,,,,,,,,,,,,,,,,,,,,,,,,,,,,,,,,,,,,,,,,,,,,,,,,,,,,,,,,,,,,,,,,,,,,,,,,,,,,,,,,,,,,,,,,,,,,,,,,,,,,,,,,,,,,,,,,,,,,,,,,,,,,,,,,,,,,,,,,,,,,,,,,,,,,,,,,,,,,,,,,,,,,,,,,,,,,,,,,,,,,,,,,,,,,,,,,,,,,,,,,,,,,,,,,,,,,,,,,,,,,,,,,,,,,,,,,,,,,,,,,,,,,,,,,,,,,,,,,,,,,,,,,,,,,,,,,,,,,,,,,,,,,,,,,,,,,,,,,,,,,,,,,,,,,,,,,,,,,,,,,,,,,,,,,,,,,,,,,,,,,,,,,,,,,,,,,,,,,,,,,,,,,,,,,,,,,,,,,,,,,,,,,,,,,,,,,,,,,,,,,,,,,,,,,,,,,,,,,,,,,,,,,,,,,,,,,,,,,,,,,,,,,,,,,,,,,,,,,,,,,,,,,,,,,,,,,,,,,,,,,,,,,,,,,,,,,,,,,,,,,,,,,,,,,,,,,,,,,,,,,,,,,,,,,,,,,,,,,,,,,,,,,,,,,,,,,,,,,,,,,,,,,,,,,,,,,,,,,,,,,,,,,,,,,,,,,,,,,,,,,,,,,,,,,,,,,,,,
117,state,ia,ia,1,"(1, ('e', 0, 2, 2))","(2, ('e', 3, 4, 1))","(1, ('e', 0, 2, 2))","(2, ('a', 3, 4))","(1, ('e', 0, 2, 2))","(2, ('e', 3, 4, 1))","(1, ('e', 0, 2, 2))","(2, ('a', 3, 4))","(1, ('e', 0, 2, 2))",,,,,,,,,,,,,,,,,,,,,,,,,,,,,,,,,,,,,,,,,,,,,,,,,,,,,,,,,,,,,,,,,,,,,,,,,,,,,,,,,,,,,,,,,,,,,,,,,,,,,,,,,,,,,,,,,,,,,,,,,,,,,,,,,,,,,,,,,,,,,,,,,,,,,,,,,,,,,,,,,,,,,,,,,,,,,,,,,,,,,,,,,,,,,,,,,,,,,,,,,,,,,,,,,,,,,,,,,,,,,,,,,,,,,,,,,,,,,,,,,,,,,,,,,,,,,,,,,,,,,,,,,,,,,,,,,,,,,,,,,,,,,,,,,,,,,,,,,,,,,,,,,,,,,,,,,,,,,,,,,,,,,,,,,,,,,,,,,,,,,,,,,,,,,,,,,,,,,,,,,,,,,,,,,,,,,,,,,,,,,,,,,,,,,,,,,,,,,,,,,,,,,,,,,,,,,,,,,,,,,,,,,,,,,,,,,,,,,,,,,,,,,,,,,,,,,,,,,,,,,,,,,,,,,,,,,,,,,,,,,,,,,,,,,,,,,,,,,,,,,,,,,,,,,,,,,,,,,,,,,,,,,,,,,,,,,,,,,,,,,,,,,,,,,,,,,,,,,,,,,,,,,,,,,,,,,,,,,,,,,,,,,,,,,,,,,,,,,,,,,,,,,,,,,,,,,,,,,,,,,,,,,,,,,,,,,,,,,,,,,,,,,,,,,,,,,,,,,,,,,,,,,,,,,,,,,,,,,,,,,,,,,,,,,,,,,,,,,,,,,,,,,,,,,,,,,,,,,,,,,,,,,,,,,,,,,,,,,,,,,,,,,,,,,,,,,,,,,,,,,,,,,,,,,,,,,,,,,,,,,,,,,,,,,,,,,,,,,,,,,,,,,,,,,,,,,,,,,,,,,,,,,,,,,,,,,,,,,,,,,,,,,,,,,,,,,,,,,,,,,,,,,,,,,,,,,,,,,,,,,,,,,,,,,,,,,,,,,,,,,,,,,,,,,,,,,,,,,,,,,,,,,,,,,,,,,,,,,,,,,,,,,,,,,,,,,,,,,,,,,,,,,,,,,,,,,,,,,,,,,,,,,,,
118,move,ia,ia,1,"[[0, 0, (1, 2), 0, 0], [0, 0, 0, 0, 0], [0, (0, -1), (0, -1), (0, -1), 0], [0, 0, 0, 0, 0], [0, 0, 0, 0, 0]]","[[0, 0, (1, 2), 0, 0], [0, 0, 0, 0, 0], [0, (0, -1), (0, -1), (0, -1), 0], [0, 0, 0, 0, (2, 1)], [0, 0, 0, 0, 0]]","[[0, 0, (1, 2), 0, 0], [0, 0, (1, 2), 0, 0], [0, (0, -1), (0, -1), (0, -1), 0], [0, 0, 0, 0, (2, 1)], [0, 0, 0, 0, 0]]","[[0, 0, (1, 2), 0, 0], [0, 0, (1, 2), 0, 0], [0, (0, -1), (0, -1), (0, -1), 0], [0, 0, 0, 0, 0], [0, 0, 0, 0, 0]]","[[0, 0, (1, 2), 0, 0], [0, 0, (1, 2), 0, 0], [0, (0, -1), (1, 2), (0, -1), 0], [0, 0, (0, -1), 0, 0], [0, 0, 0, 0, 0]]","[[0, 0, (1, 2), 0, 0], [0, 0, (1, 2), 0, 0], [0, (0, -1), (1, 2), (0, -1), 0], [0, 0, (0, -1), 0, (2, 1)], [0, 0, 0, 0, 0]]","[[0, 0, (1, 2), 0, 0], [0, 0, (1, 2), 0, 0], [0, (0, -1), (1, 2), (0, -1), 0], [0, 0, (1, 2), 0, (2, 1)], [0, 0, (0, -1), 0, 0]]","[[0, 0, (1, 2), 0, 0], [0, 0, (1, 2), 0, 0], [0, (0, -1), (1, 2), (0, -1), 0], [0, 0, (1, 2), 0, 0], [0, 0, (0, -1), 0, 0]]","[[0, 0, (1, 2), 0, 0], [0, 0, (1, 2), 0, 0], [0, (0, -1), (1, 2), (0, -1), 0], [0, 0, (1, 2), 0, 0], [0, 0, (1, 2), 0, 0]]",,,,,,,,,,,,,,,,,,,,,,,,,,,,,,,,,,,,,,,,,,,,,,,,,,,,,,,,,,,,,,,,,,,,,,,,,,,,,,,,,,,,,,,,,,,,,,,,,,,,,,,,,,,,,,,,,,,,,,,,,,,,,,,,,,,,,,,,,,,,,,,,,,,,,,,,,,,,,,,,,,,,,,,,,,,,,,,,,,,,,,,,,,,,,,,,,,,,,,,,,,,,,,,,,,,,,,,,,,,,,,,,,,,,,,,,,,,,,,,,,,,,,,,,,,,,,,,,,,,,,,,,,,,,,,,,,,,,,,,,,,,,,,,,,,,,,,,,,,,,,,,,,,,,,,,,,,,,,,,,,,,,,,,,,,,,,,,,,,,,,,,,,,,,,,,,,,,,,,,,,,,,,,,,,,,,,,,,,,,,,,,,,,,,,,,,,,,,,,,,,,,,,,,,,,,,,,,,,,,,,,,,,,,,,,,,,,,,,,,,,,,,,,,,,,,,,,,,,,,,,,,,,,,,,,,,,,,,,,,,,,,,,,,,,,,,,,,,,,,,,,,,,,,,,,,,,,,,,,,,,,,,,,,,,,,,,,,,,,,,,,,,,,,,,,,,,,,,,,,,,,,,,,,,,,,,,,,,,,,,,,,,,,,,,,,,,,,,,,,,,,,,,,,,,,,,,,,,,,,,,,,,,,,,,,,,,,,,,,,,,,,,,,,,,,,,,,,,,,,,,,,,,,,,,,,,,,,,,,,,,,,,,,,,,,,,,,,,,,,,,,,,,,,,,,,,,,,,,,,,,,,,,,,,,,,,,,,,,,,,,,,,,,,,,,,,,,,,,,,,,,,,,,,,,,,,,,,,,,,,,,,,,,,,,,,,,,,,,,,,,,,,,,,,,,,,,,,,,,,,,,,,,,,,,,,,,,,,,,,,,,,,,,,,,,,,,,,,,,,,,,,,,,,,,,,,,,,,,,,,,,,,,,,,,,,,,,,,,,,,,,,,,,,,,,,,,,,,,,,,,,,,,,,,,,,,,,,,,,,,,,,,,,,,,,,,,,,,,,,,,,,,,,,,,,,,,,,,,,,,,,,,,,,
119,state,ia,ia,1,"(1, ('e', 0, 2, 2))","(2, ('e', 3, 4, 1))","(1, ('e', 0, 2, 2))","(2, ('a', 3, 4))","(1, ('e', 0, 2, 2))","(2, ('e', 3, 4, 1))","(1, ('e', 0, 2, 2))","(2, ('a', 3, 4))","(1, ('e', 0, 2, 2))",,,,,,,,,,,,,,,,,,,,,,,,,,,,,,,,,,,,,,,,,,,,,,,,,,,,,,,,,,,,,,,,,,,,,,,,,,,,,,,,,,,,,,,,,,,,,,,,,,,,,,,,,,,,,,,,,,,,,,,,,,,,,,,,,,,,,,,,,,,,,,,,,,,,,,,,,,,,,,,,,,,,,,,,,,,,,,,,,,,,,,,,,,,,,,,,,,,,,,,,,,,,,,,,,,,,,,,,,,,,,,,,,,,,,,,,,,,,,,,,,,,,,,,,,,,,,,,,,,,,,,,,,,,,,,,,,,,,,,,,,,,,,,,,,,,,,,,,,,,,,,,,,,,,,,,,,,,,,,,,,,,,,,,,,,,,,,,,,,,,,,,,,,,,,,,,,,,,,,,,,,,,,,,,,,,,,,,,,,,,,,,,,,,,,,,,,,,,,,,,,,,,,,,,,,,,,,,,,,,,,,,,,,,,,,,,,,,,,,,,,,,,,,,,,,,,,,,,,,,,,,,,,,,,,,,,,,,,,,,,,,,,,,,,,,,,,,,,,,,,,,,,,,,,,,,,,,,,,,,,,,,,,,,,,,,,,,,,,,,,,,,,,,,,,,,,,,,,,,,,,,,,,,,,,,,,,,,,,,,,,,,,,,,,,,,,,,,,,,,,,,,,,,,,,,,,,,,,,,,,,,,,,,,,,,,,,,,,,,,,,,,,,,,,,,,,,,,,,,,,,,,,,,,,,,,,,,,,,,,,,,,,,,,,,,,,,,,,,,,,,,,,,,,,,,,,,,,,,,,,,,,,,,,,,,,,,,,,,,,,,,,,,,,,,,,,,,,,,,,,,,,,,,,,,,,,,,,,,,,,,,,,,,,,,,,,,,,,,,,,,,,,,,,,,,,,,,,,,,,,,,,,,,,,,,,,,,,,,,,,,,,,,,,,,,,,,,,,,,,,,,,,,,,,,,,,,,,,,,,,,,,,,,,,,,,,,,,,,,,,,,,,,,,,,,,,,,,,,,,,,,,,,,,,,,,,,,,,,,,,,,,,,,,,,,,,,,,,,,,,,,,,,,,,,,,,,,,,,,,,,,,,,,,
120,move,ia,ia,1,"[[0, 0, (1, 2), 0, 0], [0, 0, 0, 0, 0], [0, (0, -1), (0, -1), (0, -1), 0], [0, 0, 0, 0, 0], [0, 0, 0, 0, 0]]","[[0, 0, (1, 2), 0, 0], [0, 0, 0, 0, 0], [0, (0, -1), (0, -1), (0, -1), 0], [0, 0, 0, 0, (2, 1)], [0, 0, 0, 0, 0]]","[[0, 0, (1, 2), 0, 0], [0, 0, (1, 2), 0, 0], [0, (0, -1), (0, -1), (0, -1), 0], [0, 0, 0, 0, (2, 1)], [0, 0, 0, 0, 0]]","[[0, 0, (1, 2), 0, 0], [0, 0, (1, 2), 0, 0], [0, (0, -1), (0, -1), (0, -1), 0], [0, 0, 0, 0, 0], [0, 0, 0, 0, 0]]","[[0, 0, (1, 2), 0, 0], [0, 0, (1, 2), 0, 0], [0, (0, -1), (1, 2), (0, -1), 0], [0, 0, (0, -1), 0, 0], [0, 0, 0, 0, 0]]","[[0, 0, (1, 2), 0, 0], [0, 0, (1, 2), 0, 0], [0, (0, -1), (1, 2), (0, -1), 0], [0, 0, (0, -1), 0, (2, 1)], [0, 0, 0, 0, 0]]","[[0, 0, (1, 2), 0, 0], [0, 0, (1, 2), 0, 0], [0, (0, -1), (1, 2), (0, -1), 0], [0, 0, (1, 2), 0, (2, 1)], [0, 0, (0, -1), 0, 0]]","[[0, 0, (1, 2), 0, 0], [0, 0, (1, 2), 0, 0], [0, (0, -1), (1, 2), (0, -1), 0], [0, 0, (1, 2), 0, 0], [0, 0, (0, -1), 0, 0]]","[[0, 0, (1, 2), 0, 0], [0, 0, (1, 2), 0, 0], [0, (0, -1), (1, 2), (0, -1), 0], [0, 0, (1, 2), 0, 0], [0, 0, (1, 2), 0, 0]]",,,,,,,,,,,,,,,,,,,,,,,,,,,,,,,,,,,,,,,,,,,,,,,,,,,,,,,,,,,,,,,,,,,,,,,,,,,,,,,,,,,,,,,,,,,,,,,,,,,,,,,,,,,,,,,,,,,,,,,,,,,,,,,,,,,,,,,,,,,,,,,,,,,,,,,,,,,,,,,,,,,,,,,,,,,,,,,,,,,,,,,,,,,,,,,,,,,,,,,,,,,,,,,,,,,,,,,,,,,,,,,,,,,,,,,,,,,,,,,,,,,,,,,,,,,,,,,,,,,,,,,,,,,,,,,,,,,,,,,,,,,,,,,,,,,,,,,,,,,,,,,,,,,,,,,,,,,,,,,,,,,,,,,,,,,,,,,,,,,,,,,,,,,,,,,,,,,,,,,,,,,,,,,,,,,,,,,,,,,,,,,,,,,,,,,,,,,,,,,,,,,,,,,,,,,,,,,,,,,,,,,,,,,,,,,,,,,,,,,,,,,,,,,,,,,,,,,,,,,,,,,,,,,,,,,,,,,,,,,,,,,,,,,,,,,,,,,,,,,,,,,,,,,,,,,,,,,,,,,,,,,,,,,,,,,,,,,,,,,,,,,,,,,,,,,,,,,,,,,,,,,,,,,,,,,,,,,,,,,,,,,,,,,,,,,,,,,,,,,,,,,,,,,,,,,,,,,,,,,,,,,,,,,,,,,,,,,,,,,,,,,,,,,,,,,,,,,,,,,,,,,,,,,,,,,,,,,,,,,,,,,,,,,,,,,,,,,,,,,,,,,,,,,,,,,,,,,,,,,,,,,,,,,,,,,,,,,,,,,,,,,,,,,,,,,,,,,,,,,,,,,,,,,,,,,,,,,,,,,,,,,,,,,,,,,,,,,,,,,,,,,,,,,,,,,,,,,,,,,,,,,,,,,,,,,,,,,,,,,,,,,,,,,,,,,,,,,,,,,,,,,,,,,,,,,,,,,,,,,,,,,,,,,,,,,,,,,,,,,,,,,,,,,,,,,,,,,,,,,,,,,,,,,,,,,,,,,,,,,,,,,,,,,,,,,,,,,,,,,,,,,,,,,,,,,,,,,,,,,,,,,,,,,
121,state,ia,ia,1,"(1, ('e', 0, 2, 2))","(2, ('e', 3, 4, 1))","(1, ('e', 0, 2, 2))","(2, ('a', 3, 4))","(1, ('e', 0, 2, 2))","(2, ('e', 3, 4, 1))","(1, ('e', 0, 2, 2))","(2, ('a', 3, 4))","(1, ('e', 0, 2, 2))",,,,,,,,,,,,,,,,,,,,,,,,,,,,,,,,,,,,,,,,,,,,,,,,,,,,,,,,,,,,,,,,,,,,,,,,,,,,,,,,,,,,,,,,,,,,,,,,,,,,,,,,,,,,,,,,,,,,,,,,,,,,,,,,,,,,,,,,,,,,,,,,,,,,,,,,,,,,,,,,,,,,,,,,,,,,,,,,,,,,,,,,,,,,,,,,,,,,,,,,,,,,,,,,,,,,,,,,,,,,,,,,,,,,,,,,,,,,,,,,,,,,,,,,,,,,,,,,,,,,,,,,,,,,,,,,,,,,,,,,,,,,,,,,,,,,,,,,,,,,,,,,,,,,,,,,,,,,,,,,,,,,,,,,,,,,,,,,,,,,,,,,,,,,,,,,,,,,,,,,,,,,,,,,,,,,,,,,,,,,,,,,,,,,,,,,,,,,,,,,,,,,,,,,,,,,,,,,,,,,,,,,,,,,,,,,,,,,,,,,,,,,,,,,,,,,,,,,,,,,,,,,,,,,,,,,,,,,,,,,,,,,,,,,,,,,,,,,,,,,,,,,,,,,,,,,,,,,,,,,,,,,,,,,,,,,,,,,,,,,,,,,,,,,,,,,,,,,,,,,,,,,,,,,,,,,,,,,,,,,,,,,,,,,,,,,,,,,,,,,,,,,,,,,,,,,,,,,,,,,,,,,,,,,,,,,,,,,,,,,,,,,,,,,,,,,,,,,,,,,,,,,,,,,,,,,,,,,,,,,,,,,,,,,,,,,,,,,,,,,,,,,,,,,,,,,,,,,,,,,,,,,,,,,,,,,,,,,,,,,,,,,,,,,,,,,,,,,,,,,,,,,,,,,,,,,,,,,,,,,,,,,,,,,,,,,,,,,,,,,,,,,,,,,,,,,,,,,,,,,,,,,,,,,,,,,,,,,,,,,,,,,,,,,,,,,,,,,,,,,,,,,,,,,,,,,,,,,,,,,,,,,,,,,,,,,,,,,,,,,,,,,,,,,,,,,,,,,,,,,,,,,,,,,,,,,,,,,,,,,,,,,,,,,,,,,,,,,,,,,,,,,,,,,,,,,,,,,,,,,,,,,,,,
122,move,ia,ia,1,"[[0, 0, (1, 2), 0, 0], [0, 0, 0, 0, 0], [0, (0, -1), (0, -1), (0, -1), 0], [0, 0, 0, 0, 0], [0, 0, 0, 0, 0]]","[[0, 0, (1, 2), 0, 0], [0, 0, 0, 0, 0], [0, (0, -1), (0, -1), (0, -1), 0], [0, 0, 0, 0, (2, 1)], [0, 0, 0, 0, 0]]","[[0, 0, (1, 2), 0, 0], [0, 0, (1, 2), 0, 0], [0, (0, -1), (0, -1), (0, -1), 0], [0, 0, 0, 0, (2, 1)], [0, 0, 0, 0, 0]]","[[0, 0, (1, 2), 0, 0], [0, 0, (1, 2), 0, 0], [0, (0, -1), (0, -1), (0, -1), 0], [0, 0, 0, 0, 0], [0, 0, 0, 0, 0]]","[[0, 0, (1, 2), 0, 0], [0, 0, (1, 2), 0, 0], [0, (0, -1), (1, 2), (0, -1), 0], [0, 0, (0, -1), 0, 0], [0, 0, 0, 0, 0]]","[[0, 0, (1, 2), 0, 0], [0, 0, (1, 2), 0, 0], [0, (0, -1), (1, 2), (0, -1), 0], [0, 0, (0, -1), 0, (2, 1)], [0, 0, 0, 0, 0]]","[[0, 0, (1, 2), 0, 0], [0, 0, (1, 2), 0, 0], [0, (0, -1), (1, 2), (0, -1), 0], [0, 0, (1, 2), 0, (2, 1)], [0, 0, (0, -1), 0, 0]]","[[0, 0, (1, 2), 0, 0], [0, 0, (1, 2), 0, 0], [0, (0, -1), (1, 2), (0, -1), 0], [0, 0, (1, 2), 0, 0], [0, 0, (0, -1), 0, 0]]","[[0, 0, (1, 2), 0, 0], [0, 0, (1, 2), 0, 0], [0, (0, -1), (1, 2), (0, -1), 0], [0, 0, (1, 2), 0, 0], [0, 0, (1, 2), 0, 0]]",,,,,,,,,,,,,,,,,,,,,,,,,,,,,,,,,,,,,,,,,,,,,,,,,,,,,,,,,,,,,,,,,,,,,,,,,,,,,,,,,,,,,,,,,,,,,,,,,,,,,,,,,,,,,,,,,,,,,,,,,,,,,,,,,,,,,,,,,,,,,,,,,,,,,,,,,,,,,,,,,,,,,,,,,,,,,,,,,,,,,,,,,,,,,,,,,,,,,,,,,,,,,,,,,,,,,,,,,,,,,,,,,,,,,,,,,,,,,,,,,,,,,,,,,,,,,,,,,,,,,,,,,,,,,,,,,,,,,,,,,,,,,,,,,,,,,,,,,,,,,,,,,,,,,,,,,,,,,,,,,,,,,,,,,,,,,,,,,,,,,,,,,,,,,,,,,,,,,,,,,,,,,,,,,,,,,,,,,,,,,,,,,,,,,,,,,,,,,,,,,,,,,,,,,,,,,,,,,,,,,,,,,,,,,,,,,,,,,,,,,,,,,,,,,,,,,,,,,,,,,,,,,,,,,,,,,,,,,,,,,,,,,,,,,,,,,,,,,,,,,,,,,,,,,,,,,,,,,,,,,,,,,,,,,,,,,,,,,,,,,,,,,,,,,,,,,,,,,,,,,,,,,,,,,,,,,,,,,,,,,,,,,,,,,,,,,,,,,,,,,,,,,,,,,,,,,,,,,,,,,,,,,,,,,,,,,,,,,,,,,,,,,,,,,,,,,,,,,,,,,,,,,,,,,,,,,,,,,,,,,,,,,,,,,,,,,,,,,,,,,,,,,,,,,,,,,,,,,,,,,,,,,,,,,,,,,,,,,,,,,,,,,,,,,,,,,,,,,,,,,,,,,,,,,,,,,,,,,,,,,,,,,,,,,,,,,,,,,,,,,,,,,,,,,,,,,,,,,,,,,,,,,,,,,,,,,,,,,,,,,,,,,,,,,,,,,,,,,,,,,,,,,,,,,,,,,,,,,,,,,,,,,,,,,,,,,,,,,,,,,,,,,,,,,,,,,,,,,,,,,,,,,,,,,,,,,,,,,,,,,,,,,,,,,,,,,,,,,,,,,,,,,,,,,,,,,,,,,,,,,,,,,,,
123,state,ia,ia,1,"(1, ('e', 0, 2, 2))","(2, ('e', 3, 4, 1))","(1, ('e', 0, 2, 2))","(2, ('a', 3, 4))","(1, ('e', 0, 2, 2))","(2, ('e', 1, 4, 2))","(1, ('e', 0, 2, 2))","(2, ('e', 3, 4, 1))","(1, ('e', 0, 2, 2))",,,,,,,,,,,,,,,,,,,,,,,,,,,,,,,,,,,,,,,,,,,,,,,,,,,,,,,,,,,,,,,,,,,,,,,,,,,,,,,,,,,,,,,,,,,,,,,,,,,,,,,,,,,,,,,,,,,,,,,,,,,,,,,,,,,,,,,,,,,,,,,,,,,,,,,,,,,,,,,,,,,,,,,,,,,,,,,,,,,,,,,,,,,,,,,,,,,,,,,,,,,,,,,,,,,,,,,,,,,,,,,,,,,,,,,,,,,,,,,,,,,,,,,,,,,,,,,,,,,,,,,,,,,,,,,,,,,,,,,,,,,,,,,,,,,,,,,,,,,,,,,,,,,,,,,,,,,,,,,,,,,,,,,,,,,,,,,,,,,,,,,,,,,,,,,,,,,,,,,,,,,,,,,,,,,,,,,,,,,,,,,,,,,,,,,,,,,,,,,,,,,,,,,,,,,,,,,,,,,,,,,,,,,,,,,,,,,,,,,,,,,,,,,,,,,,,,,,,,,,,,,,,,,,,,,,,,,,,,,,,,,,,,,,,,,,,,,,,,,,,,,,,,,,,,,,,,,,,,,,,,,,,,,,,,,,,,,,,,,,,,,,,,,,,,,,,,,,,,,,,,,,,,,,,,,,,,,,,,,,,,,,,,,,,,,,,,,,,,,,,,,,,,,,,,,,,,,,,,,,,,,,,,,,,,,,,,,,,,,,,,,,,,,,,,,,,,,,,,,,,,,,,,,,,,,,,,,,,,,,,,,,,,,,,,,,,,,,,,,,,,,,,,,,,,,,,,,,,,,,,,,,,,,,,,,,,,,,,,,,,,,,,,,,,,,,,,,,,,,,,,,,,,,,,,,,,,,,,,,,,,,,,,,,,,,,,,,,,,,,,,,,,,,,,,,,,,,,,,,,,,,,,,,,,,,,,,,,,,,,,,,,,,,,,,,,,,,,,,,,,,,,,,,,,,,,,,,,,,,,,,,,,,,,,,,,,,,,,,,,,,,,,,,,,,,,,,,,,,,,,,,,,,,,,,,,,,,,,,,,,,,,,,,,,,,,,,,,,,,,,,,,,,,,,,,,,,,,,,,,,,,,,,,
124,move,ia,ia,1,"[[0, 0, (1, 2), 0, 0], [0, 0, 0, 0, 0], [0, (0, -1), (0, -1), (0, -1), 0], [0, 0, 0, 0, 0], [0, 0, 0, 0, 0]]","[[0, 0, (1, 2), 0, 0], [0, 0, 0, 0, 0], [0, (0, -1), (0, -1), (0, -1), 0], [0, 0, 0, 0, (2, 1)], [0, 0, 0, 0, 0]]","[[0, 0, (1, 2), 0, 0], [0, 0, (1, 2), 0, 0], [0, (0, -1), (0, -1), (0, -1), 0], [0, 0, 0, 0, (2, 1)], [0, 0, 0, 0, 0]]","[[0, 0, (1, 2), 0, 0], [0, 0, (1, 2), 0, 0], [0, (0, -1), (0, -1), (0, -1), 0], [0, 0, 0, 0, 0], [0, 0, 0, 0, 0]]","[[0, 0, (1, 2), 0, 0], [0, 0, (1, 2), 0, 0], [0, (0, -1), (1, 2), (0, -1), 0], [0, 0, (0, -1), 0, 0], [0, 0, 0, 0, 0]]","[[0, 0, (1, 2), 0, 0], [0, 0, (1, 2), 0, (2, 2)], [0, (0, -1), (1, 2), (0, -1), 0], [0, 0, (0, -1), 0, 0], [0, 0, 0, 0, 0]]","[[0, 0, (1, 2), 0, 0], [0, 0, (1, 2), 0, (2, 2)], [0, (0, -1), (1, 2), (0, -1), 0], [0, 0, (1, 2), 0, 0], [0, 0, (0, -1), 0, 0]]","[[0, 0, (1, 2), 0, 0], [0, 0, (1, 2), 0, (2, 2)], [0, (0, -1), (1, 2), (0, -1), 0], [0, 0, (1, 2), 0, (2, 1)], [0, 0, (0, -1), 0, 0]]","[[0, 0, (1, 2), 0, 0], [0, 0, (1, 2), 0, (2, 2)], [0, (0, -1), (1, 2), (0, -1), 0], [0, 0, (1, 2), 0, (2, 1)], [0, 0, (1, 2), 0, 0]]",,,,,,,,,,,,,,,,,,,,,,,,,,,,,,,,,,,,,,,,,,,,,,,,,,,,,,,,,,,,,,,,,,,,,,,,,,,,,,,,,,,,,,,,,,,,,,,,,,,,,,,,,,,,,,,,,,,,,,,,,,,,,,,,,,,,,,,,,,,,,,,,,,,,,,,,,,,,,,,,,,,,,,,,,,,,,,,,,,,,,,,,,,,,,,,,,,,,,,,,,,,,,,,,,,,,,,,,,,,,,,,,,,,,,,,,,,,,,,,,,,,,,,,,,,,,,,,,,,,,,,,,,,,,,,,,,,,,,,,,,,,,,,,,,,,,,,,,,,,,,,,,,,,,,,,,,,,,,,,,,,,,,,,,,,,,,,,,,,,,,,,,,,,,,,,,,,,,,,,,,,,,,,,,,,,,,,,,,,,,,,,,,,,,,,,,,,,,,,,,,,,,,,,,,,,,,,,,,,,,,,,,,,,,,,,,,,,,,,,,,,,,,,,,,,,,,,,,,,,,,,,,,,,,,,,,,,,,,,,,,,,,,,,,,,,,,,,,,,,,,,,,,,,,,,,,,,,,,,,,,,,,,,,,,,,,,,,,,,,,,,,,,,,,,,,,,,,,,,,,,,,,,,,,,,,,,,,,,,,,,,,,,,,,,,,,,,,,,,,,,,,,,,,,,,,,,,,,,,,,,,,,,,,,,,,,,,,,,,,,,,,,,,,,,,,,,,,,,,,,,,,,,,,,,,,,,,,,,,,,,,,,,,,,,,,,,,,,,,,,,,,,,,,,,,,,,,,,,,,,,,,,,,,,,,,,,,,,,,,,,,,,,,,,,,,,,,,,,,,,,,,,,,,,,,,,,,,,,,,,,,,,,,,,,,,,,,,,,,,,,,,,,,,,,,,,,,,,,,,,,,,,,,,,,,,,,,,,,,,,,,,,,,,,,,,,,,,,,,,,,,,,,,,,,,,,,,,,,,,,,,,,,,,,,,,,,,,,,,,,,,,,,,,,,,,,,,,,,,,,,,,,,,,,,,,,,,,,,,,,,,,,,,,,,,,,,,,,,,,,,,,,,,,,,,,,,,,,,,,,,,,,,,,
125,state,ia,ia,1,"(1, ('e', 0, 2, 2))","(2, ('e', 3, 4, 1))","(1, ('e', 0, 2, 2))","(2, ('a', 3, 4))","(1, ('e', 0, 2, 2))","(2, ('e', 3, 4, 1))","(1, ('e', 0, 2, 2))","(2, ('a', 3, 4))","(1, ('e', 0, 0, 3))","(2, ('e', 3, 4, 1))","(1, ('a', 0, 2))","(2, ('a', 3, 4))","(1, ('e', 0, 2, 2))","(2, ('e', 2, 0, 0))","(1, ('a', 0, 2))","(2, ('e', 4, 4, 3))","(1, ('e', 0, 2, 2))","(2, ('e', 3, 4, 1))","(1, ('a', 0, 2))","(2, ('a', 3, 4))","(1, ('e', 0, 2, 2))","(2, ('e', 3, 4, 1))","(1, ('a', 0, 2))","(2, ('a', 3, 4))","(1, ('e', 0, 2, 2))","(2, ('e', 3, 4, 1))","(1, ('a', 0, 2))","(2, ('a', 3, 4))","(1, ('e', 0, 2, 2))","(2, ('e', 3, 4, 1))","(1, ('a', 0, 2))","(2, ('a', 3, 4))","(1, ('e', 0, 2, 2))","(2, ('e', 3, 4, 1))","(1, ('a', 0, 2))","(2, ('a', 3, 4))","(1, ('e', 0, 1, 1))","(2, ('e', 3, 4, 1))","(1, ('m', 1, 2, 3))","(2, ('a', 3, 4))","(1, ('m', 2, 2, 0))","(2, ('e', 3, 4, 1))","(1, ('m', 3, 2, 2))",,,,,,,,,,,,,,,,,,,,,,,,,,,,,,,,,,,,,,,,,,,,,,,,,,,,,,,,,,,,,,,,,,,,,,,,,,,,,,,,,,,,,,,,,,,,,,,,,,,,,,,,,,,,,,,,,,,,,,,,,,,,,,,,,,,,,,,,,,,,,,,,,,,,,,,,,,,,,,,,,,,,,,,,,,,,,,,,,,,,,,,,,,,,,,,,,,,,,,,,,,,,,,,,,,,,,,,,,,,,,,,,,,,,,,,,,,,,,,,,,,,,,,,,,,,,,,,,,,,,,,,,,,,,,,,,,,,,,,,,,,,,,,,,,,,,,,,,,,,,,,,,,,,,,,,,,,,,,,,,,,,,,,,,,,,,,,,,,,,,,,,,,,,,,,,,,,,,,,,,,,,,,,,,,,,,,,,,,,,,,,,,,,,,,,,,,,,,,,,,,,,,,,,,,,,,,,,,,,,,,,,,,,,,,,,,,,,,,,,,,,,,,,,,,,,,,,,,,,,,,,,,,,,,,,,,,,,,,,,,,,,,,,,,,,,,,,,,,,,,,,,,,,,,,,,,,,,,,,,,,,,,,,,,,,,,,,,,,,,,,,,,,,,,,,,,,,,,,,,,,,,,,,,,,,,,,,,,,,,,,,,,,,,,,,,,,,,,,,,,,,,,,,,,,,,,,,,,,,,,,,,,,,,,,,,,,,,,,,,,,,,,,,,,,,,,,,,,,,,,,,,,,,,,,,,,,,,,,,,,,,,,,,,,,,,,,,,,,,,,,,,,,,,,,,,,,,,,,,,,,,,,,,,,,,,,,,,,,,,,,,,,,,,,,,,,,,,,,,,,,,,,,,,,,,,,,,,,,,,,,,,,,,,,,,,,,,,,,,,,,,,,,,,,,,,,,,,,,,,,,,,,,,,,,,,,,,,,,,,,,,,,,,,,,,,,,,,,,,,,,,,,,,,,,,,,,,,,,,,,,,,,,,,,,,,,,,,,,,,,,,,,,,,,,,,,,,,,,,,,,,,,,,,,,,,,,,,,,,,,,,,,,,,,,,,,,
126,move,ia,ia,1,"[[0, 0, (1, 2), 0, 0], [0, 0, 0, 0, 0], [0, (0, -1), (0, -1), (0, -1), 0], [0, 0, 0, 0, 0], [0, 0, 0, 0, 0]]","[[0, 0, (1, 2), 0, 0], [0, 0, 0, 0, 0], [0, (0, -1), (0, -1), (0, -1), 0], [0, 0, 0, 0, (2, 1)], [0, 0, 0, 0, 0]]","[[0, 0, (1, 2), 0, 0], [0, 0, (1, 2), 0, 0], [0, (0, -1), (0, -1), (0, -1), 0], [0, 0, 0, 0, (2, 1)], [0, 0, 0, 0, 0]]","[[0, 0, (1, 2), 0, 0], [0, 0, (1, 2), 0, 0], [0, (0, -1), (0, -1), (0, -1), 0], [0, 0, 0, 0, 0], [0, 0, 0, 0, 0]]","[[0, 0, (1, 2), 0, 0], [0, 0, (1, 2), 0, 0], [0, (0, -1), (1, 2), (0, -1), 0], [0, 0, (0, -1), 0, 0], [0, 0, 0, 0, 0]]","[[0, 0, (1, 2), 0, 0], [0, 0, (1, 2), 0, 0], [0, (0, -1), (1, 2), (0, -1), 0], [0, 0, (0, -1), 0, (2, 1)], [0, 0, 0, 0, 0]]","[[0, 0, (1, 2), 0, 0], [0, 0, (1, 2), 0, 0], [0, (0, -1), (1, 2), (0, -1), 0], [0, 0, (1, 2), 0, (2, 1)], [0, 0, (0, -1), 0, 0]]","[[0, 0, (1, 2), 0, 0], [0, 0, (1, 2), 0, 0], [0, (0, -1), (1, 2), (0, -1), 0], [0, 0, (1, 2), 0, 0], [0, 0, (0, -1), 0, 0]]","[[(1, 3), 0, (1, 2), 0, 0], [0, 0, (1, 2), 0, 0], [0, (0, -1), (1, 2), (0, -1), 0], [0, 0, (1, 2), 0, 0], [0, 0, (0, -1), 0, 0]]","[[(1, 3), 0, (1, 2), 0, 0], [0, 0, (1, 2), 0, 0], [0, (0, -1), (1, 2), (0, -1), 0], [0, 0, (1, 2), 0, (2, 1)], [0, 0, (0, -1), 0, 0]]","[[(1, 3), 0, 0, 0, 0], [0, 0, (1, 2), 0, 0], [0, (0, -1), (1, 2), (0, -1), 0], [0, 0, (1, 2), 0, (2, 1)], [0, 0, (0, -1), 0, 0]]","[[(1, 3), 0, 0, 0, 0], [0, 0, (1, 2), 0, 0], [0, (0, -1), (1, 2), (0, -1), 0], [0, 0, (1, 2), 0, 0], [0, 0, (0, -1), 0, 0]]","[[(1, 3), 0, (1, 2), 0, 0], [0, 0, (1, 2), 0, 0], [0, (0, -1), (1, 2), (0, -1), 0], [0, 0, (1, 2), 0, 0], [0, 0, (0, -1), 0, 0]]","[[(1, 3), 0, (1, 2), 0, 0], [0, 0, (1, 2), 0, 0], [(2, 0), (0, -1), (1, 2), (0, -1), 0], [0, 0, (1, 2), 0, 0], [0, 0, (0, -1), 0, 0]]","[[(1, 3), 0, 0, 0, 0], [0, 0, (1, 2), 0, 0], [(2, 0), (0, -1), (1, 2), (0, -1), 0], [0, 0, (1, 2), 0, 0], [0, 0, (0, -1), 0, 0]]","[[(1, 3), 0, 0, 0, 0], [0, 0, (1, 2), 0, 0], [(2, 0), (0, -1), (1, 2), (0, -1), 0], [0, 0, (1, 2), 0, 0], [0, 0, (0, -1), 0, (2, 3)]]","[[(1, 3), 0, (1, 2), 0, 0], [0, 0, (1, 2), 0, 0], [(2, 0), (0, -1), (1, 2), (0, -1), 0], [0, 0, (1, 2), 0, 0], [0, 0, (0, -1), 0, (2, 3)]]","[[(1, 3), 0, (1, 2), 0, 0], [0, 0, (1, 2), 0, 0], [(2, 0), (0, -1), (1, 2), (0, -1), 0], [0, 0, (1, 2), 0, (2, 1)], [0, 0, (0, -1), 0, (2, 3)]]","[[(1, 3), 0, 0, 0, 0], [0, 0, (1, 2), 0, 0], [(2, 0), (0, -1), (1, 2), (0, -1), 0], [0, 0, (1, 2), 0, (2, 1)], [0, 0, (0, -1), 0, (2, 3)]]","[[(1, 3), 0, 0, 0, 0], [0, 0, (1, 2), 0, 0], [(2, 0), (0, -1), (1, 2), (0, -1), 0], [0, 0, (1, 2), 0, 0], [0, 0, (0, -1), 0, (2, 3)]]","[[(1, 3), 0, (1, 2), 0, 0], [0, 0, (1, 2), 0, 0], [(2, 0), (0, -1), (1, 2), (0, -1), 0], [0, 0, (1, 2), 0, 0], [0, 0, (0, -1), 0, (2, 3)]]","[[(1, 3), 0, (1, 2), 0, 0], [0, 0, (1, 2), 0, 0], [(2, 0), (0, -1), (1, 2), (0, -1), 0], [0, 0, (1, 2), 0, (2, 1)], [0, 0, (0, -1), 0, (2, 3)]]","[[(1, 3), 0, 0, 0, 0], [0, 0, (1, 2), 0, 0], [(2, 0), (0, -1), (1, 2), (0, -1), 0], [0, 0, (1, 2), 0, (2, 1)], [0, 0, (0, -1), 0, (2, 3)]]","[[(1, 3), 0, 0, 0, 0], [0, 0, (1, 2), 0, 0], [(2, 0), (0, -1), (1, 2), (0, -1), 0], [0, 0, (1, 2), 0, 0], [0, 0, (0, -1), 0, (2, 3)]]","[[(1, 3), 0, (1, 2), 0, 0], [0, 0, (1, 2), 0, 0], [(2, 0), (0, -1), (1, 2), (0, -1), 0], [0, 0, (1, 2), 0, 0], [0, 0, (0, -1), 0, (2, 3)]]","[[(1, 3), 0, (1, 2), 0, 0], [0, 0, (1, 2), 0, 0], [(2, 0), (0, -1), (1, 2), (0, -1), 0], [0, 0, (1, 2), 0, (2, 1)], [0, 0, (0, -1), 0, (2, 3)]]","[[(1, 3), 0, 0, 0, 0], [0, 0, (1, 2), 0, 0], [(2, 0), (0, -1), (1, 2), (0, -1), 0], [0, 0, (1, 2), 0, (2, 1)], [0, 0, (0, -1), 0, (2, 3)]]","[[(1, 3), 0, 0, 0, 0], [0, 0, (1, 2), 0, 0], [(2, 0), (0, -1), (1, 2), (0, -1), 0], [0, 0, (1, 2), 0, 0], [0, 0, (0, -1), 0, (2, 3)]]","[[(1, 3), 0, (1, 2), 0, 0], [0, 0, (1, 2), 0, 0], [(2, 0), (0, -1), (1, 2), (0, -1), 0], [0, 0, (1, 2), 0, 0], [0, 0, (0, -1), 0, (2, 3)]]","[[(1, 3), 0, (1, 2), 0, 0], [0, 0, (1, 2), 0, 0], [(2, 0), (0, -1), (1, 2), (0, -1), 0], [0, 0, (1, 2), 0, (2, 1)], [0, 0, (0, -1), 0, (2, 3)]]","[[(1, 3), 0, 0, 0, 0], [0, 0, (1, 2), 0, 0], [(2, 0), (0, -1), (1, 2), (0, -1), 0], [0, 0, (1, 2), 0, (2, 1)], [0, 0, (0, -1), 0, (2, 3)]]","[[(1, 3), 0, 0, 0, 0], [0, 0, (1, 2), 0, 0], [(2, 0), (0, -1), (1, 2), (0, -1), 0], [0, 0, (1, 2), 0, 0], [0, 0, (0, -1), 0, (2, 3)]]","[[(1, 3), 0, (1, 2), 0, 0], [0, 0, (1, 2), 0, 0], [(2, 0), (0, -1), (1, 2), (0, -1), 0], [0, 0, (1, 2), 0, 0], [0, 0, (0, -1), 0, (2, 3)]]","[[(1, 3), 0, (1, 2), 0, 0], [0, 0, (1, 2), 0, 0], [(2, 0), (0, -1), (1, 2), (0, -1), 0], [0, 0, (1, 2), 0, (2, 1)], [0, 0, (0, -1), 0, (2, 3)]]","[[(1, 3), 0, 0, 0, 0], [0, 0, (1, 2), 0, 0], [(2, 0), (0, -1), (1, 2), (0, -1), 0], [0, 0, (1, 2), 0, (2, 1)], [0, 0, (0, -1), 0, (2, 3)]]","[[(1, 3), 0, 0, 0, 0], [0, 0, (1, 2), 0, 0], [(2, 0), (0, -1), (1, 2), (0, -1), 0], [0, 0, (1, 2), 0, 0], [0, 0, (0, -1), 0, (2, 3)]]","[[(1, 3), (1, 1), 0, 0, 0], [0, 0, (1, 2), 0, 0], [(2, 0), (0, -1), (1, 2), (0, -1), 0], [0, 0, (1, 2), 0, 0], [0, 0, (0, -1), 0, (2, 3)]]","[[(1, 3), (1, 1), 0, 0, 0], [0, 0, (1, 2), 0, 0], [(2, 0), (0, -1), (1, 2), (0, -1), 0], [0, 0, (1, 2), 0, (2, 1)], [0, 0, (0, -1), 0, (2, 3)]]","[[(1, 3), (1, 1), 0, 0, 0], [0, (1, 2), 0, 0, 0], [(2, 0), (0, -1), (1, 2), (0, -1), 0], [0, 0, (1, 2), 0, (2, 1)], [0, 0, (0, -1), 0, (2, 3)]]","[[(1, 3), (1, 1), 0, 0, 0], [0, (1, 2), 0, 0, 0], [(2, 0), (0, -1), (1, 2), (0, -1), 0], [0, 0, (1, 2), 0, 0], [0, 0, (0, -1), 0, (2, 3)]]","[[(1, 3), (1, 1), 0, 0, 0], [0, (1, 2), (1, 2), 0, 0], [(2, 0), (0, -1), 0, (0, -1), 0], [0, 0, (1, 2), 0, 0], [0, 0, (0, -1), 0, (2, 3)]]","[[(1, 3), (1, 1), 0, 0, 0], [0, (1, 2), (1, 2), 0, 0], [(2, 0), (0, -1), 0, (0, -1), 0], [0, 0, (1, 2), 0, (2, 1)], [0, 0, (0, -1), 0, (2, 3)]]","[[(1, 3), (1, 1), 0, 0, 0], [0, (1, 2), (1, 2), 0, 0], [(2, 0), (0, -1), 0, (0, -1), 0], [0, 0, 0, 0, (2, 1)], [0, 0, (1, 2), 0, (2, 3)]]",,,,,,,,,,,,,,,,,,,,,,,,,,,,,,,,,,,,,,,,,,,,,,,,,,,,,,,,,,,,,,,,,,,,,,,,,,,,,,,,,,,,,,,,,,,,,,,,,,,,,,,,,,,,,,,,,,,,,,,,,,,,,,,,,,,,,,,,,,,,,,,,,,,,,,,,,,,,,,,,,,,,,,,,,,,,,,,,,,,,,,,,,,,,,,,,,,,,,,,,,,,,,,,,,,,,,,,,,,,,,,,,,,,,,,,,,,,,,,,,,,,,,,,,,,,,,,,,,,,,,,,,,,,,,,,,,,,,,,,,,,,,,,,,,,,,,,,,,,,,,,,,,,,,,,,,,,,,,,,,,,,,,,,,,,,,,,,,,,,,,,,,,,,,,,,,,,,,,,,,,,,,,,,,,,,,,,,,,,,,,,,,,,,,,,,,,,,,,,,,,,,,,,,,,,,,,,,,,,,,,,,,,,,,,,,,,,,,,,,,,,,,,,,,,,,,,,,,,,,,,,,,,,,,,,,,,,,,,,,,,,,,,,,,,,,,,,,,,,,,,,,,,,,,,,,,,,,,,,,,,,,,,,,,,,,,,,,,,,,,,,,,,,,,,,,,,,,,,,,,,,,,,,,,,,,,,,,,,,,,,,,,,,,,,,,,,,,,,,,,,,,,,,,,,,,,,,,,,,,,,,,,,,,,,,,,,,,,,,,,,,,,,,,,,,,,,,,,,,,,,,,,,,,,,,,,,,,,,,,,,,,,,,,,,,,,,,,,,,,,,,,,,,,,,,,,,,,,,,,,,,,,,,,,,,,,,,,,,,,,,,,,,,,,,,,,,,,,,,,,,,,,,,,,,,,,,,,,,,,,,,,,,,,,,,,,,,,,,,,,,,,,,,,,,,,,,,,,,,,,,,,,,,,,,,,,,,,,,,,,,,,,,,,,,,,,,,,,,,,,,,,,,,,,,,,,,,,,,,,,,,,,,,,,,,,,,,,,,,,,,,,,,,,,,,,,,,,,,,,,,,,,,,,,,,,,,,,,,,,,,,,,,,,,,,,,,
127,state,ia,ia,1,"(1, ('e', 0, 2, 2))","(2, ('e', 3, 4, 1))","(1, ('e', 0, 2, 2))","(2, ('a', 3, 4))","(1, ('e', 0, 2, 2))","(2, ('e', 3, 4, 1))","(1, ('e', 0, 2, 2))","(2, ('a', 3, 4))","(1, ('e', 0, 2, 2))",,,,,,,,,,,,,,,,,,,,,,,,,,,,,,,,,,,,,,,,,,,,,,,,,,,,,,,,,,,,,,,,,,,,,,,,,,,,,,,,,,,,,,,,,,,,,,,,,,,,,,,,,,,,,,,,,,,,,,,,,,,,,,,,,,,,,,,,,,,,,,,,,,,,,,,,,,,,,,,,,,,,,,,,,,,,,,,,,,,,,,,,,,,,,,,,,,,,,,,,,,,,,,,,,,,,,,,,,,,,,,,,,,,,,,,,,,,,,,,,,,,,,,,,,,,,,,,,,,,,,,,,,,,,,,,,,,,,,,,,,,,,,,,,,,,,,,,,,,,,,,,,,,,,,,,,,,,,,,,,,,,,,,,,,,,,,,,,,,,,,,,,,,,,,,,,,,,,,,,,,,,,,,,,,,,,,,,,,,,,,,,,,,,,,,,,,,,,,,,,,,,,,,,,,,,,,,,,,,,,,,,,,,,,,,,,,,,,,,,,,,,,,,,,,,,,,,,,,,,,,,,,,,,,,,,,,,,,,,,,,,,,,,,,,,,,,,,,,,,,,,,,,,,,,,,,,,,,,,,,,,,,,,,,,,,,,,,,,,,,,,,,,,,,,,,,,,,,,,,,,,,,,,,,,,,,,,,,,,,,,,,,,,,,,,,,,,,,,,,,,,,,,,,,,,,,,,,,,,,,,,,,,,,,,,,,,,,,,,,,,,,,,,,,,,,,,,,,,,,,,,,,,,,,,,,,,,,,,,,,,,,,,,,,,,,,,,,,,,,,,,,,,,,,,,,,,,,,,,,,,,,,,,,,,,,,,,,,,,,,,,,,,,,,,,,,,,,,,,,,,,,,,,,,,,,,,,,,,,,,,,,,,,,,,,,,,,,,,,,,,,,,,,,,,,,,,,,,,,,,,,,,,,,,,,,,,,,,,,,,,,,,,,,,,,,,,,,,,,,,,,,,,,,,,,,,,,,,,,,,,,,,,,,,,,,,,,,,,,,,,,,,,,,,,,,,,,,,,,,,,,,,,,,,,,,,,,,,,,,,,,,,,,,,,,,,,,,,,,,,,,,,,,,,,,,,,,,,,,,,,,,,,,,
128,move,ia,ia,1,"[[0, 0, (1, 2), 0, 0], [0, 0, 0, 0, 0], [0, (0, -1), (0, -1), (0, -1), 0], [0, 0, 0, 0, 0], [0, 0, 0, 0, 0]]","[[0, 0, (1, 2), 0, 0], [0, 0, 0, 0, 0], [0, (0, -1), (0, -1), (0, -1), 0], [0, 0, 0, 0, (2, 1)], [0, 0, 0, 0, 0]]","[[0, 0, (1, 2), 0, 0], [0, 0, (1, 2), 0, 0], [0, (0, -1), (0, -1), (0, -1), 0], [0, 0, 0, 0, (2, 1)], [0, 0, 0, 0, 0]]","[[0, 0, (1, 2), 0, 0], [0, 0, (1, 2), 0, 0], [0, (0, -1), (0, -1), (0, -1), 0], [0, 0, 0, 0, 0], [0, 0, 0, 0, 0]]","[[0, 0, (1, 2), 0, 0], [0, 0, (1, 2), 0, 0], [0, (0, -1), (1, 2), (0, -1), 0], [0, 0, (0, -1), 0, 0], [0, 0, 0, 0, 0]]","[[0, 0, (1, 2), 0, 0], [0, 0, (1, 2), 0, 0], [0, (0, -1), (1, 2), (0, -1), 0], [0, 0, (0, -1), 0, (2, 1)], [0, 0, 0, 0, 0]]","[[0, 0, (1, 2), 0, 0], [0, 0, (1, 2), 0, 0], [0, (0, -1), (1, 2), (0, -1), 0], [0, 0, (1, 2), 0, (2, 1)], [0, 0, (0, -1), 0, 0]]","[[0, 0, (1, 2), 0, 0], [0, 0, (1, 2), 0, 0], [0, (0, -1), (1, 2), (0, -1), 0], [0, 0, (1, 2), 0, 0], [0, 0, (0, -1), 0, 0]]","[[0, 0, (1, 2), 0, 0], [0, 0, (1, 2), 0, 0], [0, (0, -1), (1, 2), (0, -1), 0], [0, 0, (1, 2), 0, 0], [0, 0, (1, 2), 0, 0]]",,,,,,,,,,,,,,,,,,,,,,,,,,,,,,,,,,,,,,,,,,,,,,,,,,,,,,,,,,,,,,,,,,,,,,,,,,,,,,,,,,,,,,,,,,,,,,,,,,,,,,,,,,,,,,,,,,,,,,,,,,,,,,,,,,,,,,,,,,,,,,,,,,,,,,,,,,,,,,,,,,,,,,,,,,,,,,,,,,,,,,,,,,,,,,,,,,,,,,,,,,,,,,,,,,,,,,,,,,,,,,,,,,,,,,,,,,,,,,,,,,,,,,,,,,,,,,,,,,,,,,,,,,,,,,,,,,,,,,,,,,,,,,,,,,,,,,,,,,,,,,,,,,,,,,,,,,,,,,,,,,,,,,,,,,,,,,,,,,,,,,,,,,,,,,,,,,,,,,,,,,,,,,,,,,,,,,,,,,,,,,,,,,,,,,,,,,,,,,,,,,,,,,,,,,,,,,,,,,,,,,,,,,,,,,,,,,,,,,,,,,,,,,,,,,,,,,,,,,,,,,,,,,,,,,,,,,,,,,,,,,,,,,,,,,,,,,,,,,,,,,,,,,,,,,,,,,,,,,,,,,,,,,,,,,,,,,,,,,,,,,,,,,,,,,,,,,,,,,,,,,,,,,,,,,,,,,,,,,,,,,,,,,,,,,,,,,,,,,,,,,,,,,,,,,,,,,,,,,,,,,,,,,,,,,,,,,,,,,,,,,,,,,,,,,,,,,,,,,,,,,,,,,,,,,,,,,,,,,,,,,,,,,,,,,,,,,,,,,,,,,,,,,,,,,,,,,,,,,,,,,,,,,,,,,,,,,,,,,,,,,,,,,,,,,,,,,,,,,,,,,,,,,,,,,,,,,,,,,,,,,,,,,,,,,,,,,,,,,,,,,,,,,,,,,,,,,,,,,,,,,,,,,,,,,,,,,,,,,,,,,,,,,,,,,,,,,,,,,,,,,,,,,,,,,,,,,,,,,,,,,,,,,,,,,,,,,,,,,,,,,,,,,,,,,,,,,,,,,,,,,,,,,,,,,,,,,,,,,,,,,,,,,,,,,,,,,,,,,,,,,,,,,,,,,,,,,,,,,,,,,,,,,,
129,state,ia,ia,1,"(1, ('e', 3, 0, 2))","(2, ('e', 3, 4, 1))","(1, ('e', 0, 2, 2))","(2, ('a', 3, 4))","(1, ('e', 0, 2, 2))","(2, ('e', 3, 4, 1))","(1, ('e', 0, 2, 2))","(2, ('t', 3, 4, 0))","(1, ('e', 0, 2, 2))","(2, ('a', 3, 4))","(1, ('a', 0, 2))","(2, ('e', 3, 4, 1))","(1, ('e', 0, 2, 2))","(2, ('a', 3, 4))","(1, ('m', 1, 2, 3))","(2, ('e', 3, 4, 1))","(1, ('a', 0, 2))","(2, ('a', 3, 4))","(1, ('e', 0, 2, 2))","(2, ('e', 3, 4, 1))","(1, ('a', 0, 2))","(2, ('a', 3, 4))","(1, ('e', 0, 2, 2))","(2, ('e', 3, 4, 1))","(1, ('a', 0, 2))","(2, ('a', 3, 4))","(1, ('e', 0, 2, 2))","(2, ('e', 3, 4, 1))","(1, ('a', 0, 2))","(2, ('a', 3, 4))","(1, ('e', 0, 2, 2))","(2, ('e', 3, 4, 1))","(1, ('m', 0, 2, 1))","(2, ('e', 1, 4, 1))","(1, ('m', 2, 2, 0))","(2, ('a', 3, 4))","(1, ('m', 3, 2, 2))",,,,,,,,,,,,,,,,,,,,,,,,,,,,,,,,,,,,,,,,,,,,,,,,,,,,,,,,,,,,,,,,,,,,,,,,,,,,,,,,,,,,,,,,,,,,,,,,,,,,,,,,,,,,,,,,,,,,,,,,,,,,,,,,,,,,,,,,,,,,,,,,,,,,,,,,,,,,,,,,,,,,,,,,,,,,,,,,,,,,,,,,,,,,,,,,,,,,,,,,,,,,,,,,,,,,,,,,,,,,,,,,,,,,,,,,,,,,,,,,,,,,,,,,,,,,,,,,,,,,,,,,,,,,,,,,,,,,,,,,,,,,,,,,,,,,,,,,,,,,,,,,,,,,,,,,,,,,,,,,,,,,,,,,,,,,,,,,,,,,,,,,,,,,,,,,,,,,,,,,,,,,,,,,,,,,,,,,,,,,,,,,,,,,,,,,,,,,,,,,,,,,,,,,,,,,,,,,,,,,,,,,,,,,,,,,,,,,,,,,,,,,,,,,,,,,,,,,,,,,,,,,,,,,,,,,,,,,,,,,,,,,,,,,,,,,,,,,,,,,,,,,,,,,,,,,,,,,,,,,,,,,,,,,,,,,,,,,,,,,,,,,,,,,,,,,,,,,,,,,,,,,,,,,,,,,,,,,,,,,,,,,,,,,,,,,,,,,,,,,,,,,,,,,,,,,,,,,,,,,,,,,,,,,,,,,,,,,,,,,,,,,,,,,,,,,,,,,,,,,,,,,,,,,,,,,,,,,,,,,,,,,,,,,,,,,,,,,,,,,,,,,,,,,,,,,,,,,,,,,,,,,,,,,,,,,,,,,,,,,,,,,,,,,,,,,,,,,,,,,,,,,,,,,,,,,,,,,,,,,,,,,,,,,,,,,,,,,,,,,,,,,,,,,,,,,,,,,,,,,,,,,,,,,,,,,,,,,,,,,,,,,,,,,,,,,,,,,,,,,,,,,,,,,,,,,,,,,,,,,,,,,,,,,,,,,,,,,,,,,,,,,,,,,,,,,,,,,,,,,,,,,,,,,,,,,,,,,,,,,,,,,,,,,,,,,,,,,,,,
130,move,ia,ia,1,"[[0, 0, 0, 0, 0], [0, 0, 0, 0, 0], [0, (0, -1), (0, -1), (0, -1), 0], [(1, 2), 0, 0, 0, 0], [0, 0, 0, 0, 0]]","[[0, 0, 0, 0, 0], [0, 0, 0, 0, 0], [0, (0, -1), (0, -1), (0, -1), 0], [(1, 2), 0, 0, 0, (2, 1)], [0, 0, 0, 0, 0]]","[[0, 0, (1, 2), 0, 0], [0, 0, 0, 0, 0], [0, (0, -1), (0, -1), (0, -1), 0], [(1, 2), 0, 0, 0, (2, 1)], [0, 0, 0, 0, 0]]","[[0, 0, (1, 2), 0, 0], [0, 0, 0, 0, 0], [0, (0, -1), (0, -1), (0, -1), 0], [(1, 2), 0, 0, 0, 0], [0, 0, 0, 0, 0]]","[[0, 0, (1, 2), 0, 0], [0, 0, (1, 2), 0, 0], [0, (0, -1), (0, -1), (0, -1), 0], [(1, 2), 0, 0, 0, 0], [0, 0, 0, 0, 0]]","[[0, 0, (1, 2), 0, 0], [0, 0, (1, 2), 0, 0], [0, (0, -1), (0, -1), (0, -1), 0], [(1, 2), 0, 0, 0, (2, 1)], [0, 0, 0, 0, 0]]","[[0, 0, (1, 2), 0, 0], [0, 0, (1, 2), 0, 0], [0, (0, -1), (1, 2), (0, -1), 0], [(1, 2), 0, (0, -1), 0, (2, 1)], [0, 0, 0, 0, 0]]","[[0, 0, (1, 2), 0, 0], [0, 0, (1, 2), 0, 0], [0, (0, -1), (1, 2), (0, -1), 0], [(1, 2), 0, (0, -1), 0, (2, 0)], [0, 0, 0, 0, 0]]","[[0, 0, (1, 2), 0, 0], [0, 0, (1, 2), 0, 0], [0, (0, -1), (1, 2), (0, -1), 0], [(1, 2), 0, (1, 2), 0, (2, 0)], [0, 0, (0, -1), 0, 0]]","[[0, 0, (1, 2), 0, 0], [0, 0, (1, 2), 0, 0], [0, (0, -1), (1, 2), (0, -1), 0], [(1, 2), 0, (1, 2), 0, 0], [0, 0, (0, -1), 0, 0]]","[[0, 0, 0, 0, 0], [0, 0, (1, 2), 0, 0], [0, (0, -1), (1, 2), (0, -1), 0], [(1, 2), 0, (1, 2), 0, 0], [0, 0, (0, -1), 0, 0]]","[[0, 0, 0, 0, 0], [0, 0, (1, 2), 0, 0], [0, (0, -1), (1, 2), (0, -1), 0], [(1, 2), 0, (1, 2), 0, (2, 1)], [0, 0, (0, -1), 0, 0]]","[[0, 0, (1, 2), 0, 0], [0, 0, (1, 2), 0, 0], [0, (0, -1), (1, 2), (0, -1), 0], [(1, 2), 0, (1, 2), 0, (2, 1)], [0, 0, (0, -1), 0, 0]]","[[0, 0, (1, 2), 0, 0], [0, 0, (1, 2), 0, 0], [0, (0, -1), (1, 2), (0, -1), 0], [(1, 2), 0, (1, 2), 0, 0], [0, 0, (0, -1), 0, 0]]","[[0, 0, (1, 2), 0, 0], [0, (1, 2), 0, 0, 0], [0, (0, -1), (1, 2), (0, -1), 0], [(1, 2), 0, (1, 2), 0, 0], [0, 0, (0, -1), 0, 0]]","[[0, 0, (1, 2), 0, 0], [0, (1, 2), 0, 0, 0], [0, (0, -1), (1, 2), (0, -1), 0], [(1, 2), 0, (1, 2), 0, (2, 1)], [0, 0, (0, -1), 0, 0]]","[[0, 0, 0, 0, 0], [0, (1, 2), 0, 0, 0], [0, (0, -1), (1, 2), (0, -1), 0], [(1, 2), 0, (1, 2), 0, (2, 1)], [0, 0, (0, -1), 0, 0]]","[[0, 0, 0, 0, 0], [0, (1, 2), 0, 0, 0], [0, (0, -1), (1, 2), (0, -1), 0], [(1, 2), 0, (1, 2), 0, 0], [0, 0, (0, -1), 0, 0]]","[[0, 0, (1, 2), 0, 0], [0, (1, 2), 0, 0, 0], [0, (0, -1), (1, 2), (0, -1), 0], [(1, 2), 0, (1, 2), 0, 0], [0, 0, (0, -1), 0, 0]]","[[0, 0, (1, 2), 0, 0], [0, (1, 2), 0, 0, 0], [0, (0, -1), (1, 2), (0, -1), 0], [(1, 2), 0, (1, 2), 0, (2, 1)], [0, 0, (0, -1), 0, 0]]","[[0, 0, 0, 0, 0], [0, (1, 2), 0, 0, 0], [0, (0, -1), (1, 2), (0, -1), 0], [(1, 2), 0, (1, 2), 0, (2, 1)], [0, 0, (0, -1), 0, 0]]","[[0, 0, 0, 0, 0], [0, (1, 2), 0, 0, 0], [0, (0, -1), (1, 2), (0, -1), 0], [(1, 2), 0, (1, 2), 0, 0], [0, 0, (0, -1), 0, 0]]","[[0, 0, (1, 2), 0, 0], [0, (1, 2), 0, 0, 0], [0, (0, -1), (1, 2), (0, -1), 0], [(1, 2), 0, (1, 2), 0, 0], [0, 0, (0, -1), 0, 0]]","[[0, 0, (1, 2), 0, 0], [0, (1, 2), 0, 0, 0], [0, (0, -1), (1, 2), (0, -1), 0], [(1, 2), 0, (1, 2), 0, (2, 1)], [0, 0, (0, -1), 0, 0]]","[[0, 0, 0, 0, 0], [0, (1, 2), 0, 0, 0], [0, (0, -1), (1, 2), (0, -1), 0], [(1, 2), 0, (1, 2), 0, (2, 1)], [0, 0, (0, -1), 0, 0]]","[[0, 0, 0, 0, 0], [0, (1, 2), 0, 0, 0], [0, (0, -1), (1, 2), (0, -1), 0], [(1, 2), 0, (1, 2), 0, 0], [0, 0, (0, -1), 0, 0]]","[[0, 0, (1, 2), 0, 0], [0, (1, 2), 0, 0, 0], [0, (0, -1), (1, 2), (0, -1), 0], [(1, 2), 0, (1, 2), 0, 0], [0, 0, (0, -1), 0, 0]]","[[0, 0, (1, 2), 0, 0], [0, (1, 2), 0, 0, 0], [0, (0, -1), (1, 2), (0, -1), 0], [(1, 2), 0, (1, 2), 0, (2, 1)], [0, 0, (0, -1), 0, 0]]","[[0, 0, 0, 0, 0], [0, (1, 2), 0, 0, 0], [0, (0, -1), (1, 2), (0, -1), 0], [(1, 2), 0, (1, 2), 0, (2, 1)], [0, 0, (0, -1), 0, 0]]","[[0, 0, 0, 0, 0], [0, (1, 2), 0, 0, 0], [0, (0, -1), (1, 2), (0, -1), 0], [(1, 2), 0, (1, 2), 0, 0], [0, 0, (0, -1), 0, 0]]","[[0, 0, (1, 2), 0, 0], [0, (1, 2), 0, 0, 0], [0, (0, -1), (1, 2), (0, -1), 0], [(1, 2), 0, (1, 2), 0, 0], [0, 0, (0, -1), 0, 0]]","[[0, 0, (1, 2), 0, 0], [0, (1, 2), 0, 0, 0], [0, (0, -1), (1, 2), (0, -1), 0], [(1, 2), 0, (1, 2), 0, (2, 1)], [0, 0, (0, -1), 0, 0]]","[[0, 0, 0, (1, 2), 0], [0, (1, 2), 0, 0, 0], [0, (0, -1), (1, 2), (0, -1), 0], [(1, 2), 0, (1, 2), 0, (2, 1)], [0, 0, (0, -1), 0, 0]]","[[0, 0, 0, (1, 2), 0], [0, (1, 2), 0, 0, (2, 1)], [0, (0, -1), (1, 2), (0, -1), 0], [(1, 2), 0, (1, 2), 0, (2, 1)], [0, 0, (0, -1), 0, 0]]","[[0, 0, 0, (1, 2), 0], [0, (1, 2), (1, 2), 0, (2, 1)], [0, (0, -1), 0, (0, -1), 0], [(1, 2), 0, (1, 2), 0, (2, 1)], [0, 0, (0, -1), 0, 0]]","[[0, 0, 0, (1, 2), 0], [0, (1, 2), (1, 2), 0, (2, 1)], [0, (0, -1), 0, (0, -1), 0], [(1, 2), 0, (1, 2), 0, 0], [0, 0, (0, -1), 0, 0]]","[[0, 0, 0, (1, 2), 0], [0, (1, 2), (1, 2), 0, (2, 1)], [0, (0, -1), 0, (0, -1), 0], [(1, 2), 0, 0, 0, 0], [0, 0, (1, 2), 0, 0]]",,,,,,,,,,,,,,,,,,,,,,,,,,,,,,,,,,,,,,,,,,,,,,,,,,,,,,,,,,,,,,,,,,,,,,,,,,,,,,,,,,,,,,,,,,,,,,,,,,,,,,,,,,,,,,,,,,,,,,,,,,,,,,,,,,,,,,,,,,,,,,,,,,,,,,,,,,,,,,,,,,,,,,,,,,,,,,,,,,,,,,,,,,,,,,,,,,,,,,,,,,,,,,,,,,,,,,,,,,,,,,,,,,,,,,,,,,,,,,,,,,,,,,,,,,,,,,,,,,,,,,,,,,,,,,,,,,,,,,,,,,,,,,,,,,,,,,,,,,,,,,,,,,,,,,,,,,,,,,,,,,,,,,,,,,,,,,,,,,,,,,,,,,,,,,,,,,,,,,,,,,,,,,,,,,,,,,,,,,,,,,,,,,,,,,,,,,,,,,,,,,,,,,,,,,,,,,,,,,,,,,,,,,,,,,,,,,,,,,,,,,,,,,,,,,,,,,,,,,,,,,,,,,,,,,,,,,,,,,,,,,,,,,,,,,,,,,,,,,,,,,,,,,,,,,,,,,,,,,,,,,,,,,,,,,,,,,,,,,,,,,,,,,,,,,,,,,,,,,,,,,,,,,,,,,,,,,,,,,,,,,,,,,,,,,,,,,,,,,,,,,,,,,,,,,,,,,,,,,,,,,,,,,,,,,,,,,,,,,,,,,,,,,,,,,,,,,,,,,,,,,,,,,,,,,,,,,,,,,,,,,,,,,,,,,,,,,,,,,,,,,,,,,,,,,,,,,,,,,,,,,,,,,,,,,,,,,,,,,,,,,,,,,,,,,,,,,,,,,,,,,,,,,,,,,,,,,,,,,,,,,,,,,,,,,,,,,,,,,,,,,,,,,,,,,,,,,,,,,,,,,,,,,,,,,,,,,,,,,,,,,,,,,,,,,,,,,,,,,,,,,,,,,,,,,,,,,,,,,,,,,,,,,,,,,,,,,,,,,,,,,,,,,,,,,,,,,,,,,,,,,,,,,,,,,,,,,,,,,,,,,,,,,,,,,,,,,,,,,,
131,state,ia,ia,3,"(1, ('e', 0, 2, 2))","(2, ('e', 3, 4, 1))","(1, ('e', 4, 1, 0))","(2, ('e', 4, 3, 2))","(1, ('e', 0, 2, 2))","(2, ('a', 3, 4))","(1, ('e', 4, 2, 0))","(2, ('e', 3, 4, 1))","(1, ('e', 0, 2, 2))","(2, ('a', 3, 4))","(1, ('a', 0, 2))","(2, ('e', 3, 4, 1))","(1, ('e', 0, 2, 2))","(2, ('a', 3, 4))","(1, ('a', 0, 2))","(2, ('e', 3, 4, 2))","(1, ('e', 2, 4, 1))","(2, ('a', 3, 4))","(1, ('m', 1, 2, 0))","(2, ('e', 3, 4, 1))","(1, ('a', 0, 2))","(2, ('a', 3, 4))","(1, ('e', 0, 2, 2))","(2, ('e', 3, 4, 1))","(1, ('t', 4, 2, 1))","(2, ('a', 3, 4))","(1, ('a', 0, 2))","(2, ('e', 3, 4, 1))","(1, ('e', 0, 2, 2))","(2, ('a', 3, 4))","(1, ('a', 0, 2))","(2, ('e', 3, 4, 1))","(1, ('e', 0, 2, 2))","(2, ('a', 3, 4))","(1, ('a', 0, 2))","(2, ('e', 0, 2, 3))","(1, ('e', 0, 2, 2))","(2, ('e', 3, 4, 1))","(1, ('a', 0, 2))","(2, ('a', 3, 4))","(1, ('e', 4, 1, 0))","(2, ('e', 3, 4, 1))","(1, ('t', 2, 4, 2))","(2, ('a', 3, 4))","(1, ('t', 2, 4, 1))","(2, ('e', 3, 4, 1))","(1, ('t', 2, 4, 2))","(2, ('a', 3, 4))","(1, ('m', 4, 1, 3))",,,,,,,,,,,,,,,,,,,,,,,,,,,,,,,,,,,,,,,,,,,,,,,,,,,,,,,,,,,,,,,,,,,,,,,,,,,,,,,,,,,,,,,,,,,,,,,,,,,,,,,,,,,,,,,,,,,,,,,,,,,,,,,,,,,,,,,,,,,,,,,,,,,,,,,,,,,,,,,,,,,,,,,,,,,,,,,,,,,,,,,,,,,,,,,,,,,,,,,,,,,,,,,,,,,,,,,,,,,,,,,,,,,,,,,,,,,,,,,,,,,,,,,,,,,,,,,,,,,,,,,,,,,,,,,,,,,,,,,,,,,,,,,,,,,,,,,,,,,,,,,,,,,,,,,,,,,,,,,,,,,,,,,,,,,,,,,,,,,,,,,,,,,,,,,,,,,,,,,,,,,,,,,,,,,,,,,,,,,,,,,,,,,,,,,,,,,,,,,,,,,,,,,,,,,,,,,,,,,,,,,,,,,,,,,,,,,,,,,,,,,,,,,,,,,,,,,,,,,,,,,,,,,,,,,,,,,,,,,,,,,,,,,,,,,,,,,,,,,,,,,,,,,,,,,,,,,,,,,,,,,,,,,,,,,,,,,,,,,,,,,,,,,,,,,,,,,,,,,,,,,,,,,,,,,,,,,,,,,,,,,,,,,,,,,,,,,,,,,,,,,,,,,,,,,,,,,,,,,,,,,,,,,,,,,,,,,,,,,,,,,,,,,,,,,,,,,,,,,,,,,,,,,,,,,,,,,,,,,,,,,,,,,,,,,,,,,,,,,,,,,,,,,,,,,,,,,,,,,,,,,,,,,,,,,,,,,,,,,,,,,,,,,,,,,,,,,,,,,,,,,,,,,,,,,,,,,,,,,,,,,,,,,,,,,,,,,,,,,,,,,,,,,,,,,,,,,,,,,,,,,,,,,,,,,,,,,,,,,,,,,,,,,,,,,,,,,,,,,,,,,,,,,,,,,,,,,,,,,,,,,,,,,,,,,,,,,,,,,,,,,,,,,,,,,,,,,,,,,,,,,,,,,,,,,,,,,,,,,,,,,,,,,
132,move,ia,ia,3,"[[0, 0, (1, 2), 0, 0], [0, 0, 0, 0, 0], [0, (0, -1), (0, -1), (0, -1), 0], [0, 0, 0, 0, 0], [0, 0, 0, 0, 0]]","[[0, 0, (1, 2), 0, 0], [0, 0, 0, 0, 0], [0, (0, -1), (0, -1), (0, -1), 0], [0, 0, 0, 0, (2, 1)], [0, 0, 0, 0, 0]]","[[0, 0, (1, 2), 0, 0], [0, 0, 0, 0, 0], [0, (0, -1), (0, -1), (0, -1), 0], [0, 0, 0, 0, (2, 1)], [0, (1, 0), 0, 0, 0]]","[[0, 0, (1, 2), 0, 0], [0, 0, 0, 0, 0], [0, (0, -1), (0, -1), (0, -1), 0], [0, 0, 0, 0, (2, 1)], [0, (1, 0), 0, (2, 2), 0]]","[[0, 0, (1, 2), 0, 0], [0, 0, (1, 2), 0, 0], [0, (0, -1), (0, -1), (0, -1), 0], [0, 0, 0, 0, (2, 1)], [0, (1, 0), 0, (2, 2), 0]]","[[0, 0, (1, 2), 0, 0], [0, 0, (1, 2), 0, 0], [0, (0, -1), (0, -1), (0, -1), 0], [0, 0, 0, 0, 0], [0, (1, 0), 0, (2, 2), 0]]","[[0, 0, (1, 2), 0, 0], [0, 0, (1, 2), 0, 0], [0, (0, -1), (0, -1), (0, -1), 0], [0, 0, 0, 0, 0], [0, (1, 0), (1, 0), (2, 2), 0]]","[[0, 0, (1, 2), 0, 0], [0, 0, (1, 2), 0, 0], [0, (0, -1), (0, -1), (0, -1), 0], [0, 0, 0, 0, (2, 1)], [0, (1, 0), (1, 0), (2, 2), 0]]","[[0, 0, (1, 2), 0, 0], [0, 0, (1, 2), 0, 0], [0, (0, -1), (1, 2), (0, -1), 0], [0, 0, (0, -1), 0, (2, 1)], [0, (1, 0), (1, 0), (2, 2), 0]]","[[0, 0, (1, 2), 0, 0], [0, 0, (1, 2), 0, 0], [0, (0, -1), (1, 2), (0, -1), 0], [0, 0, (0, -1), 0, 0], [0, (1, 0), (1, 0), (2, 2), 0]]","[[0, 0, 0, 0, 0], [0, 0, (1, 2), 0, 0], [0, (0, -1), (1, 2), (0, -1), 0], [0, 0, (0, -1), 0, 0], [0, (1, 0), (1, 0), (2, 2), 0]]","[[0, 0, 0, 0, 0], [0, 0, (1, 2), 0, 0], [0, (0, -1), (1, 2), (0, -1), 0], [0, 0, (0, -1), 0, (2, 1)], [0, (1, 0), (1, 0), (2, 2), 0]]","[[0, 0, (1, 2), 0, 0], [0, 0, (1, 2), 0, 0], [0, (0, -1), (1, 2), (0, -1), 0], [0, 0, (0, -1), 0, (2, 1)], [0, (1, 0), (1, 0), (2, 2), 0]]","[[0, 0, (1, 2), 0, 0], [0, 0, (1, 2), 0, 0], [0, (0, -1), (1, 2), (0, -1), 0], [0, 0, (0, -1), 0, 0], [0, (1, 0), (1, 0), (2, 2), 0]]","[[0, 0, 0, 0, 0], [0, 0, (1, 2), 0, 0], [0, (0, -1), (1, 2), (0, -1), 0], [0, 0, (0, -1), 0, 0], [0, (1, 0), (1, 0), (2, 2), 0]]","[[0, 0, 0, 0, 0], [0, 0, (1, 2), 0, 0], [0, (0, -1), (1, 2), (0, -1), 0], [0, 0, (0, -1), 0, (2, 2)], [0, (1, 0), (1, 0), (2, 2), 0]]","[[0, 0, 0, 0, 0], [0, 0, (1, 2), 0, 0], [0, (0, -1), (1, 2), (0, -1), (1, 1)], [0, 0, (0, -1), 0, (2, 2)], [0, (1, 0), (1, 0), (2, 2), 0]]","[[0, 0, 0, 0, 0], [0, 0, (1, 2), 0, 0], [0, (0, -1), (1, 2), (0, -1), (1, 1)], [0, 0, (0, -1), 0, 0], [0, (1, 0), (1, 0), (2, 2), 0]]","[[0, 0, (1, 2), 0, 0], [0, 0, 0, 0, 0], [0, (0, -1), (1, 2), (0, -1), (1, 1)], [0, 0, (0, -1), 0, 0], [0, (1, 0), (1, 0), (2, 2), 0]]","[[0, 0, (1, 2), 0, 0], [0, 0, 0, 0, 0], [0, (0, -1), (1, 2), (0, -1), (1, 1)], [0, 0, (0, -1), 0, (2, 1)], [0, (1, 0), (1, 0), (2, 2), 0]]","[[0, 0, 0, 0, 0], [0, 0, 0, 0, 0], [0, (0, -1), (1, 2), (0, -1), (1, 1)], [0, 0, (0, -1), 0, (2, 1)], [0, (1, 0), (1, 0), (2, 2), 0]]","[[0, 0, 0, 0, 0], [0, 0, 0, 0, 0], [0, (0, -1), (1, 2), (0, -1), (1, 1)], [0, 0, (0, -1), 0, 0], [0, (1, 0), (1, 0), (2, 2), 0]]","[[0, 0, (1, 2), 0, 0], [0, 0, 0, 0, 0], [0, (0, -1), (1, 2), (0, -1), (1, 1)], [0, 0, (0, -1), 0, 0], [0, (1, 0), (1, 0), (2, 2), 0]]","[[0, 0, (1, 2), 0, 0], [0, 0, 0, 0, 0], [0, (0, -1), (1, 2), (0, -1), (1, 1)], [0, 0, (0, -1), 0, (2, 1)], [0, (1, 0), (1, 0), (2, 2), 0]]","[[0, 0, (1, 2), 0, 0], [0, 0, 0, 0, 0], [0, (0, -1), (1, 2), (0, -1), (1, 1)], [0, 0, (0, -1), 0, (2, 1)], [0, (1, 0), (1, 1), (2, 2), 0]]","[[0, 0, (1, 2), 0, 0], [0, 0, 0, 0, 0], [0, (0, -1), (1, 2), (0, -1), (1, 1)], [0, 0, (0, -1), 0, 0], [0, (1, 0), (1, 1), (2, 2), 0]]","[[0, 0, 0, 0, 0], [0, 0, 0, 0, 0], [0, (0, -1), (1, 2), (0, -1), (1, 1)], [0, 0, (0, -1), 0, 0], [0, (1, 0), (1, 1), (2, 2), 0]]","[[0, 0, 0, 0, 0], [0, 0, 0, 0, 0], [0, (0, -1), (1, 2), (0, -1), (1, 1)], [0, 0, (0, -1), 0, (2, 1)], [0, (1, 0), (1, 1), (2, 2), 0]]","[[0, 0, (1, 2), 0, 0], [0, 0, 0, 0, 0], [0, (0, -1), (1, 2), (0, -1), (1, 1)], [0, 0, (0, -1), 0, (2, 1)], [0, (1, 0), (1, 1), (2, 2), 0]]","[[0, 0, (1, 2), 0, 0], [0, 0, 0, 0, 0], [0, (0, -1), (1, 2), (0, -1), (1, 1)], [0, 0, (0, -1), 0, 0], [0, (1, 0), (1, 1), (2, 2), 0]]","[[0, 0, 0, 0, 0], [0, 0, 0, 0, 0], [0, (0, -1), (1, 2), (0, -1), (1, 1)], [0, 0, (0, -1), 0, 0], [0, (1, 0), (1, 1), (2, 2), 0]]","[[0, 0, 0, 0, 0], [0, 0, 0, 0, 0], [0, (0, -1), (1, 2), (0, -1), (1, 1)], [0, 0, (0, -1), 0, (2, 1)], [0, (1, 0), (1, 1), (2, 2), 0]]","[[0, 0, (1, 2), 0, 0], [0, 0, 0, 0, 0], [0, (0, -1), (1, 2), (0, -1), (1, 1)], [0, 0, (0, -1), 0, (2, 1)], [0, (1, 0), (1, 1), (2, 2), 0]]","[[0, 0, (1, 2), 0, 0], [0, 0, 0, 0, 0], [0, (0, -1), (1, 2), (0, -1), (1, 1)], [0, 0, (0, -1), 0, 0], [0, (1, 0), (1, 1), (2, 2), 0]]","[[0, 0, 0, 0, 0], [0, 0, 0, 0, 0], [0, (0, -1), (1, 2), (0, -1), (1, 1)], [0, 0, (0, -1), 0, 0], [0, (1, 0), (1, 1), (2, 2), 0]]","[[0, 0, (2, 3), 0, 0], [0, 0, 0, 0, 0], [0, (0, -1), (1, 2), (0, -1), (1, 1)], [0, 0, (0, -1), 0, 0], [0, (1, 0), (1, 1), (2, 2), 0]]","[[0, 0, (1, 2), 0, 0], [0, 0, (2, 3), 0, 0], [0, (0, -1), (1, 2), (0, -1), (1, 1)], [0, 0, (0, -1), 0, 0], [0, (1, 0), (1, 1), (2, 2), 0]]","[[0, 0, (1, 2), 0, 0], [0, 0, (2, 3), 0, 0], [0, (0, -1), (1, 2), (0, -1), (1, 1)], [0, 0, (0, -1), 0, (2, 1)], [0, (1, 0), (1, 1), (2, 2), 0]]","[[0, 0, 0, 0, 0], [0, 0, (2, 3), 0, 0], [0, (0, -1), (1, 2), (0, -1), (1, 1)], [0, 0, (0, -1), 0, (2, 1)], [0, (1, 0), (1, 1), (2, 2), 0]]","[[0, 0, 0, 0, 0], [0, 0, (2, 3), 0, 0], [0, (0, -1), (1, 2), (0, -1), (1, 1)], [0, 0, (0, -1), 0, 0], [0, (1, 0), (1, 1), (2, 2), 0]]","[[0, 0, 0, 0, 0], [0, 0, (2, 3), 0, 0], [0, (0, -1), (1, 2), (0, -1), (1, 1)], [0, (1, 0), (0, -1), 0, 0], [0, (1, 0), (1, 1), (2, 2), 0]]","[[0, 0, 0, 0, 0], [0, 0, (2, 3), 0, 0], [0, (0, -1), (1, 2), (0, -1), (1, 1)], [0, (1, 0), (0, -1), 0, (2, 1)], [0, (1, 0), (1, 1), (2, 2), 0]]","[[0, 0, 0, 0, 0], [0, 0, (2, 3), 0, 0], [0, (0, -1), (1, 2), (0, -1), (1, 2)], [0, (1, 0), (0, -1), 0, (2, 1)], [0, (1, 0), (1, 1), (2, 2), 0]]","[[0, 0, 0, 0, 0], [0, 0, (2, 3), 0, 0], [0, (0, -1), (1, 2), (0, -1), (1, 2)], [0, (1, 0), (0, -1), 0, 0], [0, (1, 0), (1, 1), (2, 2), 0]]","[[0, 0, 0, 0, 0], [0, 0, (2, 3), 0, 0], [0, (0, -1), (1, 2), (0, -1), (1, 1)], [0, (1, 0), (0, -1), 0, 0], [0, (1, 0), (1, 1), (2, 2), 0]]","[[0, 0, 0, 0, 0], [0, 0, (2, 3), 0, 0], [0, (0, -1), (1, 2), (0, -1), (1, 1)], [0, (1, 0), (0, -1), 0, (2, 1)], [0, (1, 0), (1, 1), (2, 2), 0]]","[[0, 0, 0, 0, 0], [0, 0, (2, 3), 0, 0], [0, (0, -1), (1, 2), (0, -1), (1, 2)], [0, (1, 0), (0, -1), 0, (2, 1)], [0, (1, 0), (1, 1), (2, 2), 0]]","[[0, 0, 0, 0, 0], [0, 0, (2, 3), 0, 0], [0, (0, -1), (1, 2), (0, -1), (1, 2)], [0, (1, 0), (0, -1), 0, 0], [0, (1, 0), (1, 1), (2, 2), 0]]","[[0, 0, 0, 0, 0], [0, 0, (2, 3), 0, 0], [0, (0, -1), (1, 2), (0, -1), (1, 2)], [0, (1, 0), (0, -1), 0, 0], [(1, 0), 0, (1, 1), (2, 2), 0]]",,,,,,,,,,,,,,,,,,,,,,,,,,,,,,,,,,,,,,,,,,,,,,,,,,,,,,,,,,,,,,,,,,,,,,,,,,,,,,,,,,,,,,,,,,,,,,,,,,,,,,,,,,,,,,,,,,,,,,,,,,,,,,,,,,,,,,,,,,,,,,,,,,,,,,,,,,,,,,,,,,,,,,,,,,,,,,,,,,,,,,,,,,,,,,,,,,,,,,,,,,,,,,,,,,,,,,,,,,,,,,,,,,,,,,,,,,,,,,,,,,,,,,,,,,,,,,,,,,,,,,,,,,,,,,,,,,,,,,,,,,,,,,,,,,,,,,,,,,,,,,,,,,,,,,,,,,,,,,,,,,,,,,,,,,,,,,,,,,,,,,,,,,,,,,,,,,,,,,,,,,,,,,,,,,,,,,,,,,,,,,,,,,,,,,,,,,,,,,,,,,,,,,,,,,,,,,,,,,,,,,,,,,,,,,,,,,,,,,,,,,,,,,,,,,,,,,,,,,,,,,,,,,,,,,,,,,,,,,,,,,,,,,,,,,,,,,,,,,,,,,,,,,,,,,,,,,,,,,,,,,,,,,,,,,,,,,,,,,,,,,,,,,,,,,,,,,,,,,,,,,,,,,,,,,,,,,,,,,,,,,,,,,,,,,,,,,,,,,,,,,,,,,,,,,,,,,,,,,,,,,,,,,,,,,,,,,,,,,,,,,,,,,,,,,,,,,,,,,,,,,,,,,,,,,,,,,,,,,,,,,,,,,,,,,,,,,,,,,,,,,,,,,,,,,,,,,,,,,,,,,,,,,,,,,,,,,,,,,,,,,,,,,,,,,,,,,,,,,,,,,,,,,,,,,,,,,,,,,,,,,,,,,,,,,,,,,,,,,,,,,,,,,,,,,,,,,,,,,,,,,,,,,,,,,,,,,,,,,,,,,,,,,,,,,,,,,,,,,,,,,,,,,,,,,,,,,,,,,,,,,,,,,,,,,,,,,,,,,,,,,,,,,,,,,,,,,,,,,,,,,,,,,,,,,,,,,,,,,,,,,,,,,,
133,state,ia,ia,1,"(1, ('e', 0, 2, 2))","(2, ('e', 3, 4, 1))","(1, ('e', 0, 2, 2))","(2, ('a', 3, 4))","(1, ('e', 4, 1, 3))","(2, ('e', 3, 4, 1))","(1, ('e', 0, 2, 2))","(2, ('a', 3, 4))","(1, ('e', 0, 2, 2))","(2, ('e', 3, 4, 1))","(1, ('a', 0, 2))","(2, ('a', 3, 4))","(1, ('e', 0, 2, 2))","(2, ('e', 0, 3, 1))","(1, ('a', 0, 2))","(2, ('e', 3, 4, 1))","(1, ('e', 0, 2, 2))","(2, ('a', 3, 4))","(1, ('a', 0, 2))","(2, ('e', 0, 0, 1))","(1, ('e', 4, 1, 0))","(2, ('e', 3, 4, 1))","(1, ('m', 4, 1, 3))","(2, ('a', 3, 4))","(1, ('t', 2, 2, 3))","(2, ('e', 3, 4, 1))","(1, ('m', 1, 2, 3))","(2, ('a', 3, 4))","(1, ('m', 2, 2, 0))","(2, ('e', 3, 4, 1))","(1, ('m', 1, 2, 3))","(2, ('a', 3, 4))","(1, ('m', 3, 2, 2))",,,,,,,,,,,,,,,,,,,,,,,,,,,,,,,,,,,,,,,,,,,,,,,,,,,,,,,,,,,,,,,,,,,,,,,,,,,,,,,,,,,,,,,,,,,,,,,,,,,,,,,,,,,,,,,,,,,,,,,,,,,,,,,,,,,,,,,,,,,,,,,,,,,,,,,,,,,,,,,,,,,,,,,,,,,,,,,,,,,,,,,,,,,,,,,,,,,,,,,,,,,,,,,,,,,,,,,,,,,,,,,,,,,,,,,,,,,,,,,,,,,,,,,,,,,,,,,,,,,,,,,,,,,,,,,,,,,,,,,,,,,,,,,,,,,,,,,,,,,,,,,,,,,,,,,,,,,,,,,,,,,,,,,,,,,,,,,,,,,,,,,,,,,,,,,,,,,,,,,,,,,,,,,,,,,,,,,,,,,,,,,,,,,,,,,,,,,,,,,,,,,,,,,,,,,,,,,,,,,,,,,,,,,,,,,,,,,,,,,,,,,,,,,,,,,,,,,,,,,,,,,,,,,,,,,,,,,,,,,,,,,,,,,,,,,,,,,,,,,,,,,,,,,,,,,,,,,,,,,,,,,,,,,,,,,,,,,,,,,,,,,,,,,,,,,,,,,,,,,,,,,,,,,,,,,,,,,,,,,,,,,,,,,,,,,,,,,,,,,,,,,,,,,,,,,,,,,,,,,,,,,,,,,,,,,,,,,,,,,,,,,,,,,,,,,,,,,,,,,,,,,,,,,,,,,,,,,,,,,,,,,,,,,,,,,,,,,,,,,,,,,,,,,,,,,,,,,,,,,,,,,,,,,,,,,,,,,,,,,,,,,,,,,,,,,,,,,,,,,,,,,,,,,,,,,,,,,,,,,,,,,,,,,,,,,,,,,,,,,,,,,,,,,,,,,,,,,,,,,,,,,,,,,,,,,,,,,,,,,,,,,,,,,,,,,,,,,,,,,,,,,,,,,,,,,,,,,,,,,,,,,,,,,,,,,,,,,,,,,,,,,,,,,,,,,,,,,,,,,,,,,,,,,,,,,,,,,,,,,,,,,,,,,,,,,,,,,,,,,,,,,
134,move,ia,ia,1,"[[0, 0, (1, 2), 0, 0], [0, 0, 0, 0, 0], [0, (0, -1), (0, -1), (0, -1), 0], [0, 0, 0, 0, 0], [0, 0, 0, 0, 0]]","[[0, 0, (1, 2), 0, 0], [0, 0, 0, 0, 0], [0, (0, -1), (0, -1), (0, -1), 0], [0, 0, 0, 0, (2, 1)], [0, 0, 0, 0, 0]]","[[0, 0, (1, 2), 0, 0], [0, 0, (1, 2), 0, 0], [0, (0, -1), (0, -1), (0, -1), 0], [0, 0, 0, 0, (2, 1)], [0, 0, 0, 0, 0]]","[[0, 0, (1, 2), 0, 0], [0, 0, (1, 2), 0, 0], [0, (0, -1), (0, -1), (0, -1), 0], [0, 0, 0, 0, 0], [0, 0, 0, 0, 0]]","[[0, 0, (1, 2), 0, 0], [0, 0, (1, 2), 0, 0], [0, (0, -1), (0, -1), (0, -1), 0], [0, 0, 0, 0, 0], [0, (1, 3), 0, 0, 0]]","[[0, 0, (1, 2), 0, 0], [0, 0, (1, 2), 0, 0], [0, (0, -1), (0, -1), (0, -1), 0], [0, 0, 0, 0, (2, 1)], [0, (1, 3), 0, 0, 0]]","[[0, 0, (1, 2), 0, 0], [0, 0, (1, 2), 0, 0], [0, (0, -1), (1, 2), (0, -1), 0], [0, 0, (0, -1), 0, (2, 1)], [0, (1, 3), 0, 0, 0]]","[[0, 0, (1, 2), 0, 0], [0, 0, (1, 2), 0, 0], [0, (0, -1), (1, 2), (0, -1), 0], [0, 0, (0, -1), 0, 0], [0, (1, 3), 0, 0, 0]]","[[0, 0, (1, 2), 0, 0], [0, 0, (1, 2), 0, 0], [0, (0, -1), (1, 2), (0, -1), 0], [0, 0, (1, 2), 0, 0], [0, (1, 3), (0, -1), 0, 0]]","[[0, 0, (1, 2), 0, 0], [0, 0, (1, 2), 0, 0], [0, (0, -1), (1, 2), (0, -1), 0], [0, 0, (1, 2), 0, (2, 1)], [0, (1, 3), (0, -1), 0, 0]]","[[0, 0, 0, 0, 0], [0, 0, (1, 2), 0, 0], [0, (0, -1), (1, 2), (0, -1), 0], [0, 0, (1, 2), 0, (2, 1)], [0, (1, 3), (0, -1), 0, 0]]","[[0, 0, 0, 0, 0], [0, 0, (1, 2), 0, 0], [0, (0, -1), (1, 2), (0, -1), 0], [0, 0, (1, 2), 0, 0], [0, (1, 3), (0, -1), 0, 0]]","[[0, 0, (1, 2), 0, 0], [0, 0, (1, 2), 0, 0], [0, (0, -1), (1, 2), (0, -1), 0], [0, 0, (1, 2), 0, 0], [0, (1, 3), (0, -1), 0, 0]]","[[0, 0, (1, 2), (2, 1), 0], [0, 0, (1, 2), 0, 0], [0, (0, -1), (1, 2), (0, -1), 0], [0, 0, (1, 2), 0, 0], [0, (1, 3), (0, -1), 0, 0]]","[[0, 0, 0, (2, 1), 0], [0, 0, (1, 2), 0, 0], [0, (0, -1), (1, 2), (0, -1), 0], [0, 0, (1, 2), 0, 0], [0, (1, 3), (0, -1), 0, 0]]","[[0, 0, 0, (2, 1), 0], [0, 0, (1, 2), 0, 0], [0, (0, -1), (1, 2), (0, -1), 0], [0, 0, (1, 2), 0, (2, 1)], [0, (1, 3), (0, -1), 0, 0]]","[[0, 0, (1, 2), (2, 1), 0], [0, 0, (1, 2), 0, 0], [0, (0, -1), (1, 2), (0, -1), 0], [0, 0, (1, 2), 0, (2, 1)], [0, (1, 3), (0, -1), 0, 0]]","[[0, 0, (1, 2), (2, 1), 0], [0, 0, (1, 2), 0, 0], [0, (0, -1), (1, 2), (0, -1), 0], [0, 0, (1, 2), 0, 0], [0, (1, 3), (0, -1), 0, 0]]","[[0, 0, 0, (2, 1), 0], [0, 0, (1, 2), 0, 0], [0, (0, -1), (1, 2), (0, -1), 0], [0, 0, (1, 2), 0, 0], [0, (1, 3), (0, -1), 0, 0]]","[[(2, 1), 0, 0, (2, 1), 0], [0, 0, (1, 2), 0, 0], [0, (0, -1), (1, 2), (0, -1), 0], [0, 0, (1, 2), 0, 0], [0, (1, 3), (0, -1), 0, 0]]","[[(2, 1), 0, 0, (2, 1), 0], [0, 0, (1, 2), 0, 0], [0, (0, -1), (1, 2), (0, -1), 0], [0, (1, 3), (1, 2), 0, 0], [0, (1, 0), (0, -1), 0, 0]]","[[(2, 1), 0, 0, (2, 1), 0], [0, 0, (1, 2), 0, 0], [0, (0, -1), (1, 2), (0, -1), 0], [0, (1, 3), (1, 2), 0, (2, 1)], [0, (1, 0), (0, -1), 0, 0]]","[[(2, 1), 0, 0, (2, 1), 0], [0, 0, (1, 2), 0, 0], [0, (0, -1), (1, 2), (0, -1), 0], [0, (1, 3), (1, 2), 0, (2, 1)], [(1, 0), 0, (0, -1), 0, 0]]","[[(2, 1), 0, 0, (2, 1), 0], [0, 0, (1, 2), 0, 0], [0, (0, -1), (1, 2), (0, -1), 0], [0, (1, 3), (1, 2), 0, 0], [(1, 0), 0, (0, -1), 0, 0]]","[[(2, 1), 0, 0, (2, 1), 0], [0, 0, (1, 2), 0, 0], [0, (0, -1), (1, 3), (0, -1), 0], [0, (1, 3), (1, 2), 0, 0], [(1, 0), 0, (0, -1), 0, 0]]","[[(2, 1), 0, 0, (2, 1), 0], [0, 0, (1, 2), 0, 0], [0, (0, -1), (1, 3), (0, -1), 0], [0, (1, 3), (1, 2), 0, (2, 1)], [(1, 0), 0, (0, -1), 0, 0]]","[[(2, 1), 0, 0, (2, 1), 0], [0, (1, 2), 0, 0, 0], [0, (0, -1), (1, 3), (0, -1), 0], [0, (1, 3), (1, 2), 0, (2, 1)], [(1, 0), 0, (0, -1), 0, 0]]","[[(2, 1), 0, 0, (2, 1), 0], [0, (1, 2), 0, 0, 0], [0, (0, -1), (1, 3), (0, -1), 0], [0, (1, 3), (1, 2), 0, 0], [(1, 0), 0, (0, -1), 0, 0]]","[[(2, 1), 0, 0, (2, 1), 0], [0, (1, 2), (1, 3), 0, 0], [0, (0, -1), 0, (0, -1), 0], [0, (1, 3), (1, 2), 0, 0], [(1, 0), 0, (0, -1), 0, 0]]","[[(2, 1), 0, 0, (2, 1), 0], [0, (1, 2), (1, 3), 0, 0], [0, (0, -1), 0, (0, -1), 0], [0, (1, 3), (1, 2), 0, (2, 1)], [(1, 0), 0, (0, -1), 0, 0]]","[[(2, 1), 0, 0, (2, 1), 0], [(1, 2), (1, 3), 0, 0, 0], [0, (0, -1), 0, (0, -1), 0], [0, (1, 3), (1, 2), 0, (2, 1)], [(1, 0), 0, (0, -1), 0, 0]]","[[(2, 1), 0, 0, (2, 1), 0], [(1, 2), (1, 3), 0, 0, 0], [0, (0, -1), 0, (0, -1), 0], [0, (1, 3), (1, 2), 0, 0], [(1, 0), 0, (0, -1), 0, 0]]","[[(2, 1), 0, 0, (2, 1), 0], [(1, 2), (1, 3), 0, 0, 0], [0, (0, -1), 0, (0, -1), 0], [0, (1, 3), 0, 0, 0], [(1, 0), 0, (1, 2), 0, 0]]",,,,,,,,,,,,,,,,,,,,,,,,,,,,,,,,,,,,,,,,,,,,,,,,,,,,,,,,,,,,,,,,,,,,,,,,,,,,,,,,,,,,,,,,,,,,,,,,,,,,,,,,,,,,,,,,,,,,,,,,,,,,,,,,,,,,,,,,,,,,,,,,,,,,,,,,,,,,,,,,,,,,,,,,,,,,,,,,,,,,,,,,,,,,,,,,,,,,,,,,,,,,,,,,,,,,,,,,,,,,,,,,,,,,,,,,,,,,,,,,,,,,,,,,,,,,,,,,,,,,,,,,,,,,,,,,,,,,,,,,,,,,,,,,,,,,,,,,,,,,,,,,,,,,,,,,,,,,,,,,,,,,,,,,,,,,,,,,,,,,,,,,,,,,,,,,,,,,,,,,,,,,,,,,,,,,,,,,,,,,,,,,,,,,,,,,,,,,,,,,,,,,,,,,,,,,,,,,,,,,,,,,,,,,,,,,,,,,,,,,,,,,,,,,,,,,,,,,,,,,,,,,,,,,,,,,,,,,,,,,,,,,,,,,,,,,,,,,,,,,,,,,,,,,,,,,,,,,,,,,,,,,,,,,,,,,,,,,,,,,,,,,,,,,,,,,,,,,,,,,,,,,,,,,,,,,,,,,,,,,,,,,,,,,,,,,,,,,,,,,,,,,,,,,,,,,,,,,,,,,,,,,,,,,,,,,,,,,,,,,,,,,,,,,,,,,,,,,,,,,,,,,,,,,,,,,,,,,,,,,,,,,,,,,,,,,,,,,,,,,,,,,,,,,,,,,,,,,,,,,,,,,,,,,,,,,,,,,,,,,,,,,,,,,,,,,,,,,,,,,,,,,,,,,,,,,,,,,,,,,,,,,,,,,,,,,,,,,,,,,,,,,,,,,,,,,,,,,,,,,,,,,,,,,,,,,,,,,,,,,,,,,,,,,,,,,,,,,,,,,,,,,,,,,,,,,,,,,,,,,,,,,,,,,,,,,,,,,,,,,,,,,,,,,,,,,,,,,,,,,,,,,,,,,,,,,,,,,,,,,,,,,,,,,,,,,,,,,,,,,,,,
135,state,ia,ia,1,"(1, ('e', 3, 4, 0))","(2, ('e', 0, 4, 1))","(1, ('e', 0, 2, 2))","(2, ('e', 4, 1, 3))","(1, ('e', 0, 2, 2))","(2, ('m', 0, 4, 3))","(1, ('e', 0, 2, 2))","(2, ('m', 4, 1, 0))","(1, ('e', 0, 2, 2))","(2, ('t', 0, 3, 2))","(1, ('m', 0, 2, 2))",,,,,,,,,,,,,,,,,,,,,,,,,,,,,,,,,,,,,,,,,,,,,,,,,,,,,,,,,,,,,,,,,,,,,,,,,,,,,,,,,,,,,,,,,,,,,,,,,,,,,,,,,,,,,,,,,,,,,,,,,,,,,,,,,,,,,,,,,,,,,,,,,,,,,,,,,,,,,,,,,,,,,,,,,,,,,,,,,,,,,,,,,,,,,,,,,,,,,,,,,,,,,,,,,,,,,,,,,,,,,,,,,,,,,,,,,,,,,,,,,,,,,,,,,,,,,,,,,,,,,,,,,,,,,,,,,,,,,,,,,,,,,,,,,,,,,,,,,,,,,,,,,,,,,,,,,,,,,,,,,,,,,,,,,,,,,,,,,,,,,,,,,,,,,,,,,,,,,,,,,,,,,,,,,,,,,,,,,,,,,,,,,,,,,,,,,,,,,,,,,,,,,,,,,,,,,,,,,,,,,,,,,,,,,,,,,,,,,,,,,,,,,,,,,,,,,,,,,,,,,,,,,,,,,,,,,,,,,,,,,,,,,,,,,,,,,,,,,,,,,,,,,,,,,,,,,,,,,,,,,,,,,,,,,,,,,,,,,,,,,,,,,,,,,,,,,,,,,,,,,,,,,,,,,,,,,,,,,,,,,,,,,,,,,,,,,,,,,,,,,,,,,,,,,,,,,,,,,,,,,,,,,,,,,,,,,,,,,,,,,,,,,,,,,,,,,,,,,,,,,,,,,,,,,,,,,,,,,,,,,,,,,,,,,,,,,,,,,,,,,,,,,,,,,,,,,,,,,,,,,,,,,,,,,,,,,,,,,,,,,,,,,,,,,,,,,,,,,,,,,,,,,,,,,,,,,,,,,,,,,,,,,,,,,,,,,,,,,,,,,,,,,,,,,,,,,,,,,,,,,,,,,,,,,,,,,,,,,,,,,,,,,,,,,,,,,,,,,,,,,,,,,,,,,,,,,,,,,,,,,,,,,,,,,,,,,,,,,,,,,,,,,,,,,,,,,,,,,,,,,,,,,,,,,,,,,,,,,,,,,,,,,,,,,,,,,,,,,,,,,,,,,,,,,,,,,,,,,,,,,,,,,
136,move,ia,ia,1,"[[0, 0, 0, 0, 0], [0, 0, 0, 0, 0], [0, (0, -1), (0, -1), (0, -1), 0], [0, 0, 0, 0, (1, 0)], [0, 0, 0, 0, 0]]","[[0, 0, 0, 0, (2, 1)], [0, 0, 0, 0, 0], [0, (0, -1), (0, -1), (0, -1), 0], [0, 0, 0, 0, (1, 0)], [0, 0, 0, 0, 0]]","[[0, 0, (1, 2), 0, (2, 1)], [0, 0, 0, 0, 0], [0, (0, -1), (0, -1), (0, -1), 0], [0, 0, 0, 0, (1, 0)], [0, 0, 0, 0, 0]]","[[0, 0, (1, 2), 0, (2, 1)], [0, 0, 0, 0, 0], [0, (0, -1), (0, -1), (0, -1), 0], [0, 0, 0, 0, (1, 0)], [0, (2, 3), 0, 0, 0]]","[[0, 0, (1, 2), 0, (2, 1)], [0, 0, (1, 2), 0, 0], [0, (0, -1), (0, -1), (0, -1), 0], [0, 0, 0, 0, (1, 0)], [0, (2, 3), 0, 0, 0]]","[[0, 0, (1, 2), (2, 1), 0], [0, 0, (1, 2), 0, 0], [0, (0, -1), (0, -1), (0, -1), 0], [0, 0, 0, 0, (1, 0)], [0, (2, 3), 0, 0, 0]]","[[0, 0, (1, 2), (2, 1), 0], [0, 0, (1, 2), 0, 0], [0, (0, -1), (1, 2), (0, -1), 0], [0, 0, (0, -1), 0, (1, 0)], [0, (2, 3), 0, 0, 0]]","[[0, 0, (1, 2), (2, 1), 0], [0, 0, (1, 2), 0, 0], [0, (0, -1), (1, 2), (0, -1), 0], [0, (2, 3), (0, -1), 0, (1, 0)], [0, 0, 0, 0, 0]]","[[0, 0, (1, 2), (2, 1), 0], [0, 0, (1, 2), 0, 0], [0, (0, -1), (1, 2), (0, -1), 0], [0, (2, 3), (1, 2), 0, (1, 0)], [0, 0, (0, -1), 0, 0]]","[[0, 0, (1, 2), (2, 2), 0], [0, 0, (1, 2), 0, 0], [0, (0, -1), (1, 2), (0, -1), 0], [0, (2, 3), (1, 2), 0, (1, 0)], [0, 0, (0, -1), 0, 0]]","[[0, 0, 0, (2, 2), 0], [0, 0, (1, 2), 0, 0], [0, (0, -1), (1, 2), (0, -1), 0], [0, (2, 3), (1, 2), 0, (1, 0)], [0, 0, (1, 2), 0, 0]]",,,,,,,,,,,,,,,,,,,,,,,,,,,,,,,,,,,,,,,,,,,,,,,,,,,,,,,,,,,,,,,,,,,,,,,,,,,,,,,,,,,,,,,,,,,,,,,,,,,,,,,,,,,,,,,,,,,,,,,,,,,,,,,,,,,,,,,,,,,,,,,,,,,,,,,,,,,,,,,,,,,,,,,,,,,,,,,,,,,,,,,,,,,,,,,,,,,,,,,,,,,,,,,,,,,,,,,,,,,,,,,,,,,,,,,,,,,,,,,,,,,,,,,,,,,,,,,,,,,,,,,,,,,,,,,,,,,,,,,,,,,,,,,,,,,,,,,,,,,,,,,,,,,,,,,,,,,,,,,,,,,,,,,,,,,,,,,,,,,,,,,,,,,,,,,,,,,,,,,,,,,,,,,,,,,,,,,,,,,,,,,,,,,,,,,,,,,,,,,,,,,,,,,,,,,,,,,,,,,,,,,,,,,,,,,,,,,,,,,,,,,,,,,,,,,,,,,,,,,,,,,,,,,,,,,,,,,,,,,,,,,,,,,,,,,,,,,,,,,,,,,,,,,,,,,,,,,,,,,,,,,,,,,,,,,,,,,,,,,,,,,,,,,,,,,,,,,,,,,,,,,,,,,,,,,,,,,,,,,,,,,,,,,,,,,,,,,,,,,,,,,,,,,,,,,,,,,,,,,,,,,,,,,,,,,,,,,,,,,,,,,,,,,,,,,,,,,,,,,,,,,,,,,,,,,,,,,,,,,,,,,,,,,,,,,,,,,,,,,,,,,,,,,,,,,,,,,,,,,,,,,,,,,,,,,,,,,,,,,,,,,,,,,,,,,,,,,,,,,,,,,,,,,,,,,,,,,,,,,,,,,,,,,,,,,,,,,,,,,,,,,,,,,,,,,,,,,,,,,,,,,,,,,,,,,,,,,,,,,,,,,,,,,,,,,,,,,,,,,,,,,,,,,,,,,,,,,,,,,,,,,,,,,,,,,,,,,,,,,,,,,,,,,,,,,,,,,,,,,,,,,,,,,,,,,,,,,,,,,,,,,,,,,,,,,,,,,,,,,,,,,,,,,,,,,,,,,,,,,,,,,,,
137,state,ia,ia,1,"(1, ('e', 0, 2, 2))","(2, ('e', 3, 4, 1))","(1, ('e', 0, 2, 2))","(2, ('a', 3, 4))","(1, ('e', 0, 2, 2))","(2, ('e', 3, 4, 1))","(1, ('e', 0, 2, 2))","(2, ('a', 3, 4))","(1, ('e', 0, 2, 2))",,,,,,,,,,,,,,,,,,,,,,,,,,,,,,,,,,,,,,,,,,,,,,,,,,,,,,,,,,,,,,,,,,,,,,,,,,,,,,,,,,,,,,,,,,,,,,,,,,,,,,,,,,,,,,,,,,,,,,,,,,,,,,,,,,,,,,,,,,,,,,,,,,,,,,,,,,,,,,,,,,,,,,,,,,,,,,,,,,,,,,,,,,,,,,,,,,,,,,,,,,,,,,,,,,,,,,,,,,,,,,,,,,,,,,,,,,,,,,,,,,,,,,,,,,,,,,,,,,,,,,,,,,,,,,,,,,,,,,,,,,,,,,,,,,,,,,,,,,,,,,,,,,,,,,,,,,,,,,,,,,,,,,,,,,,,,,,,,,,,,,,,,,,,,,,,,,,,,,,,,,,,,,,,,,,,,,,,,,,,,,,,,,,,,,,,,,,,,,,,,,,,,,,,,,,,,,,,,,,,,,,,,,,,,,,,,,,,,,,,,,,,,,,,,,,,,,,,,,,,,,,,,,,,,,,,,,,,,,,,,,,,,,,,,,,,,,,,,,,,,,,,,,,,,,,,,,,,,,,,,,,,,,,,,,,,,,,,,,,,,,,,,,,,,,,,,,,,,,,,,,,,,,,,,,,,,,,,,,,,,,,,,,,,,,,,,,,,,,,,,,,,,,,,,,,,,,,,,,,,,,,,,,,,,,,,,,,,,,,,,,,,,,,,,,,,,,,,,,,,,,,,,,,,,,,,,,,,,,,,,,,,,,,,,,,,,,,,,,,,,,,,,,,,,,,,,,,,,,,,,,,,,,,,,,,,,,,,,,,,,,,,,,,,,,,,,,,,,,,,,,,,,,,,,,,,,,,,,,,,,,,,,,,,,,,,,,,,,,,,,,,,,,,,,,,,,,,,,,,,,,,,,,,,,,,,,,,,,,,,,,,,,,,,,,,,,,,,,,,,,,,,,,,,,,,,,,,,,,,,,,,,,,,,,,,,,,,,,,,,,,,,,,,,,,,,,,,,,,,,,,,,,,,,,,,,,,,,,,,,,,,,,,,,,,,,,,,,,,,,,,,,,,,,,,,,,,,,,,,,,,,,,,,
138,move,ia,ia,1,"[[0, 0, (1, 2), 0, 0], [0, 0, 0, 0, 0], [0, (0, -1), (0, -1), (0, -1), 0], [0, 0, 0, 0, 0], [0, 0, 0, 0, 0]]","[[0, 0, (1, 2), 0, 0], [0, 0, 0, 0, 0], [0, (0, -1), (0, -1), (0, -1), 0], [0, 0, 0, 0, (2, 1)], [0, 0, 0, 0, 0]]","[[0, 0, (1, 2), 0, 0], [0, 0, (1, 2), 0, 0], [0, (0, -1), (0, -1), (0, -1), 0], [0, 0, 0, 0, (2, 1)], [0, 0, 0, 0, 0]]","[[0, 0, (1, 2), 0, 0], [0, 0, (1, 2), 0, 0], [0, (0, -1), (0, -1), (0, -1), 0], [0, 0, 0, 0, 0], [0, 0, 0, 0, 0]]","[[0, 0, (1, 2), 0, 0], [0, 0, (1, 2), 0, 0], [0, (0, -1), (1, 2), (0, -1), 0], [0, 0, (0, -1), 0, 0], [0, 0, 0, 0, 0]]","[[0, 0, (1, 2), 0, 0], [0, 0, (1, 2), 0, 0], [0, (0, -1), (1, 2), (0, -1), 0], [0, 0, (0, -1), 0, (2, 1)], [0, 0, 0, 0, 0]]","[[0, 0, (1, 2), 0, 0], [0, 0, (1, 2), 0, 0], [0, (0, -1), (1, 2), (0, -1), 0], [0, 0, (1, 2), 0, (2, 1)], [0, 0, (0, -1), 0, 0]]","[[0, 0, (1, 2), 0, 0], [0, 0, (1, 2), 0, 0], [0, (0, -1), (1, 2), (0, -1), 0], [0, 0, (1, 2), 0, 0], [0, 0, (0, -1), 0, 0]]","[[0, 0, (1, 2), 0, 0], [0, 0, (1, 2), 0, 0], [0, (0, -1), (1, 2), (0, -1), 0], [0, 0, (1, 2), 0, 0], [0, 0, (1, 2), 0, 0]]",,,,,,,,,,,,,,,,,,,,,,,,,,,,,,,,,,,,,,,,,,,,,,,,,,,,,,,,,,,,,,,,,,,,,,,,,,,,,,,,,,,,,,,,,,,,,,,,,,,,,,,,,,,,,,,,,,,,,,,,,,,,,,,,,,,,,,,,,,,,,,,,,,,,,,,,,,,,,,,,,,,,,,,,,,,,,,,,,,,,,,,,,,,,,,,,,,,,,,,,,,,,,,,,,,,,,,,,,,,,,,,,,,,,,,,,,,,,,,,,,,,,,,,,,,,,,,,,,,,,,,,,,,,,,,,,,,,,,,,,,,,,,,,,,,,,,,,,,,,,,,,,,,,,,,,,,,,,,,,,,,,,,,,,,,,,,,,,,,,,,,,,,,,,,,,,,,,,,,,,,,,,,,,,,,,,,,,,,,,,,,,,,,,,,,,,,,,,,,,,,,,,,,,,,,,,,,,,,,,,,,,,,,,,,,,,,,,,,,,,,,,,,,,,,,,,,,,,,,,,,,,,,,,,,,,,,,,,,,,,,,,,,,,,,,,,,,,,,,,,,,,,,,,,,,,,,,,,,,,,,,,,,,,,,,,,,,,,,,,,,,,,,,,,,,,,,,,,,,,,,,,,,,,,,,,,,,,,,,,,,,,,,,,,,,,,,,,,,,,,,,,,,,,,,,,,,,,,,,,,,,,,,,,,,,,,,,,,,,,,,,,,,,,,,,,,,,,,,,,,,,,,,,,,,,,,,,,,,,,,,,,,,,,,,,,,,,,,,,,,,,,,,,,,,,,,,,,,,,,,,,,,,,,,,,,,,,,,,,,,,,,,,,,,,,,,,,,,,,,,,,,,,,,,,,,,,,,,,,,,,,,,,,,,,,,,,,,,,,,,,,,,,,,,,,,,,,,,,,,,,,,,,,,,,,,,,,,,,,,,,,,,,,,,,,,,,,,,,,,,,,,,,,,,,,,,,,,,,,,,,,,,,,,,,,,,,,,,,,,,,,,,,,,,,,,,,,,,,,,,,,,,,,,,,,,,,,,,,,,,,,,,,,,,,,,,,,,,,,,,,,,,,,,,,,,,,,,,,,,,,,,,,,,
139,state,ia,ia,1,"(1, ('e', 0, 2, 2))","(2, ('e', 3, 4, 1))","(1, ('e', 0, 2, 2))","(2, ('a', 3, 4))","(1, ('e', 0, 2, 2))","(2, ('e', 3, 4, 1))","(1, ('e', 2, 4, 1))","(2, ('a', 3, 4))","(1, ('e', 0, 2, 2))","(2, ('e', 3, 4, 1))","(1, ('a', 0, 2))","(2, ('a', 3, 4))","(1, ('e', 0, 2, 2))","(2, ('e', 1, 4, 0))","(1, ('a', 0, 2))","(2, ('e', 3, 4, 1))","(1, ('e', 0, 2, 2))","(2, ('a', 3, 4))","(1, ('a', 0, 2))","(2, ('e', 0, 0, 0))","(1, ('e', 0, 2, 2))","(2, ('e', 3, 4, 1))","(1, ('a', 0, 2))","(2, ('a', 3, 4))","(1, ('e', 0, 2, 2))","(2, ('e', 3, 4, 1))","(1, ('a', 0, 2))","(2, ('a', 3, 4))","(1, ('e', 0, 2, 2))","(2, ('e', 3, 4, 1))","(1, ('a', 0, 2))","(2, ('a', 3, 4))","(1, ('e', 0, 2, 2))","(2, ('e', 3, 4, 1))","(1, ('a', 0, 2))","(2, ('a', 3, 4))","(1, ('e', 0, 2, 2))","(2, ('e', 3, 4, 1))","(1, ('t', 2, 4, 3))","(2, ('a', 1, 4))","(1, ('m', 2, 2, 2))",,,,,,,,,,,,,,,,,,,,,,,,,,,,,,,,,,,,,,,,,,,,,,,,,,,,,,,,,,,,,,,,,,,,,,,,,,,,,,,,,,,,,,,,,,,,,,,,,,,,,,,,,,,,,,,,,,,,,,,,,,,,,,,,,,,,,,,,,,,,,,,,,,,,,,,,,,,,,,,,,,,,,,,,,,,,,,,,,,,,,,,,,,,,,,,,,,,,,,,,,,,,,,,,,,,,,,,,,,,,,,,,,,,,,,,,,,,,,,,,,,,,,,,,,,,,,,,,,,,,,,,,,,,,,,,,,,,,,,,,,,,,,,,,,,,,,,,,,,,,,,,,,,,,,,,,,,,,,,,,,,,,,,,,,,,,,,,,,,,,,,,,,,,,,,,,,,,,,,,,,,,,,,,,,,,,,,,,,,,,,,,,,,,,,,,,,,,,,,,,,,,,,,,,,,,,,,,,,,,,,,,,,,,,,,,,,,,,,,,,,,,,,,,,,,,,,,,,,,,,,,,,,,,,,,,,,,,,,,,,,,,,,,,,,,,,,,,,,,,,,,,,,,,,,,,,,,,,,,,,,,,,,,,,,,,,,,,,,,,,,,,,,,,,,,,,,,,,,,,,,,,,,,,,,,,,,,,,,,,,,,,,,,,,,,,,,,,,,,,,,,,,,,,,,,,,,,,,,,,,,,,,,,,,,,,,,,,,,,,,,,,,,,,,,,,,,,,,,,,,,,,,,,,,,,,,,,,,,,,,,,,,,,,,,,,,,,,,,,,,,,,,,,,,,,,,,,,,,,,,,,,,,,,,,,,,,,,,,,,,,,,,,,,,,,,,,,,,,,,,,,,,,,,,,,,,,,,,,,,,,,,,,,,,,,,,,,,,,,,,,,,,,,,,,,,,,,,,,,,,,,,,,,,,,,,,,,,,,,,,,,,,,,,,,,,,,,,,,,,,,,,,,,,,,,,,,,,,,,,,,,,,,,,,,,,,,,,,,,,,,,,,,,,,,,,,,,,,,,,,,,,,,,,,,,,,,,,,,,,,,,,,,,,,,,,,,,,
140,move,ia,ia,1,"[[0, 0, (1, 2), 0, 0], [0, 0, 0, 0, 0], [0, (0, -1), (0, -1), (0, -1), 0], [0, 0, 0, 0, 0], [0, 0, 0, 0, 0]]","[[0, 0, (1, 2), 0, 0], [0, 0, 0, 0, 0], [0, (0, -1), (0, -1), (0, -1), 0], [0, 0, 0, 0, (2, 1)], [0, 0, 0, 0, 0]]","[[0, 0, (1, 2), 0, 0], [0, 0, (1, 2), 0, 0], [0, (0, -1), (0, -1), (0, -1), 0], [0, 0, 0, 0, (2, 1)], [0, 0, 0, 0, 0]]","[[0, 0, (1, 2), 0, 0], [0, 0, (1, 2), 0, 0], [0, (0, -1), (0, -1), (0, -1), 0], [0, 0, 0, 0, 0], [0, 0, 0, 0, 0]]","[[0, 0, (1, 2), 0, 0], [0, 0, (1, 2), 0, 0], [0, (0, -1), (1, 2), (0, -1), 0], [0, 0, (0, -1), 0, 0], [0, 0, 0, 0, 0]]","[[0, 0, (1, 2), 0, 0], [0, 0, (1, 2), 0, 0], [0, (0, -1), (1, 2), (0, -1), 0], [0, 0, (0, -1), 0, (2, 1)], [0, 0, 0, 0, 0]]","[[0, 0, (1, 2), 0, 0], [0, 0, (1, 2), 0, 0], [0, (0, -1), (1, 2), (0, -1), (1, 1)], [0, 0, (0, -1), 0, (2, 1)], [0, 0, 0, 0, 0]]","[[0, 0, (1, 2), 0, 0], [0, 0, (1, 2), 0, 0], [0, (0, -1), (1, 2), (0, -1), (1, 1)], [0, 0, (0, -1), 0, 0], [0, 0, 0, 0, 0]]","[[0, 0, (1, 2), 0, 0], [0, 0, (1, 2), 0, 0], [0, (0, -1), (1, 2), (0, -1), (1, 1)], [0, 0, (1, 2), 0, 0], [0, 0, (0, -1), 0, 0]]","[[0, 0, (1, 2), 0, 0], [0, 0, (1, 2), 0, 0], [0, (0, -1), (1, 2), (0, -1), (1, 1)], [0, 0, (1, 2), 0, (2, 1)], [0, 0, (0, -1), 0, 0]]","[[0, 0, 0, 0, 0], [0, 0, (1, 2), 0, 0], [0, (0, -1), (1, 2), (0, -1), (1, 1)], [0, 0, (1, 2), 0, (2, 1)], [0, 0, (0, -1), 0, 0]]","[[0, 0, 0, 0, 0], [0, 0, (1, 2), 0, 0], [0, (0, -1), (1, 2), (0, -1), (1, 1)], [0, 0, (1, 2), 0, 0], [0, 0, (0, -1), 0, 0]]","[[0, 0, (1, 2), 0, 0], [0, 0, (1, 2), 0, 0], [0, (0, -1), (1, 2), (0, -1), (1, 1)], [0, 0, (1, 2), 0, 0], [0, 0, (0, -1), 0, 0]]","[[0, 0, (1, 2), 0, 0], [0, 0, (1, 2), 0, (2, 0)], [0, (0, -1), (1, 2), (0, -1), (1, 1)], [0, 0, (1, 2), 0, 0], [0, 0, (0, -1), 0, 0]]","[[0, 0, 0, 0, 0], [0, 0, (1, 2), 0, (2, 0)], [0, (0, -1), (1, 2), (0, -1), (1, 1)], [0, 0, (1, 2), 0, 0], [0, 0, (0, -1), 0, 0]]","[[0, 0, 0, 0, 0], [0, 0, (1, 2), 0, (2, 0)], [0, (0, -1), (1, 2), (0, -1), (1, 1)], [0, 0, (1, 2), 0, (2, 1)], [0, 0, (0, -1), 0, 0]]","[[0, 0, (1, 2), 0, 0], [0, 0, (1, 2), 0, (2, 0)], [0, (0, -1), (1, 2), (0, -1), (1, 1)], [0, 0, (1, 2), 0, (2, 1)], [0, 0, (0, -1), 0, 0]]","[[0, 0, (1, 2), 0, 0], [0, 0, (1, 2), 0, (2, 0)], [0, (0, -1), (1, 2), (0, -1), (1, 1)], [0, 0, (1, 2), 0, 0], [0, 0, (0, -1), 0, 0]]","[[0, 0, 0, 0, 0], [0, 0, (1, 2), 0, (2, 0)], [0, (0, -1), (1, 2), (0, -1), (1, 1)], [0, 0, (1, 2), 0, 0], [0, 0, (0, -1), 0, 0]]","[[(2, 0), 0, 0, 0, 0], [0, 0, (1, 2), 0, (2, 0)], [0, (0, -1), (1, 2), (0, -1), (1, 1)], [0, 0, (1, 2), 0, 0], [0, 0, (0, -1), 0, 0]]","[[(2, 0), 0, (1, 2), 0, 0], [0, 0, (1, 2), 0, (2, 0)], [0, (0, -1), (1, 2), (0, -1), (1, 1)], [0, 0, (1, 2), 0, 0], [0, 0, (0, -1), 0, 0]]","[[(2, 0), 0, (1, 2), 0, 0], [0, 0, (1, 2), 0, (2, 0)], [0, (0, -1), (1, 2), (0, -1), (1, 1)], [0, 0, (1, 2), 0, (2, 1)], [0, 0, (0, -1), 0, 0]]","[[(2, 0), 0, 0, 0, 0], [0, 0, (1, 2), 0, (2, 0)], [0, (0, -1), (1, 2), (0, -1), (1, 1)], [0, 0, (1, 2), 0, (2, 1)], [0, 0, (0, -1), 0, 0]]","[[(2, 0), 0, 0, 0, 0], [0, 0, (1, 2), 0, (2, 0)], [0, (0, -1), (1, 2), (0, -1), (1, 1)], [0, 0, (1, 2), 0, 0], [0, 0, (0, -1), 0, 0]]","[[(2, 0), 0, (1, 2), 0, 0], [0, 0, (1, 2), 0, (2, 0)], [0, (0, -1), (1, 2), (0, -1), (1, 1)], [0, 0, (1, 2), 0, 0], [0, 0, (0, -1), 0, 0]]","[[(2, 0), 0, (1, 2), 0, 0], [0, 0, (1, 2), 0, (2, 0)], [0, (0, -1), (1, 2), (0, -1), (1, 1)], [0, 0, (1, 2), 0, (2, 1)], [0, 0, (0, -1), 0, 0]]","[[(2, 0), 0, 0, 0, 0], [0, 0, (1, 2), 0, (2, 0)], [0, (0, -1), (1, 2), (0, -1), (1, 1)], [0, 0, (1, 2), 0, (2, 1)], [0, 0, (0, -1), 0, 0]]","[[(2, 0), 0, 0, 0, 0], [0, 0, (1, 2), 0, (2, 0)], [0, (0, -1), (1, 2), (0, -1), (1, 1)], [0, 0, (1, 2), 0, 0], [0, 0, (0, -1), 0, 0]]","[[(2, 0), 0, (1, 2), 0, 0], [0, 0, (1, 2), 0, (2, 0)], [0, (0, -1), (1, 2), (0, -1), (1, 1)], [0, 0, (1, 2), 0, 0], [0, 0, (0, -1), 0, 0]]","[[(2, 0), 0, (1, 2), 0, 0], [0, 0, (1, 2), 0, (2, 0)], [0, (0, -1), (1, 2), (0, -1), (1, 1)], [0, 0, (1, 2), 0, (2, 1)], [0, 0, (0, -1), 0, 0]]","[[(2, 0), 0, 0, 0, 0], [0, 0, (1, 2), 0, (2, 0)], [0, (0, -1), (1, 2), (0, -1), (1, 1)], [0, 0, (1, 2), 0, (2, 1)], [0, 0, (0, -1), 0, 0]]","[[(2, 0), 0, 0, 0, 0], [0, 0, (1, 2), 0, (2, 0)], [0, (0, -1), (1, 2), (0, -1), (1, 1)], [0, 0, (1, 2), 0, 0], [0, 0, (0, -1), 0, 0]]","[[(2, 0), 0, (1, 2), 0, 0], [0, 0, (1, 2), 0, (2, 0)], [0, (0, -1), (1, 2), (0, -1), (1, 1)], [0, 0, (1, 2), 0, 0], [0, 0, (0, -1), 0, 0]]","[[(2, 0), 0, (1, 2), 0, 0], [0, 0, (1, 2), 0, (2, 0)], [0, (0, -1), (1, 2), (0, -1), (1, 1)], [0, 0, (1, 2), 0, (2, 1)], [0, 0, (0, -1), 0, 0]]","[[(2, 0), 0, 0, 0, 0], [0, 0, (1, 2), 0, (2, 0)], [0, (0, -1), (1, 2), (0, -1), (1, 1)], [0, 0, (1, 2), 0, (2, 1)], [0, 0, (0, -1), 0, 0]]","[[(2, 0), 0, 0, 0, 0], [0, 0, (1, 2), 0, (2, 0)], [0, (0, -1), (1, 2), (0, -1), (1, 1)], [0, 0, (1, 2), 0, 0], [0, 0, (0, -1), 0, 0]]","[[(2, 0), 0, (1, 2), 0, 0], [0, 0, (1, 2), 0, (2, 0)], [0, (0, -1), (1, 2), (0, -1), (1, 1)], [0, 0, (1, 2), 0, 0], [0, 0, (0, -1), 0, 0]]","[[(2, 0), 0, (1, 2), 0, 0], [0, 0, (1, 2), 0, (2, 0)], [0, (0, -1), (1, 2), (0, -1), (1, 1)], [0, 0, (1, 2), 0, (2, 1)], [0, 0, (0, -1), 0, 0]]","[[(2, 0), 0, (1, 2), 0, 0], [0, 0, (1, 2), 0, (2, 0)], [0, (0, -1), (1, 2), (0, -1), (1, 3)], [0, 0, (1, 2), 0, (2, 1)], [0, 0, (0, -1), 0, 0]]","[[(2, 0), 0, (1, 2), 0, 0], [0, 0, (1, 2), 0, 0], [0, (0, -1), (1, 2), (0, -1), (1, 3)], [0, 0, (1, 2), 0, (2, 1)], [0, 0, (0, -1), 0, 0]]","[[(2, 0), 0, (1, 2), 0, 0], [0, 0, (1, 2), 0, 0], [0, (0, -1), 0, (0, -1), (1, 3)], [0, 0, (1, 2), 0, (2, 1)], [0, 0, (1, 2), 0, 0]]",,,,,,,,,,,,,,,,,,,,,,,,,,,,,,,,,,,,,,,,,,,,,,,,,,,,,,,,,,,,,,,,,,,,,,,,,,,,,,,,,,,,,,,,,,,,,,,,,,,,,,,,,,,,,,,,,,,,,,,,,,,,,,,,,,,,,,,,,,,,,,,,,,,,,,,,,,,,,,,,,,,,,,,,,,,,,,,,,,,,,,,,,,,,,,,,,,,,,,,,,,,,,,,,,,,,,,,,,,,,,,,,,,,,,,,,,,,,,,,,,,,,,,,,,,,,,,,,,,,,,,,,,,,,,,,,,,,,,,,,,,,,,,,,,,,,,,,,,,,,,,,,,,,,,,,,,,,,,,,,,,,,,,,,,,,,,,,,,,,,,,,,,,,,,,,,,,,,,,,,,,,,,,,,,,,,,,,,,,,,,,,,,,,,,,,,,,,,,,,,,,,,,,,,,,,,,,,,,,,,,,,,,,,,,,,,,,,,,,,,,,,,,,,,,,,,,,,,,,,,,,,,,,,,,,,,,,,,,,,,,,,,,,,,,,,,,,,,,,,,,,,,,,,,,,,,,,,,,,,,,,,,,,,,,,,,,,,,,,,,,,,,,,,,,,,,,,,,,,,,,,,,,,,,,,,,,,,,,,,,,,,,,,,,,,,,,,,,,,,,,,,,,,,,,,,,,,,,,,,,,,,,,,,,,,,,,,,,,,,,,,,,,,,,,,,,,,,,,,,,,,,,,,,,,,,,,,,,,,,,,,,,,,,,,,,,,,,,,,,,,,,,,,,,,,,,,,,,,,,,,,,,,,,,,,,,,,,,,,,,,,,,,,,,,,,,,,,,,,,,,,,,,,,,,,,,,,,,,,,,,,,,,,,,,,,,,,,,,,,,,,,,,,,,,,,,,,,,,,,,,,,,,,,,,,,,,,,,,,,,,,,,,,,,,,,,,,,,,,,,,,,,,,,,,,,,,,,,,,,,,,,,,,,,,,,,,,,,,,,,,,,,,,,,,,,,,,,,,,,,,,,,,,,,,,,,,,,,,,,,,,,,,,,,,,,,,,,
141,state,ia,ia,1,"(1, ('e', 0, 3, 0))","(2, ('e', 3, 4, 1))","(1, ('e', 0, 2, 2))","(2, ('a', 3, 4))","(1, ('e', 0, 2, 2))","(2, ('e', 3, 4, 1))","(1, ('e', 0, 2, 2))","(2, ('a', 3, 4))","(1, ('e', 0, 2, 2))","(2, ('e', 3, 4, 1))","(1, ('a', 0, 2))","(2, ('e', 1, 4, 3))","(1, ('e', 0, 2, 2))","(2, ('a', 3, 4))","(1, ('a', 0, 2))","(2, ('e', 3, 4, 1))","(1, ('e', 0, 2, 2))","(2, ('a', 3, 4))","(1, ('a', 0, 2))","(2, ('e', 2, 0, 0))","(1, ('e', 0, 2, 2))","(2, ('e', 3, 4, 1))","(1, ('a', 0, 2))","(2, ('a', 3, 4))","(1, ('e', 0, 2, 2))","(2, ('e', 3, 4, 1))","(1, ('a', 0, 2))","(2, ('a', 3, 4))","(1, ('e', 0, 2, 2))","(2, ('e', 3, 4, 1))","(1, ('m', 3, 2, 2))",,,,,,,,,,,,,,,,,,,,,,,,,,,,,,,,,,,,,,,,,,,,,,,,,,,,,,,,,,,,,,,,,,,,,,,,,,,,,,,,,,,,,,,,,,,,,,,,,,,,,,,,,,,,,,,,,,,,,,,,,,,,,,,,,,,,,,,,,,,,,,,,,,,,,,,,,,,,,,,,,,,,,,,,,,,,,,,,,,,,,,,,,,,,,,,,,,,,,,,,,,,,,,,,,,,,,,,,,,,,,,,,,,,,,,,,,,,,,,,,,,,,,,,,,,,,,,,,,,,,,,,,,,,,,,,,,,,,,,,,,,,,,,,,,,,,,,,,,,,,,,,,,,,,,,,,,,,,,,,,,,,,,,,,,,,,,,,,,,,,,,,,,,,,,,,,,,,,,,,,,,,,,,,,,,,,,,,,,,,,,,,,,,,,,,,,,,,,,,,,,,,,,,,,,,,,,,,,,,,,,,,,,,,,,,,,,,,,,,,,,,,,,,,,,,,,,,,,,,,,,,,,,,,,,,,,,,,,,,,,,,,,,,,,,,,,,,,,,,,,,,,,,,,,,,,,,,,,,,,,,,,,,,,,,,,,,,,,,,,,,,,,,,,,,,,,,,,,,,,,,,,,,,,,,,,,,,,,,,,,,,,,,,,,,,,,,,,,,,,,,,,,,,,,,,,,,,,,,,,,,,,,,,,,,,,,,,,,,,,,,,,,,,,,,,,,,,,,,,,,,,,,,,,,,,,,,,,,,,,,,,,,,,,,,,,,,,,,,,,,,,,,,,,,,,,,,,,,,,,,,,,,,,,,,,,,,,,,,,,,,,,,,,,,,,,,,,,,,,,,,,,,,,,,,,,,,,,,,,,,,,,,,,,,,,,,,,,,,,,,,,,,,,,,,,,,,,,,,,,,,,,,,,,,,,,,,,,,,,,,,,,,,,,,,,,,,,,,,,,,,,,,,,,,,,,,,,,,,,,,,,,,,,,,,,,,,,,,,,,,,,,,,,,,,,,,,,,,,,,,,,,,,,,,,,,,,,,,,,,,,,,,,,,,,,,,,,,,,,,,,,,,,
142,move,ia,ia,1,"[[0, 0, 0, (1, 0), 0], [0, 0, 0, 0, 0], [0, (0, -1), (0, -1), (0, -1), 0], [0, 0, 0, 0, 0], [0, 0, 0, 0, 0]]","[[0, 0, 0, (1, 0), 0], [0, 0, 0, 0, 0], [0, (0, -1), (0, -1), (0, -1), 0], [0, 0, 0, 0, (2, 1)], [0, 0, 0, 0, 0]]","[[0, 0, (1, 2), (1, 0), 0], [0, 0, 0, 0, 0], [0, (0, -1), (0, -1), (0, -1), 0], [0, 0, 0, 0, (2, 1)], [0, 0, 0, 0, 0]]","[[0, 0, (1, 2), (1, 0), 0], [0, 0, 0, 0, 0], [0, (0, -1), (0, -1), (0, -1), 0], [0, 0, 0, 0, 0], [0, 0, 0, 0, 0]]","[[0, 0, (1, 2), (1, 0), 0], [0, 0, (1, 2), 0, 0], [0, (0, -1), (0, -1), (0, -1), 0], [0, 0, 0, 0, 0], [0, 0, 0, 0, 0]]","[[0, 0, (1, 2), (1, 0), 0], [0, 0, (1, 2), 0, 0], [0, (0, -1), (0, -1), (0, -1), 0], [0, 0, 0, 0, (2, 1)], [0, 0, 0, 0, 0]]","[[0, 0, (1, 2), (1, 0), 0], [0, 0, (1, 2), 0, 0], [0, (0, -1), (1, 2), (0, -1), 0], [0, 0, (0, -1), 0, (2, 1)], [0, 0, 0, 0, 0]]","[[0, 0, (1, 2), (1, 0), 0], [0, 0, (1, 2), 0, 0], [0, (0, -1), (1, 2), (0, -1), 0], [0, 0, (0, -1), 0, 0], [0, 0, 0, 0, 0]]","[[0, 0, (1, 2), (1, 0), 0], [0, 0, (1, 2), 0, 0], [0, (0, -1), (1, 2), (0, -1), 0], [0, 0, (1, 2), 0, 0], [0, 0, (0, -1), 0, 0]]","[[0, 0, (1, 2), (1, 0), 0], [0, 0, (1, 2), 0, 0], [0, (0, -1), (1, 2), (0, -1), 0], [0, 0, (1, 2), 0, (2, 1)], [0, 0, (0, -1), 0, 0]]","[[0, 0, 0, (1, 0), 0], [0, 0, (1, 2), 0, 0], [0, (0, -1), (1, 2), (0, -1), 0], [0, 0, (1, 2), 0, (2, 1)], [0, 0, (0, -1), 0, 0]]","[[0, 0, 0, (1, 0), 0], [0, 0, (1, 2), 0, (2, 3)], [0, (0, -1), (1, 2), (0, -1), 0], [0, 0, (1, 2), 0, (2, 1)], [0, 0, (0, -1), 0, 0]]","[[0, 0, (1, 2), (1, 0), 0], [0, 0, (1, 2), 0, (2, 3)], [0, (0, -1), (1, 2), (0, -1), 0], [0, 0, (1, 2), 0, (2, 1)], [0, 0, (0, -1), 0, 0]]","[[0, 0, (1, 2), (1, 0), 0], [0, 0, (1, 2), 0, (2, 3)], [0, (0, -1), (1, 2), (0, -1), 0], [0, 0, (1, 2), 0, 0], [0, 0, (0, -1), 0, 0]]","[[0, 0, 0, (1, 0), 0], [0, 0, (1, 2), 0, (2, 3)], [0, (0, -1), (1, 2), (0, -1), 0], [0, 0, (1, 2), 0, 0], [0, 0, (0, -1), 0, 0]]","[[0, 0, 0, (1, 0), 0], [0, 0, (1, 2), 0, (2, 3)], [0, (0, -1), (1, 2), (0, -1), 0], [0, 0, (1, 2), 0, (2, 1)], [0, 0, (0, -1), 0, 0]]","[[0, 0, (1, 2), (1, 0), 0], [0, 0, (1, 2), 0, (2, 3)], [0, (0, -1), (1, 2), (0, -1), 0], [0, 0, (1, 2), 0, (2, 1)], [0, 0, (0, -1), 0, 0]]","[[0, 0, (1, 2), (1, 0), 0], [0, 0, (1, 2), 0, (2, 3)], [0, (0, -1), (1, 2), (0, -1), 0], [0, 0, (1, 2), 0, 0], [0, 0, (0, -1), 0, 0]]","[[0, 0, 0, (1, 0), 0], [0, 0, (1, 2), 0, (2, 3)], [0, (0, -1), (1, 2), (0, -1), 0], [0, 0, (1, 2), 0, 0], [0, 0, (0, -1), 0, 0]]","[[0, 0, 0, (1, 0), 0], [0, 0, (1, 2), 0, (2, 3)], [(2, 0), (0, -1), (1, 2), (0, -1), 0], [0, 0, (1, 2), 0, 0], [0, 0, (0, -1), 0, 0]]","[[0, 0, (1, 2), (1, 0), 0], [0, 0, (1, 2), 0, (2, 3)], [(2, 0), (0, -1), (1, 2), (0, -1), 0], [0, 0, (1, 2), 0, 0], [0, 0, (0, -1), 0, 0]]","[[0, 0, (1, 2), (1, 0), 0], [0, 0, (1, 2), 0, (2, 3)], [(2, 0), (0, -1), (1, 2), (0, -1), 0], [0, 0, (1, 2), 0, (2, 1)], [0, 0, (0, -1), 0, 0]]","[[0, 0, 0, (1, 0), 0], [0, 0, (1, 2), 0, (2, 3)], [(2, 0), (0, -1), (1, 2), (0, -1), 0], [0, 0, (1, 2), 0, (2, 1)], [0, 0, (0, -1), 0, 0]]","[[0, 0, 0, (1, 0), 0], [0, 0, (1, 2), 0, (2, 3)], [(2, 0), (0, -1), (1, 2), (0, -1), 0], [0, 0, (1, 2), 0, 0], [0, 0, (0, -1), 0, 0]]","[[0, 0, (1, 2), (1, 0), 0], [0, 0, (1, 2), 0, (2, 3)], [(2, 0), (0, -1), (1, 2), (0, -1), 0], [0, 0, (1, 2), 0, 0], [0, 0, (0, -1), 0, 0]]","[[0, 0, (1, 2), (1, 0), 0], [0, 0, (1, 2), 0, (2, 3)], [(2, 0), (0, -1), (1, 2), (0, -1), 0], [0, 0, (1, 2), 0, (2, 1)], [0, 0, (0, -1), 0, 0]]","[[0, 0, 0, (1, 0), 0], [0, 0, (1, 2), 0, (2, 3)], [(2, 0), (0, -1), (1, 2), (0, -1), 0], [0, 0, (1, 2), 0, (2, 1)], [0, 0, (0, -1), 0, 0]]","[[0, 0, 0, (1, 0), 0], [0, 0, (1, 2), 0, (2, 3)], [(2, 0), (0, -1), (1, 2), (0, -1), 0], [0, 0, (1, 2), 0, 0], [0, 0, (0, -1), 0, 0]]","[[0, 0, (1, 2), (1, 0), 0], [0, 0, (1, 2), 0, (2, 3)], [(2, 0), (0, -1), (1, 2), (0, -1), 0], [0, 0, (1, 2), 0, 0], [0, 0, (0, -1), 0, 0]]","[[0, 0, (1, 2), (1, 0), 0], [0, 0, (1, 2), 0, (2, 3)], [(2, 0), (0, -1), (1, 2), (0, -1), 0], [0, 0, (1, 2), 0, (2, 1)], [0, 0, (0, -1), 0, 0]]","[[0, 0, (1, 2), (1, 0), 0], [0, 0, (1, 2), 0, (2, 3)], [(2, 0), (0, -1), (1, 2), (0, -1), 0], [0, 0, 0, 0, (2, 1)], [0, 0, (1, 2), 0, 0]]",,,,,,,,,,,,,,,,,,,,,,,,,,,,,,,,,,,,,,,,,,,,,,,,,,,,,,,,,,,,,,,,,,,,,,,,,,,,,,,,,,,,,,,,,,,,,,,,,,,,,,,,,,,,,,,,,,,,,,,,,,,,,,,,,,,,,,,,,,,,,,,,,,,,,,,,,,,,,,,,,,,,,,,,,,,,,,,,,,,,,,,,,,,,,,,,,,,,,,,,,,,,,,,,,,,,,,,,,,,,,,,,,,,,,,,,,,,,,,,,,,,,,,,,,,,,,,,,,,,,,,,,,,,,,,,,,,,,,,,,,,,,,,,,,,,,,,,,,,,,,,,,,,,,,,,,,,,,,,,,,,,,,,,,,,,,,,,,,,,,,,,,,,,,,,,,,,,,,,,,,,,,,,,,,,,,,,,,,,,,,,,,,,,,,,,,,,,,,,,,,,,,,,,,,,,,,,,,,,,,,,,,,,,,,,,,,,,,,,,,,,,,,,,,,,,,,,,,,,,,,,,,,,,,,,,,,,,,,,,,,,,,,,,,,,,,,,,,,,,,,,,,,,,,,,,,,,,,,,,,,,,,,,,,,,,,,,,,,,,,,,,,,,,,,,,,,,,,,,,,,,,,,,,,,,,,,,,,,,,,,,,,,,,,,,,,,,,,,,,,,,,,,,,,,,,,,,,,,,,,,,,,,,,,,,,,,,,,,,,,,,,,,,,,,,,,,,,,,,,,,,,,,,,,,,,,,,,,,,,,,,,,,,,,,,,,,,,,,,,,,,,,,,,,,,,,,,,,,,,,,,,,,,,,,,,,,,,,,,,,,,,,,,,,,,,,,,,,,,,,,,,,,,,,,,,,,,,,,,,,,,,,,,,,,,,,,,,,,,,,,,,,,,,,,,,,,,,,,,,,,,,,,,,,,,,,,,,,,,,,,,,,,,,,,,,,,,,,,,,,,,,,,,,,,,,,,,,,,,,,,,,,,,,,,,,,,,,,,,,,,,,,,,,,,,,,,,,,,,,,,,,,,,,,,,,,,,,,,,,,,,,,,,,,,,,,,,,,,,,,,,,,,
143,state,ia,ia,3,"(1, ('e', 0, 2, 2))","(2, ('e', 3, 4, 1))","(1, ('e', 0, 2, 2))","(2, ('a', 3, 4))","(1, ('e', 4, 0, 2))","(2, ('e', 3, 4, 1))","(1, ('e', 0, 4, 0))","(2, ('a', 3, 4))","(1, ('e', 0, 2, 2))","(2, ('e', 3, 4, 1))","(1, ('a', 0, 2))","(2, ('a', 3, 4))","(1, ('e', 0, 2, 2))","(2, ('e', 3, 4, 1))","(1, ('a', 0, 2))","(2, ('a', 3, 4))","(1, ('e', 0, 2, 2))","(2, ('e', 0, 0, 2))","(1, ('a', 0, 2))","(2, ('e', 3, 4, 1))","(1, ('e', 0, 2, 2))","(2, ('a', 3, 4))","(1, ('m', 0, 4, 2))","(2, ('e', 3, 4, 0))","(1, ('a', 0, 2))","(2, ('a', 3, 4))","(1, ('e', 0, 2, 2))","(2, ('e', 3, 4, 1))","(1, ('a', 0, 2))","(2, ('a', 3, 4))","(1, ('e', 0, 2, 2))","(2, ('e', 3, 4, 1))","(1, ('a', 0, 2))","(2, ('a', 3, 4))","(1, ('e', 0, 2, 2))","(2, ('e', 0, 4, 3))","(1, ('a', 0, 2))","(2, ('e', 3, 4, 1))","(1, ('e', 0, 2, 2))","(2, ('a', 3, 4))","(1, ('a', 0, 2))","(2, ('e', 3, 4, 1))","(1, ('e', 0, 2, 2))","(2, ('a', 3, 4))","(1, ('a', 0, 2))","(2, ('e', 3, 4, 1))","(1, ('e', 0, 2, 2))","(2, ('a', 3, 4))","(1, ('a', 0, 2))",,,,,,,,,,,,,,,,,,,,,,,,,,,,,,,,,,,,,,,,,,,,,,,,,,,,,,,,,,,,,,,,,,,,,,,,,,,,,,,,,,,,,,,,,,,,,,,,,,,,,,,,,,,,,,,,,,,,,,,,,,,,,,,,,,,,,,,,,,,,,,,,,,,,,,,,,,,,,,,,,,,,,,,,,,,,,,,,,,,,,,,,,,,,,,,,,,,,,,,,,,,,,,,,,,,,,,,,,,,,,,,,,,,,,,,,,,,,,,,,,,,,,,,,,,,,,,,,,,,,,,,,,,,,,,,,,,,,,,,,,,,,,,,,,,,,,,,,,,,,,,,,,,,,,,,,,,,,,,,,,,,,,,,,,,,,,,,,,,,,,,,,,,,,,,,,,,,,,,,,,,,,,,,,,,,,,,,,,,,,,,,,,,,,,,,,,,,,,,,,,,,,,,,,,,,,,,,,,,,,,,,,,,,,,,,,,,,,,,,,,,,,,,,,,,,,,,,,,,,,,,,,,,,,,,,,,,,,,,,,,,,,,,,,,,,,,,,,,,,,,,,,,,,,,,,,,,,,,,,,,,,,,,,,,,,,,,,,,,,,,,,,,,,,,,,,,,,,,,,,,,,,,,,,,,,,,,,,,,,,,,,,,,,,,,,,,,,,,,,,,,,,,,,,,,,,,,,,,,,,,,,,,,,,,,,,,,,,,,,,,,,,,,,,,,,,,,,,,,,,,,,,,,,,,,,,,,,,,,,,,,,,,,,,,,,,,,,,,,,,,,,,,,,,,,,,,,,,,,,,,,,,,,,,,,,,,,,,,,,,,,,,,,,,,,,,,,,,,,,,,,,,,,,,,,,,,,,,,,,,,,,,,,,,,,,,,,,,,,,,,,,,,,,,,,,,,,,,,,,,,,,,,,,,,,,,,,,,,,,,,,,,,,,,,,,,,,,,,,,,,,,,,,,,,,,,,,,,,,,,,,,,,,,,,,,,,,,,,,,,,,,,,,,,,,,,,,,,,,,,,,,,,,,,,,,,,,,,,,,,,,,,,,,
144,move,ia,ia,3,"[[0, 0, (1, 2), 0, 0], [0, 0, 0, 0, 0], [0, (0, -1), (0, -1), (0, -1), 0], [0, 0, 0, 0, 0], [0, 0, 0, 0, 0]]","[[0, 0, (1, 2), 0, 0], [0, 0, 0, 0, 0], [0, (0, -1), (0, -1), (0, -1), 0], [0, 0, 0, 0, (2, 1)], [0, 0, 0, 0, 0]]","[[0, 0, (1, 2), 0, 0], [0, 0, (1, 2), 0, 0], [0, (0, -1), (0, -1), (0, -1), 0], [0, 0, 0, 0, (2, 1)], [0, 0, 0, 0, 0]]","[[0, 0, (1, 2), 0, 0], [0, 0, (1, 2), 0, 0], [0, (0, -1), (0, -1), (0, -1), 0], [0, 0, 0, 0, 0], [0, 0, 0, 0, 0]]","[[0, 0, (1, 2), 0, 0], [0, 0, (1, 2), 0, 0], [0, (0, -1), (0, -1), (0, -1), 0], [0, 0, 0, 0, 0], [(1, 2), 0, 0, 0, 0]]","[[0, 0, (1, 2), 0, 0], [0, 0, (1, 2), 0, 0], [0, (0, -1), (0, -1), (0, -1), 0], [0, 0, 0, 0, (2, 1)], [(1, 2), 0, 0, 0, 0]]","[[0, 0, (1, 2), 0, (1, 0)], [0, 0, (1, 2), 0, 0], [0, (0, -1), (0, -1), (0, -1), 0], [0, 0, 0, 0, (2, 1)], [(1, 2), 0, 0, 0, 0]]","[[0, 0, (1, 2), 0, (1, 0)], [0, 0, (1, 2), 0, 0], [0, (0, -1), (0, -1), (0, -1), 0], [0, 0, 0, 0, 0], [(1, 2), 0, 0, 0, 0]]","[[0, 0, (1, 2), 0, (1, 0)], [0, 0, (1, 2), 0, 0], [0, (0, -1), (1, 2), (0, -1), 0], [0, 0, (0, -1), 0, 0], [(1, 2), 0, 0, 0, 0]]","[[0, 0, (1, 2), 0, (1, 0)], [0, 0, (1, 2), 0, 0], [0, (0, -1), (1, 2), (0, -1), 0], [0, 0, (0, -1), 0, (2, 1)], [(1, 2), 0, 0, 0, 0]]","[[0, 0, 0, 0, (1, 0)], [0, 0, (1, 2), 0, 0], [0, (0, -1), (1, 2), (0, -1), 0], [0, 0, (0, -1), 0, (2, 1)], [(1, 2), 0, 0, 0, 0]]","[[0, 0, 0, 0, (1, 0)], [0, 0, (1, 2), 0, 0], [0, (0, -1), (1, 2), (0, -1), 0], [0, 0, (0, -1), 0, 0], [(1, 2), 0, 0, 0, 0]]","[[0, 0, (1, 2), 0, (1, 0)], [0, 0, (1, 2), 0, 0], [0, (0, -1), (1, 2), (0, -1), 0], [0, 0, (0, -1), 0, 0], [(1, 2), 0, 0, 0, 0]]","[[0, 0, (1, 2), 0, (1, 0)], [0, 0, (1, 2), 0, 0], [0, (0, -1), (1, 2), (0, -1), 0], [0, 0, (0, -1), 0, (2, 1)], [(1, 2), 0, 0, 0, 0]]","[[0, 0, 0, 0, (1, 0)], [0, 0, (1, 2), 0, 0], [0, (0, -1), (1, 2), (0, -1), 0], [0, 0, (0, -1), 0, (2, 1)], [(1, 2), 0, 0, 0, 0]]","[[0, 0, 0, 0, (1, 0)], [0, 0, (1, 2), 0, 0], [0, (0, -1), (1, 2), (0, -1), 0], [0, 0, (0, -1), 0, 0], [(1, 2), 0, 0, 0, 0]]","[[0, 0, (1, 2), 0, (1, 0)], [0, 0, (1, 2), 0, 0], [0, (0, -1), (1, 2), (0, -1), 0], [0, 0, (0, -1), 0, 0], [(1, 2), 0, 0, 0, 0]]","[[(2, 2), 0, (1, 2), 0, (1, 0)], [0, 0, (1, 2), 0, 0], [0, (0, -1), (1, 2), (0, -1), 0], [0, 0, (0, -1), 0, 0], [(1, 2), 0, 0, 0, 0]]","[[(2, 2), 0, 0, 0, (1, 0)], [0, 0, (1, 2), 0, 0], [0, (0, -1), (1, 2), (0, -1), 0], [0, 0, (0, -1), 0, 0], [(1, 2), 0, 0, 0, 0]]","[[(2, 2), 0, 0, 0, (1, 0)], [0, 0, (1, 2), 0, 0], [0, (0, -1), (1, 2), (0, -1), 0], [0, 0, (0, -1), 0, (2, 1)], [(1, 2), 0, 0, 0, 0]]","[[(2, 2), 0, (1, 2), 0, (1, 0)], [0, 0, (1, 2), 0, 0], [0, (0, -1), (1, 2), (0, -1), 0], [0, 0, (0, -1), 0, (2, 1)], [(1, 2), 0, 0, 0, 0]]","[[(2, 2), 0, (1, 2), 0, (1, 0)], [0, 0, (1, 2), 0, 0], [0, (0, -1), (1, 2), (0, -1), 0], [0, 0, (0, -1), 0, 0], [(1, 2), 0, 0, 0, 0]]","[[(2, 2), 0, (1, 2), 0, 0], [0, 0, (1, 2), 0, (1, 0)], [0, (0, -1), (1, 2), (0, -1), 0], [0, 0, (0, -1), 0, 0], [(1, 2), 0, 0, 0, 0]]","[[(2, 2), 0, (1, 2), 0, 0], [0, 0, (1, 2), 0, (1, 0)], [0, (0, -1), (1, 2), (0, -1), 0], [0, 0, (0, -1), 0, (2, 0)], [(1, 2), 0, 0, 0, 0]]","[[(2, 2), 0, 0, 0, 0], [0, 0, (1, 2), 0, (1, 0)], [0, (0, -1), (1, 2), (0, -1), 0], [0, 0, (0, -1), 0, (2, 0)], [(1, 2), 0, 0, 0, 0]]","[[(2, 2), 0, 0, 0, 0], [0, 0, (1, 2), 0, (1, 0)], [0, (0, -1), (1, 2), (0, -1), 0], [0, 0, (0, -1), 0, 0], [(1, 2), 0, 0, 0, 0]]","[[(2, 2), 0, (1, 2), 0, 0], [0, 0, (1, 2), 0, (1, 0)], [0, (0, -1), (1, 2), (0, -1), 0], [0, 0, (0, -1), 0, 0], [(1, 2), 0, 0, 0, 0]]","[[(2, 2), 0, (1, 2), 0, 0], [0, 0, (1, 2), 0, (1, 0)], [0, (0, -1), (1, 2), (0, -1), 0], [0, 0, (0, -1), 0, (2, 1)], [(1, 2), 0, 0, 0, 0]]","[[(2, 2), 0, 0, 0, 0], [0, 0, (1, 2), 0, (1, 0)], [0, (0, -1), (1, 2), (0, -1), 0], [0, 0, (0, -1), 0, (2, 1)], [(1, 2), 0, 0, 0, 0]]","[[(2, 2), 0, 0, 0, 0], [0, 0, (1, 2), 0, (1, 0)], [0, (0, -1), (1, 2), (0, -1), 0], [0, 0, (0, -1), 0, 0], [(1, 2), 0, 0, 0, 0]]","[[(2, 2), 0, (1, 2), 0, 0], [0, 0, (1, 2), 0, (1, 0)], [0, (0, -1), (1, 2), (0, -1), 0], [0, 0, (0, -1), 0, 0], [(1, 2), 0, 0, 0, 0]]","[[(2, 2), 0, (1, 2), 0, 0], [0, 0, (1, 2), 0, (1, 0)], [0, (0, -1), (1, 2), (0, -1), 0], [0, 0, (0, -1), 0, (2, 1)], [(1, 2), 0, 0, 0, 0]]","[[(2, 2), 0, 0, 0, 0], [0, 0, (1, 2), 0, (1, 0)], [0, (0, -1), (1, 2), (0, -1), 0], [0, 0, (0, -1), 0, (2, 1)], [(1, 2), 0, 0, 0, 0]]","[[(2, 2), 0, 0, 0, 0], [0, 0, (1, 2), 0, (1, 0)], [0, (0, -1), (1, 2), (0, -1), 0], [0, 0, (0, -1), 0, 0], [(1, 2), 0, 0, 0, 0]]","[[(2, 2), 0, (1, 2), 0, 0], [0, 0, (1, 2), 0, (1, 0)], [0, (0, -1), (1, 2), (0, -1), 0], [0, 0, (0, -1), 0, 0], [(1, 2), 0, 0, 0, 0]]","[[(2, 2), 0, (1, 2), 0, (2, 3)], [0, 0, (1, 2), 0, (1, 0)], [0, (0, -1), (1, 2), (0, -1), 0], [0, 0, (0, -1), 0, 0], [(1, 2), 0, 0, 0, 0]]","[[(2, 2), 0, 0, 0, (2, 3)], [0, 0, (1, 2), 0, (1, 0)], [0, (0, -1), (1, 2), (0, -1), 0], [0, 0, (0, -1), 0, 0], [(1, 2), 0, 0, 0, 0]]","[[(2, 2), 0, 0, 0, (2, 3)], [0, 0, (1, 2), 0, (1, 0)], [0, (0, -1), (1, 2), (0, -1), 0], [0, 0, (0, -1), 0, (2, 1)], [(1, 2), 0, 0, 0, 0]]","[[(2, 2), 0, (1, 2), 0, (2, 3)], [0, 0, (1, 2), 0, (1, 0)], [0, (0, -1), (1, 2), (0, -1), 0], [0, 0, (0, -1), 0, (2, 1)], [(1, 2), 0, 0, 0, 0]]","[[(2, 2), 0, (1, 2), 0, (2, 3)], [0, 0, (1, 2), 0, (1, 0)], [0, (0, -1), (1, 2), (0, -1), 0], [0, 0, (0, -1), 0, 0], [(1, 2), 0, 0, 0, 0]]","[[(2, 2), 0, 0, 0, (2, 3)], [0, 0, (1, 2), 0, (1, 0)], [0, (0, -1), (1, 2), (0, -1), 0], [0, 0, (0, -1), 0, 0], [(1, 2), 0, 0, 0, 0]]","[[(2, 2), 0, 0, 0, (2, 3)], [0, 0, (1, 2), 0, (1, 0)], [0, (0, -1), (1, 2), (0, -1), 0], [0, 0, (0, -1), 0, (2, 1)], [(1, 2), 0, 0, 0, 0]]","[[(2, 2), 0, (1, 2), 0, (2, 3)], [0, 0, (1, 2), 0, (1, 0)], [0, (0, -1), (1, 2), (0, -1), 0], [0, 0, (0, -1), 0, (2, 1)], [(1, 2), 0, 0, 0, 0]]","[[(2, 2), 0, (1, 2), 0, (2, 3)], [0, 0, (1, 2), 0, (1, 0)], [0, (0, -1), (1, 2), (0, -1), 0], [0, 0, (0, -1), 0, 0], [(1, 2), 0, 0, 0, 0]]","[[(2, 2), 0, 0, 0, (2, 3)], [0, 0, (1, 2), 0, (1, 0)], [0, (0, -1), (1, 2), (0, -1), 0], [0, 0, (0, -1), 0, 0], [(1, 2), 0, 0, 0, 0]]","[[(2, 2), 0, 0, 0, (2, 3)], [0, 0, (1, 2), 0, (1, 0)], [0, (0, -1), (1, 2), (0, -1), 0], [0, 0, (0, -1), 0, (2, 1)], [(1, 2), 0, 0, 0, 0]]","[[(2, 2), 0, (1, 2), 0, (2, 3)], [0, 0, (1, 2), 0, (1, 0)], [0, (0, -1), (1, 2), (0, -1), 0], [0, 0, (0, -1), 0, (2, 1)], [(1, 2), 0, 0, 0, 0]]","[[(2, 2), 0, (1, 2), 0, (2, 3)], [0, 0, (1, 2), 0, (1, 0)], [0, (0, -1), (1, 2), (0, -1), 0], [0, 0, (0, -1), 0, 0], [(1, 2), 0, 0, 0, 0]]","[[(2, 2), 0, 0, 0, (2, 3)], [0, 0, (1, 2), 0, (1, 0)], [0, (0, -1), (1, 2), (0, -1), 0], [0, 0, (0, -1), 0, 0], [(1, 2), 0, 0, 0, 0]]",,,,,,,,,,,,,,,,,,,,,,,,,,,,,,,,,,,,,,,,,,,,,,,,,,,,,,,,,,,,,,,,,,,,,,,,,,,,,,,,,,,,,,,,,,,,,,,,,,,,,,,,,,,,,,,,,,,,,,,,,,,,,,,,,,,,,,,,,,,,,,,,,,,,,,,,,,,,,,,,,,,,,,,,,,,,,,,,,,,,,,,,,,,,,,,,,,,,,,,,,,,,,,,,,,,,,,,,,,,,,,,,,,,,,,,,,,,,,,,,,,,,,,,,,,,,,,,,,,,,,,,,,,,,,,,,,,,,,,,,,,,,,,,,,,,,,,,,,,,,,,,,,,,,,,,,,,,,,,,,,,,,,,,,,,,,,,,,,,,,,,,,,,,,,,,,,,,,,,,,,,,,,,,,,,,,,,,,,,,,,,,,,,,,,,,,,,,,,,,,,,,,,,,,,,,,,,,,,,,,,,,,,,,,,,,,,,,,,,,,,,,,,,,,,,,,,,,,,,,,,,,,,,,,,,,,,,,,,,,,,,,,,,,,,,,,,,,,,,,,,,,,,,,,,,,,,,,,,,,,,,,,,,,,,,,,,,,,,,,,,,,,,,,,,,,,,,,,,,,,,,,,,,,,,,,,,,,,,,,,,,,,,,,,,,,,,,,,,,,,,,,,,,,,,,,,,,,,,,,,,,,,,,,,,,,,,,,,,,,,,,,,,,,,,,,,,,,,,,,,,,,,,,,,,,,,,,,,,,,,,,,,,,,,,,,,,,,,,,,,,,,,,,,,,,,,,,,,,,,,,,,,,,,,,,,,,,,,,,,,,,,,,,,,,,,,,,,,,,,,,,,,,,,,,,,,,,,,,,,,,,,,,,,,,,,,,,,,,,,,,,,,,,,,,,,,,,,,,,,,,,,,,,,,,,,,,,,,,,,,,,,,,,,,,,,,,,,,,,,,,,,,,,,,,,,,,,,,,,,,,,,,,,,,,,,,,,,,,,,,,,,,,,,,,,,,,,,,,,,,,,,,,,,,,,,,,,,,,,,,,,,,,,,
145,state,ia,ia,1,"(1, ('e', 0, 2, 2))","(2, ('e', 1, 4, 1))","(1, ('e', 0, 2, 2))","(2, ('e', 3, 4, 1))","(1, ('e', 0, 2, 2))","(2, ('a', 3, 4))","(1, ('e', 0, 2, 2))","(2, ('e', 3, 4, 1))","(1, ('e', 0, 2, 2))",,,,,,,,,,,,,,,,,,,,,,,,,,,,,,,,,,,,,,,,,,,,,,,,,,,,,,,,,,,,,,,,,,,,,,,,,,,,,,,,,,,,,,,,,,,,,,,,,,,,,,,,,,,,,,,,,,,,,,,,,,,,,,,,,,,,,,,,,,,,,,,,,,,,,,,,,,,,,,,,,,,,,,,,,,,,,,,,,,,,,,,,,,,,,,,,,,,,,,,,,,,,,,,,,,,,,,,,,,,,,,,,,,,,,,,,,,,,,,,,,,,,,,,,,,,,,,,,,,,,,,,,,,,,,,,,,,,,,,,,,,,,,,,,,,,,,,,,,,,,,,,,,,,,,,,,,,,,,,,,,,,,,,,,,,,,,,,,,,,,,,,,,,,,,,,,,,,,,,,,,,,,,,,,,,,,,,,,,,,,,,,,,,,,,,,,,,,,,,,,,,,,,,,,,,,,,,,,,,,,,,,,,,,,,,,,,,,,,,,,,,,,,,,,,,,,,,,,,,,,,,,,,,,,,,,,,,,,,,,,,,,,,,,,,,,,,,,,,,,,,,,,,,,,,,,,,,,,,,,,,,,,,,,,,,,,,,,,,,,,,,,,,,,,,,,,,,,,,,,,,,,,,,,,,,,,,,,,,,,,,,,,,,,,,,,,,,,,,,,,,,,,,,,,,,,,,,,,,,,,,,,,,,,,,,,,,,,,,,,,,,,,,,,,,,,,,,,,,,,,,,,,,,,,,,,,,,,,,,,,,,,,,,,,,,,,,,,,,,,,,,,,,,,,,,,,,,,,,,,,,,,,,,,,,,,,,,,,,,,,,,,,,,,,,,,,,,,,,,,,,,,,,,,,,,,,,,,,,,,,,,,,,,,,,,,,,,,,,,,,,,,,,,,,,,,,,,,,,,,,,,,,,,,,,,,,,,,,,,,,,,,,,,,,,,,,,,,,,,,,,,,,,,,,,,,,,,,,,,,,,,,,,,,,,,,,,,,,,,,,,,,,,,,,,,,,,,,,,,,,,,,,,,,,,,,,,,,,,,,,,,,,,,,,,,,,,,,,,,,,,,,,,,,,,,,,,,,,,,,,,,,,,,,
146,move,ia,ia,1,"[[0, 0, (1, 2), 0, 0], [0, 0, 0, 0, 0], [0, (0, -1), (0, -1), (0, -1), 0], [0, 0, 0, 0, 0], [0, 0, 0, 0, 0]]","[[0, 0, (1, 2), 0, 0], [0, 0, 0, 0, (2, 1)], [0, (0, -1), (0, -1), (0, -1), 0], [0, 0, 0, 0, 0], [0, 0, 0, 0, 0]]","[[0, 0, (1, 2), 0, 0], [0, 0, (1, 2), 0, (2, 1)], [0, (0, -1), (0, -1), (0, -1), 0], [0, 0, 0, 0, 0], [0, 0, 0, 0, 0]]","[[0, 0, (1, 2), 0, 0], [0, 0, (1, 2), 0, (2, 1)], [0, (0, -1), (0, -1), (0, -1), 0], [0, 0, 0, 0, (2, 1)], [0, 0, 0, 0, 0]]","[[0, 0, (1, 2), 0, 0], [0, 0, (1, 2), 0, (2, 1)], [0, (0, -1), (1, 2), (0, -1), 0], [0, 0, (0, -1), 0, (2, 1)], [0, 0, 0, 0, 0]]","[[0, 0, (1, 2), 0, 0], [0, 0, (1, 2), 0, (2, 1)], [0, (0, -1), (1, 2), (0, -1), 0], [0, 0, (0, -1), 0, 0], [0, 0, 0, 0, 0]]","[[0, 0, (1, 2), 0, 0], [0, 0, (1, 2), 0, (2, 1)], [0, (0, -1), (1, 2), (0, -1), 0], [0, 0, (1, 2), 0, 0], [0, 0, (0, -1), 0, 0]]","[[0, 0, (1, 2), 0, 0], [0, 0, (1, 2), 0, (2, 1)], [0, (0, -1), (1, 2), (0, -1), 0], [0, 0, (1, 2), 0, (2, 1)], [0, 0, (0, -1), 0, 0]]","[[0, 0, (1, 2), 0, 0], [0, 0, (1, 2), 0, (2, 1)], [0, (0, -1), (1, 2), (0, -1), 0], [0, 0, (1, 2), 0, (2, 1)], [0, 0, (1, 2), 0, 0]]",,,,,,,,,,,,,,,,,,,,,,,,,,,,,,,,,,,,,,,,,,,,,,,,,,,,,,,,,,,,,,,,,,,,,,,,,,,,,,,,,,,,,,,,,,,,,,,,,,,,,,,,,,,,,,,,,,,,,,,,,,,,,,,,,,,,,,,,,,,,,,,,,,,,,,,,,,,,,,,,,,,,,,,,,,,,,,,,,,,,,,,,,,,,,,,,,,,,,,,,,,,,,,,,,,,,,,,,,,,,,,,,,,,,,,,,,,,,,,,,,,,,,,,,,,,,,,,,,,,,,,,,,,,,,,,,,,,,,,,,,,,,,,,,,,,,,,,,,,,,,,,,,,,,,,,,,,,,,,,,,,,,,,,,,,,,,,,,,,,,,,,,,,,,,,,,,,,,,,,,,,,,,,,,,,,,,,,,,,,,,,,,,,,,,,,,,,,,,,,,,,,,,,,,,,,,,,,,,,,,,,,,,,,,,,,,,,,,,,,,,,,,,,,,,,,,,,,,,,,,,,,,,,,,,,,,,,,,,,,,,,,,,,,,,,,,,,,,,,,,,,,,,,,,,,,,,,,,,,,,,,,,,,,,,,,,,,,,,,,,,,,,,,,,,,,,,,,,,,,,,,,,,,,,,,,,,,,,,,,,,,,,,,,,,,,,,,,,,,,,,,,,,,,,,,,,,,,,,,,,,,,,,,,,,,,,,,,,,,,,,,,,,,,,,,,,,,,,,,,,,,,,,,,,,,,,,,,,,,,,,,,,,,,,,,,,,,,,,,,,,,,,,,,,,,,,,,,,,,,,,,,,,,,,,,,,,,,,,,,,,,,,,,,,,,,,,,,,,,,,,,,,,,,,,,,,,,,,,,,,,,,,,,,,,,,,,,,,,,,,,,,,,,,,,,,,,,,,,,,,,,,,,,,,,,,,,,,,,,,,,,,,,,,,,,,,,,,,,,,,,,,,,,,,,,,,,,,,,,,,,,,,,,,,,,,,,,,,,,,,,,,,,,,,,,,,,,,,,,,,,,,,,,,,,,,,,,,,,,,,,,,,,,,,,,,,,,,,,,,,,,,,,,,,,,,,,,,,,,,,,,,,,,,
147,state,ia,ia,1,"(1, ('e', 0, 2, 2))","(2, ('e', 3, 4, 1))","(1, ('e', 0, 2, 2))","(2, ('a', 3, 4))","(1, ('e', 0, 2, 2))","(2, ('e', 3, 4, 1))","(1, ('e', 0, 2, 2))","(2, ('a', 3, 4))","(1, ('e', 0, 2, 2))",,,,,,,,,,,,,,,,,,,,,,,,,,,,,,,,,,,,,,,,,,,,,,,,,,,,,,,,,,,,,,,,,,,,,,,,,,,,,,,,,,,,,,,,,,,,,,,,,,,,,,,,,,,,,,,,,,,,,,,,,,,,,,,,,,,,,,,,,,,,,,,,,,,,,,,,,,,,,,,,,,,,,,,,,,,,,,,,,,,,,,,,,,,,,,,,,,,,,,,,,,,,,,,,,,,,,,,,,,,,,,,,,,,,,,,,,,,,,,,,,,,,,,,,,,,,,,,,,,,,,,,,,,,,,,,,,,,,,,,,,,,,,,,,,,,,,,,,,,,,,,,,,,,,,,,,,,,,,,,,,,,,,,,,,,,,,,,,,,,,,,,,,,,,,,,,,,,,,,,,,,,,,,,,,,,,,,,,,,,,,,,,,,,,,,,,,,,,,,,,,,,,,,,,,,,,,,,,,,,,,,,,,,,,,,,,,,,,,,,,,,,,,,,,,,,,,,,,,,,,,,,,,,,,,,,,,,,,,,,,,,,,,,,,,,,,,,,,,,,,,,,,,,,,,,,,,,,,,,,,,,,,,,,,,,,,,,,,,,,,,,,,,,,,,,,,,,,,,,,,,,,,,,,,,,,,,,,,,,,,,,,,,,,,,,,,,,,,,,,,,,,,,,,,,,,,,,,,,,,,,,,,,,,,,,,,,,,,,,,,,,,,,,,,,,,,,,,,,,,,,,,,,,,,,,,,,,,,,,,,,,,,,,,,,,,,,,,,,,,,,,,,,,,,,,,,,,,,,,,,,,,,,,,,,,,,,,,,,,,,,,,,,,,,,,,,,,,,,,,,,,,,,,,,,,,,,,,,,,,,,,,,,,,,,,,,,,,,,,,,,,,,,,,,,,,,,,,,,,,,,,,,,,,,,,,,,,,,,,,,,,,,,,,,,,,,,,,,,,,,,,,,,,,,,,,,,,,,,,,,,,,,,,,,,,,,,,,,,,,,,,,,,,,,,,,,,,,,,,,,,,,,,,,,,,,,,,,,,,,,,,,,,,,,,,,,,,,,,,,,,,,,,,,,,,,,,,,,,,,,,,,,,,,
148,move,ia,ia,1,"[[0, 0, (1, 2), 0, 0], [0, 0, 0, 0, 0], [0, (0, -1), (0, -1), (0, -1), 0], [0, 0, 0, 0, 0], [0, 0, 0, 0, 0]]","[[0, 0, (1, 2), 0, 0], [0, 0, 0, 0, 0], [0, (0, -1), (0, -1), (0, -1), 0], [0, 0, 0, 0, (2, 1)], [0, 0, 0, 0, 0]]","[[0, 0, (1, 2), 0, 0], [0, 0, (1, 2), 0, 0], [0, (0, -1), (0, -1), (0, -1), 0], [0, 0, 0, 0, (2, 1)], [0, 0, 0, 0, 0]]","[[0, 0, (1, 2), 0, 0], [0, 0, (1, 2), 0, 0], [0, (0, -1), (0, -1), (0, -1), 0], [0, 0, 0, 0, 0], [0, 0, 0, 0, 0]]","[[0, 0, (1, 2), 0, 0], [0, 0, (1, 2), 0, 0], [0, (0, -1), (1, 2), (0, -1), 0], [0, 0, (0, -1), 0, 0], [0, 0, 0, 0, 0]]","[[0, 0, (1, 2), 0, 0], [0, 0, (1, 2), 0, 0], [0, (0, -1), (1, 2), (0, -1), 0], [0, 0, (0, -1), 0, (2, 1)], [0, 0, 0, 0, 0]]","[[0, 0, (1, 2), 0, 0], [0, 0, (1, 2), 0, 0], [0, (0, -1), (1, 2), (0, -1), 0], [0, 0, (1, 2), 0, (2, 1)], [0, 0, (0, -1), 0, 0]]","[[0, 0, (1, 2), 0, 0], [0, 0, (1, 2), 0, 0], [0, (0, -1), (1, 2), (0, -1), 0], [0, 0, (1, 2), 0, 0], [0, 0, (0, -1), 0, 0]]","[[0, 0, (1, 2), 0, 0], [0, 0, (1, 2), 0, 0], [0, (0, -1), (1, 2), (0, -1), 0], [0, 0, (1, 2), 0, 0], [0, 0, (1, 2), 0, 0]]",,,,,,,,,,,,,,,,,,,,,,,,,,,,,,,,,,,,,,,,,,,,,,,,,,,,,,,,,,,,,,,,,,,,,,,,,,,,,,,,,,,,,,,,,,,,,,,,,,,,,,,,,,,,,,,,,,,,,,,,,,,,,,,,,,,,,,,,,,,,,,,,,,,,,,,,,,,,,,,,,,,,,,,,,,,,,,,,,,,,,,,,,,,,,,,,,,,,,,,,,,,,,,,,,,,,,,,,,,,,,,,,,,,,,,,,,,,,,,,,,,,,,,,,,,,,,,,,,,,,,,,,,,,,,,,,,,,,,,,,,,,,,,,,,,,,,,,,,,,,,,,,,,,,,,,,,,,,,,,,,,,,,,,,,,,,,,,,,,,,,,,,,,,,,,,,,,,,,,,,,,,,,,,,,,,,,,,,,,,,,,,,,,,,,,,,,,,,,,,,,,,,,,,,,,,,,,,,,,,,,,,,,,,,,,,,,,,,,,,,,,,,,,,,,,,,,,,,,,,,,,,,,,,,,,,,,,,,,,,,,,,,,,,,,,,,,,,,,,,,,,,,,,,,,,,,,,,,,,,,,,,,,,,,,,,,,,,,,,,,,,,,,,,,,,,,,,,,,,,,,,,,,,,,,,,,,,,,,,,,,,,,,,,,,,,,,,,,,,,,,,,,,,,,,,,,,,,,,,,,,,,,,,,,,,,,,,,,,,,,,,,,,,,,,,,,,,,,,,,,,,,,,,,,,,,,,,,,,,,,,,,,,,,,,,,,,,,,,,,,,,,,,,,,,,,,,,,,,,,,,,,,,,,,,,,,,,,,,,,,,,,,,,,,,,,,,,,,,,,,,,,,,,,,,,,,,,,,,,,,,,,,,,,,,,,,,,,,,,,,,,,,,,,,,,,,,,,,,,,,,,,,,,,,,,,,,,,,,,,,,,,,,,,,,,,,,,,,,,,,,,,,,,,,,,,,,,,,,,,,,,,,,,,,,,,,,,,,,,,,,,,,,,,,,,,,,,,,,,,,,,,,,,,,,,,,,,,,,,,,,,,,,,,,,,,,,,,,,,,,,,,,,,,,,,,,,,,,,,,,,,,,,,,
149,state,ia,ia,3,"(1, ('e', 0, 3, 0))","(2, ('e', 3, 4, 1))","(1, ('e', 0, 2, 2))","(2, ('a', 3, 4))","(1, ('e', 4, 1, 0))","(2, ('e', 3, 4, 1))","(1, ('e', 0, 2, 2))","(2, ('e', 0, 0, 1))","(1, ('e', 2, 4, 2))","(2, ('a', 3, 4))","(1, ('a', 0, 2))","(2, ('e', 3, 4, 1))","(1, ('t', 4, 1, 2))","(2, ('a', 3, 4))","(1, ('e', 0, 2, 2))","(2, ('e', 3, 4, 1))","(1, ('a', 0, 2))","(2, ('a', 3, 4))","(1, ('e', 0, 2, 2))","(2, ('e', 4, 4, 2))","(1, ('t', 1, 2, 1))","(2, ('e', 3, 4, 1))","(1, ('a', 0, 2))","(2, ('a', 3, 4))","(1, ('e', 0, 2, 2))","(2, ('e', 3, 4, 1))","(1, ('a', 0, 2))","(2, ('a', 3, 4))","(1, ('e', 0, 2, 2))","(2, ('e', 3, 4, 1))","(1, ('a', 0, 2))","(2, ('a', 3, 4))","(1, ('e', 0, 2, 2))","(2, ('e', 3, 4, 1))","(1, ('a', 0, 2))","(2, ('a', 3, 4))","(1, ('e', 0, 2, 2))","(2, ('e', 3, 4, 1))","(1, ('a', 0, 2))","(2, ('a', 3, 4))",,,,,,,,,,,,,,,,,,,,,,,,,,,,,,,,,,,,,,,,,,,,,,,,,,,,,,,,,,,,,,,,,,,,,,,,,,,,,,,,,,,,,,,,,,,,,,,,,,,,,,,,,,,,,,,,,,,,,,,,,,,,,,,,,,,,,,,,,,,,,,,,,,,,,,,,,,,,,,,,,,,,,,,,,,,,,,,,,,,,,,,,,,,,,,,,,,,,,,,,,,,,,,,,,,,,,,,,,,,,,,,,,,,,,,,,,,,,,,,,,,,,,,,,,,,,,,,,,,,,,,,,,,,,,,,,,,,,,,,,,,,,,,,,,,,,,,,,,,,,,,,,,,,,,,,,,,,,,,,,,,,,,,,,,,,,,,,,,,,,,,,,,,,,,,,,,,,,,,,,,,,,,,,,,,,,,,,,,,,,,,,,,,,,,,,,,,,,,,,,,,,,,,,,,,,,,,,,,,,,,,,,,,,,,,,,,,,,,,,,,,,,,,,,,,,,,,,,,,,,,,,,,,,,,,,,,,,,,,,,,,,,,,,,,,,,,,,,,,,,,,,,,,,,,,,,,,,,,,,,,,,,,,,,,,,,,,,,,,,,,,,,,,,,,,,,,,,,,,,,,,,,,,,,,,,,,,,,,,,,,,,,,,,,,,,,,,,,,,,,,,,,,,,,,,,,,,,,,,,,,,,,,,,,,,,,,,,,,,,,,,,,,,,,,,,,,,,,,,,,,,,,,,,,,,,,,,,,,,,,,,,,,,,,,,,,,,,,,,,,,,,,,,,,,,,,,,,,,,,,,,,,,,,,,,,,,,,,,,,,,,,,,,,,,,,,,,,,,,,,,,,,,,,,,,,,,,,,,,,,,,,,,,,,,,,,,,,,,,,,,,,,,,,,,,,,,,,,,,,,,,,,,,,,,,,,,,,,,,,,,,,,,,,,,,,,,,,,,,,,,,,,,,,,,,,,,,,,,,,,,,,,,,,,,,,,,,,,,,,,,,,,,,,,,,,,,,,,,,,,,,,,,,,,,,,,,,,,,,,,,,,,,,,,,,,,,,,,
150,move,ia,ia,3,"[[0, 0, 0, (1, 0), 0], [0, 0, 0, 0, 0], [0, (0, -1), (0, -1), (0, -1), 0], [0, 0, 0, 0, 0], [0, 0, 0, 0, 0]]","[[0, 0, 0, (1, 0), 0], [0, 0, 0, 0, 0], [0, (0, -1), (0, -1), (0, -1), 0], [0, 0, 0, 0, (2, 1)], [0, 0, 0, 0, 0]]","[[0, 0, (1, 2), (1, 0), 0], [0, 0, 0, 0, 0], [0, (0, -1), (0, -1), (0, -1), 0], [0, 0, 0, 0, (2, 1)], [0, 0, 0, 0, 0]]","[[0, 0, (1, 2), (1, 0), 0], [0, 0, 0, 0, 0], [0, (0, -1), (0, -1), (0, -1), 0], [0, 0, 0, 0, 0], [0, 0, 0, 0, 0]]","[[0, 0, (1, 2), (1, 0), 0], [0, 0, 0, 0, 0], [0, (0, -1), (0, -1), (0, -1), 0], [0, 0, 0, 0, 0], [0, (1, 0), 0, 0, 0]]","[[0, 0, (1, 2), (1, 0), 0], [0, 0, 0, 0, 0], [0, (0, -1), (0, -1), (0, -1), 0], [0, 0, 0, 0, (2, 1)], [0, (1, 0), 0, 0, 0]]","[[0, 0, (1, 2), (1, 0), 0], [0, 0, (1, 2), 0, 0], [0, (0, -1), (0, -1), (0, -1), 0], [0, 0, 0, 0, (2, 1)], [0, (1, 0), 0, 0, 0]]","[[(2, 1), 0, (1, 2), (1, 0), 0], [0, 0, (1, 2), 0, 0], [0, (0, -1), (0, -1), (0, -1), 0], [0, 0, 0, 0, (2, 1)], [0, (1, 0), 0, 0, 0]]","[[(2, 1), 0, (1, 2), (1, 0), 0], [0, 0, (1, 2), 0, 0], [0, (0, -1), (0, -1), (0, -1), (1, 2)], [0, 0, 0, 0, (2, 1)], [0, (1, 0), 0, 0, 0]]","[[(2, 1), 0, (1, 2), (1, 0), 0], [0, 0, (1, 2), 0, 0], [0, (0, -1), (0, -1), (0, -1), (1, 2)], [0, 0, 0, 0, 0], [0, (1, 0), 0, 0, 0]]","[[(2, 1), 0, 0, (1, 0), 0], [0, 0, (1, 2), 0, 0], [0, (0, -1), (0, -1), (0, -1), (1, 2)], [0, 0, 0, 0, 0], [0, (1, 0), 0, 0, 0]]","[[(2, 1), 0, 0, (1, 0), 0], [0, 0, (1, 2), 0, 0], [0, (0, -1), (0, -1), (0, -1), (1, 2)], [0, 0, 0, 0, (2, 1)], [0, (1, 0), 0, 0, 0]]","[[(2, 1), 0, 0, (1, 0), 0], [0, 0, (1, 2), 0, 0], [0, (0, -1), (0, -1), (0, -1), (1, 2)], [0, 0, 0, 0, (2, 1)], [0, (1, 2), 0, 0, 0]]","[[(2, 1), 0, 0, (1, 0), 0], [0, 0, (1, 2), 0, 0], [0, (0, -1), (0, -1), (0, -1), (1, 2)], [0, 0, 0, 0, 0], [0, (1, 2), 0, 0, 0]]","[[(2, 1), 0, (1, 2), (1, 0), 0], [0, 0, (1, 2), 0, 0], [0, (0, -1), (0, -1), (0, -1), (1, 2)], [0, 0, 0, 0, 0], [0, (1, 2), 0, 0, 0]]","[[(2, 1), 0, (1, 2), (1, 0), 0], [0, 0, (1, 2), 0, 0], [0, (0, -1), (0, -1), (0, -1), (1, 2)], [0, 0, 0, 0, (2, 1)], [0, (1, 2), 0, 0, 0]]","[[(2, 1), 0, 0, (1, 0), 0], [0, 0, (1, 2), 0, 0], [0, (0, -1), (0, -1), (0, -1), (1, 2)], [0, 0, 0, 0, (2, 1)], [0, (1, 2), 0, 0, 0]]","[[(2, 1), 0, 0, (1, 0), 0], [0, 0, (1, 2), 0, 0], [0, (0, -1), (0, -1), (0, -1), (1, 2)], [0, 0, 0, 0, 0], [0, (1, 2), 0, 0, 0]]","[[(2, 1), 0, (1, 2), (1, 0), 0], [0, 0, (1, 2), 0, 0], [0, (0, -1), (0, -1), (0, -1), (1, 2)], [0, 0, 0, 0, 0], [0, (1, 2), 0, 0, 0]]","[[(2, 1), 0, (1, 2), (1, 0), 0], [0, 0, (1, 2), 0, 0], [0, (0, -1), (0, -1), (0, -1), (1, 2)], [0, 0, 0, 0, 0], [0, (1, 2), 0, 0, (2, 2)]]","[[(2, 1), 0, (1, 2), (1, 0), 0], [0, 0, (1, 1), 0, 0], [0, (0, -1), (0, -1), (0, -1), (1, 2)], [0, 0, 0, 0, 0], [0, (1, 2), 0, 0, (2, 2)]]","[[(2, 1), 0, (1, 2), (1, 0), 0], [0, 0, (1, 1), 0, 0], [0, (0, -1), (0, -1), (0, -1), (1, 2)], [0, 0, 0, 0, (2, 1)], [0, (1, 2), 0, 0, (2, 2)]]","[[(2, 1), 0, 0, (1, 0), 0], [0, 0, (1, 1), 0, 0], [0, (0, -1), (0, -1), (0, -1), (1, 2)], [0, 0, 0, 0, (2, 1)], [0, (1, 2), 0, 0, (2, 2)]]","[[(2, 1), 0, 0, (1, 0), 0], [0, 0, (1, 1), 0, 0], [0, (0, -1), (0, -1), (0, -1), (1, 2)], [0, 0, 0, 0, 0], [0, (1, 2), 0, 0, (2, 2)]]","[[(2, 1), 0, (1, 2), (1, 0), 0], [0, 0, (1, 1), 0, 0], [0, (0, -1), (0, -1), (0, -1), (1, 2)], [0, 0, 0, 0, 0], [0, (1, 2), 0, 0, (2, 2)]]","[[(2, 1), 0, (1, 2), (1, 0), 0], [0, 0, (1, 1), 0, 0], [0, (0, -1), (0, -1), (0, -1), (1, 2)], [0, 0, 0, 0, (2, 1)], [0, (1, 2), 0, 0, (2, 2)]]","[[(2, 1), 0, 0, (1, 0), 0], [0, 0, (1, 1), 0, 0], [0, (0, -1), (0, -1), (0, -1), (1, 2)], [0, 0, 0, 0, (2, 1)], [0, (1, 2), 0, 0, (2, 2)]]","[[(2, 1), 0, 0, (1, 0), 0], [0, 0, (1, 1), 0, 0], [0, (0, -1), (0, -1), (0, -1), (1, 2)], [0, 0, 0, 0, 0], [0, (1, 2), 0, 0, (2, 2)]]","[[(2, 1), 0, (1, 2), (1, 0), 0], [0, 0, (1, 1), 0, 0], [0, (0, -1), (0, -1), (0, -1), (1, 2)], [0, 0, 0, 0, 0], [0, (1, 2), 0, 0, (2, 2)]]","[[(2, 1), 0, (1, 2), (1, 0), 0], [0, 0, (1, 1), 0, 0], [0, (0, -1), (0, -1), (0, -1), (1, 2)], [0, 0, 0, 0, (2, 1)], [0, (1, 2), 0, 0, (2, 2)]]","[[(2, 1), 0, 0, (1, 0), 0], [0, 0, (1, 1), 0, 0], [0, (0, -1), (0, -1), (0, -1), (1, 2)], [0, 0, 0, 0, (2, 1)], [0, (1, 2), 0, 0, (2, 2)]]","[[(2, 1), 0, 0, (1, 0), 0], [0, 0, (1, 1), 0, 0], [0, (0, -1), (0, -1), (0, -1), (1, 2)], [0, 0, 0, 0, 0], [0, (1, 2), 0, 0, (2, 2)]]","[[(2, 1), 0, (1, 2), (1, 0), 0], [0, 0, (1, 1), 0, 0], [0, (0, -1), (0, -1), (0, -1), (1, 2)], [0, 0, 0, 0, 0], [0, (1, 2), 0, 0, (2, 2)]]","[[(2, 1), 0, (1, 2), (1, 0), 0], [0, 0, (1, 1), 0, 0], [0, (0, -1), (0, -1), (0, -1), (1, 2)], [0, 0, 0, 0, (2, 1)], [0, (1, 2), 0, 0, (2, 2)]]","[[(2, 1), 0, 0, (1, 0), 0], [0, 0, (1, 1), 0, 0], [0, (0, -1), (0, -1), (0, -1), (1, 2)], [0, 0, 0, 0, (2, 1)], [0, (1, 2), 0, 0, (2, 2)]]","[[(2, 1), 0, 0, (1, 0), 0], [0, 0, (1, 1), 0, 0], [0, (0, -1), (0, -1), (0, -1), (1, 2)], [0, 0, 0, 0, 0], [0, (1, 2), 0, 0, (2, 2)]]","[[(2, 1), 0, (1, 2), (1, 0), 0], [0, 0, (1, 1), 0, 0], [0, (0, -1), (0, -1), (0, -1), (1, 2)], [0, 0, 0, 0, 0], [0, (1, 2), 0, 0, (2, 2)]]","[[(2, 1), 0, (1, 2), (1, 0), 0], [0, 0, (1, 1), 0, 0], [0, (0, -1), (0, -1), (0, -1), (1, 2)], [0, 0, 0, 0, (2, 1)], [0, (1, 2), 0, 0, (2, 2)]]","[[(2, 1), 0, 0, (1, 0), 0], [0, 0, (1, 1), 0, 0], [0, (0, -1), (0, -1), (0, -1), (1, 2)], [0, 0, 0, 0, (2, 1)], [0, (1, 2), 0, 0, (2, 2)]]","[[(2, 1), 0, 0, (1, 0), 0], [0, 0, (1, 1), 0, 0], [0, (0, -1), (0, -1), (0, -1), (1, 2)], [0, 0, 0, 0, 0], [0, (1, 2), 0, 0, (2, 2)]]",,,,,,,,,,,,,,,,,,,,,,,,,,,,,,,,,,,,,,,,,,,,,,,,,,,,,,,,,,,,,,,,,,,,,,,,,,,,,,,,,,,,,,,,,,,,,,,,,,,,,,,,,,,,,,,,,,,,,,,,,,,,,,,,,,,,,,,,,,,,,,,,,,,,,,,,,,,,,,,,,,,,,,,,,,,,,,,,,,,,,,,,,,,,,,,,,,,,,,,,,,,,,,,,,,,,,,,,,,,,,,,,,,,,,,,,,,,,,,,,,,,,,,,,,,,,,,,,,,,,,,,,,,,,,,,,,,,,,,,,,,,,,,,,,,,,,,,,,,,,,,,,,,,,,,,,,,,,,,,,,,,,,,,,,,,,,,,,,,,,,,,,,,,,,,,,,,,,,,,,,,,,,,,,,,,,,,,,,,,,,,,,,,,,,,,,,,,,,,,,,,,,,,,,,,,,,,,,,,,,,,,,,,,,,,,,,,,,,,,,,,,,,,,,,,,,,,,,,,,,,,,,,,,,,,,,,,,,,,,,,,,,,,,,,,,,,,,,,,,,,,,,,,,,,,,,,,,,,,,,,,,,,,,,,,,,,,,,,,,,,,,,,,,,,,,,,,,,,,,,,,,,,,,,,,,,,,,,,,,,,,,,,,,,,,,,,,,,,,,,,,,,,,,,,,,,,,,,,,,,,,,,,,,,,,,,,,,,,,,,,,,,,,,,,,,,,,,,,,,,,,,,,,,,,,,,,,,,,,,,,,,,,,,,,,,,,,,,,,,,,,,,,,,,,,,,,,,,,,,,,,,,,,,,,,,,,,,,,,,,,,,,,,,,,,,,,,,,,,,,,,,,,,,,,,,,,,,,,,,,,,,,,,,,,,,,,,,,,,,,,,,,,,,,,,,,,,,,,,,,,,,,,,,,,,,,,,,,,,,,,,,,,,,,,,,,,,,,,,,,,,,,,,,,,,,,,,,,,,,,,,,,,,,,,,,,,,,,,,,,,,,,,,,,,,,,,,,,,,,,,,,,,,,,,,,,,,,,,,,,,,,,,,,,,,,,,,,,
151,state,ia,ia,1,"(1, ('e', 0, 2, 2))","(2, ('e', 3, 4, 1))","(1, ('e', 0, 2, 2))","(2, ('e', 4, 3, 2))","(1, ('e', 0, 2, 2))","(2, ('e', 4, 4, 2))","(1, ('e', 0, 2, 2))","(2, ('a', 3, 4))","(1, ('e', 0, 2, 2))",,,,,,,,,,,,,,,,,,,,,,,,,,,,,,,,,,,,,,,,,,,,,,,,,,,,,,,,,,,,,,,,,,,,,,,,,,,,,,,,,,,,,,,,,,,,,,,,,,,,,,,,,,,,,,,,,,,,,,,,,,,,,,,,,,,,,,,,,,,,,,,,,,,,,,,,,,,,,,,,,,,,,,,,,,,,,,,,,,,,,,,,,,,,,,,,,,,,,,,,,,,,,,,,,,,,,,,,,,,,,,,,,,,,,,,,,,,,,,,,,,,,,,,,,,,,,,,,,,,,,,,,,,,,,,,,,,,,,,,,,,,,,,,,,,,,,,,,,,,,,,,,,,,,,,,,,,,,,,,,,,,,,,,,,,,,,,,,,,,,,,,,,,,,,,,,,,,,,,,,,,,,,,,,,,,,,,,,,,,,,,,,,,,,,,,,,,,,,,,,,,,,,,,,,,,,,,,,,,,,,,,,,,,,,,,,,,,,,,,,,,,,,,,,,,,,,,,,,,,,,,,,,,,,,,,,,,,,,,,,,,,,,,,,,,,,,,,,,,,,,,,,,,,,,,,,,,,,,,,,,,,,,,,,,,,,,,,,,,,,,,,,,,,,,,,,,,,,,,,,,,,,,,,,,,,,,,,,,,,,,,,,,,,,,,,,,,,,,,,,,,,,,,,,,,,,,,,,,,,,,,,,,,,,,,,,,,,,,,,,,,,,,,,,,,,,,,,,,,,,,,,,,,,,,,,,,,,,,,,,,,,,,,,,,,,,,,,,,,,,,,,,,,,,,,,,,,,,,,,,,,,,,,,,,,,,,,,,,,,,,,,,,,,,,,,,,,,,,,,,,,,,,,,,,,,,,,,,,,,,,,,,,,,,,,,,,,,,,,,,,,,,,,,,,,,,,,,,,,,,,,,,,,,,,,,,,,,,,,,,,,,,,,,,,,,,,,,,,,,,,,,,,,,,,,,,,,,,,,,,,,,,,,,,,,,,,,,,,,,,,,,,,,,,,,,,,,,,,,,,,,,,,,,,,,,,,,,,,,,,,,,,,,,,,,,,,,,,,,,,,,,,,,,,,,,,,,,,,,,,,,,,,,,
152,move,ia,ia,1,"[[0, 0, (1, 2), 0, 0], [0, 0, 0, 0, 0], [0, (0, -1), (0, -1), (0, -1), 0], [0, 0, 0, 0, 0], [0, 0, 0, 0, 0]]","[[0, 0, (1, 2), 0, 0], [0, 0, 0, 0, 0], [0, (0, -1), (0, -1), (0, -1), 0], [0, 0, 0, 0, (2, 1)], [0, 0, 0, 0, 0]]","[[0, 0, (1, 2), 0, 0], [0, 0, (1, 2), 0, 0], [0, (0, -1), (0, -1), (0, -1), 0], [0, 0, 0, 0, (2, 1)], [0, 0, 0, 0, 0]]","[[0, 0, (1, 2), 0, 0], [0, 0, (1, 2), 0, 0], [0, (0, -1), (0, -1), (0, -1), 0], [0, 0, 0, 0, (2, 1)], [0, 0, 0, (2, 2), 0]]","[[0, 0, (1, 2), 0, 0], [0, 0, (1, 2), 0, 0], [0, (0, -1), (1, 2), (0, -1), 0], [0, 0, (0, -1), 0, (2, 1)], [0, 0, 0, (2, 2), 0]]","[[0, 0, (1, 2), 0, 0], [0, 0, (1, 2), 0, 0], [0, (0, -1), (1, 2), (0, -1), 0], [0, 0, (0, -1), 0, (2, 1)], [0, 0, 0, (2, 2), (2, 2)]]","[[0, 0, (1, 2), 0, 0], [0, 0, (1, 2), 0, 0], [0, (0, -1), (1, 2), (0, -1), 0], [0, 0, (1, 2), 0, (2, 1)], [0, 0, (0, -1), (2, 2), (2, 2)]]","[[0, 0, (1, 2), 0, 0], [0, 0, (1, 2), 0, 0], [0, (0, -1), (1, 2), (0, -1), 0], [0, 0, (1, 2), 0, 0], [0, 0, (0, -1), (2, 2), (2, 2)]]","[[0, 0, (1, 2), 0, 0], [0, 0, (1, 2), 0, 0], [0, (0, -1), (1, 2), (0, -1), 0], [0, 0, (1, 2), 0, 0], [0, 0, (1, 2), (2, 2), (2, 2)]]",,,,,,,,,,,,,,,,,,,,,,,,,,,,,,,,,,,,,,,,,,,,,,,,,,,,,,,,,,,,,,,,,,,,,,,,,,,,,,,,,,,,,,,,,,,,,,,,,,,,,,,,,,,,,,,,,,,,,,,,,,,,,,,,,,,,,,,,,,,,,,,,,,,,,,,,,,,,,,,,,,,,,,,,,,,,,,,,,,,,,,,,,,,,,,,,,,,,,,,,,,,,,,,,,,,,,,,,,,,,,,,,,,,,,,,,,,,,,,,,,,,,,,,,,,,,,,,,,,,,,,,,,,,,,,,,,,,,,,,,,,,,,,,,,,,,,,,,,,,,,,,,,,,,,,,,,,,,,,,,,,,,,,,,,,,,,,,,,,,,,,,,,,,,,,,,,,,,,,,,,,,,,,,,,,,,,,,,,,,,,,,,,,,,,,,,,,,,,,,,,,,,,,,,,,,,,,,,,,,,,,,,,,,,,,,,,,,,,,,,,,,,,,,,,,,,,,,,,,,,,,,,,,,,,,,,,,,,,,,,,,,,,,,,,,,,,,,,,,,,,,,,,,,,,,,,,,,,,,,,,,,,,,,,,,,,,,,,,,,,,,,,,,,,,,,,,,,,,,,,,,,,,,,,,,,,,,,,,,,,,,,,,,,,,,,,,,,,,,,,,,,,,,,,,,,,,,,,,,,,,,,,,,,,,,,,,,,,,,,,,,,,,,,,,,,,,,,,,,,,,,,,,,,,,,,,,,,,,,,,,,,,,,,,,,,,,,,,,,,,,,,,,,,,,,,,,,,,,,,,,,,,,,,,,,,,,,,,,,,,,,,,,,,,,,,,,,,,,,,,,,,,,,,,,,,,,,,,,,,,,,,,,,,,,,,,,,,,,,,,,,,,,,,,,,,,,,,,,,,,,,,,,,,,,,,,,,,,,,,,,,,,,,,,,,,,,,,,,,,,,,,,,,,,,,,,,,,,,,,,,,,,,,,,,,,,,,,,,,,,,,,,,,,,,,,,,,,,,,,,,,,,,,,,,,,,,,,,,,,,,,,,,,,,,,,,,,,,,,,,,,,,,,,,,,,,,,,,,,,,,,,,,,,
153,state,ia,ia,3,"(1, ('e', 0, 2, 2))","(2, ('e', 3, 4, 1))","(1, ('e', 0, 2, 2))","(2, ('a', 3, 4))","(1, ('m', 0, 2, 3))","(2, ('e', 3, 4, 1))","(1, ('e', 0, 2, 2))","(2, ('a', 3, 4))","(1, ('e', 0, 2, 2))","(2, ('e', 3, 4, 1))","(1, ('e', 0, 2, 2))","(2, ('a', 3, 4))","(1, ('a', 0, 2))","(2, ('e', 3, 4, 1))","(1, ('e', 0, 2, 2))","(2, ('a', 3, 4))","(1, ('a', 0, 2))","(2, ('e', 3, 4, 1))","(1, ('e', 0, 2, 2))","(2, ('a', 3, 4))","(1, ('a', 0, 2))","(2, ('e', 3, 4, 1))","(1, ('e', 0, 2, 2))","(2, ('a', 3, 4))","(1, ('a', 0, 2))","(2, ('e', 3, 4, 1))","(1, ('e', 0, 2, 2))","(2, ('a', 3, 4))","(1, ('a', 0, 2))","(2, ('e', 3, 4, 1))","(1, ('e', 0, 2, 2))","(2, ('a', 3, 4))","(1, ('a', 0, 2))","(2, ('e', 3, 4, 1))","(1, ('e', 0, 2, 2))","(2, ('a', 3, 4))","(1, ('a', 0, 2))","(2, ('e', 3, 4, 1))","(1, ('e', 0, 2, 2))","(2, ('a', 3, 4))","(1, ('a', 0, 2))","(2, ('e', 3, 4, 1))","(1, ('e', 0, 2, 2))","(2, ('a', 3, 4))","(1, ('a', 0, 2))","(2, ('e', 3, 4, 1))","(1, ('e', 0, 2, 2))","(2, ('a', 3, 4))","(1, ('a', 0, 2))","(2, ('e', 3, 4, 1))","(1, ('e', 0, 2, 2))",,,,,,,,,,,,,,,,,,,,,,,,,,,,,,,,,,,,,,,,,,,,,,,,,,,,,,,,,,,,,,,,,,,,,,,,,,,,,,,,,,,,,,,,,,,,,,,,,,,,,,,,,,,,,,,,,,,,,,,,,,,,,,,,,,,,,,,,,,,,,,,,,,,,,,,,,,,,,,,,,,,,,,,,,,,,,,,,,,,,,,,,,,,,,,,,,,,,,,,,,,,,,,,,,,,,,,,,,,,,,,,,,,,,,,,,,,,,,,,,,,,,,,,,,,,,,,,,,,,,,,,,,,,,,,,,,,,,,,,,,,,,,,,,,,,,,,,,,,,,,,,,,,,,,,,,,,,,,,,,,,,,,,,,,,,,,,,,,,,,,,,,,,,,,,,,,,,,,,,,,,,,,,,,,,,,,,,,,,,,,,,,,,,,,,,,,,,,,,,,,,,,,,,,,,,,,,,,,,,,,,,,,,,,,,,,,,,,,,,,,,,,,,,,,,,,,,,,,,,,,,,,,,,,,,,,,,,,,,,,,,,,,,,,,,,,,,,,,,,,,,,,,,,,,,,,,,,,,,,,,,,,,,,,,,,,,,,,,,,,,,,,,,,,,,,,,,,,,,,,,,,,,,,,,,,,,,,,,,,,,,,,,,,,,,,,,,,,,,,,,,,,,,,,,,,,,,,,,,,,,,,,,,,,,,,,,,,,,,,,,,,,,,,,,,,,,,,,,,,,,,,,,,,,,,,,,,,,,,,,,,,,,,,,,,,,,,,,,,,,,,,,,,,,,,,,,,,,,,,,,,,,,,,,,,,,,,,,,,,,,,,,,,,,,,,,,,,,,,,,,,,,,,,,,,,,,,,,,,,,,,,,,,,,,,,,,,,,,,,,,,,,,,,,,,,,,,,,,,,,,,,,,,,,,,,,,,,,,,,,,,,,,,,,,,,,,,,,,,,,,,,,,,,,,,,,,,,,,,,,,,,,,,,,,,,,,,,,,,,,,,,,,,,,,,,,,,,,,,,,,,,,,,,,,,,,,,,,,,,,,,,,,
154,move,ia,ia,3,"[[0, 0, (1, 2), 0, 0], [0, 0, 0, 0, 0], [0, (0, -1), (0, -1), (0, -1), 0], [0, 0, 0, 0, 0], [0, 0, 0, 0, 0]]","[[0, 0, (1, 2), 0, 0], [0, 0, 0, 0, 0], [0, (0, -1), (0, -1), (0, -1), 0], [0, 0, 0, 0, (2, 1)], [0, 0, 0, 0, 0]]","[[0, 0, (1, 2), 0, 0], [0, 0, (1, 2), 0, 0], [0, (0, -1), (0, -1), (0, -1), 0], [0, 0, 0, 0, (2, 1)], [0, 0, 0, 0, 0]]","[[0, 0, (1, 2), 0, 0], [0, 0, (1, 2), 0, 0], [0, (0, -1), (0, -1), (0, -1), 0], [0, 0, 0, 0, 0], [0, 0, 0, 0, 0]]","[[0, (1, 2), 0, 0, 0], [0, 0, (1, 2), 0, 0], [0, (0, -1), (0, -1), (0, -1), 0], [0, 0, 0, 0, 0], [0, 0, 0, 0, 0]]","[[0, (1, 2), 0, 0, 0], [0, 0, (1, 2), 0, 0], [0, (0, -1), (0, -1), (0, -1), 0], [0, 0, 0, 0, (2, 1)], [0, 0, 0, 0, 0]]","[[0, (1, 2), (1, 2), 0, 0], [0, 0, (1, 2), 0, 0], [0, (0, -1), (0, -1), (0, -1), 0], [0, 0, 0, 0, (2, 1)], [0, 0, 0, 0, 0]]","[[0, (1, 2), (1, 2), 0, 0], [0, 0, (1, 2), 0, 0], [0, (0, -1), (0, -1), (0, -1), 0], [0, 0, 0, 0, 0], [0, 0, 0, 0, 0]]","[[0, (1, 2), (1, 2), 0, 0], [0, 0, (1, 2), 0, 0], [0, (0, -1), (1, 2), (0, -1), 0], [0, 0, (0, -1), 0, 0], [0, 0, 0, 0, 0]]","[[0, (1, 2), (1, 2), 0, 0], [0, 0, (1, 2), 0, 0], [0, (0, -1), (1, 2), (0, -1), 0], [0, 0, (0, -1), 0, (2, 1)], [0, 0, 0, 0, 0]]","[[0, (1, 2), (1, 2), 0, 0], [0, 0, (1, 2), 0, 0], [0, (0, -1), (1, 2), (0, -1), 0], [0, 0, (1, 2), 0, (2, 1)], [0, 0, (0, -1), 0, 0]]","[[0, (1, 2), (1, 2), 0, 0], [0, 0, (1, 2), 0, 0], [0, (0, -1), (1, 2), (0, -1), 0], [0, 0, (1, 2), 0, 0], [0, 0, (0, -1), 0, 0]]","[[0, (1, 2), 0, 0, 0], [0, 0, (1, 2), 0, 0], [0, (0, -1), (1, 2), (0, -1), 0], [0, 0, (1, 2), 0, 0], [0, 0, (0, -1), 0, 0]]","[[0, (1, 2), 0, 0, 0], [0, 0, (1, 2), 0, 0], [0, (0, -1), (1, 2), (0, -1), 0], [0, 0, (1, 2), 0, (2, 1)], [0, 0, (0, -1), 0, 0]]","[[0, (1, 2), (1, 2), 0, 0], [0, 0, (1, 2), 0, 0], [0, (0, -1), (1, 2), (0, -1), 0], [0, 0, (1, 2), 0, (2, 1)], [0, 0, (0, -1), 0, 0]]","[[0, (1, 2), (1, 2), 0, 0], [0, 0, (1, 2), 0, 0], [0, (0, -1), (1, 2), (0, -1), 0], [0, 0, (1, 2), 0, 0], [0, 0, (0, -1), 0, 0]]","[[0, (1, 2), 0, 0, 0], [0, 0, (1, 2), 0, 0], [0, (0, -1), (1, 2), (0, -1), 0], [0, 0, (1, 2), 0, 0], [0, 0, (0, -1), 0, 0]]","[[0, (1, 2), 0, 0, 0], [0, 0, (1, 2), 0, 0], [0, (0, -1), (1, 2), (0, -1), 0], [0, 0, (1, 2), 0, (2, 1)], [0, 0, (0, -1), 0, 0]]","[[0, (1, 2), (1, 2), 0, 0], [0, 0, (1, 2), 0, 0], [0, (0, -1), (1, 2), (0, -1), 0], [0, 0, (1, 2), 0, (2, 1)], [0, 0, (0, -1), 0, 0]]","[[0, (1, 2), (1, 2), 0, 0], [0, 0, (1, 2), 0, 0], [0, (0, -1), (1, 2), (0, -1), 0], [0, 0, (1, 2), 0, 0], [0, 0, (0, -1), 0, 0]]","[[0, (1, 2), 0, 0, 0], [0, 0, (1, 2), 0, 0], [0, (0, -1), (1, 2), (0, -1), 0], [0, 0, (1, 2), 0, 0], [0, 0, (0, -1), 0, 0]]","[[0, (1, 2), 0, 0, 0], [0, 0, (1, 2), 0, 0], [0, (0, -1), (1, 2), (0, -1), 0], [0, 0, (1, 2), 0, (2, 1)], [0, 0, (0, -1), 0, 0]]","[[0, (1, 2), (1, 2), 0, 0], [0, 0, (1, 2), 0, 0], [0, (0, -1), (1, 2), (0, -1), 0], [0, 0, (1, 2), 0, (2, 1)], [0, 0, (0, -1), 0, 0]]","[[0, (1, 2), (1, 2), 0, 0], [0, 0, (1, 2), 0, 0], [0, (0, -1), (1, 2), (0, -1), 0], [0, 0, (1, 2), 0, 0], [0, 0, (0, -1), 0, 0]]","[[0, (1, 2), 0, 0, 0], [0, 0, (1, 2), 0, 0], [0, (0, -1), (1, 2), (0, -1), 0], [0, 0, (1, 2), 0, 0], [0, 0, (0, -1), 0, 0]]","[[0, (1, 2), 0, 0, 0], [0, 0, (1, 2), 0, 0], [0, (0, -1), (1, 2), (0, -1), 0], [0, 0, (1, 2), 0, (2, 1)], [0, 0, (0, -1), 0, 0]]","[[0, (1, 2), (1, 2), 0, 0], [0, 0, (1, 2), 0, 0], [0, (0, -1), (1, 2), (0, -1), 0], [0, 0, (1, 2), 0, (2, 1)], [0, 0, (0, -1), 0, 0]]","[[0, (1, 2), (1, 2), 0, 0], [0, 0, (1, 2), 0, 0], [0, (0, -1), (1, 2), (0, -1), 0], [0, 0, (1, 2), 0, 0], [0, 0, (0, -1), 0, 0]]","[[0, (1, 2), 0, 0, 0], [0, 0, (1, 2), 0, 0], [0, (0, -1), (1, 2), (0, -1), 0], [0, 0, (1, 2), 0, 0], [0, 0, (0, -1), 0, 0]]","[[0, (1, 2), 0, 0, 0], [0, 0, (1, 2), 0, 0], [0, (0, -1), (1, 2), (0, -1), 0], [0, 0, (1, 2), 0, (2, 1)], [0, 0, (0, -1), 0, 0]]","[[0, (1, 2), (1, 2), 0, 0], [0, 0, (1, 2), 0, 0], [0, (0, -1), (1, 2), (0, -1), 0], [0, 0, (1, 2), 0, (2, 1)], [0, 0, (0, -1), 0, 0]]","[[0, (1, 2), (1, 2), 0, 0], [0, 0, (1, 2), 0, 0], [0, (0, -1), (1, 2), (0, -1), 0], [0, 0, (1, 2), 0, 0], [0, 0, (0, -1), 0, 0]]","[[0, (1, 2), 0, 0, 0], [0, 0, (1, 2), 0, 0], [0, (0, -1), (1, 2), (0, -1), 0], [0, 0, (1, 2), 0, 0], [0, 0, (0, -1), 0, 0]]","[[0, (1, 2), 0, 0, 0], [0, 0, (1, 2), 0, 0], [0, (0, -1), (1, 2), (0, -1), 0], [0, 0, (1, 2), 0, (2, 1)], [0, 0, (0, -1), 0, 0]]","[[0, (1, 2), (1, 2), 0, 0], [0, 0, (1, 2), 0, 0], [0, (0, -1), (1, 2), (0, -1), 0], [0, 0, (1, 2), 0, (2, 1)], [0, 0, (0, -1), 0, 0]]","[[0, (1, 2), (1, 2), 0, 0], [0, 0, (1, 2), 0, 0], [0, (0, -1), (1, 2), (0, -1), 0], [0, 0, (1, 2), 0, 0], [0, 0, (0, -1), 0, 0]]","[[0, (1, 2), 0, 0, 0], [0, 0, (1, 2), 0, 0], [0, (0, -1), (1, 2), (0, -1), 0], [0, 0, (1, 2), 0, 0], [0, 0, (0, -1), 0, 0]]","[[0, (1, 2), 0, 0, 0], [0, 0, (1, 2), 0, 0], [0, (0, -1), (1, 2), (0, -1), 0], [0, 0, (1, 2), 0, (2, 1)], [0, 0, (0, -1), 0, 0]]","[[0, (1, 2), (1, 2), 0, 0], [0, 0, (1, 2), 0, 0], [0, (0, -1), (1, 2), (0, -1), 0], [0, 0, (1, 2), 0, (2, 1)], [0, 0, (0, -1), 0, 0]]","[[0, (1, 2), (1, 2), 0, 0], [0, 0, (1, 2), 0, 0], [0, (0, -1), (1, 2), (0, -1), 0], [0, 0, (1, 2), 0, 0], [0, 0, (0, -1), 0, 0]]","[[0, (1, 2), 0, 0, 0], [0, 0, (1, 2), 0, 0], [0, (0, -1), (1, 2), (0, -1), 0], [0, 0, (1, 2), 0, 0], [0, 0, (0, -1), 0, 0]]","[[0, (1, 2), 0, 0, 0], [0, 0, (1, 2), 0, 0], [0, (0, -1), (1, 2), (0, -1), 0], [0, 0, (1, 2), 0, (2, 1)], [0, 0, (0, -1), 0, 0]]","[[0, (1, 2), (1, 2), 0, 0], [0, 0, (1, 2), 0, 0], [0, (0, -1), (1, 2), (0, -1), 0], [0, 0, (1, 2), 0, (2, 1)], [0, 0, (0, -1), 0, 0]]","[[0, (1, 2), (1, 2), 0, 0], [0, 0, (1, 2), 0, 0], [0, (0, -1), (1, 2), (0, -1), 0], [0, 0, (1, 2), 0, 0], [0, 0, (0, -1), 0, 0]]","[[0, (1, 2), 0, 0, 0], [0, 0, (1, 2), 0, 0], [0, (0, -1), (1, 2), (0, -1), 0], [0, 0, (1, 2), 0, 0], [0, 0, (0, -1), 0, 0]]","[[0, (1, 2), 0, 0, 0], [0, 0, (1, 2), 0, 0], [0, (0, -1), (1, 2), (0, -1), 0], [0, 0, (1, 2), 0, (2, 1)], [0, 0, (0, -1), 0, 0]]","[[0, (1, 2), (1, 2), 0, 0], [0, 0, (1, 2), 0, 0], [0, (0, -1), (1, 2), (0, -1), 0], [0, 0, (1, 2), 0, (2, 1)], [0, 0, (0, -1), 0, 0]]","[[0, (1, 2), (1, 2), 0, 0], [0, 0, (1, 2), 0, 0], [0, (0, -1), (1, 2), (0, -1), 0], [0, 0, (1, 2), 0, 0], [0, 0, (0, -1), 0, 0]]","[[0, (1, 2), 0, 0, 0], [0, 0, (1, 2), 0, 0], [0, (0, -1), (1, 2), (0, -1), 0], [0, 0, (1, 2), 0, 0], [0, 0, (0, -1), 0, 0]]","[[0, (1, 2), 0, 0, 0], [0, 0, (1, 2), 0, 0], [0, (0, -1), (1, 2), (0, -1), 0], [0, 0, (1, 2), 0, (2, 1)], [0, 0, (0, -1), 0, 0]]","[[0, (1, 2), (1, 2), 0, 0], [0, 0, (1, 2), 0, 0], [0, (0, -1), (1, 2), (0, -1), 0], [0, 0, (1, 2), 0, (2, 1)], [0, 0, (0, -1), 0, 0]]",,,,,,,,,,,,,,,,,,,,,,,,,,,,,,,,,,,,,,,,,,,,,,,,,,,,,,,,,,,,,,,,,,,,,,,,,,,,,,,,,,,,,,,,,,,,,,,,,,,,,,,,,,,,,,,,,,,,,,,,,,,,,,,,,,,,,,,,,,,,,,,,,,,,,,,,,,,,,,,,,,,,,,,,,,,,,,,,,,,,,,,,,,,,,,,,,,,,,,,,,,,,,,,,,,,,,,,,,,,,,,,,,,,,,,,,,,,,,,,,,,,,,,,,,,,,,,,,,,,,,,,,,,,,,,,,,,,,,,,,,,,,,,,,,,,,,,,,,,,,,,,,,,,,,,,,,,,,,,,,,,,,,,,,,,,,,,,,,,,,,,,,,,,,,,,,,,,,,,,,,,,,,,,,,,,,,,,,,,,,,,,,,,,,,,,,,,,,,,,,,,,,,,,,,,,,,,,,,,,,,,,,,,,,,,,,,,,,,,,,,,,,,,,,,,,,,,,,,,,,,,,,,,,,,,,,,,,,,,,,,,,,,,,,,,,,,,,,,,,,,,,,,,,,,,,,,,,,,,,,,,,,,,,,,,,,,,,,,,,,,,,,,,,,,,,,,,,,,,,,,,,,,,,,,,,,,,,,,,,,,,,,,,,,,,,,,,,,,,,,,,,,,,,,,,,,,,,,,,,,,,,,,,,,,,,,,,,,,,,,,,,,,,,,,,,,,,,,,,,,,,,,,,,,,,,,,,,,,,,,,,,,,,,,,,,,,,,,,,,,,,,,,,,,,,,,,,,,,,,,,,,,,,,,,,,,,,,,,,,,,,,,,,,,,,,,,,,,,,,,,,,,,,,,,,,,,,,,,,,,,,,,,,,,,,,,,,,,,,,,,,,,,,,,,,,,,,,,,,,,,,,,,,,,,,,,,,,,,,,,,,,,,,,,,,,,,,,,,,,,,,,,,,,,,,,,,,,,,,,,,,,,,,,,,,,,,,,,,,,,,,,,,,,,,,,,,,,,,,,,,,,,,,,,,,,,,,,,,,,,,,,,,
155,state,ia,ia,3,"(1, ('e', 0, 2, 2))","(2, ('e', 3, 4, 1))","(1, ('e', 4, 0, 3))","(2, ('a', 3, 4))","(1, ('e', 0, 2, 2))","(2, ('e', 3, 4, 1))","(1, ('e', 0, 2, 2))","(2, ('a', 3, 4))","(1, ('e', 0, 2, 2))","(2, ('e', 3, 4, 1))","(1, ('a', 0, 2))","(2, ('a', 3, 4))","(1, ('t', 2, 2, 1))","(2, ('e', 3, 4, 1))","(1, ('e', 0, 2, 2))","(2, ('a', 3, 4))","(1, ('t', 1, 2, 3))","(2, ('e', 3, 4, 1))","(1, ('a', 0, 2))","(2, ('a', 3, 4))","(1, ('e', 0, 2, 2))","(2, ('e', 3, 4, 1))","(1, ('t', 3, 2, 1))","(2, ('a', 3, 4))","(1, ('a', 0, 2))","(2, ('e', 3, 4, 1))","(1, ('m', 1, 2, 1))","(2, ('a', 3, 4))","(1, ('m', 2, 2, 1))","(2, ('e', 4, 4, 3))","(1, ('e', 0, 2, 2))","(2, ('e', 3, 4, 1))","(1, ('a', 0, 2))","(2, ('a', 3, 4))","(1, ('e', 0, 2, 2))","(2, ('e', 3, 4, 1))","(1, ('a', 0, 2))","(2, ('a', 3, 4))","(1, ('e', 0, 2, 2))","(2, ('e', 3, 4, 1))","(1, ('a', 0, 2))","(2, ('a', 3, 4))","(1, ('e', 0, 2, 2))","(2, ('e', 3, 4, 1))","(1, ('m', 2, 3, 3))","(2, ('a', 3, 4))","(1, ('a', 0, 2))","(2, ('e', 3, 4, 1))","(1, ('e', 0, 2, 2))","(2, ('a', 3, 4))","(1, ('t', 1, 3, 2))","(2, ('e', 3, 4, 1))","(1, ('a', 0, 2))","(2, ('a', 3, 4))","(1, ('e', 0, 2, 2))","(2, ('e', 3, 4, 1))","(1, ('a', 0, 2))","(2, ('a', 3, 4))","(1, ('e', 0, 2, 2))","(2, ('e', 3, 4, 1))","(1, ('a', 0, 2))","(2, ('a', 3, 4))","(1, ('e', 0, 2, 2))","(2, ('e', 3, 4, 1))","(1, ('a', 0, 2))","(2, ('a', 3, 4))","(1, ('e', 0, 2, 2))","(2, ('e', 4, 4, 0))","(1, ('a', 0, 2))",,,,,,,,,,,,,,,,,,,,,,,,,,,,,,,,,,,,,,,,,,,,,,,,,,,,,,,,,,,,,,,,,,,,,,,,,,,,,,,,,,,,,,,,,,,,,,,,,,,,,,,,,,,,,,,,,,,,,,,,,,,,,,,,,,,,,,,,,,,,,,,,,,,,,,,,,,,,,,,,,,,,,,,,,,,,,,,,,,,,,,,,,,,,,,,,,,,,,,,,,,,,,,,,,,,,,,,,,,,,,,,,,,,,,,,,,,,,,,,,,,,,,,,,,,,,,,,,,,,,,,,,,,,,,,,,,,,,,,,,,,,,,,,,,,,,,,,,,,,,,,,,,,,,,,,,,,,,,,,,,,,,,,,,,,,,,,,,,,,,,,,,,,,,,,,,,,,,,,,,,,,,,,,,,,,,,,,,,,,,,,,,,,,,,,,,,,,,,,,,,,,,,,,,,,,,,,,,,,,,,,,,,,,,,,,,,,,,,,,,,,,,,,,,,,,,,,,,,,,,,,,,,,,,,,,,,,,,,,,,,,,,,,,,,,,,,,,,,,,,,,,,,,,,,,,,,,,,,,,,,,,,,,,,,,,,,,,,,,,,,,,,,,,,,,,,,,,,,,,,,,,,,,,,,,,,,,,,,,,,,,,,,,,,,,,,,,,,,,,,,,,,,,,,,,,,,,,,,,,,,,,,,,,,,,,,,,,,,,,,,,,,,,,,,,,,,,,,,,,,,,,,,,,,,,,,,,,,,,,,,,,,,,,,,,,,,,,,,,,,,,,,,,,,,,,,,,,,,,,,,,,,,,,,,,,,,,,,,,,,,,,,,,,,,,,,,,,,,,,,,,,,,,,,,,,,,,,,,,,,,,,,,,,,,,,,,,,,,,,,,,,,,,,,,,,,,,,,,,,,,,,,,,,,,,,,,,,,,,,,,,,,,,,,,,,,,,,,,,,,,,,,,,,,,,,,,,,,,,,,,,,,,,,,,,,,,,,,,,,,,,,,,,,,,,,,,,,,,,,,,,,,,,,
156,move,ia,ia,3,"[[0, 0, (1, 2), 0, 0], [0, 0, 0, 0, 0], [0, (0, -1), (0, -1), (0, -1), 0], [0, 0, 0, 0, 0], [0, 0, 0, 0, 0]]","[[0, 0, (1, 2), 0, 0], [0, 0, 0, 0, 0], [0, (0, -1), (0, -1), (0, -1), 0], [0, 0, 0, 0, (2, 1)], [0, 0, 0, 0, 0]]","[[0, 0, (1, 2), 0, 0], [0, 0, 0, 0, 0], [0, (0, -1), (0, -1), (0, -1), 0], [0, 0, 0, 0, (2, 1)], [(1, 3), 0, 0, 0, 0]]","[[0, 0, (1, 2), 0, 0], [0, 0, 0, 0, 0], [0, (0, -1), (0, -1), (0, -1), 0], [0, 0, 0, 0, 0], [(1, 3), 0, 0, 0, 0]]","[[0, 0, (1, 2), 0, 0], [0, 0, (1, 2), 0, 0], [0, (0, -1), (0, -1), (0, -1), 0], [0, 0, 0, 0, 0], [(1, 3), 0, 0, 0, 0]]","[[0, 0, (1, 2), 0, 0], [0, 0, (1, 2), 0, 0], [0, (0, -1), (0, -1), (0, -1), 0], [0, 0, 0, 0, (2, 1)], [(1, 3), 0, 0, 0, 0]]","[[0, 0, (1, 2), 0, 0], [0, 0, (1, 2), 0, 0], [0, (0, -1), (1, 2), (0, -1), 0], [0, 0, (0, -1), 0, (2, 1)], [(1, 3), 0, 0, 0, 0]]","[[0, 0, (1, 2), 0, 0], [0, 0, (1, 2), 0, 0], [0, (0, -1), (1, 2), (0, -1), 0], [0, 0, (0, -1), 0, 0], [(1, 3), 0, 0, 0, 0]]","[[0, 0, (1, 2), 0, 0], [0, 0, (1, 2), 0, 0], [0, (0, -1), (1, 2), (0, -1), 0], [0, 0, (1, 2), 0, 0], [(1, 3), 0, (0, -1), 0, 0]]","[[0, 0, (1, 2), 0, 0], [0, 0, (1, 2), 0, 0], [0, (0, -1), (1, 2), (0, -1), 0], [0, 0, (1, 2), 0, (2, 1)], [(1, 3), 0, (0, -1), 0, 0]]","[[0, 0, 0, 0, 0], [0, 0, (1, 2), 0, 0], [0, (0, -1), (1, 2), (0, -1), 0], [0, 0, (1, 2), 0, (2, 1)], [(1, 3), 0, (0, -1), 0, 0]]","[[0, 0, 0, 0, 0], [0, 0, (1, 2), 0, 0], [0, (0, -1), (1, 2), (0, -1), 0], [0, 0, (1, 2), 0, 0], [(1, 3), 0, (0, -1), 0, 0]]","[[0, 0, 0, 0, 0], [0, 0, (1, 2), 0, 0], [0, (0, -1), (1, 1), (0, -1), 0], [0, 0, (1, 2), 0, 0], [(1, 3), 0, (0, -1), 0, 0]]","[[0, 0, 0, 0, 0], [0, 0, (1, 2), 0, 0], [0, (0, -1), (1, 1), (0, -1), 0], [0, 0, (1, 2), 0, (2, 1)], [(1, 3), 0, (0, -1), 0, 0]]","[[0, 0, (1, 2), 0, 0], [0, 0, (1, 2), 0, 0], [0, (0, -1), (1, 1), (0, -1), 0], [0, 0, (1, 2), 0, (2, 1)], [(1, 3), 0, (0, -1), 0, 0]]","[[0, 0, (1, 2), 0, 0], [0, 0, (1, 2), 0, 0], [0, (0, -1), (1, 1), (0, -1), 0], [0, 0, (1, 2), 0, 0], [(1, 3), 0, (0, -1), 0, 0]]","[[0, 0, (1, 2), 0, 0], [0, 0, (1, 3), 0, 0], [0, (0, -1), (1, 1), (0, -1), 0], [0, 0, (1, 2), 0, 0], [(1, 3), 0, (0, -1), 0, 0]]","[[0, 0, (1, 2), 0, 0], [0, 0, (1, 3), 0, 0], [0, (0, -1), (1, 1), (0, -1), 0], [0, 0, (1, 2), 0, (2, 1)], [(1, 3), 0, (0, -1), 0, 0]]","[[0, 0, 0, 0, 0], [0, 0, (1, 3), 0, 0], [0, (0, -1), (1, 1), (0, -1), 0], [0, 0, (1, 2), 0, (2, 1)], [(1, 3), 0, (0, -1), 0, 0]]","[[0, 0, 0, 0, 0], [0, 0, (1, 3), 0, 0], [0, (0, -1), (1, 1), (0, -1), 0], [0, 0, (1, 2), 0, 0], [(1, 3), 0, (0, -1), 0, 0]]","[[0, 0, (1, 2), 0, 0], [0, 0, (1, 3), 0, 0], [0, (0, -1), (1, 1), (0, -1), 0], [0, 0, (1, 2), 0, 0], [(1, 3), 0, (0, -1), 0, 0]]","[[0, 0, (1, 2), 0, 0], [0, 0, (1, 3), 0, 0], [0, (0, -1), (1, 1), (0, -1), 0], [0, 0, (1, 2), 0, (2, 1)], [(1, 3), 0, (0, -1), 0, 0]]","[[0, 0, (1, 2), 0, 0], [0, 0, (1, 3), 0, 0], [0, (0, -1), (1, 1), (0, -1), 0], [0, 0, (1, 1), 0, (2, 1)], [(1, 3), 0, (0, -1), 0, 0]]","[[0, 0, (1, 2), 0, 0], [0, 0, (1, 3), 0, 0], [0, (0, -1), (1, 1), (0, -1), 0], [0, 0, (1, 1), 0, 0], [(1, 3), 0, (0, -1), 0, 0]]","[[0, 0, 0, 0, 0], [0, 0, (1, 3), 0, 0], [0, (0, -1), (1, 1), (0, -1), 0], [0, 0, (1, 1), 0, 0], [(1, 3), 0, (0, -1), 0, 0]]","[[0, 0, 0, 0, 0], [0, 0, (1, 3), 0, 0], [0, (0, -1), (1, 1), (0, -1), 0], [0, 0, (1, 1), 0, (2, 1)], [(1, 3), 0, (0, -1), 0, 0]]","[[0, 0, 0, 0, 0], [0, 0, 0, (1, 3), 0], [0, (0, -1), (1, 1), (0, -1), 0], [0, 0, (1, 1), 0, (2, 1)], [(1, 3), 0, (0, -1), 0, 0]]","[[0, 0, 0, 0, 0], [0, 0, 0, (1, 3), 0], [0, (0, -1), (1, 1), (0, -1), 0], [0, 0, (1, 1), 0, 0], [(1, 3), 0, (0, -1), 0, 0]]","[[0, 0, 0, 0, 0], [0, 0, 0, (1, 3), 0], [0, (0, -1), 0, (1, 1), (0, -1)], [0, 0, (1, 1), 0, 0], [(1, 3), 0, (0, -1), 0, 0]]","[[0, 0, 0, 0, 0], [0, 0, 0, (1, 3), 0], [0, (0, -1), 0, (1, 1), (0, -1)], [0, 0, (1, 1), 0, 0], [(1, 3), 0, (0, -1), 0, (2, 3)]]","[[0, 0, (1, 2), 0, 0], [0, 0, 0, (1, 3), 0], [0, (0, -1), 0, (1, 1), (0, -1)], [0, 0, (1, 1), 0, 0], [(1, 3), 0, (0, -1), 0, (2, 3)]]","[[0, 0, (1, 2), 0, 0], [0, 0, 0, (1, 3), 0], [0, (0, -1), 0, (1, 1), (0, -1)], [0, 0, (1, 1), 0, (2, 1)], [(1, 3), 0, (0, -1), 0, (2, 3)]]","[[0, 0, 0, 0, 0], [0, 0, 0, (1, 3), 0], [0, (0, -1), 0, (1, 1), (0, -1)], [0, 0, (1, 1), 0, (2, 1)], [(1, 3), 0, (0, -1), 0, (2, 3)]]","[[0, 0, 0, 0, 0], [0, 0, 0, (1, 3), 0], [0, (0, -1), 0, (1, 1), (0, -1)], [0, 0, (1, 1), 0, 0], [(1, 3), 0, (0, -1), 0, (2, 3)]]","[[0, 0, (1, 2), 0, 0], [0, 0, 0, (1, 3), 0], [0, (0, -1), 0, (1, 1), (0, -1)], [0, 0, (1, 1), 0, 0], [(1, 3), 0, (0, -1), 0, (2, 3)]]","[[0, 0, (1, 2), 0, 0], [0, 0, 0, (1, 3), 0], [0, (0, -1), 0, (1, 1), (0, -1)], [0, 0, (1, 1), 0, (2, 1)], [(1, 3), 0, (0, -1), 0, (2, 3)]]","[[0, 0, 0, 0, 0], [0, 0, 0, (1, 3), 0], [0, (0, -1), 0, (1, 1), (0, -1)], [0, 0, (1, 1), 0, (2, 1)], [(1, 3), 0, (0, -1), 0, (2, 3)]]","[[0, 0, 0, 0, 0], [0, 0, 0, (1, 3), 0], [0, (0, -1), 0, (1, 1), (0, -1)], [0, 0, (1, 1), 0, 0], [(1, 3), 0, (0, -1), 0, (2, 3)]]","[[0, 0, (1, 2), 0, 0], [0, 0, 0, (1, 3), 0], [0, (0, -1), 0, (1, 1), (0, -1)], [0, 0, (1, 1), 0, 0], [(1, 3), 0, (0, -1), 0, (2, 3)]]","[[0, 0, (1, 2), 0, 0], [0, 0, 0, (1, 3), 0], [0, (0, -1), 0, (1, 1), (0, -1)], [0, 0, (1, 1), 0, (2, 1)], [(1, 3), 0, (0, -1), 0, (2, 3)]]","[[0, 0, 0, 0, 0], [0, 0, 0, (1, 3), 0], [0, (0, -1), 0, (1, 1), (0, -1)], [0, 0, (1, 1), 0, (2, 1)], [(1, 3), 0, (0, -1), 0, (2, 3)]]","[[0, 0, 0, 0, 0], [0, 0, 0, (1, 3), 0], [0, (0, -1), 0, (1, 1), (0, -1)], [0, 0, (1, 1), 0, 0], [(1, 3), 0, (0, -1), 0, (2, 3)]]","[[0, 0, (1, 2), 0, 0], [0, 0, 0, (1, 3), 0], [0, (0, -1), 0, (1, 1), (0, -1)], [0, 0, (1, 1), 0, 0], [(1, 3), 0, (0, -1), 0, (2, 3)]]","[[0, 0, (1, 2), 0, 0], [0, 0, 0, (1, 3), 0], [0, (0, -1), 0, (1, 1), (0, -1)], [0, 0, (1, 1), 0, (2, 1)], [(1, 3), 0, (0, -1), 0, (2, 3)]]","[[0, 0, (1, 2), 0, 0], [0, 0, 0, (1, 3), 0], [0, (0, -1), (1, 1), 0, (0, -1)], [0, 0, (1, 1), 0, (2, 1)], [(1, 3), 0, (0, -1), 0, (2, 3)]]","[[0, 0, (1, 2), 0, 0], [0, 0, 0, (1, 3), 0], [0, (0, -1), (1, 1), 0, (0, -1)], [0, 0, (1, 1), 0, 0], [(1, 3), 0, (0, -1), 0, (2, 3)]]","[[0, 0, 0, 0, 0], [0, 0, 0, (1, 3), 0], [0, (0, -1), (1, 1), 0, (0, -1)], [0, 0, (1, 1), 0, 0], [(1, 3), 0, (0, -1), 0, (2, 3)]]","[[0, 0, 0, 0, 0], [0, 0, 0, (1, 3), 0], [0, (0, -1), (1, 1), 0, (0, -1)], [0, 0, (1, 1), 0, (2, 1)], [(1, 3), 0, (0, -1), 0, (2, 3)]]","[[0, 0, (1, 2), 0, 0], [0, 0, 0, (1, 3), 0], [0, (0, -1), (1, 1), 0, (0, -1)], [0, 0, (1, 1), 0, (2, 1)], [(1, 3), 0, (0, -1), 0, (2, 3)]]","[[0, 0, (1, 2), 0, 0], [0, 0, 0, (1, 3), 0], [0, (0, -1), (1, 1), 0, (0, -1)], [0, 0, (1, 1), 0, 0], [(1, 3), 0, (0, -1), 0, (2, 3)]]","[[0, 0, (1, 2), 0, 0], [0, 0, 0, (1, 2), 0], [0, (0, -1), (1, 1), 0, (0, -1)], [0, 0, (1, 1), 0, 0], [(1, 3), 0, (0, -1), 0, (2, 3)]]","[[0, 0, (1, 2), 0, 0], [0, 0, 0, (1, 2), 0], [0, (0, -1), (1, 1), 0, (0, -1)], [0, 0, (1, 1), 0, (2, 1)], [(1, 3), 0, (0, -1), 0, (2, 3)]]","[[0, 0, 0, 0, 0], [0, 0, 0, (1, 2), 0], [0, (0, -1), (1, 1), 0, (0, -1)], [0, 0, (1, 1), 0, (2, 1)], [(1, 3), 0, (0, -1), 0, (2, 3)]]","[[0, 0, 0, 0, 0], [0, 0, 0, (1, 2), 0], [0, (0, -1), (1, 1), 0, (0, -1)], [0, 0, (1, 1), 0, 0], [(1, 3), 0, (0, -1), 0, (2, 3)]]","[[0, 0, (1, 2), 0, 0], [0, 0, 0, (1, 2), 0], [0, (0, -1), (1, 1), 0, (0, -1)], [0, 0, (1, 1), 0, 0], [(1, 3), 0, (0, -1), 0, (2, 3)]]","[[0, 0, (1, 2), 0, 0], [0, 0, 0, (1, 2), 0], [0, (0, -1), (1, 1), 0, (0, -1)], [0, 0, (1, 1), 0, (2, 1)], [(1, 3), 0, (0, -1), 0, (2, 3)]]","[[0, 0, 0, 0, 0], [0, 0, 0, (1, 2), 0], [0, (0, -1), (1, 1), 0, (0, -1)], [0, 0, (1, 1), 0, (2, 1)], [(1, 3), 0, (0, -1), 0, (2, 3)]]","[[0, 0, 0, 0, 0], [0, 0, 0, (1, 2), 0], [0, (0, -1), (1, 1), 0, (0, -1)], [0, 0, (1, 1), 0, 0], [(1, 3), 0, (0, -1), 0, (2, 3)]]","[[0, 0, (1, 2), 0, 0], [0, 0, 0, (1, 2), 0], [0, (0, -1), (1, 1), 0, (0, -1)], [0, 0, (1, 1), 0, 0], [(1, 3), 0, (0, -1), 0, (2, 3)]]","[[0, 0, (1, 2), 0, 0], [0, 0, 0, (1, 2), 0], [0, (0, -1), (1, 1), 0, (0, -1)], [0, 0, (1, 1), 0, (2, 1)], [(1, 3), 0, (0, -1), 0, (2, 3)]]","[[0, 0, 0, 0, 0], [0, 0, 0, (1, 2), 0], [0, (0, -1), (1, 1), 0, (0, -1)], [0, 0, (1, 1), 0, (2, 1)], [(1, 3), 0, (0, -1), 0, (2, 3)]]","[[0, 0, 0, 0, 0], [0, 0, 0, (1, 2), 0], [0, (0, -1), (1, 1), 0, (0, -1)], [0, 0, (1, 1), 0, 0], [(1, 3), 0, (0, -1), 0, (2, 3)]]","[[0, 0, (1, 2), 0, 0], [0, 0, 0, (1, 2), 0], [0, (0, -1), (1, 1), 0, (0, -1)], [0, 0, (1, 1), 0, 0], [(1, 3), 0, (0, -1), 0, (2, 3)]]","[[0, 0, (1, 2), 0, 0], [0, 0, 0, (1, 2), 0], [0, (0, -1), (1, 1), 0, (0, -1)], [0, 0, (1, 1), 0, (2, 1)], [(1, 3), 0, (0, -1), 0, (2, 3)]]","[[0, 0, 0, 0, 0], [0, 0, 0, (1, 2), 0], [0, (0, -1), (1, 1), 0, (0, -1)], [0, 0, (1, 1), 0, (2, 1)], [(1, 3), 0, (0, -1), 0, (2, 3)]]","[[0, 0, 0, 0, 0], [0, 0, 0, (1, 2), 0], [0, (0, -1), (1, 1), 0, (0, -1)], [0, 0, (1, 1), 0, 0], [(1, 3), 0, (0, -1), 0, (2, 3)]]","[[0, 0, (1, 2), 0, 0], [0, 0, 0, (1, 2), 0], [0, (0, -1), (1, 1), 0, (0, -1)], [0, 0, (1, 1), 0, 0], [(1, 3), 0, (0, -1), 0, (2, 3)]]","[[0, 0, (1, 2), 0, 0], [0, 0, 0, (1, 2), 0], [0, (0, -1), (1, 1), 0, (0, -1)], [0, 0, (1, 1), 0, (2, 3)], [(1, 3), 0, (0, -1), 0, (2, 0)]]","[[0, 0, 0, 0, 0], [0, 0, 0, (1, 2), 0], [0, (0, -1), (1, 1), 0, (0, -1)], [0, 0, (1, 1), 0, (2, 3)], [(1, 3), 0, (0, -1), 0, (2, 0)]]",,,,,,,,,,,,,,,,,,,,,,,,,,,,,,,,,,,,,,,,,,,,,,,,,,,,,,,,,,,,,,,,,,,,,,,,,,,,,,,,,,,,,,,,,,,,,,,,,,,,,,,,,,,,,,,,,,,,,,,,,,,,,,,,,,,,,,,,,,,,,,,,,,,,,,,,,,,,,,,,,,,,,,,,,,,,,,,,,,,,,,,,,,,,,,,,,,,,,,,,,,,,,,,,,,,,,,,,,,,,,,,,,,,,,,,,,,,,,,,,,,,,,,,,,,,,,,,,,,,,,,,,,,,,,,,,,,,,,,,,,,,,,,,,,,,,,,,,,,,,,,,,,,,,,,,,,,,,,,,,,,,,,,,,,,,,,,,,,,,,,,,,,,,,,,,,,,,,,,,,,,,,,,,,,,,,,,,,,,,,,,,,,,,,,,,,,,,,,,,,,,,,,,,,,,,,,,,,,,,,,,,,,,,,,,,,,,,,,,,,,,,,,,,,,,,,,,,,,,,,,,,,,,,,,,,,,,,,,,,,,,,,,,,,,,,,,,,,,,,,,,,,,,,,,,,,,,,,,,,,,,,,,,,,,,,,,,,,,,,,,,,,,,,,,,,,,,,,,,,,,,,,,,,,,,,,,,,,,,,,,,,,,,,,,,,,,,,,,,,,,,,,,,,,,,,,,,,,,,,,,,,,,,,,,,,,,,,,,,,,,,,,,,,,,,,,,,,,,,,,,,,,,,,,,,,,,,,,,,,,,,,,,,,,,,,,,,,,,,,,,,,,,,,,,,,,,,,,,,,,,,,,,,,,,,,,,,,,,,,,,,,,,,,,,,,,,,,,,,,,,,,,,,,,,,,,,,,,,,,,,,,,,,,,,,,,,,,,,,,,,,,,,,,,,,,,,,,,,,,,,,,,,,,,,,,,,,,,,,,,,,,,,,,,,,,,,,,,,,,,,,,,,,,,,,,,,,,,,,,,,,,,,,,,,,,,,,,,,,,,,,,,,,,,,,,,,,,,,,,,,,,,,,,
157,state,ia,ia,1,"(1, ('e', 0, 2, 2))","(2, ('e', 3, 4, 1))","(1, ('e', 0, 2, 2))","(2, ('e', 3, 0, 1))","(1, ('e', 0, 2, 2))","(2, ('a', 3, 4))","(1, ('e', 0, 2, 2))","(2, ('e', 3, 4, 1))","(1, ('e', 0, 2, 2))",,,,,,,,,,,,,,,,,,,,,,,,,,,,,,,,,,,,,,,,,,,,,,,,,,,,,,,,,,,,,,,,,,,,,,,,,,,,,,,,,,,,,,,,,,,,,,,,,,,,,,,,,,,,,,,,,,,,,,,,,,,,,,,,,,,,,,,,,,,,,,,,,,,,,,,,,,,,,,,,,,,,,,,,,,,,,,,,,,,,,,,,,,,,,,,,,,,,,,,,,,,,,,,,,,,,,,,,,,,,,,,,,,,,,,,,,,,,,,,,,,,,,,,,,,,,,,,,,,,,,,,,,,,,,,,,,,,,,,,,,,,,,,,,,,,,,,,,,,,,,,,,,,,,,,,,,,,,,,,,,,,,,,,,,,,,,,,,,,,,,,,,,,,,,,,,,,,,,,,,,,,,,,,,,,,,,,,,,,,,,,,,,,,,,,,,,,,,,,,,,,,,,,,,,,,,,,,,,,,,,,,,,,,,,,,,,,,,,,,,,,,,,,,,,,,,,,,,,,,,,,,,,,,,,,,,,,,,,,,,,,,,,,,,,,,,,,,,,,,,,,,,,,,,,,,,,,,,,,,,,,,,,,,,,,,,,,,,,,,,,,,,,,,,,,,,,,,,,,,,,,,,,,,,,,,,,,,,,,,,,,,,,,,,,,,,,,,,,,,,,,,,,,,,,,,,,,,,,,,,,,,,,,,,,,,,,,,,,,,,,,,,,,,,,,,,,,,,,,,,,,,,,,,,,,,,,,,,,,,,,,,,,,,,,,,,,,,,,,,,,,,,,,,,,,,,,,,,,,,,,,,,,,,,,,,,,,,,,,,,,,,,,,,,,,,,,,,,,,,,,,,,,,,,,,,,,,,,,,,,,,,,,,,,,,,,,,,,,,,,,,,,,,,,,,,,,,,,,,,,,,,,,,,,,,,,,,,,,,,,,,,,,,,,,,,,,,,,,,,,,,,,,,,,,,,,,,,,,,,,,,,,,,,,,,,,,,,,,,,,,,,,,,,,,,,,,,,,,,,,,,,,,,,,,,,,,,,,,,,,,,,,,,,,,,,,,,,,,,,,,,,,,,,,,,,,,,,,,,,,,,,,,,,
158,move,ia,ia,1,"[[0, 0, (1, 2), 0, 0], [0, 0, 0, 0, 0], [0, (0, -1), (0, -1), (0, -1), 0], [0, 0, 0, 0, 0], [0, 0, 0, 0, 0]]","[[0, 0, (1, 2), 0, 0], [0, 0, 0, 0, 0], [0, (0, -1), (0, -1), (0, -1), 0], [0, 0, 0, 0, (2, 1)], [0, 0, 0, 0, 0]]","[[0, 0, (1, 2), 0, 0], [0, 0, (1, 2), 0, 0], [0, (0, -1), (0, -1), (0, -1), 0], [0, 0, 0, 0, (2, 1)], [0, 0, 0, 0, 0]]","[[0, 0, (1, 2), 0, 0], [0, 0, (1, 2), 0, 0], [0, (0, -1), (0, -1), (0, -1), 0], [(2, 1), 0, 0, 0, (2, 1)], [0, 0, 0, 0, 0]]","[[0, 0, (1, 2), 0, 0], [0, 0, (1, 2), 0, 0], [0, (0, -1), (1, 2), (0, -1), 0], [(2, 1), 0, (0, -1), 0, (2, 1)], [0, 0, 0, 0, 0]]","[[0, 0, (1, 2), 0, 0], [0, 0, (1, 2), 0, 0], [0, (0, -1), (1, 2), (0, -1), 0], [(2, 1), 0, (0, -1), 0, 0], [0, 0, 0, 0, 0]]","[[0, 0, (1, 2), 0, 0], [0, 0, (1, 2), 0, 0], [0, (0, -1), (1, 2), (0, -1), 0], [(2, 1), 0, (1, 2), 0, 0], [0, 0, (0, -1), 0, 0]]","[[0, 0, (1, 2), 0, 0], [0, 0, (1, 2), 0, 0], [0, (0, -1), (1, 2), (0, -1), 0], [(2, 1), 0, (1, 2), 0, (2, 1)], [0, 0, (0, -1), 0, 0]]","[[0, 0, (1, 2), 0, 0], [0, 0, (1, 2), 0, 0], [0, (0, -1), (1, 2), (0, -1), 0], [(2, 1), 0, (1, 2), 0, (2, 1)], [0, 0, (1, 2), 0, 0]]",,,,,,,,,,,,,,,,,,,,,,,,,,,,,,,,,,,,,,,,,,,,,,,,,,,,,,,,,,,,,,,,,,,,,,,,,,,,,,,,,,,,,,,,,,,,,,,,,,,,,,,,,,,,,,,,,,,,,,,,,,,,,,,,,,,,,,,,,,,,,,,,,,,,,,,,,,,,,,,,,,,,,,,,,,,,,,,,,,,,,,,,,,,,,,,,,,,,,,,,,,,,,,,,,,,,,,,,,,,,,,,,,,,,,,,,,,,,,,,,,,,,,,,,,,,,,,,,,,,,,,,,,,,,,,,,,,,,,,,,,,,,,,,,,,,,,,,,,,,,,,,,,,,,,,,,,,,,,,,,,,,,,,,,,,,,,,,,,,,,,,,,,,,,,,,,,,,,,,,,,,,,,,,,,,,,,,,,,,,,,,,,,,,,,,,,,,,,,,,,,,,,,,,,,,,,,,,,,,,,,,,,,,,,,,,,,,,,,,,,,,,,,,,,,,,,,,,,,,,,,,,,,,,,,,,,,,,,,,,,,,,,,,,,,,,,,,,,,,,,,,,,,,,,,,,,,,,,,,,,,,,,,,,,,,,,,,,,,,,,,,,,,,,,,,,,,,,,,,,,,,,,,,,,,,,,,,,,,,,,,,,,,,,,,,,,,,,,,,,,,,,,,,,,,,,,,,,,,,,,,,,,,,,,,,,,,,,,,,,,,,,,,,,,,,,,,,,,,,,,,,,,,,,,,,,,,,,,,,,,,,,,,,,,,,,,,,,,,,,,,,,,,,,,,,,,,,,,,,,,,,,,,,,,,,,,,,,,,,,,,,,,,,,,,,,,,,,,,,,,,,,,,,,,,,,,,,,,,,,,,,,,,,,,,,,,,,,,,,,,,,,,,,,,,,,,,,,,,,,,,,,,,,,,,,,,,,,,,,,,,,,,,,,,,,,,,,,,,,,,,,,,,,,,,,,,,,,,,,,,,,,,,,,,,,,,,,,,,,,,,,,,,,,,,,,,,,,,,,,,,,,,,,,,,,,,,,,,,,,,,,,,,,,,,,,,,,,,,,,,,,,,,,,,,,,,,,,,,,,,,,,,,,,
159,state,ia,ia,1,"(1, ('e', 0, 2, 2))","(2, ('e', 3, 4, 1))","(1, ('e', 0, 2, 2))","(2, ('a', 3, 4))","(1, ('e', 0, 2, 2))","(2, ('e', 3, 4, 1))","(1, ('e', 0, 2, 2))","(2, ('a', 3, 4))","(1, ('e', 0, 2, 2))",,,,,,,,,,,,,,,,,,,,,,,,,,,,,,,,,,,,,,,,,,,,,,,,,,,,,,,,,,,,,,,,,,,,,,,,,,,,,,,,,,,,,,,,,,,,,,,,,,,,,,,,,,,,,,,,,,,,,,,,,,,,,,,,,,,,,,,,,,,,,,,,,,,,,,,,,,,,,,,,,,,,,,,,,,,,,,,,,,,,,,,,,,,,,,,,,,,,,,,,,,,,,,,,,,,,,,,,,,,,,,,,,,,,,,,,,,,,,,,,,,,,,,,,,,,,,,,,,,,,,,,,,,,,,,,,,,,,,,,,,,,,,,,,,,,,,,,,,,,,,,,,,,,,,,,,,,,,,,,,,,,,,,,,,,,,,,,,,,,,,,,,,,,,,,,,,,,,,,,,,,,,,,,,,,,,,,,,,,,,,,,,,,,,,,,,,,,,,,,,,,,,,,,,,,,,,,,,,,,,,,,,,,,,,,,,,,,,,,,,,,,,,,,,,,,,,,,,,,,,,,,,,,,,,,,,,,,,,,,,,,,,,,,,,,,,,,,,,,,,,,,,,,,,,,,,,,,,,,,,,,,,,,,,,,,,,,,,,,,,,,,,,,,,,,,,,,,,,,,,,,,,,,,,,,,,,,,,,,,,,,,,,,,,,,,,,,,,,,,,,,,,,,,,,,,,,,,,,,,,,,,,,,,,,,,,,,,,,,,,,,,,,,,,,,,,,,,,,,,,,,,,,,,,,,,,,,,,,,,,,,,,,,,,,,,,,,,,,,,,,,,,,,,,,,,,,,,,,,,,,,,,,,,,,,,,,,,,,,,,,,,,,,,,,,,,,,,,,,,,,,,,,,,,,,,,,,,,,,,,,,,,,,,,,,,,,,,,,,,,,,,,,,,,,,,,,,,,,,,,,,,,,,,,,,,,,,,,,,,,,,,,,,,,,,,,,,,,,,,,,,,,,,,,,,,,,,,,,,,,,,,,,,,,,,,,,,,,,,,,,,,,,,,,,,,,,,,,,,,,,,,,,,,,,,,,,,,,,,,,,,,,,,,,,,,,,,,,,,,,,,,,,,,,,,,,,,,,,,,,,,,,,,,
160,move,ia,ia,1,"[[0, 0, (1, 2), 0, 0], [0, 0, 0, 0, 0], [0, (0, -1), (0, -1), (0, -1), 0], [0, 0, 0, 0, 0], [0, 0, 0, 0, 0]]","[[0, 0, (1, 2), 0, 0], [0, 0, 0, 0, 0], [0, (0, -1), (0, -1), (0, -1), 0], [0, 0, 0, 0, (2, 1)], [0, 0, 0, 0, 0]]","[[0, 0, (1, 2), 0, 0], [0, 0, (1, 2), 0, 0], [0, (0, -1), (0, -1), (0, -1), 0], [0, 0, 0, 0, (2, 1)], [0, 0, 0, 0, 0]]","[[0, 0, (1, 2), 0, 0], [0, 0, (1, 2), 0, 0], [0, (0, -1), (0, -1), (0, -1), 0], [0, 0, 0, 0, 0], [0, 0, 0, 0, 0]]","[[0, 0, (1, 2), 0, 0], [0, 0, (1, 2), 0, 0], [0, (0, -1), (1, 2), (0, -1), 0], [0, 0, (0, -1), 0, 0], [0, 0, 0, 0, 0]]","[[0, 0, (1, 2), 0, 0], [0, 0, (1, 2), 0, 0], [0, (0, -1), (1, 2), (0, -1), 0], [0, 0, (0, -1), 0, (2, 1)], [0, 0, 0, 0, 0]]","[[0, 0, (1, 2), 0, 0], [0, 0, (1, 2), 0, 0], [0, (0, -1), (1, 2), (0, -1), 0], [0, 0, (1, 2), 0, (2, 1)], [0, 0, (0, -1), 0, 0]]","[[0, 0, (1, 2), 0, 0], [0, 0, (1, 2), 0, 0], [0, (0, -1), (1, 2), (0, -1), 0], [0, 0, (1, 2), 0, 0], [0, 0, (0, -1), 0, 0]]","[[0, 0, (1, 2), 0, 0], [0, 0, (1, 2), 0, 0], [0, (0, -1), (1, 2), (0, -1), 0], [0, 0, (1, 2), 0, 0], [0, 0, (1, 2), 0, 0]]",,,,,,,,,,,,,,,,,,,,,,,,,,,,,,,,,,,,,,,,,,,,,,,,,,,,,,,,,,,,,,,,,,,,,,,,,,,,,,,,,,,,,,,,,,,,,,,,,,,,,,,,,,,,,,,,,,,,,,,,,,,,,,,,,,,,,,,,,,,,,,,,,,,,,,,,,,,,,,,,,,,,,,,,,,,,,,,,,,,,,,,,,,,,,,,,,,,,,,,,,,,,,,,,,,,,,,,,,,,,,,,,,,,,,,,,,,,,,,,,,,,,,,,,,,,,,,,,,,,,,,,,,,,,,,,,,,,,,,,,,,,,,,,,,,,,,,,,,,,,,,,,,,,,,,,,,,,,,,,,,,,,,,,,,,,,,,,,,,,,,,,,,,,,,,,,,,,,,,,,,,,,,,,,,,,,,,,,,,,,,,,,,,,,,,,,,,,,,,,,,,,,,,,,,,,,,,,,,,,,,,,,,,,,,,,,,,,,,,,,,,,,,,,,,,,,,,,,,,,,,,,,,,,,,,,,,,,,,,,,,,,,,,,,,,,,,,,,,,,,,,,,,,,,,,,,,,,,,,,,,,,,,,,,,,,,,,,,,,,,,,,,,,,,,,,,,,,,,,,,,,,,,,,,,,,,,,,,,,,,,,,,,,,,,,,,,,,,,,,,,,,,,,,,,,,,,,,,,,,,,,,,,,,,,,,,,,,,,,,,,,,,,,,,,,,,,,,,,,,,,,,,,,,,,,,,,,,,,,,,,,,,,,,,,,,,,,,,,,,,,,,,,,,,,,,,,,,,,,,,,,,,,,,,,,,,,,,,,,,,,,,,,,,,,,,,,,,,,,,,,,,,,,,,,,,,,,,,,,,,,,,,,,,,,,,,,,,,,,,,,,,,,,,,,,,,,,,,,,,,,,,,,,,,,,,,,,,,,,,,,,,,,,,,,,,,,,,,,,,,,,,,,,,,,,,,,,,,,,,,,,,,,,,,,,,,,,,,,,,,,,,,,,,,,,,,,,,,,,,,,,,,,,,,,,,,,,,,,,,,,,,,,,,,,,,,,,,,,,,,,,,,,,,,,,,,,,,,,,,,,,,,,,,
161,state,ia,ia,3,"(1, ('e', 1, 4, 3))","(2, ('e', 3, 4, 1))","(1, ('e', 0, 2, 2))","(2, ('a', 3, 4))","(1, ('e', 0, 2, 2))","(2, ('e', 3, 4, 1))","(1, ('e', 0, 2, 2))","(2, ('a', 3, 4))","(1, ('e', 0, 2, 2))","(2, ('e', 3, 4, 1))","(1, ('a', 0, 2))","(2, ('a', 3, 4))","(1, ('e', 0, 2, 2))","(2, ('e', 3, 4, 1))","(1, ('a', 0, 2))","(2, ('a', 3, 4))","(1, ('e', 0, 2, 2))","(2, ('e', 3, 4, 1))","(1, ('a', 0, 2))","(2, ('a', 3, 4))","(1, ('e', 0, 2, 2))","(2, ('e', 3, 4, 1))","(1, ('a', 0, 2))","(2, ('a', 3, 4))","(1, ('e', 0, 2, 2))","(2, ('e', 3, 4, 1))","(1, ('t', 1, 4, 2))","(2, ('a', 3, 4))","(1, ('a', 0, 2))","(2, ('e', 3, 4, 1))","(1, ('t', 3, 2, 1))","(2, ('a', 3, 4))","(1, ('e', 0, 2, 2))","(2, ('e', 3, 4, 1))","(1, ('t', 0, 2, 1))","(2, ('a', 3, 4))","(1, ('a', 0, 2))","(2, ('e', 3, 4, 1))","(1, ('e', 0, 2, 2))","(2, ('a', 3, 4))","(1, ('t', 1, 2, 3))","(2, ('e', 3, 4, 1))","(1, ('a', 0, 2))","(2, ('a', 3, 4))","(1, ('e', 0, 2, 2))","(2, ('e', 3, 4, 1))","(1, ('a', 0, 2))","(2, ('a', 3, 4))","(1, ('m', 1, 2, 3))",,,,,,,,,,,,,,,,,,,,,,,,,,,,,,,,,,,,,,,,,,,,,,,,,,,,,,,,,,,,,,,,,,,,,,,,,,,,,,,,,,,,,,,,,,,,,,,,,,,,,,,,,,,,,,,,,,,,,,,,,,,,,,,,,,,,,,,,,,,,,,,,,,,,,,,,,,,,,,,,,,,,,,,,,,,,,,,,,,,,,,,,,,,,,,,,,,,,,,,,,,,,,,,,,,,,,,,,,,,,,,,,,,,,,,,,,,,,,,,,,,,,,,,,,,,,,,,,,,,,,,,,,,,,,,,,,,,,,,,,,,,,,,,,,,,,,,,,,,,,,,,,,,,,,,,,,,,,,,,,,,,,,,,,,,,,,,,,,,,,,,,,,,,,,,,,,,,,,,,,,,,,,,,,,,,,,,,,,,,,,,,,,,,,,,,,,,,,,,,,,,,,,,,,,,,,,,,,,,,,,,,,,,,,,,,,,,,,,,,,,,,,,,,,,,,,,,,,,,,,,,,,,,,,,,,,,,,,,,,,,,,,,,,,,,,,,,,,,,,,,,,,,,,,,,,,,,,,,,,,,,,,,,,,,,,,,,,,,,,,,,,,,,,,,,,,,,,,,,,,,,,,,,,,,,,,,,,,,,,,,,,,,,,,,,,,,,,,,,,,,,,,,,,,,,,,,,,,,,,,,,,,,,,,,,,,,,,,,,,,,,,,,,,,,,,,,,,,,,,,,,,,,,,,,,,,,,,,,,,,,,,,,,,,,,,,,,,,,,,,,,,,,,,,,,,,,,,,,,,,,,,,,,,,,,,,,,,,,,,,,,,,,,,,,,,,,,,,,,,,,,,,,,,,,,,,,,,,,,,,,,,,,,,,,,,,,,,,,,,,,,,,,,,,,,,,,,,,,,,,,,,,,,,,,,,,,,,,,,,,,,,,,,,,,,,,,,,,,,,,,,,,,,,,,,,,,,,,,,,,,,,,,,,,,,,,,,,,,,,,,,,,,,,,,,,,,,,,,,,,,,,,,,,,,,,,,,,,,,,,,,,,,,,
162,move,ia,ia,3,"[[0, 0, 0, 0, 0], [0, 0, 0, 0, (1, 3)], [0, (0, -1), (0, -1), (0, -1), 0], [0, 0, 0, 0, 0], [0, 0, 0, 0, 0]]","[[0, 0, 0, 0, 0], [0, 0, 0, 0, (1, 3)], [0, (0, -1), (0, -1), (0, -1), 0], [0, 0, 0, 0, (2, 1)], [0, 0, 0, 0, 0]]","[[0, 0, (1, 2), 0, 0], [0, 0, 0, 0, (1, 3)], [0, (0, -1), (0, -1), (0, -1), 0], [0, 0, 0, 0, (2, 1)], [0, 0, 0, 0, 0]]","[[0, 0, (1, 2), 0, 0], [0, 0, 0, 0, (1, 3)], [0, (0, -1), (0, -1), (0, -1), 0], [0, 0, 0, 0, 0], [0, 0, 0, 0, 0]]","[[0, 0, (1, 2), 0, 0], [0, 0, (1, 2), 0, (1, 3)], [0, (0, -1), (0, -1), (0, -1), 0], [0, 0, 0, 0, 0], [0, 0, 0, 0, 0]]","[[0, 0, (1, 2), 0, 0], [0, 0, (1, 2), 0, (1, 3)], [0, (0, -1), (0, -1), (0, -1), 0], [0, 0, 0, 0, (2, 1)], [0, 0, 0, 0, 0]]","[[0, 0, (1, 2), 0, 0], [0, 0, (1, 2), 0, (1, 3)], [0, (0, -1), (1, 2), (0, -1), 0], [0, 0, (0, -1), 0, (2, 1)], [0, 0, 0, 0, 0]]","[[0, 0, (1, 2), 0, 0], [0, 0, (1, 2), 0, (1, 3)], [0, (0, -1), (1, 2), (0, -1), 0], [0, 0, (0, -1), 0, 0], [0, 0, 0, 0, 0]]","[[0, 0, (1, 2), 0, 0], [0, 0, (1, 2), 0, (1, 3)], [0, (0, -1), (1, 2), (0, -1), 0], [0, 0, (1, 2), 0, 0], [0, 0, (0, -1), 0, 0]]","[[0, 0, (1, 2), 0, 0], [0, 0, (1, 2), 0, (1, 3)], [0, (0, -1), (1, 2), (0, -1), 0], [0, 0, (1, 2), 0, (2, 1)], [0, 0, (0, -1), 0, 0]]","[[0, 0, 0, 0, 0], [0, 0, (1, 2), 0, (1, 3)], [0, (0, -1), (1, 2), (0, -1), 0], [0, 0, (1, 2), 0, (2, 1)], [0, 0, (0, -1), 0, 0]]","[[0, 0, 0, 0, 0], [0, 0, (1, 2), 0, (1, 3)], [0, (0, -1), (1, 2), (0, -1), 0], [0, 0, (1, 2), 0, 0], [0, 0, (0, -1), 0, 0]]","[[0, 0, (1, 2), 0, 0], [0, 0, (1, 2), 0, (1, 3)], [0, (0, -1), (1, 2), (0, -1), 0], [0, 0, (1, 2), 0, 0], [0, 0, (0, -1), 0, 0]]","[[0, 0, (1, 2), 0, 0], [0, 0, (1, 2), 0, (1, 3)], [0, (0, -1), (1, 2), (0, -1), 0], [0, 0, (1, 2), 0, (2, 1)], [0, 0, (0, -1), 0, 0]]","[[0, 0, 0, 0, 0], [0, 0, (1, 2), 0, (1, 3)], [0, (0, -1), (1, 2), (0, -1), 0], [0, 0, (1, 2), 0, (2, 1)], [0, 0, (0, -1), 0, 0]]","[[0, 0, 0, 0, 0], [0, 0, (1, 2), 0, (1, 3)], [0, (0, -1), (1, 2), (0, -1), 0], [0, 0, (1, 2), 0, 0], [0, 0, (0, -1), 0, 0]]","[[0, 0, (1, 2), 0, 0], [0, 0, (1, 2), 0, (1, 3)], [0, (0, -1), (1, 2), (0, -1), 0], [0, 0, (1, 2), 0, 0], [0, 0, (0, -1), 0, 0]]","[[0, 0, (1, 2), 0, 0], [0, 0, (1, 2), 0, (1, 3)], [0, (0, -1), (1, 2), (0, -1), 0], [0, 0, (1, 2), 0, (2, 1)], [0, 0, (0, -1), 0, 0]]","[[0, 0, 0, 0, 0], [0, 0, (1, 2), 0, (1, 3)], [0, (0, -1), (1, 2), (0, -1), 0], [0, 0, (1, 2), 0, (2, 1)], [0, 0, (0, -1), 0, 0]]","[[0, 0, 0, 0, 0], [0, 0, (1, 2), 0, (1, 3)], [0, (0, -1), (1, 2), (0, -1), 0], [0, 0, (1, 2), 0, 0], [0, 0, (0, -1), 0, 0]]","[[0, 0, (1, 2), 0, 0], [0, 0, (1, 2), 0, (1, 3)], [0, (0, -1), (1, 2), (0, -1), 0], [0, 0, (1, 2), 0, 0], [0, 0, (0, -1), 0, 0]]","[[0, 0, (1, 2), 0, 0], [0, 0, (1, 2), 0, (1, 3)], [0, (0, -1), (1, 2), (0, -1), 0], [0, 0, (1, 2), 0, (2, 1)], [0, 0, (0, -1), 0, 0]]","[[0, 0, 0, 0, 0], [0, 0, (1, 2), 0, (1, 3)], [0, (0, -1), (1, 2), (0, -1), 0], [0, 0, (1, 2), 0, (2, 1)], [0, 0, (0, -1), 0, 0]]","[[0, 0, 0, 0, 0], [0, 0, (1, 2), 0, (1, 3)], [0, (0, -1), (1, 2), (0, -1), 0], [0, 0, (1, 2), 0, 0], [0, 0, (0, -1), 0, 0]]","[[0, 0, (1, 2), 0, 0], [0, 0, (1, 2), 0, (1, 3)], [0, (0, -1), (1, 2), (0, -1), 0], [0, 0, (1, 2), 0, 0], [0, 0, (0, -1), 0, 0]]","[[0, 0, (1, 2), 0, 0], [0, 0, (1, 2), 0, (1, 3)], [0, (0, -1), (1, 2), (0, -1), 0], [0, 0, (1, 2), 0, (2, 1)], [0, 0, (0, -1), 0, 0]]","[[0, 0, (1, 2), 0, 0], [0, 0, (1, 2), 0, (1, 2)], [0, (0, -1), (1, 2), (0, -1), 0], [0, 0, (1, 2), 0, (2, 1)], [0, 0, (0, -1), 0, 0]]","[[0, 0, (1, 2), 0, 0], [0, 0, (1, 2), 0, (1, 2)], [0, (0, -1), (1, 2), (0, -1), 0], [0, 0, (1, 2), 0, 0], [0, 0, (0, -1), 0, 0]]","[[0, 0, 0, 0, 0], [0, 0, (1, 2), 0, (1, 2)], [0, (0, -1), (1, 2), (0, -1), 0], [0, 0, (1, 2), 0, 0], [0, 0, (0, -1), 0, 0]]","[[0, 0, 0, 0, 0], [0, 0, (1, 2), 0, (1, 2)], [0, (0, -1), (1, 2), (0, -1), 0], [0, 0, (1, 2), 0, (2, 1)], [0, 0, (0, -1), 0, 0]]","[[0, 0, 0, 0, 0], [0, 0, (1, 2), 0, (1, 2)], [0, (0, -1), (1, 2), (0, -1), 0], [0, 0, (1, 1), 0, (2, 1)], [0, 0, (0, -1), 0, 0]]","[[0, 0, 0, 0, 0], [0, 0, (1, 2), 0, (1, 2)], [0, (0, -1), (1, 2), (0, -1), 0], [0, 0, (1, 1), 0, 0], [0, 0, (0, -1), 0, 0]]","[[0, 0, (1, 2), 0, 0], [0, 0, (1, 2), 0, (1, 2)], [0, (0, -1), (1, 2), (0, -1), 0], [0, 0, (1, 1), 0, 0], [0, 0, (0, -1), 0, 0]]","[[0, 0, (1, 2), 0, 0], [0, 0, (1, 2), 0, (1, 2)], [0, (0, -1), (1, 2), (0, -1), 0], [0, 0, (1, 1), 0, (2, 1)], [0, 0, (0, -1), 0, 0]]","[[0, 0, (1, 1), 0, 0], [0, 0, (1, 2), 0, (1, 2)], [0, (0, -1), (1, 2), (0, -1), 0], [0, 0, (1, 1), 0, (2, 1)], [0, 0, (0, -1), 0, 0]]","[[0, 0, (1, 1), 0, 0], [0, 0, (1, 2), 0, (1, 2)], [0, (0, -1), (1, 2), (0, -1), 0], [0, 0, (1, 1), 0, 0], [0, 0, (0, -1), 0, 0]]","[[0, 0, 0, 0, 0], [0, 0, (1, 2), 0, (1, 2)], [0, (0, -1), (1, 2), (0, -1), 0], [0, 0, (1, 1), 0, 0], [0, 0, (0, -1), 0, 0]]","[[0, 0, 0, 0, 0], [0, 0, (1, 2), 0, (1, 2)], [0, (0, -1), (1, 2), (0, -1), 0], [0, 0, (1, 1), 0, (2, 1)], [0, 0, (0, -1), 0, 0]]","[[0, 0, (1, 2), 0, 0], [0, 0, (1, 2), 0, (1, 2)], [0, (0, -1), (1, 2), (0, -1), 0], [0, 0, (1, 1), 0, (2, 1)], [0, 0, (0, -1), 0, 0]]","[[0, 0, (1, 2), 0, 0], [0, 0, (1, 2), 0, (1, 2)], [0, (0, -1), (1, 2), (0, -1), 0], [0, 0, (1, 1), 0, 0], [0, 0, (0, -1), 0, 0]]","[[0, 0, (1, 2), 0, 0], [0, 0, (1, 3), 0, (1, 2)], [0, (0, -1), (1, 2), (0, -1), 0], [0, 0, (1, 1), 0, 0], [0, 0, (0, -1), 0, 0]]","[[0, 0, (1, 2), 0, 0], [0, 0, (1, 3), 0, (1, 2)], [0, (0, -1), (1, 2), (0, -1), 0], [0, 0, (1, 1), 0, (2, 1)], [0, 0, (0, -1), 0, 0]]","[[0, 0, 0, 0, 0], [0, 0, (1, 3), 0, (1, 2)], [0, (0, -1), (1, 2), (0, -1), 0], [0, 0, (1, 1), 0, (2, 1)], [0, 0, (0, -1), 0, 0]]","[[0, 0, 0, 0, 0], [0, 0, (1, 3), 0, (1, 2)], [0, (0, -1), (1, 2), (0, -1), 0], [0, 0, (1, 1), 0, 0], [0, 0, (0, -1), 0, 0]]","[[0, 0, (1, 2), 0, 0], [0, 0, (1, 3), 0, (1, 2)], [0, (0, -1), (1, 2), (0, -1), 0], [0, 0, (1, 1), 0, 0], [0, 0, (0, -1), 0, 0]]","[[0, 0, (1, 2), 0, 0], [0, 0, (1, 3), 0, (1, 2)], [0, (0, -1), (1, 2), (0, -1), 0], [0, 0, (1, 1), 0, (2, 1)], [0, 0, (0, -1), 0, 0]]","[[0, 0, 0, 0, 0], [0, 0, (1, 3), 0, (1, 2)], [0, (0, -1), (1, 2), (0, -1), 0], [0, 0, (1, 1), 0, (2, 1)], [0, 0, (0, -1), 0, 0]]","[[0, 0, 0, 0, 0], [0, 0, (1, 3), 0, (1, 2)], [0, (0, -1), (1, 2), (0, -1), 0], [0, 0, (1, 1), 0, 0], [0, 0, (0, -1), 0, 0]]","[[0, 0, 0, 0, 0], [0, (1, 3), 0, 0, (1, 2)], [0, (0, -1), (1, 2), (0, -1), 0], [0, 0, (1, 1), 0, 0], [0, 0, (0, -1), 0, 0]]",,,,,,,,,,,,,,,,,,,,,,,,,,,,,,,,,,,,,,,,,,,,,,,,,,,,,,,,,,,,,,,,,,,,,,,,,,,,,,,,,,,,,,,,,,,,,,,,,,,,,,,,,,,,,,,,,,,,,,,,,,,,,,,,,,,,,,,,,,,,,,,,,,,,,,,,,,,,,,,,,,,,,,,,,,,,,,,,,,,,,,,,,,,,,,,,,,,,,,,,,,,,,,,,,,,,,,,,,,,,,,,,,,,,,,,,,,,,,,,,,,,,,,,,,,,,,,,,,,,,,,,,,,,,,,,,,,,,,,,,,,,,,,,,,,,,,,,,,,,,,,,,,,,,,,,,,,,,,,,,,,,,,,,,,,,,,,,,,,,,,,,,,,,,,,,,,,,,,,,,,,,,,,,,,,,,,,,,,,,,,,,,,,,,,,,,,,,,,,,,,,,,,,,,,,,,,,,,,,,,,,,,,,,,,,,,,,,,,,,,,,,,,,,,,,,,,,,,,,,,,,,,,,,,,,,,,,,,,,,,,,,,,,,,,,,,,,,,,,,,,,,,,,,,,,,,,,,,,,,,,,,,,,,,,,,,,,,,,,,,,,,,,,,,,,,,,,,,,,,,,,,,,,,,,,,,,,,,,,,,,,,,,,,,,,,,,,,,,,,,,,,,,,,,,,,,,,,,,,,,,,,,,,,,,,,,,,,,,,,,,,,,,,,,,,,,,,,,,,,,,,,,,,,,,,,,,,,,,,,,,,,,,,,,,,,,,,,,,,,,,,,,,,,,,,,,,,,,,,,,,,,,,,,,,,,,,,,,,,,,,,,,,,,,,,,,,,,,,,,,,,,,,,,,,,,,,,,,,,,,,,,,,,,,,,,,,,,,,,,,,,,,,,,,,,,,,,,,,,,,,,,,,,,,,,,,,,,,,,,,,,,,,,,,,,,,,,,,,,,,,,,,,,,,,,,,,,,,,,,,,,,,,,,,,,,,,,,,,,,,,,,,,,,,,,,,,,,,,,,,,,,,,,,,,,,,,,,,,,,,,,,,,,,
163,state,ia,ia,1,"(1, ('e', 0, 2, 2))","(2, ('e', 0, 1, 3))","(1, ('e', 4, 0, 2))","(2, ('t', 0, 1, 2))","(1, ('e', 0, 2, 2))","(2, ('e', 3, 4, 1))","(1, ('e', 0, 2, 2))","(2, ('a', 3, 4))","(1, ('e', 0, 2, 2))","(2, ('e', 2, 0, 3))","(1, ('m', 3, 2, 2))",,,,,,,,,,,,,,,,,,,,,,,,,,,,,,,,,,,,,,,,,,,,,,,,,,,,,,,,,,,,,,,,,,,,,,,,,,,,,,,,,,,,,,,,,,,,,,,,,,,,,,,,,,,,,,,,,,,,,,,,,,,,,,,,,,,,,,,,,,,,,,,,,,,,,,,,,,,,,,,,,,,,,,,,,,,,,,,,,,,,,,,,,,,,,,,,,,,,,,,,,,,,,,,,,,,,,,,,,,,,,,,,,,,,,,,,,,,,,,,,,,,,,,,,,,,,,,,,,,,,,,,,,,,,,,,,,,,,,,,,,,,,,,,,,,,,,,,,,,,,,,,,,,,,,,,,,,,,,,,,,,,,,,,,,,,,,,,,,,,,,,,,,,,,,,,,,,,,,,,,,,,,,,,,,,,,,,,,,,,,,,,,,,,,,,,,,,,,,,,,,,,,,,,,,,,,,,,,,,,,,,,,,,,,,,,,,,,,,,,,,,,,,,,,,,,,,,,,,,,,,,,,,,,,,,,,,,,,,,,,,,,,,,,,,,,,,,,,,,,,,,,,,,,,,,,,,,,,,,,,,,,,,,,,,,,,,,,,,,,,,,,,,,,,,,,,,,,,,,,,,,,,,,,,,,,,,,,,,,,,,,,,,,,,,,,,,,,,,,,,,,,,,,,,,,,,,,,,,,,,,,,,,,,,,,,,,,,,,,,,,,,,,,,,,,,,,,,,,,,,,,,,,,,,,,,,,,,,,,,,,,,,,,,,,,,,,,,,,,,,,,,,,,,,,,,,,,,,,,,,,,,,,,,,,,,,,,,,,,,,,,,,,,,,,,,,,,,,,,,,,,,,,,,,,,,,,,,,,,,,,,,,,,,,,,,,,,,,,,,,,,,,,,,,,,,,,,,,,,,,,,,,,,,,,,,,,,,,,,,,,,,,,,,,,,,,,,,,,,,,,,,,,,,,,,,,,,,,,,,,,,,,,,,,,,,,,,,,,,,,,,,,,,,,,,,,,,,,,,,,,,,,,,,,,,,,,,,,,,,,,,,,,,,,,,,,,,,,,,,,,,,,,,,,,,,,,,,,,,,,,,,,,
164,move,ia,ia,1,"[[0, 0, (1, 2), 0, 0], [0, 0, 0, 0, 0], [0, (0, -1), (0, -1), (0, -1), 0], [0, 0, 0, 0, 0], [0, 0, 0, 0, 0]]","[[0, (2, 3), (1, 2), 0, 0], [0, 0, 0, 0, 0], [0, (0, -1), (0, -1), (0, -1), 0], [0, 0, 0, 0, 0], [0, 0, 0, 0, 0]]","[[0, (2, 3), (1, 2), 0, 0], [0, 0, 0, 0, 0], [0, (0, -1), (0, -1), (0, -1), 0], [0, 0, 0, 0, 0], [(1, 2), 0, 0, 0, 0]]","[[0, (2, 2), (1, 2), 0, 0], [0, 0, 0, 0, 0], [0, (0, -1), (0, -1), (0, -1), 0], [0, 0, 0, 0, 0], [(1, 2), 0, 0, 0, 0]]","[[0, (2, 2), (1, 2), 0, 0], [0, 0, (1, 2), 0, 0], [0, (0, -1), (0, -1), (0, -1), 0], [0, 0, 0, 0, 0], [(1, 2), 0, 0, 0, 0]]","[[0, (2, 2), (1, 2), 0, 0], [0, 0, (1, 2), 0, 0], [0, (0, -1), (0, -1), (0, -1), 0], [0, 0, 0, 0, (2, 1)], [(1, 2), 0, 0, 0, 0]]","[[0, (2, 2), (1, 2), 0, 0], [0, 0, (1, 2), 0, 0], [0, (0, -1), (1, 2), (0, -1), 0], [0, 0, (0, -1), 0, (2, 1)], [(1, 2), 0, 0, 0, 0]]","[[0, (2, 2), (1, 2), 0, 0], [0, 0, (1, 2), 0, 0], [0, (0, -1), (1, 2), (0, -1), 0], [0, 0, (0, -1), 0, 0], [(1, 2), 0, 0, 0, 0]]","[[0, (2, 2), (1, 2), 0, 0], [0, 0, (1, 2), 0, 0], [0, (0, -1), (1, 2), (0, -1), 0], [0, 0, (1, 2), 0, 0], [(1, 2), 0, (0, -1), 0, 0]]","[[0, (2, 2), (1, 2), 0, 0], [0, 0, (1, 2), 0, 0], [(2, 3), (0, -1), (1, 2), (0, -1), 0], [0, 0, (1, 2), 0, 0], [(1, 2), 0, (0, -1), 0, 0]]","[[0, (2, 2), (1, 2), 0, 0], [0, 0, (1, 2), 0, 0], [(2, 3), (0, -1), (1, 2), (0, -1), 0], [0, 0, 0, 0, 0], [(1, 2), 0, (1, 2), 0, 0]]",,,,,,,,,,,,,,,,,,,,,,,,,,,,,,,,,,,,,,,,,,,,,,,,,,,,,,,,,,,,,,,,,,,,,,,,,,,,,,,,,,,,,,,,,,,,,,,,,,,,,,,,,,,,,,,,,,,,,,,,,,,,,,,,,,,,,,,,,,,,,,,,,,,,,,,,,,,,,,,,,,,,,,,,,,,,,,,,,,,,,,,,,,,,,,,,,,,,,,,,,,,,,,,,,,,,,,,,,,,,,,,,,,,,,,,,,,,,,,,,,,,,,,,,,,,,,,,,,,,,,,,,,,,,,,,,,,,,,,,,,,,,,,,,,,,,,,,,,,,,,,,,,,,,,,,,,,,,,,,,,,,,,,,,,,,,,,,,,,,,,,,,,,,,,,,,,,,,,,,,,,,,,,,,,,,,,,,,,,,,,,,,,,,,,,,,,,,,,,,,,,,,,,,,,,,,,,,,,,,,,,,,,,,,,,,,,,,,,,,,,,,,,,,,,,,,,,,,,,,,,,,,,,,,,,,,,,,,,,,,,,,,,,,,,,,,,,,,,,,,,,,,,,,,,,,,,,,,,,,,,,,,,,,,,,,,,,,,,,,,,,,,,,,,,,,,,,,,,,,,,,,,,,,,,,,,,,,,,,,,,,,,,,,,,,,,,,,,,,,,,,,,,,,,,,,,,,,,,,,,,,,,,,,,,,,,,,,,,,,,,,,,,,,,,,,,,,,,,,,,,,,,,,,,,,,,,,,,,,,,,,,,,,,,,,,,,,,,,,,,,,,,,,,,,,,,,,,,,,,,,,,,,,,,,,,,,,,,,,,,,,,,,,,,,,,,,,,,,,,,,,,,,,,,,,,,,,,,,,,,,,,,,,,,,,,,,,,,,,,,,,,,,,,,,,,,,,,,,,,,,,,,,,,,,,,,,,,,,,,,,,,,,,,,,,,,,,,,,,,,,,,,,,,,,,,,,,,,,,,,,,,,,,,,,,,,,,,,,,,,,,,,,,,,,,,,,,,,,,,,,,,,,,,,,,,,,,,,,,,,,,,,,,,,,,,,,,,,,,,,,,,,,,,,,,,,,,,,,,,,,,,,,
165,state,ia,ia,1,"(1, ('e', 0, 2, 2))","(2, ('e', 3, 4, 1))","(1, ('e', 0, 2, 2))","(2, ('a', 3, 4))","(1, ('e', 4, 0, 3))","(2, ('e', 3, 4, 1))","(1, ('e', 0, 2, 2))","(2, ('a', 3, 4))","(1, ('e', 0, 2, 2))","(2, ('e', 3, 4, 1))","(1, ('a', 0, 2))","(2, ('a', 3, 4))","(1, ('e', 0, 2, 2))","(2, ('e', 3, 4, 1))","(1, ('a', 0, 2))","(2, ('a', 3, 4))","(1, ('e', 0, 2, 2))","(2, ('e', 3, 4, 1))","(1, ('a', 0, 2))","(2, ('e', 0, 3, 3))","(1, ('e', 3, 0, 3))","(2, ('e', 1, 4, 2))","(1, ('m', 3, 0, 0))","(2, ('a', 3, 4))","(1, ('m', 3, 2, 2))",,,,,,,,,,,,,,,,,,,,,,,,,,,,,,,,,,,,,,,,,,,,,,,,,,,,,,,,,,,,,,,,,,,,,,,,,,,,,,,,,,,,,,,,,,,,,,,,,,,,,,,,,,,,,,,,,,,,,,,,,,,,,,,,,,,,,,,,,,,,,,,,,,,,,,,,,,,,,,,,,,,,,,,,,,,,,,,,,,,,,,,,,,,,,,,,,,,,,,,,,,,,,,,,,,,,,,,,,,,,,,,,,,,,,,,,,,,,,,,,,,,,,,,,,,,,,,,,,,,,,,,,,,,,,,,,,,,,,,,,,,,,,,,,,,,,,,,,,,,,,,,,,,,,,,,,,,,,,,,,,,,,,,,,,,,,,,,,,,,,,,,,,,,,,,,,,,,,,,,,,,,,,,,,,,,,,,,,,,,,,,,,,,,,,,,,,,,,,,,,,,,,,,,,,,,,,,,,,,,,,,,,,,,,,,,,,,,,,,,,,,,,,,,,,,,,,,,,,,,,,,,,,,,,,,,,,,,,,,,,,,,,,,,,,,,,,,,,,,,,,,,,,,,,,,,,,,,,,,,,,,,,,,,,,,,,,,,,,,,,,,,,,,,,,,,,,,,,,,,,,,,,,,,,,,,,,,,,,,,,,,,,,,,,,,,,,,,,,,,,,,,,,,,,,,,,,,,,,,,,,,,,,,,,,,,,,,,,,,,,,,,,,,,,,,,,,,,,,,,,,,,,,,,,,,,,,,,,,,,,,,,,,,,,,,,,,,,,,,,,,,,,,,,,,,,,,,,,,,,,,,,,,,,,,,,,,,,,,,,,,,,,,,,,,,,,,,,,,,,,,,,,,,,,,,,,,,,,,,,,,,,,,,,,,,,,,,,,,,,,,,,,,,,,,,,,,,,,,,,,,,,,,,,,,,,,,,,,,,,,,,,,,,,,,,,,,,,,,,,,,,,,,,,,,,,,,,,,,,,,,,,,,,,,,,,,,,,,,,,,,,,,,,,,,,,,,,,,,,,,,,,,,,,,,,,,,,,,,,,,,,,,,,,,,,,,,,,,,,,,,,,,,,,,,,,
166,move,ia,ia,1,"[[0, 0, (1, 2), 0, 0], [0, 0, 0, 0, 0], [0, (0, -1), (0, -1), (0, -1), 0], [0, 0, 0, 0, 0], [0, 0, 0, 0, 0]]","[[0, 0, (1, 2), 0, 0], [0, 0, 0, 0, 0], [0, (0, -1), (0, -1), (0, -1), 0], [0, 0, 0, 0, (2, 1)], [0, 0, 0, 0, 0]]","[[0, 0, (1, 2), 0, 0], [0, 0, (1, 2), 0, 0], [0, (0, -1), (0, -1), (0, -1), 0], [0, 0, 0, 0, (2, 1)], [0, 0, 0, 0, 0]]","[[0, 0, (1, 2), 0, 0], [0, 0, (1, 2), 0, 0], [0, (0, -1), (0, -1), (0, -1), 0], [0, 0, 0, 0, 0], [0, 0, 0, 0, 0]]","[[0, 0, (1, 2), 0, 0], [0, 0, (1, 2), 0, 0], [0, (0, -1), (0, -1), (0, -1), 0], [0, 0, 0, 0, 0], [(1, 3), 0, 0, 0, 0]]","[[0, 0, (1, 2), 0, 0], [0, 0, (1, 2), 0, 0], [0, (0, -1), (0, -1), (0, -1), 0], [0, 0, 0, 0, (2, 1)], [(1, 3), 0, 0, 0, 0]]","[[0, 0, (1, 2), 0, 0], [0, 0, (1, 2), 0, 0], [0, (0, -1), (1, 2), (0, -1), 0], [0, 0, (0, -1), 0, (2, 1)], [(1, 3), 0, 0, 0, 0]]","[[0, 0, (1, 2), 0, 0], [0, 0, (1, 2), 0, 0], [0, (0, -1), (1, 2), (0, -1), 0], [0, 0, (0, -1), 0, 0], [(1, 3), 0, 0, 0, 0]]","[[0, 0, (1, 2), 0, 0], [0, 0, (1, 2), 0, 0], [0, (0, -1), (1, 2), (0, -1), 0], [0, 0, (1, 2), 0, 0], [(1, 3), 0, (0, -1), 0, 0]]","[[0, 0, (1, 2), 0, 0], [0, 0, (1, 2), 0, 0], [0, (0, -1), (1, 2), (0, -1), 0], [0, 0, (1, 2), 0, (2, 1)], [(1, 3), 0, (0, -1), 0, 0]]","[[0, 0, 0, 0, 0], [0, 0, (1, 2), 0, 0], [0, (0, -1), (1, 2), (0, -1), 0], [0, 0, (1, 2), 0, (2, 1)], [(1, 3), 0, (0, -1), 0, 0]]","[[0, 0, 0, 0, 0], [0, 0, (1, 2), 0, 0], [0, (0, -1), (1, 2), (0, -1), 0], [0, 0, (1, 2), 0, 0], [(1, 3), 0, (0, -1), 0, 0]]","[[0, 0, (1, 2), 0, 0], [0, 0, (1, 2), 0, 0], [0, (0, -1), (1, 2), (0, -1), 0], [0, 0, (1, 2), 0, 0], [(1, 3), 0, (0, -1), 0, 0]]","[[0, 0, (1, 2), 0, 0], [0, 0, (1, 2), 0, 0], [0, (0, -1), (1, 2), (0, -1), 0], [0, 0, (1, 2), 0, (2, 1)], [(1, 3), 0, (0, -1), 0, 0]]","[[0, 0, 0, 0, 0], [0, 0, (1, 2), 0, 0], [0, (0, -1), (1, 2), (0, -1), 0], [0, 0, (1, 2), 0, (2, 1)], [(1, 3), 0, (0, -1), 0, 0]]","[[0, 0, 0, 0, 0], [0, 0, (1, 2), 0, 0], [0, (0, -1), (1, 2), (0, -1), 0], [0, 0, (1, 2), 0, 0], [(1, 3), 0, (0, -1), 0, 0]]","[[0, 0, (1, 2), 0, 0], [0, 0, (1, 2), 0, 0], [0, (0, -1), (1, 2), (0, -1), 0], [0, 0, (1, 2), 0, 0], [(1, 3), 0, (0, -1), 0, 0]]","[[0, 0, (1, 2), 0, 0], [0, 0, (1, 2), 0, 0], [0, (0, -1), (1, 2), (0, -1), 0], [0, 0, (1, 2), 0, (2, 1)], [(1, 3), 0, (0, -1), 0, 0]]","[[0, 0, 0, 0, 0], [0, 0, (1, 2), 0, 0], [0, (0, -1), (1, 2), (0, -1), 0], [0, 0, (1, 2), 0, (2, 1)], [(1, 3), 0, (0, -1), 0, 0]]","[[0, 0, 0, (2, 3), 0], [0, 0, (1, 2), 0, 0], [0, (0, -1), (1, 2), (0, -1), 0], [0, 0, (1, 2), 0, (2, 1)], [(1, 3), 0, (0, -1), 0, 0]]","[[0, 0, 0, (2, 3), 0], [0, 0, (1, 2), 0, 0], [0, (0, -1), (1, 2), (0, -1), 0], [(1, 3), 0, (1, 2), 0, (2, 1)], [(1, 3), 0, (0, -1), 0, 0]]","[[0, 0, 0, (2, 3), 0], [0, 0, (1, 2), 0, (2, 2)], [0, (0, -1), (1, 2), (0, -1), 0], [(1, 3), 0, (1, 2), 0, (2, 1)], [(1, 3), 0, (0, -1), 0, 0]]","[[0, 0, 0, (2, 3), 0], [0, 0, (1, 2), 0, (2, 2)], [(1, 3), (0, -1), (1, 2), (0, -1), 0], [0, 0, (1, 2), 0, (2, 1)], [(1, 3), 0, (0, -1), 0, 0]]","[[0, 0, 0, (2, 3), 0], [0, 0, (1, 2), 0, (2, 2)], [(1, 3), (0, -1), (1, 2), (0, -1), 0], [0, 0, (1, 2), 0, 0], [(1, 3), 0, (0, -1), 0, 0]]","[[0, 0, 0, (2, 3), 0], [0, 0, (1, 2), 0, (2, 2)], [(1, 3), (0, -1), (1, 2), (0, -1), 0], [0, 0, 0, 0, 0], [(1, 3), 0, (1, 2), 0, 0]]",,,,,,,,,,,,,,,,,,,,,,,,,,,,,,,,,,,,,,,,,,,,,,,,,,,,,,,,,,,,,,,,,,,,,,,,,,,,,,,,,,,,,,,,,,,,,,,,,,,,,,,,,,,,,,,,,,,,,,,,,,,,,,,,,,,,,,,,,,,,,,,,,,,,,,,,,,,,,,,,,,,,,,,,,,,,,,,,,,,,,,,,,,,,,,,,,,,,,,,,,,,,,,,,,,,,,,,,,,,,,,,,,,,,,,,,,,,,,,,,,,,,,,,,,,,,,,,,,,,,,,,,,,,,,,,,,,,,,,,,,,,,,,,,,,,,,,,,,,,,,,,,,,,,,,,,,,,,,,,,,,,,,,,,,,,,,,,,,,,,,,,,,,,,,,,,,,,,,,,,,,,,,,,,,,,,,,,,,,,,,,,,,,,,,,,,,,,,,,,,,,,,,,,,,,,,,,,,,,,,,,,,,,,,,,,,,,,,,,,,,,,,,,,,,,,,,,,,,,,,,,,,,,,,,,,,,,,,,,,,,,,,,,,,,,,,,,,,,,,,,,,,,,,,,,,,,,,,,,,,,,,,,,,,,,,,,,,,,,,,,,,,,,,,,,,,,,,,,,,,,,,,,,,,,,,,,,,,,,,,,,,,,,,,,,,,,,,,,,,,,,,,,,,,,,,,,,,,,,,,,,,,,,,,,,,,,,,,,,,,,,,,,,,,,,,,,,,,,,,,,,,,,,,,,,,,,,,,,,,,,,,,,,,,,,,,,,,,,,,,,,,,,,,,,,,,,,,,,,,,,,,,,,,,,,,,,,,,,,,,,,,,,,,,,,,,,,,,,,,,,,,,,,,,,,,,,,,,,,,,,,,,,,,,,,,,,,,,,,,,,,,,,,,,,,,,,,,,,,,,,,,,,,,,,,,,,,,,,,,,,,,,,,,,,,,,,,,,,,,,,,,,,,,,,,,,,,,,,,,,,,,,,,,,,,,,,,,,,,,,,,,,,,,,,,,,,,,,,,,,,,,,,,,,,,,,,,,,,,,,,,,,,,,,,,,,,,,,,,,,,,,,,,,,,,,
167,state,ia,ia,1,"(1, ('e', 0, 2, 2))","(2, ('e', 2, 0, 3))","(1, ('e', 0, 2, 2))","(2, ('e', 3, 4, 1))","(1, ('e', 0, 2, 2))","(2, ('a', 3, 4))","(1, ('e', 0, 2, 2))","(2, ('e', 3, 4, 1))","(1, ('e', 0, 2, 2))",,,,,,,,,,,,,,,,,,,,,,,,,,,,,,,,,,,,,,,,,,,,,,,,,,,,,,,,,,,,,,,,,,,,,,,,,,,,,,,,,,,,,,,,,,,,,,,,,,,,,,,,,,,,,,,,,,,,,,,,,,,,,,,,,,,,,,,,,,,,,,,,,,,,,,,,,,,,,,,,,,,,,,,,,,,,,,,,,,,,,,,,,,,,,,,,,,,,,,,,,,,,,,,,,,,,,,,,,,,,,,,,,,,,,,,,,,,,,,,,,,,,,,,,,,,,,,,,,,,,,,,,,,,,,,,,,,,,,,,,,,,,,,,,,,,,,,,,,,,,,,,,,,,,,,,,,,,,,,,,,,,,,,,,,,,,,,,,,,,,,,,,,,,,,,,,,,,,,,,,,,,,,,,,,,,,,,,,,,,,,,,,,,,,,,,,,,,,,,,,,,,,,,,,,,,,,,,,,,,,,,,,,,,,,,,,,,,,,,,,,,,,,,,,,,,,,,,,,,,,,,,,,,,,,,,,,,,,,,,,,,,,,,,,,,,,,,,,,,,,,,,,,,,,,,,,,,,,,,,,,,,,,,,,,,,,,,,,,,,,,,,,,,,,,,,,,,,,,,,,,,,,,,,,,,,,,,,,,,,,,,,,,,,,,,,,,,,,,,,,,,,,,,,,,,,,,,,,,,,,,,,,,,,,,,,,,,,,,,,,,,,,,,,,,,,,,,,,,,,,,,,,,,,,,,,,,,,,,,,,,,,,,,,,,,,,,,,,,,,,,,,,,,,,,,,,,,,,,,,,,,,,,,,,,,,,,,,,,,,,,,,,,,,,,,,,,,,,,,,,,,,,,,,,,,,,,,,,,,,,,,,,,,,,,,,,,,,,,,,,,,,,,,,,,,,,,,,,,,,,,,,,,,,,,,,,,,,,,,,,,,,,,,,,,,,,,,,,,,,,,,,,,,,,,,,,,,,,,,,,,,,,,,,,,,,,,,,,,,,,,,,,,,,,,,,,,,,,,,,,,,,,,,,,,,,,,,,,,,,,,,,,,,,,,,,,,,,,,,,,,,,,,,,,,,,,,,,,,,,,,,,,,,,
168,move,ia,ia,1,"[[0, 0, (1, 2), 0, 0], [0, 0, 0, 0, 0], [0, (0, -1), (0, -1), (0, -1), 0], [0, 0, 0, 0, 0], [0, 0, 0, 0, 0]]","[[0, 0, (1, 2), 0, 0], [0, 0, 0, 0, 0], [(2, 3), (0, -1), (0, -1), (0, -1), 0], [0, 0, 0, 0, 0], [0, 0, 0, 0, 0]]","[[0, 0, (1, 2), 0, 0], [0, 0, (1, 2), 0, 0], [(2, 3), (0, -1), (0, -1), (0, -1), 0], [0, 0, 0, 0, 0], [0, 0, 0, 0, 0]]","[[0, 0, (1, 2), 0, 0], [0, 0, (1, 2), 0, 0], [(2, 3), (0, -1), (0, -1), (0, -1), 0], [0, 0, 0, 0, (2, 1)], [0, 0, 0, 0, 0]]","[[0, 0, (1, 2), 0, 0], [0, 0, (1, 2), 0, 0], [(2, 3), (0, -1), (1, 2), (0, -1), 0], [0, 0, (0, -1), 0, (2, 1)], [0, 0, 0, 0, 0]]","[[0, 0, (1, 2), 0, 0], [0, 0, (1, 2), 0, 0], [(2, 3), (0, -1), (1, 2), (0, -1), 0], [0, 0, (0, -1), 0, 0], [0, 0, 0, 0, 0]]","[[0, 0, (1, 2), 0, 0], [0, 0, (1, 2), 0, 0], [(2, 3), (0, -1), (1, 2), (0, -1), 0], [0, 0, (1, 2), 0, 0], [0, 0, (0, -1), 0, 0]]","[[0, 0, (1, 2), 0, 0], [0, 0, (1, 2), 0, 0], [(2, 3), (0, -1), (1, 2), (0, -1), 0], [0, 0, (1, 2), 0, (2, 1)], [0, 0, (0, -1), 0, 0]]","[[0, 0, (1, 2), 0, 0], [0, 0, (1, 2), 0, 0], [(2, 3), (0, -1), (1, 2), (0, -1), 0], [0, 0, (1, 2), 0, (2, 1)], [0, 0, (1, 2), 0, 0]]",,,,,,,,,,,,,,,,,,,,,,,,,,,,,,,,,,,,,,,,,,,,,,,,,,,,,,,,,,,,,,,,,,,,,,,,,,,,,,,,,,,,,,,,,,,,,,,,,,,,,,,,,,,,,,,,,,,,,,,,,,,,,,,,,,,,,,,,,,,,,,,,,,,,,,,,,,,,,,,,,,,,,,,,,,,,,,,,,,,,,,,,,,,,,,,,,,,,,,,,,,,,,,,,,,,,,,,,,,,,,,,,,,,,,,,,,,,,,,,,,,,,,,,,,,,,,,,,,,,,,,,,,,,,,,,,,,,,,,,,,,,,,,,,,,,,,,,,,,,,,,,,,,,,,,,,,,,,,,,,,,,,,,,,,,,,,,,,,,,,,,,,,,,,,,,,,,,,,,,,,,,,,,,,,,,,,,,,,,,,,,,,,,,,,,,,,,,,,,,,,,,,,,,,,,,,,,,,,,,,,,,,,,,,,,,,,,,,,,,,,,,,,,,,,,,,,,,,,,,,,,,,,,,,,,,,,,,,,,,,,,,,,,,,,,,,,,,,,,,,,,,,,,,,,,,,,,,,,,,,,,,,,,,,,,,,,,,,,,,,,,,,,,,,,,,,,,,,,,,,,,,,,,,,,,,,,,,,,,,,,,,,,,,,,,,,,,,,,,,,,,,,,,,,,,,,,,,,,,,,,,,,,,,,,,,,,,,,,,,,,,,,,,,,,,,,,,,,,,,,,,,,,,,,,,,,,,,,,,,,,,,,,,,,,,,,,,,,,,,,,,,,,,,,,,,,,,,,,,,,,,,,,,,,,,,,,,,,,,,,,,,,,,,,,,,,,,,,,,,,,,,,,,,,,,,,,,,,,,,,,,,,,,,,,,,,,,,,,,,,,,,,,,,,,,,,,,,,,,,,,,,,,,,,,,,,,,,,,,,,,,,,,,,,,,,,,,,,,,,,,,,,,,,,,,,,,,,,,,,,,,,,,,,,,,,,,,,,,,,,,,,,,,,,,,,,,,,,,,,,,,,,,,,,,,,,,,,,,,,,,,,,,,,,,,,,,,,,,,,,,,,,,,,,,,,,,,,,,,,,,,,,,,,
169,state,ia,ia,1,"(1, ('e', 0, 2, 2))","(2, ('e', 3, 4, 1))","(1, ('e', 0, 2, 2))","(2, ('a', 3, 4))","(1, ('e', 0, 0, 1))","(2, ('e', 3, 4, 1))","(1, ('e', 0, 2, 2))","(2, ('a', 3, 4))","(1, ('e', 0, 2, 2))","(2, ('e', 3, 4, 1))","(1, ('a', 0, 2))","(2, ('a', 3, 4))","(1, ('e', 0, 2, 2))","(2, ('e', 3, 4, 1))","(1, ('a', 0, 2))","(2, ('a', 3, 4))","(1, ('e', 0, 2, 2))","(2, ('e', 3, 4, 1))","(1, ('a', 0, 2))","(2, ('a', 3, 4))","(1, ('e', 0, 2, 2))","(2, ('e', 0, 3, 0))","(1, ('a', 0, 2))","(2, ('e', 3, 4, 1))","(1, ('e', 0, 2, 2))","(2, ('a', 3, 4))","(1, ('a', 0, 2))","(2, ('e', 3, 4, 1))","(1, ('e', 0, 2, 2))","(2, ('a', 3, 4))","(1, ('a', 0, 2))","(2, ('e', 3, 4, 1))","(1, ('e', 0, 2, 2))","(2, ('a', 3, 4))","(1, ('a', 0, 2))","(2, ('e', 3, 0, 1))","(1, ('e', 0, 2, 2))","(2, ('t', 3, 0, 2))","(1, ('a', 0, 2))","(2, ('e', 0, 1, 1))","(1, ('e', 0, 2, 2))","(2, ('e', 3, 4, 1))","(1, ('m', 1, 2, 2))",,,,,,,,,,,,,,,,,,,,,,,,,,,,,,,,,,,,,,,,,,,,,,,,,,,,,,,,,,,,,,,,,,,,,,,,,,,,,,,,,,,,,,,,,,,,,,,,,,,,,,,,,,,,,,,,,,,,,,,,,,,,,,,,,,,,,,,,,,,,,,,,,,,,,,,,,,,,,,,,,,,,,,,,,,,,,,,,,,,,,,,,,,,,,,,,,,,,,,,,,,,,,,,,,,,,,,,,,,,,,,,,,,,,,,,,,,,,,,,,,,,,,,,,,,,,,,,,,,,,,,,,,,,,,,,,,,,,,,,,,,,,,,,,,,,,,,,,,,,,,,,,,,,,,,,,,,,,,,,,,,,,,,,,,,,,,,,,,,,,,,,,,,,,,,,,,,,,,,,,,,,,,,,,,,,,,,,,,,,,,,,,,,,,,,,,,,,,,,,,,,,,,,,,,,,,,,,,,,,,,,,,,,,,,,,,,,,,,,,,,,,,,,,,,,,,,,,,,,,,,,,,,,,,,,,,,,,,,,,,,,,,,,,,,,,,,,,,,,,,,,,,,,,,,,,,,,,,,,,,,,,,,,,,,,,,,,,,,,,,,,,,,,,,,,,,,,,,,,,,,,,,,,,,,,,,,,,,,,,,,,,,,,,,,,,,,,,,,,,,,,,,,,,,,,,,,,,,,,,,,,,,,,,,,,,,,,,,,,,,,,,,,,,,,,,,,,,,,,,,,,,,,,,,,,,,,,,,,,,,,,,,,,,,,,,,,,,,,,,,,,,,,,,,,,,,,,,,,,,,,,,,,,,,,,,,,,,,,,,,,,,,,,,,,,,,,,,,,,,,,,,,,,,,,,,,,,,,,,,,,,,,,,,,,,,,,,,,,,,,,,,,,,,,,,,,,,,,,,,,,,,,,,,,,,,,,,,,,,,,,,,,,,,,,,,,,,,,,,,,,,,,,,,,,,,,,,,,,,,,,,,,,,,,,,,,,,,,,,,,,,,,,,,,,,,,,,,,,,,,,,,,,,,,,,,,,,,,,,,,,,,,,,,,,,,,,
170,move,ia,ia,1,"[[0, 0, (1, 2), 0, 0], [0, 0, 0, 0, 0], [0, (0, -1), (0, -1), (0, -1), 0], [0, 0, 0, 0, 0], [0, 0, 0, 0, 0]]","[[0, 0, (1, 2), 0, 0], [0, 0, 0, 0, 0], [0, (0, -1), (0, -1), (0, -1), 0], [0, 0, 0, 0, (2, 1)], [0, 0, 0, 0, 0]]","[[0, 0, (1, 2), 0, 0], [0, 0, (1, 2), 0, 0], [0, (0, -1), (0, -1), (0, -1), 0], [0, 0, 0, 0, (2, 1)], [0, 0, 0, 0, 0]]","[[0, 0, (1, 2), 0, 0], [0, 0, (1, 2), 0, 0], [0, (0, -1), (0, -1), (0, -1), 0], [0, 0, 0, 0, 0], [0, 0, 0, 0, 0]]","[[(1, 1), 0, (1, 2), 0, 0], [0, 0, (1, 2), 0, 0], [0, (0, -1), (0, -1), (0, -1), 0], [0, 0, 0, 0, 0], [0, 0, 0, 0, 0]]","[[(1, 1), 0, (1, 2), 0, 0], [0, 0, (1, 2), 0, 0], [0, (0, -1), (0, -1), (0, -1), 0], [0, 0, 0, 0, (2, 1)], [0, 0, 0, 0, 0]]","[[(1, 1), 0, (1, 2), 0, 0], [0, 0, (1, 2), 0, 0], [0, (0, -1), (1, 2), (0, -1), 0], [0, 0, (0, -1), 0, (2, 1)], [0, 0, 0, 0, 0]]","[[(1, 1), 0, (1, 2), 0, 0], [0, 0, (1, 2), 0, 0], [0, (0, -1), (1, 2), (0, -1), 0], [0, 0, (0, -1), 0, 0], [0, 0, 0, 0, 0]]","[[(1, 1), 0, (1, 2), 0, 0], [0, 0, (1, 2), 0, 0], [0, (0, -1), (1, 2), (0, -1), 0], [0, 0, (1, 2), 0, 0], [0, 0, (0, -1), 0, 0]]","[[(1, 1), 0, (1, 2), 0, 0], [0, 0, (1, 2), 0, 0], [0, (0, -1), (1, 2), (0, -1), 0], [0, 0, (1, 2), 0, (2, 1)], [0, 0, (0, -1), 0, 0]]","[[(1, 1), 0, 0, 0, 0], [0, 0, (1, 2), 0, 0], [0, (0, -1), (1, 2), (0, -1), 0], [0, 0, (1, 2), 0, (2, 1)], [0, 0, (0, -1), 0, 0]]","[[(1, 1), 0, 0, 0, 0], [0, 0, (1, 2), 0, 0], [0, (0, -1), (1, 2), (0, -1), 0], [0, 0, (1, 2), 0, 0], [0, 0, (0, -1), 0, 0]]","[[(1, 1), 0, (1, 2), 0, 0], [0, 0, (1, 2), 0, 0], [0, (0, -1), (1, 2), (0, -1), 0], [0, 0, (1, 2), 0, 0], [0, 0, (0, -1), 0, 0]]","[[(1, 1), 0, (1, 2), 0, 0], [0, 0, (1, 2), 0, 0], [0, (0, -1), (1, 2), (0, -1), 0], [0, 0, (1, 2), 0, (2, 1)], [0, 0, (0, -1), 0, 0]]","[[(1, 1), 0, 0, 0, 0], [0, 0, (1, 2), 0, 0], [0, (0, -1), (1, 2), (0, -1), 0], [0, 0, (1, 2), 0, (2, 1)], [0, 0, (0, -1), 0, 0]]","[[(1, 1), 0, 0, 0, 0], [0, 0, (1, 2), 0, 0], [0, (0, -1), (1, 2), (0, -1), 0], [0, 0, (1, 2), 0, 0], [0, 0, (0, -1), 0, 0]]","[[(1, 1), 0, (1, 2), 0, 0], [0, 0, (1, 2), 0, 0], [0, (0, -1), (1, 2), (0, -1), 0], [0, 0, (1, 2), 0, 0], [0, 0, (0, -1), 0, 0]]","[[(1, 1), 0, (1, 2), 0, 0], [0, 0, (1, 2), 0, 0], [0, (0, -1), (1, 2), (0, -1), 0], [0, 0, (1, 2), 0, (2, 1)], [0, 0, (0, -1), 0, 0]]","[[(1, 1), 0, 0, 0, 0], [0, 0, (1, 2), 0, 0], [0, (0, -1), (1, 2), (0, -1), 0], [0, 0, (1, 2), 0, (2, 1)], [0, 0, (0, -1), 0, 0]]","[[(1, 1), 0, 0, 0, 0], [0, 0, (1, 2), 0, 0], [0, (0, -1), (1, 2), (0, -1), 0], [0, 0, (1, 2), 0, 0], [0, 0, (0, -1), 0, 0]]","[[(1, 1), 0, (1, 2), 0, 0], [0, 0, (1, 2), 0, 0], [0, (0, -1), (1, 2), (0, -1), 0], [0, 0, (1, 2), 0, 0], [0, 0, (0, -1), 0, 0]]","[[(1, 1), 0, (1, 2), (2, 0), 0], [0, 0, (1, 2), 0, 0], [0, (0, -1), (1, 2), (0, -1), 0], [0, 0, (1, 2), 0, 0], [0, 0, (0, -1), 0, 0]]","[[(1, 1), 0, 0, (2, 0), 0], [0, 0, (1, 2), 0, 0], [0, (0, -1), (1, 2), (0, -1), 0], [0, 0, (1, 2), 0, 0], [0, 0, (0, -1), 0, 0]]","[[(1, 1), 0, 0, (2, 0), 0], [0, 0, (1, 2), 0, 0], [0, (0, -1), (1, 2), (0, -1), 0], [0, 0, (1, 2), 0, (2, 1)], [0, 0, (0, -1), 0, 0]]","[[(1, 1), 0, (1, 2), (2, 0), 0], [0, 0, (1, 2), 0, 0], [0, (0, -1), (1, 2), (0, -1), 0], [0, 0, (1, 2), 0, (2, 1)], [0, 0, (0, -1), 0, 0]]","[[(1, 1), 0, (1, 2), (2, 0), 0], [0, 0, (1, 2), 0, 0], [0, (0, -1), (1, 2), (0, -1), 0], [0, 0, (1, 2), 0, 0], [0, 0, (0, -1), 0, 0]]","[[(1, 1), 0, 0, (2, 0), 0], [0, 0, (1, 2), 0, 0], [0, (0, -1), (1, 2), (0, -1), 0], [0, 0, (1, 2), 0, 0], [0, 0, (0, -1), 0, 0]]","[[(1, 1), 0, 0, (2, 0), 0], [0, 0, (1, 2), 0, 0], [0, (0, -1), (1, 2), (0, -1), 0], [0, 0, (1, 2), 0, (2, 1)], [0, 0, (0, -1), 0, 0]]","[[(1, 1), 0, (1, 2), (2, 0), 0], [0, 0, (1, 2), 0, 0], [0, (0, -1), (1, 2), (0, -1), 0], [0, 0, (1, 2), 0, (2, 1)], [0, 0, (0, -1), 0, 0]]","[[(1, 1), 0, (1, 2), (2, 0), 0], [0, 0, (1, 2), 0, 0], [0, (0, -1), (1, 2), (0, -1), 0], [0, 0, (1, 2), 0, 0], [0, 0, (0, -1), 0, 0]]","[[(1, 1), 0, 0, (2, 0), 0], [0, 0, (1, 2), 0, 0], [0, (0, -1), (1, 2), (0, -1), 0], [0, 0, (1, 2), 0, 0], [0, 0, (0, -1), 0, 0]]","[[(1, 1), 0, 0, (2, 0), 0], [0, 0, (1, 2), 0, 0], [0, (0, -1), (1, 2), (0, -1), 0], [0, 0, (1, 2), 0, (2, 1)], [0, 0, (0, -1), 0, 0]]","[[(1, 1), 0, (1, 2), (2, 0), 0], [0, 0, (1, 2), 0, 0], [0, (0, -1), (1, 2), (0, -1), 0], [0, 0, (1, 2), 0, (2, 1)], [0, 0, (0, -1), 0, 0]]","[[(1, 1), 0, (1, 2), (2, 0), 0], [0, 0, (1, 2), 0, 0], [0, (0, -1), (1, 2), (0, -1), 0], [0, 0, (1, 2), 0, 0], [0, 0, (0, -1), 0, 0]]","[[(1, 1), 0, 0, (2, 0), 0], [0, 0, (1, 2), 0, 0], [0, (0, -1), (1, 2), (0, -1), 0], [0, 0, (1, 2), 0, 0], [0, 0, (0, -1), 0, 0]]","[[(1, 1), 0, 0, (2, 0), 0], [0, 0, (1, 2), 0, 0], [0, (0, -1), (1, 2), (0, -1), 0], [(2, 1), 0, (1, 2), 0, 0], [0, 0, (0, -1), 0, 0]]","[[(1, 1), 0, (1, 2), (2, 0), 0], [0, 0, (1, 2), 0, 0], [0, (0, -1), (1, 2), (0, -1), 0], [(2, 1), 0, (1, 2), 0, 0], [0, 0, (0, -1), 0, 0]]","[[(1, 1), 0, (1, 2), (2, 0), 0], [0, 0, (1, 2), 0, 0], [0, (0, -1), (1, 2), (0, -1), 0], [(2, 2), 0, (1, 2), 0, 0], [0, 0, (0, -1), 0, 0]]","[[(1, 1), 0, 0, (2, 0), 0], [0, 0, (1, 2), 0, 0], [0, (0, -1), (1, 2), (0, -1), 0], [(2, 2), 0, (1, 2), 0, 0], [0, 0, (0, -1), 0, 0]]","[[(1, 1), (2, 1), 0, (2, 0), 0], [0, 0, (1, 2), 0, 0], [0, (0, -1), (1, 2), (0, -1), 0], [(2, 2), 0, (1, 2), 0, 0], [0, 0, (0, -1), 0, 0]]","[[(1, 1), (2, 1), (1, 2), (2, 0), 0], [0, 0, (1, 2), 0, 0], [0, (0, -1), (1, 2), (0, -1), 0], [(2, 2), 0, (1, 2), 0, 0], [0, 0, (0, -1), 0, 0]]","[[(1, 1), (2, 1), (1, 2), (2, 0), 0], [0, 0, (1, 2), 0, 0], [0, (0, -1), (1, 2), (0, -1), 0], [(2, 2), 0, (1, 2), 0, (2, 1)], [0, 0, (0, -1), 0, 0]]","[[(1, 1), (2, 1), (1, 2), (2, 0), 0], [0, 0, 0, 0, 0], [0, (0, -1), (1, 2), (0, -1), 0], [(2, 2), 0, (1, 2), 0, (2, 1)], [0, 0, (1, 2), 0, 0]]",,,,,,,,,,,,,,,,,,,,,,,,,,,,,,,,,,,,,,,,,,,,,,,,,,,,,,,,,,,,,,,,,,,,,,,,,,,,,,,,,,,,,,,,,,,,,,,,,,,,,,,,,,,,,,,,,,,,,,,,,,,,,,,,,,,,,,,,,,,,,,,,,,,,,,,,,,,,,,,,,,,,,,,,,,,,,,,,,,,,,,,,,,,,,,,,,,,,,,,,,,,,,,,,,,,,,,,,,,,,,,,,,,,,,,,,,,,,,,,,,,,,,,,,,,,,,,,,,,,,,,,,,,,,,,,,,,,,,,,,,,,,,,,,,,,,,,,,,,,,,,,,,,,,,,,,,,,,,,,,,,,,,,,,,,,,,,,,,,,,,,,,,,,,,,,,,,,,,,,,,,,,,,,,,,,,,,,,,,,,,,,,,,,,,,,,,,,,,,,,,,,,,,,,,,,,,,,,,,,,,,,,,,,,,,,,,,,,,,,,,,,,,,,,,,,,,,,,,,,,,,,,,,,,,,,,,,,,,,,,,,,,,,,,,,,,,,,,,,,,,,,,,,,,,,,,,,,,,,,,,,,,,,,,,,,,,,,,,,,,,,,,,,,,,,,,,,,,,,,,,,,,,,,,,,,,,,,,,,,,,,,,,,,,,,,,,,,,,,,,,,,,,,,,,,,,,,,,,,,,,,,,,,,,,,,,,,,,,,,,,,,,,,,,,,,,,,,,,,,,,,,,,,,,,,,,,,,,,,,,,,,,,,,,,,,,,,,,,,,,,,,,,,,,,,,,,,,,,,,,,,,,,,,,,,,,,,,,,,,,,,,,,,,,,,,,,,,,,,,,,,,,,,,,,,,,,,,,,,,,,,,,,,,,,,,,,,,,,,,,,,,,,,,,,,,,,,,,,,,,,,,,,,,,,,,,,,,,,,,,,,,,,,,,,,,,,,,,,,,,,,,,,,,,,,,,,,,,,,,,,,,,,,,,,,,,,,,,,,,,,,,,,,,,,,,,,,,,,,,,,,,,,,,,,,,,,,,,,,,,,,,,,,,,,,,,,
171,state,ia,ia,1,"(1, ('e', 0, 2, 2))","(2, ('e', 3, 4, 1))","(1, ('e', 0, 2, 2))","(2, ('a', 3, 4))","(1, ('e', 0, 2, 2))","(2, ('e', 4, 3, 0))","(1, ('e', 0, 2, 2))","(2, ('e', 3, 4, 1))","(1, ('e', 0, 2, 2))",,,,,,,,,,,,,,,,,,,,,,,,,,,,,,,,,,,,,,,,,,,,,,,,,,,,,,,,,,,,,,,,,,,,,,,,,,,,,,,,,,,,,,,,,,,,,,,,,,,,,,,,,,,,,,,,,,,,,,,,,,,,,,,,,,,,,,,,,,,,,,,,,,,,,,,,,,,,,,,,,,,,,,,,,,,,,,,,,,,,,,,,,,,,,,,,,,,,,,,,,,,,,,,,,,,,,,,,,,,,,,,,,,,,,,,,,,,,,,,,,,,,,,,,,,,,,,,,,,,,,,,,,,,,,,,,,,,,,,,,,,,,,,,,,,,,,,,,,,,,,,,,,,,,,,,,,,,,,,,,,,,,,,,,,,,,,,,,,,,,,,,,,,,,,,,,,,,,,,,,,,,,,,,,,,,,,,,,,,,,,,,,,,,,,,,,,,,,,,,,,,,,,,,,,,,,,,,,,,,,,,,,,,,,,,,,,,,,,,,,,,,,,,,,,,,,,,,,,,,,,,,,,,,,,,,,,,,,,,,,,,,,,,,,,,,,,,,,,,,,,,,,,,,,,,,,,,,,,,,,,,,,,,,,,,,,,,,,,,,,,,,,,,,,,,,,,,,,,,,,,,,,,,,,,,,,,,,,,,,,,,,,,,,,,,,,,,,,,,,,,,,,,,,,,,,,,,,,,,,,,,,,,,,,,,,,,,,,,,,,,,,,,,,,,,,,,,,,,,,,,,,,,,,,,,,,,,,,,,,,,,,,,,,,,,,,,,,,,,,,,,,,,,,,,,,,,,,,,,,,,,,,,,,,,,,,,,,,,,,,,,,,,,,,,,,,,,,,,,,,,,,,,,,,,,,,,,,,,,,,,,,,,,,,,,,,,,,,,,,,,,,,,,,,,,,,,,,,,,,,,,,,,,,,,,,,,,,,,,,,,,,,,,,,,,,,,,,,,,,,,,,,,,,,,,,,,,,,,,,,,,,,,,,,,,,,,,,,,,,,,,,,,,,,,,,,,,,,,,,,,,,,,,,,,,,,,,,,,,,,,,,,,,,,,,,,,,,,,,,,,,,,,,,,,,,,,,,,,,,,,,,,,,,
172,move,ia,ia,1,"[[0, 0, (1, 2), 0, 0], [0, 0, 0, 0, 0], [0, (0, -1), (0, -1), (0, -1), 0], [0, 0, 0, 0, 0], [0, 0, 0, 0, 0]]","[[0, 0, (1, 2), 0, 0], [0, 0, 0, 0, 0], [0, (0, -1), (0, -1), (0, -1), 0], [0, 0, 0, 0, (2, 1)], [0, 0, 0, 0, 0]]","[[0, 0, (1, 2), 0, 0], [0, 0, (1, 2), 0, 0], [0, (0, -1), (0, -1), (0, -1), 0], [0, 0, 0, 0, (2, 1)], [0, 0, 0, 0, 0]]","[[0, 0, (1, 2), 0, 0], [0, 0, (1, 2), 0, 0], [0, (0, -1), (0, -1), (0, -1), 0], [0, 0, 0, 0, 0], [0, 0, 0, 0, 0]]","[[0, 0, (1, 2), 0, 0], [0, 0, (1, 2), 0, 0], [0, (0, -1), (1, 2), (0, -1), 0], [0, 0, (0, -1), 0, 0], [0, 0, 0, 0, 0]]","[[0, 0, (1, 2), 0, 0], [0, 0, (1, 2), 0, 0], [0, (0, -1), (1, 2), (0, -1), 0], [0, 0, (0, -1), 0, 0], [0, 0, 0, (2, 0), 0]]","[[0, 0, (1, 2), 0, 0], [0, 0, (1, 2), 0, 0], [0, (0, -1), (1, 2), (0, -1), 0], [0, 0, (1, 2), 0, 0], [0, 0, (0, -1), (2, 0), 0]]","[[0, 0, (1, 2), 0, 0], [0, 0, (1, 2), 0, 0], [0, (0, -1), (1, 2), (0, -1), 0], [0, 0, (1, 2), 0, (2, 1)], [0, 0, (0, -1), (2, 0), 0]]","[[0, 0, (1, 2), 0, 0], [0, 0, (1, 2), 0, 0], [0, (0, -1), (1, 2), (0, -1), 0], [0, 0, (1, 2), 0, (2, 1)], [0, 0, (1, 2), (2, 0), 0]]",,,,,,,,,,,,,,,,,,,,,,,,,,,,,,,,,,,,,,,,,,,,,,,,,,,,,,,,,,,,,,,,,,,,,,,,,,,,,,,,,,,,,,,,,,,,,,,,,,,,,,,,,,,,,,,,,,,,,,,,,,,,,,,,,,,,,,,,,,,,,,,,,,,,,,,,,,,,,,,,,,,,,,,,,,,,,,,,,,,,,,,,,,,,,,,,,,,,,,,,,,,,,,,,,,,,,,,,,,,,,,,,,,,,,,,,,,,,,,,,,,,,,,,,,,,,,,,,,,,,,,,,,,,,,,,,,,,,,,,,,,,,,,,,,,,,,,,,,,,,,,,,,,,,,,,,,,,,,,,,,,,,,,,,,,,,,,,,,,,,,,,,,,,,,,,,,,,,,,,,,,,,,,,,,,,,,,,,,,,,,,,,,,,,,,,,,,,,,,,,,,,,,,,,,,,,,,,,,,,,,,,,,,,,,,,,,,,,,,,,,,,,,,,,,,,,,,,,,,,,,,,,,,,,,,,,,,,,,,,,,,,,,,,,,,,,,,,,,,,,,,,,,,,,,,,,,,,,,,,,,,,,,,,,,,,,,,,,,,,,,,,,,,,,,,,,,,,,,,,,,,,,,,,,,,,,,,,,,,,,,,,,,,,,,,,,,,,,,,,,,,,,,,,,,,,,,,,,,,,,,,,,,,,,,,,,,,,,,,,,,,,,,,,,,,,,,,,,,,,,,,,,,,,,,,,,,,,,,,,,,,,,,,,,,,,,,,,,,,,,,,,,,,,,,,,,,,,,,,,,,,,,,,,,,,,,,,,,,,,,,,,,,,,,,,,,,,,,,,,,,,,,,,,,,,,,,,,,,,,,,,,,,,,,,,,,,,,,,,,,,,,,,,,,,,,,,,,,,,,,,,,,,,,,,,,,,,,,,,,,,,,,,,,,,,,,,,,,,,,,,,,,,,,,,,,,,,,,,,,,,,,,,,,,,,,,,,,,,,,,,,,,,,,,,,,,,,,,,,,,,,,,,,,,,,,,,,,,,,,,,,,,,,,,,,,,,,,,,,,,,,,,,,,,,,,,,,,,,,,,,,,,,,,
173,state,ia,ia,1,"(1, ('e', 0, 2, 2))","(2, ('e', 3, 4, 1))","(1, ('e', 4, 1, 0))","(2, ('a', 3, 4))","(1, ('e', 0, 2, 2))","(2, ('e', 3, 4, 1))","(1, ('e', 0, 2, 2))","(2, ('a', 3, 4))","(1, ('e', 0, 2, 2))","(2, ('e', 2, 0, 2))","(1, ('a', 0, 2))","(2, ('e', 3, 4, 1))","(1, ('e', 0, 2, 2))","(2, ('a', 3, 4))","(1, ('a', 0, 2))","(2, ('e', 3, 4, 1))","(1, ('e', 1, 0, 1))","(2, ('e', 4, 3, 1))","(1, ('m', 4, 1, 3))","(2, ('a', 3, 4))","(1, ('m', 1, 2, 3))","(2, ('e', 3, 4, 1))","(1, ('m', 2, 2, 0))","(2, ('a', 3, 4))","(1, ('m', 3, 2, 2))",,,,,,,,,,,,,,,,,,,,,,,,,,,,,,,,,,,,,,,,,,,,,,,,,,,,,,,,,,,,,,,,,,,,,,,,,,,,,,,,,,,,,,,,,,,,,,,,,,,,,,,,,,,,,,,,,,,,,,,,,,,,,,,,,,,,,,,,,,,,,,,,,,,,,,,,,,,,,,,,,,,,,,,,,,,,,,,,,,,,,,,,,,,,,,,,,,,,,,,,,,,,,,,,,,,,,,,,,,,,,,,,,,,,,,,,,,,,,,,,,,,,,,,,,,,,,,,,,,,,,,,,,,,,,,,,,,,,,,,,,,,,,,,,,,,,,,,,,,,,,,,,,,,,,,,,,,,,,,,,,,,,,,,,,,,,,,,,,,,,,,,,,,,,,,,,,,,,,,,,,,,,,,,,,,,,,,,,,,,,,,,,,,,,,,,,,,,,,,,,,,,,,,,,,,,,,,,,,,,,,,,,,,,,,,,,,,,,,,,,,,,,,,,,,,,,,,,,,,,,,,,,,,,,,,,,,,,,,,,,,,,,,,,,,,,,,,,,,,,,,,,,,,,,,,,,,,,,,,,,,,,,,,,,,,,,,,,,,,,,,,,,,,,,,,,,,,,,,,,,,,,,,,,,,,,,,,,,,,,,,,,,,,,,,,,,,,,,,,,,,,,,,,,,,,,,,,,,,,,,,,,,,,,,,,,,,,,,,,,,,,,,,,,,,,,,,,,,,,,,,,,,,,,,,,,,,,,,,,,,,,,,,,,,,,,,,,,,,,,,,,,,,,,,,,,,,,,,,,,,,,,,,,,,,,,,,,,,,,,,,,,,,,,,,,,,,,,,,,,,,,,,,,,,,,,,,,,,,,,,,,,,,,,,,,,,,,,,,,,,,,,,,,,,,,,,,,,,,,,,,,,,,,,,,,,,,,,,,,,,,,,,,,,,,,,,,,,,,,,,,,,,,,,,,,,,,,,,,,,,,,,,,,,,,,,,,,,,,,,,,,,,,,,,,,,,,,,,,,,,,,,,,,,,,,,,,,,,,,,,,,,,,,,,,,,,,,,,,,,,,,,,,,,,,,,
174,move,ia,ia,1,"[[0, 0, (1, 2), 0, 0], [0, 0, 0, 0, 0], [0, (0, -1), (0, -1), (0, -1), 0], [0, 0, 0, 0, 0], [0, 0, 0, 0, 0]]","[[0, 0, (1, 2), 0, 0], [0, 0, 0, 0, 0], [0, (0, -1), (0, -1), (0, -1), 0], [0, 0, 0, 0, (2, 1)], [0, 0, 0, 0, 0]]","[[0, 0, (1, 2), 0, 0], [0, 0, 0, 0, 0], [0, (0, -1), (0, -1), (0, -1), 0], [0, 0, 0, 0, (2, 1)], [0, (1, 0), 0, 0, 0]]","[[0, 0, (1, 2), 0, 0], [0, 0, 0, 0, 0], [0, (0, -1), (0, -1), (0, -1), 0], [0, 0, 0, 0, 0], [0, (1, 0), 0, 0, 0]]","[[0, 0, (1, 2), 0, 0], [0, 0, (1, 2), 0, 0], [0, (0, -1), (0, -1), (0, -1), 0], [0, 0, 0, 0, 0], [0, (1, 0), 0, 0, 0]]","[[0, 0, (1, 2), 0, 0], [0, 0, (1, 2), 0, 0], [0, (0, -1), (0, -1), (0, -1), 0], [0, 0, 0, 0, (2, 1)], [0, (1, 0), 0, 0, 0]]","[[0, 0, (1, 2), 0, 0], [0, 0, (1, 2), 0, 0], [0, (0, -1), (1, 2), (0, -1), 0], [0, 0, (0, -1), 0, (2, 1)], [0, (1, 0), 0, 0, 0]]","[[0, 0, (1, 2), 0, 0], [0, 0, (1, 2), 0, 0], [0, (0, -1), (1, 2), (0, -1), 0], [0, 0, (0, -1), 0, 0], [0, (1, 0), 0, 0, 0]]","[[0, 0, (1, 2), 0, 0], [0, 0, (1, 2), 0, 0], [0, (0, -1), (1, 2), (0, -1), 0], [0, 0, (1, 2), 0, 0], [0, (1, 0), (0, -1), 0, 0]]","[[0, 0, (1, 2), 0, 0], [0, 0, (1, 2), 0, 0], [(2, 2), (0, -1), (1, 2), (0, -1), 0], [0, 0, (1, 2), 0, 0], [0, (1, 0), (0, -1), 0, 0]]","[[0, 0, 0, 0, 0], [0, 0, (1, 2), 0, 0], [(2, 2), (0, -1), (1, 2), (0, -1), 0], [0, 0, (1, 2), 0, 0], [0, (1, 0), (0, -1), 0, 0]]","[[0, 0, 0, 0, 0], [0, 0, (1, 2), 0, 0], [(2, 2), (0, -1), (1, 2), (0, -1), 0], [0, 0, (1, 2), 0, (2, 1)], [0, (1, 0), (0, -1), 0, 0]]","[[0, 0, (1, 2), 0, 0], [0, 0, (1, 2), 0, 0], [(2, 2), (0, -1), (1, 2), (0, -1), 0], [0, 0, (1, 2), 0, (2, 1)], [0, (1, 0), (0, -1), 0, 0]]","[[0, 0, (1, 2), 0, 0], [0, 0, (1, 2), 0, 0], [(2, 2), (0, -1), (1, 2), (0, -1), 0], [0, 0, (1, 2), 0, 0], [0, (1, 0), (0, -1), 0, 0]]","[[0, 0, 0, 0, 0], [0, 0, (1, 2), 0, 0], [(2, 2), (0, -1), (1, 2), (0, -1), 0], [0, 0, (1, 2), 0, 0], [0, (1, 0), (0, -1), 0, 0]]","[[0, 0, 0, 0, 0], [0, 0, (1, 2), 0, 0], [(2, 2), (0, -1), (1, 2), (0, -1), 0], [0, 0, (1, 2), 0, (2, 1)], [0, (1, 0), (0, -1), 0, 0]]","[[0, 0, 0, 0, 0], [(1, 1), 0, (1, 2), 0, 0], [(2, 2), (0, -1), (1, 2), (0, -1), 0], [0, 0, (1, 2), 0, (2, 1)], [0, (1, 0), (0, -1), 0, 0]]","[[0, 0, 0, 0, 0], [(1, 1), 0, (1, 2), 0, 0], [(2, 2), (0, -1), (1, 2), (0, -1), 0], [0, 0, (1, 2), 0, (2, 1)], [0, (1, 0), (0, -1), (2, 1), 0]]","[[0, 0, 0, 0, 0], [(1, 1), 0, (1, 2), 0, 0], [(2, 2), (0, -1), (1, 2), (0, -1), 0], [0, 0, (1, 2), 0, (2, 1)], [(1, 0), 0, (0, -1), (2, 1), 0]]","[[0, 0, 0, 0, 0], [(1, 1), 0, (1, 2), 0, 0], [(2, 2), (0, -1), (1, 2), (0, -1), 0], [0, 0, (1, 2), 0, 0], [(1, 0), 0, (0, -1), (2, 1), 0]]","[[0, 0, 0, 0, 0], [(1, 1), (1, 2), 0, 0, 0], [(2, 2), (0, -1), (1, 2), (0, -1), 0], [0, 0, (1, 2), 0, 0], [(1, 0), 0, (0, -1), (2, 1), 0]]","[[0, 0, 0, 0, 0], [(1, 1), (1, 2), 0, 0, 0], [(2, 2), (0, -1), (1, 2), (0, -1), 0], [0, 0, (1, 2), 0, (2, 1)], [(1, 0), 0, (0, -1), (2, 1), 0]]","[[0, 0, 0, 0, 0], [(1, 1), (1, 2), (1, 2), 0, 0], [(2, 2), (0, -1), 0, (0, -1), 0], [0, 0, (1, 2), 0, (2, 1)], [(1, 0), 0, (0, -1), (2, 1), 0]]","[[0, 0, 0, 0, 0], [(1, 1), (1, 2), (1, 2), 0, 0], [(2, 2), (0, -1), 0, (0, -1), 0], [0, 0, (1, 2), 0, 0], [(1, 0), 0, (0, -1), (2, 1), 0]]","[[0, 0, 0, 0, 0], [(1, 1), (1, 2), (1, 2), 0, 0], [(2, 2), (0, -1), 0, (0, -1), 0], [0, 0, 0, 0, 0], [(1, 0), 0, (1, 2), (2, 1), 0]]",,,,,,,,,,,,,,,,,,,,,,,,,,,,,,,,,,,,,,,,,,,,,,,,,,,,,,,,,,,,,,,,,,,,,,,,,,,,,,,,,,,,,,,,,,,,,,,,,,,,,,,,,,,,,,,,,,,,,,,,,,,,,,,,,,,,,,,,,,,,,,,,,,,,,,,,,,,,,,,,,,,,,,,,,,,,,,,,,,,,,,,,,,,,,,,,,,,,,,,,,,,,,,,,,,,,,,,,,,,,,,,,,,,,,,,,,,,,,,,,,,,,,,,,,,,,,,,,,,,,,,,,,,,,,,,,,,,,,,,,,,,,,,,,,,,,,,,,,,,,,,,,,,,,,,,,,,,,,,,,,,,,,,,,,,,,,,,,,,,,,,,,,,,,,,,,,,,,,,,,,,,,,,,,,,,,,,,,,,,,,,,,,,,,,,,,,,,,,,,,,,,,,,,,,,,,,,,,,,,,,,,,,,,,,,,,,,,,,,,,,,,,,,,,,,,,,,,,,,,,,,,,,,,,,,,,,,,,,,,,,,,,,,,,,,,,,,,,,,,,,,,,,,,,,,,,,,,,,,,,,,,,,,,,,,,,,,,,,,,,,,,,,,,,,,,,,,,,,,,,,,,,,,,,,,,,,,,,,,,,,,,,,,,,,,,,,,,,,,,,,,,,,,,,,,,,,,,,,,,,,,,,,,,,,,,,,,,,,,,,,,,,,,,,,,,,,,,,,,,,,,,,,,,,,,,,,,,,,,,,,,,,,,,,,,,,,,,,,,,,,,,,,,,,,,,,,,,,,,,,,,,,,,,,,,,,,,,,,,,,,,,,,,,,,,,,,,,,,,,,,,,,,,,,,,,,,,,,,,,,,,,,,,,,,,,,,,,,,,,,,,,,,,,,,,,,,,,,,,,,,,,,,,,,,,,,,,,,,,,,,,,,,,,,,,,,,,,,,,,,,,,,,,,,,,,,,,,,,,,,,,,,,,,,,,,,,,,,,,,,,,,,,,,,,,,,,,,,,,,,,,,,,,,,,,,,,,,,,,,,,,,,,,,,,,,,,,,,,,,,,,,,,,,,,,,
175,state,ia,ia,1,"(1, ('e', 0, 2, 2))","(2, ('e', 0, 0, 3))","(1, ('e', 0, 2, 2))","(2, ('e', 3, 4, 1))","(1, ('e', 0, 2, 2))","(2, ('a', 3, 4))","(1, ('e', 0, 2, 2))","(2, ('e', 3, 4, 1))","(1, ('e', 2, 0, 2))","(2, ('a', 3, 4))","(1, ('t', 2, 2, 3))","(2, ('e', 3, 4, 1))","(1, ('a', 0, 2))","(2, ('a', 3, 4))","(1, ('e', 0, 2, 2))","(2, ('e', 3, 4, 1))","(1, ('a', 0, 2))","(2, ('a', 3, 4))","(1, ('e', 4, 0, 0))","(2, ('e', 3, 4, 1))","(1, ('m', 3, 2, 2))",,,,,,,,,,,,,,,,,,,,,,,,,,,,,,,,,,,,,,,,,,,,,,,,,,,,,,,,,,,,,,,,,,,,,,,,,,,,,,,,,,,,,,,,,,,,,,,,,,,,,,,,,,,,,,,,,,,,,,,,,,,,,,,,,,,,,,,,,,,,,,,,,,,,,,,,,,,,,,,,,,,,,,,,,,,,,,,,,,,,,,,,,,,,,,,,,,,,,,,,,,,,,,,,,,,,,,,,,,,,,,,,,,,,,,,,,,,,,,,,,,,,,,,,,,,,,,,,,,,,,,,,,,,,,,,,,,,,,,,,,,,,,,,,,,,,,,,,,,,,,,,,,,,,,,,,,,,,,,,,,,,,,,,,,,,,,,,,,,,,,,,,,,,,,,,,,,,,,,,,,,,,,,,,,,,,,,,,,,,,,,,,,,,,,,,,,,,,,,,,,,,,,,,,,,,,,,,,,,,,,,,,,,,,,,,,,,,,,,,,,,,,,,,,,,,,,,,,,,,,,,,,,,,,,,,,,,,,,,,,,,,,,,,,,,,,,,,,,,,,,,,,,,,,,,,,,,,,,,,,,,,,,,,,,,,,,,,,,,,,,,,,,,,,,,,,,,,,,,,,,,,,,,,,,,,,,,,,,,,,,,,,,,,,,,,,,,,,,,,,,,,,,,,,,,,,,,,,,,,,,,,,,,,,,,,,,,,,,,,,,,,,,,,,,,,,,,,,,,,,,,,,,,,,,,,,,,,,,,,,,,,,,,,,,,,,,,,,,,,,,,,,,,,,,,,,,,,,,,,,,,,,,,,,,,,,,,,,,,,,,,,,,,,,,,,,,,,,,,,,,,,,,,,,,,,,,,,,,,,,,,,,,,,,,,,,,,,,,,,,,,,,,,,,,,,,,,,,,,,,,,,,,,,,,,,,,,,,,,,,,,,,,,,,,,,,,,,,,,,,,,,,,,,,,,,,,,,,,,,,,,,,,,,,,,,,,,,,,,,,,,,,,,,,,,,,,,,,,,,,,,,,,,,,,,,,,,,,,,,,,,,,,,,,,,,,,,,,,,,,,,,,,,,,,,,,,,,
176,move,ia,ia,1,"[[0, 0, (1, 2), 0, 0], [0, 0, 0, 0, 0], [0, (0, -1), (0, -1), (0, -1), 0], [0, 0, 0, 0, 0], [0, 0, 0, 0, 0]]","[[(2, 3), 0, (1, 2), 0, 0], [0, 0, 0, 0, 0], [0, (0, -1), (0, -1), (0, -1), 0], [0, 0, 0, 0, 0], [0, 0, 0, 0, 0]]","[[(2, 3), 0, (1, 2), 0, 0], [0, 0, (1, 2), 0, 0], [0, (0, -1), (0, -1), (0, -1), 0], [0, 0, 0, 0, 0], [0, 0, 0, 0, 0]]","[[(2, 3), 0, (1, 2), 0, 0], [0, 0, (1, 2), 0, 0], [0, (0, -1), (0, -1), (0, -1), 0], [0, 0, 0, 0, (2, 1)], [0, 0, 0, 0, 0]]","[[(2, 3), 0, (1, 2), 0, 0], [0, 0, (1, 2), 0, 0], [0, (0, -1), (1, 2), (0, -1), 0], [0, 0, (0, -1), 0, (2, 1)], [0, 0, 0, 0, 0]]","[[(2, 3), 0, (1, 2), 0, 0], [0, 0, (1, 2), 0, 0], [0, (0, -1), (1, 2), (0, -1), 0], [0, 0, (0, -1), 0, 0], [0, 0, 0, 0, 0]]","[[(2, 3), 0, (1, 2), 0, 0], [0, 0, (1, 2), 0, 0], [0, (0, -1), (1, 2), (0, -1), 0], [0, 0, (1, 2), 0, 0], [0, 0, (0, -1), 0, 0]]","[[(2, 3), 0, (1, 2), 0, 0], [0, 0, (1, 2), 0, 0], [0, (0, -1), (1, 2), (0, -1), 0], [0, 0, (1, 2), 0, (2, 1)], [0, 0, (0, -1), 0, 0]]","[[(2, 3), 0, (1, 2), 0, 0], [0, 0, (1, 2), 0, 0], [(1, 2), (0, -1), (1, 2), (0, -1), 0], [0, 0, (1, 2), 0, (2, 1)], [0, 0, (0, -1), 0, 0]]","[[(2, 3), 0, (1, 2), 0, 0], [0, 0, (1, 2), 0, 0], [(1, 2), (0, -1), (1, 2), (0, -1), 0], [0, 0, (1, 2), 0, 0], [0, 0, (0, -1), 0, 0]]","[[(2, 3), 0, (1, 2), 0, 0], [0, 0, (1, 2), 0, 0], [(1, 2), (0, -1), (1, 3), (0, -1), 0], [0, 0, (1, 2), 0, 0], [0, 0, (0, -1), 0, 0]]","[[(2, 3), 0, (1, 2), 0, 0], [0, 0, (1, 2), 0, 0], [(1, 2), (0, -1), (1, 3), (0, -1), 0], [0, 0, (1, 2), 0, (2, 1)], [0, 0, (0, -1), 0, 0]]","[[(2, 3), 0, 0, 0, 0], [0, 0, (1, 2), 0, 0], [(1, 2), (0, -1), (1, 3), (0, -1), 0], [0, 0, (1, 2), 0, (2, 1)], [0, 0, (0, -1), 0, 0]]","[[(2, 3), 0, 0, 0, 0], [0, 0, (1, 2), 0, 0], [(1, 2), (0, -1), (1, 3), (0, -1), 0], [0, 0, (1, 2), 0, 0], [0, 0, (0, -1), 0, 0]]","[[(2, 3), 0, (1, 2), 0, 0], [0, 0, (1, 2), 0, 0], [(1, 2), (0, -1), (1, 3), (0, -1), 0], [0, 0, (1, 2), 0, 0], [0, 0, (0, -1), 0, 0]]","[[(2, 3), 0, (1, 2), 0, 0], [0, 0, (1, 2), 0, 0], [(1, 2), (0, -1), (1, 3), (0, -1), 0], [0, 0, (1, 2), 0, (2, 1)], [0, 0, (0, -1), 0, 0]]","[[(2, 3), 0, 0, 0, 0], [0, 0, (1, 2), 0, 0], [(1, 2), (0, -1), (1, 3), (0, -1), 0], [0, 0, (1, 2), 0, (2, 1)], [0, 0, (0, -1), 0, 0]]","[[(2, 3), 0, 0, 0, 0], [0, 0, (1, 2), 0, 0], [(1, 2), (0, -1), (1, 3), (0, -1), 0], [0, 0, (1, 2), 0, 0], [0, 0, (0, -1), 0, 0]]","[[(2, 3), 0, 0, 0, 0], [0, 0, (1, 2), 0, 0], [(1, 2), (0, -1), (1, 3), (0, -1), 0], [0, 0, (1, 2), 0, 0], [(1, 0), 0, (0, -1), 0, 0]]","[[(2, 3), 0, 0, 0, 0], [0, 0, (1, 2), 0, 0], [(1, 2), (0, -1), (1, 3), (0, -1), 0], [0, 0, (1, 2), 0, (2, 1)], [(1, 0), 0, (0, -1), 0, 0]]","[[(2, 3), 0, 0, 0, 0], [0, 0, (1, 2), 0, 0], [(1, 2), (0, -1), (1, 3), (0, -1), 0], [0, 0, 0, 0, (2, 1)], [(1, 0), 0, (1, 2), 0, 0]]",,,,,,,,,,,,,,,,,,,,,,,,,,,,,,,,,,,,,,,,,,,,,,,,,,,,,,,,,,,,,,,,,,,,,,,,,,,,,,,,,,,,,,,,,,,,,,,,,,,,,,,,,,,,,,,,,,,,,,,,,,,,,,,,,,,,,,,,,,,,,,,,,,,,,,,,,,,,,,,,,,,,,,,,,,,,,,,,,,,,,,,,,,,,,,,,,,,,,,,,,,,,,,,,,,,,,,,,,,,,,,,,,,,,,,,,,,,,,,,,,,,,,,,,,,,,,,,,,,,,,,,,,,,,,,,,,,,,,,,,,,,,,,,,,,,,,,,,,,,,,,,,,,,,,,,,,,,,,,,,,,,,,,,,,,,,,,,,,,,,,,,,,,,,,,,,,,,,,,,,,,,,,,,,,,,,,,,,,,,,,,,,,,,,,,,,,,,,,,,,,,,,,,,,,,,,,,,,,,,,,,,,,,,,,,,,,,,,,,,,,,,,,,,,,,,,,,,,,,,,,,,,,,,,,,,,,,,,,,,,,,,,,,,,,,,,,,,,,,,,,,,,,,,,,,,,,,,,,,,,,,,,,,,,,,,,,,,,,,,,,,,,,,,,,,,,,,,,,,,,,,,,,,,,,,,,,,,,,,,,,,,,,,,,,,,,,,,,,,,,,,,,,,,,,,,,,,,,,,,,,,,,,,,,,,,,,,,,,,,,,,,,,,,,,,,,,,,,,,,,,,,,,,,,,,,,,,,,,,,,,,,,,,,,,,,,,,,,,,,,,,,,,,,,,,,,,,,,,,,,,,,,,,,,,,,,,,,,,,,,,,,,,,,,,,,,,,,,,,,,,,,,,,,,,,,,,,,,,,,,,,,,,,,,,,,,,,,,,,,,,,,,,,,,,,,,,,,,,,,,,,,,,,,,,,,,,,,,,,,,,,,,,,,,,,,,,,,,,,,,,,,,,,,,,,,,,,,,,,,,,,,,,,,,,,,,,,,,,,,,,,,,,,,,,,,,,,,,,,,,,,,,,,,,,,,,,,,,,,,,,,,,,,,,,,,,,,,,,,,,,,,,,,,,,,,,,,,
177,state,ia,ia,1,"(1, ('e', 0, 2, 2))","(2, ('e', 3, 4, 1))","(1, ('e', 0, 2, 2))","(2, ('a', 3, 4))","(1, ('e', 0, 2, 2))","(2, ('e', 3, 4, 1))","(1, ('e', 0, 2, 2))","(2, ('a', 3, 4))","(1, ('e', 0, 2, 2))",,,,,,,,,,,,,,,,,,,,,,,,,,,,,,,,,,,,,,,,,,,,,,,,,,,,,,,,,,,,,,,,,,,,,,,,,,,,,,,,,,,,,,,,,,,,,,,,,,,,,,,,,,,,,,,,,,,,,,,,,,,,,,,,,,,,,,,,,,,,,,,,,,,,,,,,,,,,,,,,,,,,,,,,,,,,,,,,,,,,,,,,,,,,,,,,,,,,,,,,,,,,,,,,,,,,,,,,,,,,,,,,,,,,,,,,,,,,,,,,,,,,,,,,,,,,,,,,,,,,,,,,,,,,,,,,,,,,,,,,,,,,,,,,,,,,,,,,,,,,,,,,,,,,,,,,,,,,,,,,,,,,,,,,,,,,,,,,,,,,,,,,,,,,,,,,,,,,,,,,,,,,,,,,,,,,,,,,,,,,,,,,,,,,,,,,,,,,,,,,,,,,,,,,,,,,,,,,,,,,,,,,,,,,,,,,,,,,,,,,,,,,,,,,,,,,,,,,,,,,,,,,,,,,,,,,,,,,,,,,,,,,,,,,,,,,,,,,,,,,,,,,,,,,,,,,,,,,,,,,,,,,,,,,,,,,,,,,,,,,,,,,,,,,,,,,,,,,,,,,,,,,,,,,,,,,,,,,,,,,,,,,,,,,,,,,,,,,,,,,,,,,,,,,,,,,,,,,,,,,,,,,,,,,,,,,,,,,,,,,,,,,,,,,,,,,,,,,,,,,,,,,,,,,,,,,,,,,,,,,,,,,,,,,,,,,,,,,,,,,,,,,,,,,,,,,,,,,,,,,,,,,,,,,,,,,,,,,,,,,,,,,,,,,,,,,,,,,,,,,,,,,,,,,,,,,,,,,,,,,,,,,,,,,,,,,,,,,,,,,,,,,,,,,,,,,,,,,,,,,,,,,,,,,,,,,,,,,,,,,,,,,,,,,,,,,,,,,,,,,,,,,,,,,,,,,,,,,,,,,,,,,,,,,,,,,,,,,,,,,,,,,,,,,,,,,,,,,,,,,,,,,,,,,,,,,,,,,,,,,,,,,,,,,,,,,,,,,,,,,,,,,,,,,,,,,,,,,,,,,,,,,,,,
178,move,ia,ia,1,"[[0, 0, (1, 2), 0, 0], [0, 0, 0, 0, 0], [0, (0, -1), (0, -1), (0, -1), 0], [0, 0, 0, 0, 0], [0, 0, 0, 0, 0]]","[[0, 0, (1, 2), 0, 0], [0, 0, 0, 0, 0], [0, (0, -1), (0, -1), (0, -1), 0], [0, 0, 0, 0, (2, 1)], [0, 0, 0, 0, 0]]","[[0, 0, (1, 2), 0, 0], [0, 0, (1, 2), 0, 0], [0, (0, -1), (0, -1), (0, -1), 0], [0, 0, 0, 0, (2, 1)], [0, 0, 0, 0, 0]]","[[0, 0, (1, 2), 0, 0], [0, 0, (1, 2), 0, 0], [0, (0, -1), (0, -1), (0, -1), 0], [0, 0, 0, 0, 0], [0, 0, 0, 0, 0]]","[[0, 0, (1, 2), 0, 0], [0, 0, (1, 2), 0, 0], [0, (0, -1), (1, 2), (0, -1), 0], [0, 0, (0, -1), 0, 0], [0, 0, 0, 0, 0]]","[[0, 0, (1, 2), 0, 0], [0, 0, (1, 2), 0, 0], [0, (0, -1), (1, 2), (0, -1), 0], [0, 0, (0, -1), 0, (2, 1)], [0, 0, 0, 0, 0]]","[[0, 0, (1, 2), 0, 0], [0, 0, (1, 2), 0, 0], [0, (0, -1), (1, 2), (0, -1), 0], [0, 0, (1, 2), 0, (2, 1)], [0, 0, (0, -1), 0, 0]]","[[0, 0, (1, 2), 0, 0], [0, 0, (1, 2), 0, 0], [0, (0, -1), (1, 2), (0, -1), 0], [0, 0, (1, 2), 0, 0], [0, 0, (0, -1), 0, 0]]","[[0, 0, (1, 2), 0, 0], [0, 0, (1, 2), 0, 0], [0, (0, -1), (1, 2), (0, -1), 0], [0, 0, (1, 2), 0, 0], [0, 0, (1, 2), 0, 0]]",,,,,,,,,,,,,,,,,,,,,,,,,,,,,,,,,,,,,,,,,,,,,,,,,,,,,,,,,,,,,,,,,,,,,,,,,,,,,,,,,,,,,,,,,,,,,,,,,,,,,,,,,,,,,,,,,,,,,,,,,,,,,,,,,,,,,,,,,,,,,,,,,,,,,,,,,,,,,,,,,,,,,,,,,,,,,,,,,,,,,,,,,,,,,,,,,,,,,,,,,,,,,,,,,,,,,,,,,,,,,,,,,,,,,,,,,,,,,,,,,,,,,,,,,,,,,,,,,,,,,,,,,,,,,,,,,,,,,,,,,,,,,,,,,,,,,,,,,,,,,,,,,,,,,,,,,,,,,,,,,,,,,,,,,,,,,,,,,,,,,,,,,,,,,,,,,,,,,,,,,,,,,,,,,,,,,,,,,,,,,,,,,,,,,,,,,,,,,,,,,,,,,,,,,,,,,,,,,,,,,,,,,,,,,,,,,,,,,,,,,,,,,,,,,,,,,,,,,,,,,,,,,,,,,,,,,,,,,,,,,,,,,,,,,,,,,,,,,,,,,,,,,,,,,,,,,,,,,,,,,,,,,,,,,,,,,,,,,,,,,,,,,,,,,,,,,,,,,,,,,,,,,,,,,,,,,,,,,,,,,,,,,,,,,,,,,,,,,,,,,,,,,,,,,,,,,,,,,,,,,,,,,,,,,,,,,,,,,,,,,,,,,,,,,,,,,,,,,,,,,,,,,,,,,,,,,,,,,,,,,,,,,,,,,,,,,,,,,,,,,,,,,,,,,,,,,,,,,,,,,,,,,,,,,,,,,,,,,,,,,,,,,,,,,,,,,,,,,,,,,,,,,,,,,,,,,,,,,,,,,,,,,,,,,,,,,,,,,,,,,,,,,,,,,,,,,,,,,,,,,,,,,,,,,,,,,,,,,,,,,,,,,,,,,,,,,,,,,,,,,,,,,,,,,,,,,,,,,,,,,,,,,,,,,,,,,,,,,,,,,,,,,,,,,,,,,,,,,,,,,,,,,,,,,,,,,,,,,,,,,,,,,,,,,,,,,,,,,,,,,,,,,,,,,,,,,,,,,,,,,,,,,,,
179,state,ia,ia,3,"(1, ('e', 0, 2, 2))","(2, ('e', 3, 4, 1))","(1, ('e', 4, 1, 0))","(2, ('a', 3, 4))","(1, ('e', 0, 0, 1))","(2, ('e', 3, 4, 1))","(1, ('e', 0, 2, 2))","(2, ('a', 3, 4))","(1, ('e', 0, 2, 2))","(2, ('e', 3, 4, 1))","(1, ('a', 0, 2))","(2, ('a', 3, 4))","(1, ('e', 0, 2, 2))","(2, ('e', 0, 4, 1))","(1, ('a', 0, 2))","(2, ('e', 3, 4, 1))","(1, ('e', 0, 2, 2))","(2, ('e', 1, 0, 3))","(1, ('a', 0, 2))","(2, ('a', 3, 4))","(1, ('e', 0, 2, 2))","(2, ('e', 3, 4, 1))","(1, ('t', 2, 2, 1))","(2, ('a', 3, 4))","(1, ('a', 0, 2))","(2, ('e', 3, 4, 1))","(1, ('e', 0, 2, 2))","(2, ('a', 3, 4))","(1, ('a', 0, 2))","(2, ('e', 3, 4, 1))","(1, ('e', 0, 2, 2))","(2, ('e', 2, 0, 1))","(1, ('a', 0, 2))","(2, ('a', 3, 4))","(1, ('e', 0, 2, 2))","(2, ('e', 3, 4, 1))","(1, ('a', 0, 2))","(2, ('e', 0, 2, 3))","(1, ('m', 1, 2, 3))","(2, ('t', 3, 4, 3))","(1, ('e', 0, 2, 2))","(2, ('a', 3, 4))","(1, ('a', 0, 2))","(2, ('e', 3, 4, 1))","(1, ('e', 0, 2, 2))","(2, ('a', 3, 4))","(1, ('a', 0, 2))","(2, ('e', 3, 4, 1))","(1, ('e', 0, 2, 2))",,,,,,,,,,,,,,,,,,,,,,,,,,,,,,,,,,,,,,,,,,,,,,,,,,,,,,,,,,,,,,,,,,,,,,,,,,,,,,,,,,,,,,,,,,,,,,,,,,,,,,,,,,,,,,,,,,,,,,,,,,,,,,,,,,,,,,,,,,,,,,,,,,,,,,,,,,,,,,,,,,,,,,,,,,,,,,,,,,,,,,,,,,,,,,,,,,,,,,,,,,,,,,,,,,,,,,,,,,,,,,,,,,,,,,,,,,,,,,,,,,,,,,,,,,,,,,,,,,,,,,,,,,,,,,,,,,,,,,,,,,,,,,,,,,,,,,,,,,,,,,,,,,,,,,,,,,,,,,,,,,,,,,,,,,,,,,,,,,,,,,,,,,,,,,,,,,,,,,,,,,,,,,,,,,,,,,,,,,,,,,,,,,,,,,,,,,,,,,,,,,,,,,,,,,,,,,,,,,,,,,,,,,,,,,,,,,,,,,,,,,,,,,,,,,,,,,,,,,,,,,,,,,,,,,,,,,,,,,,,,,,,,,,,,,,,,,,,,,,,,,,,,,,,,,,,,,,,,,,,,,,,,,,,,,,,,,,,,,,,,,,,,,,,,,,,,,,,,,,,,,,,,,,,,,,,,,,,,,,,,,,,,,,,,,,,,,,,,,,,,,,,,,,,,,,,,,,,,,,,,,,,,,,,,,,,,,,,,,,,,,,,,,,,,,,,,,,,,,,,,,,,,,,,,,,,,,,,,,,,,,,,,,,,,,,,,,,,,,,,,,,,,,,,,,,,,,,,,,,,,,,,,,,,,,,,,,,,,,,,,,,,,,,,,,,,,,,,,,,,,,,,,,,,,,,,,,,,,,,,,,,,,,,,,,,,,,,,,,,,,,,,,,,,,,,,,,,,,,,,,,,,,,,,,,,,,,,,,,,,,,,,,,,,,,,,,,,,,,,,,,,,,,,,,,,,,,,,,,,,,,,,,,,,,,,,,,,,,,,,,,,,,,,,,,,,,,,,,,,,,,,,,,,,,,,,,,,,,,,,,,,,,,,
180,move,ia,ia,3,"[[0, 0, (1, 2), 0, 0], [0, 0, 0, 0, 0], [0, (0, -1), (0, -1), (0, -1), 0], [0, 0, 0, 0, 0], [0, 0, 0, 0, 0]]","[[0, 0, (1, 2), 0, 0], [0, 0, 0, 0, 0], [0, (0, -1), (0, -1), (0, -1), 0], [0, 0, 0, 0, (2, 1)], [0, 0, 0, 0, 0]]","[[0, 0, (1, 2), 0, 0], [0, 0, 0, 0, 0], [0, (0, -1), (0, -1), (0, -1), 0], [0, 0, 0, 0, (2, 1)], [0, (1, 0), 0, 0, 0]]","[[0, 0, (1, 2), 0, 0], [0, 0, 0, 0, 0], [0, (0, -1), (0, -1), (0, -1), 0], [0, 0, 0, 0, 0], [0, (1, 0), 0, 0, 0]]","[[(1, 1), 0, (1, 2), 0, 0], [0, 0, 0, 0, 0], [0, (0, -1), (0, -1), (0, -1), 0], [0, 0, 0, 0, 0], [0, (1, 0), 0, 0, 0]]","[[(1, 1), 0, (1, 2), 0, 0], [0, 0, 0, 0, 0], [0, (0, -1), (0, -1), (0, -1), 0], [0, 0, 0, 0, (2, 1)], [0, (1, 0), 0, 0, 0]]","[[(1, 1), 0, (1, 2), 0, 0], [0, 0, (1, 2), 0, 0], [0, (0, -1), (0, -1), (0, -1), 0], [0, 0, 0, 0, (2, 1)], [0, (1, 0), 0, 0, 0]]","[[(1, 1), 0, (1, 2), 0, 0], [0, 0, (1, 2), 0, 0], [0, (0, -1), (0, -1), (0, -1), 0], [0, 0, 0, 0, 0], [0, (1, 0), 0, 0, 0]]","[[(1, 1), 0, (1, 2), 0, 0], [0, 0, (1, 2), 0, 0], [0, (0, -1), (1, 2), (0, -1), 0], [0, 0, (0, -1), 0, 0], [0, (1, 0), 0, 0, 0]]","[[(1, 1), 0, (1, 2), 0, 0], [0, 0, (1, 2), 0, 0], [0, (0, -1), (1, 2), (0, -1), 0], [0, 0, (0, -1), 0, (2, 1)], [0, (1, 0), 0, 0, 0]]","[[(1, 1), 0, 0, 0, 0], [0, 0, (1, 2), 0, 0], [0, (0, -1), (1, 2), (0, -1), 0], [0, 0, (0, -1), 0, (2, 1)], [0, (1, 0), 0, 0, 0]]","[[(1, 1), 0, 0, 0, 0], [0, 0, (1, 2), 0, 0], [0, (0, -1), (1, 2), (0, -1), 0], [0, 0, (0, -1), 0, 0], [0, (1, 0), 0, 0, 0]]","[[(1, 1), 0, (1, 2), 0, 0], [0, 0, (1, 2), 0, 0], [0, (0, -1), (1, 2), (0, -1), 0], [0, 0, (0, -1), 0, 0], [0, (1, 0), 0, 0, 0]]","[[(1, 1), 0, (1, 2), 0, (2, 1)], [0, 0, (1, 2), 0, 0], [0, (0, -1), (1, 2), (0, -1), 0], [0, 0, (0, -1), 0, 0], [0, (1, 0), 0, 0, 0]]","[[(1, 1), 0, 0, 0, (2, 1)], [0, 0, (1, 2), 0, 0], [0, (0, -1), (1, 2), (0, -1), 0], [0, 0, (0, -1), 0, 0], [0, (1, 0), 0, 0, 0]]","[[(1, 1), 0, 0, 0, (2, 1)], [0, 0, (1, 2), 0, 0], [0, (0, -1), (1, 2), (0, -1), 0], [0, 0, (0, -1), 0, (2, 1)], [0, (1, 0), 0, 0, 0]]","[[(1, 1), 0, (1, 2), 0, (2, 1)], [0, 0, (1, 2), 0, 0], [0, (0, -1), (1, 2), (0, -1), 0], [0, 0, (0, -1), 0, (2, 1)], [0, (1, 0), 0, 0, 0]]","[[(1, 1), 0, (1, 2), 0, (2, 1)], [(2, 3), 0, (1, 2), 0, 0], [0, (0, -1), (1, 2), (0, -1), 0], [0, 0, (0, -1), 0, (2, 1)], [0, (1, 0), 0, 0, 0]]","[[(1, 1), 0, 0, 0, (2, 1)], [(2, 3), 0, (1, 2), 0, 0], [0, (0, -1), (1, 2), (0, -1), 0], [0, 0, (0, -1), 0, (2, 1)], [0, (1, 0), 0, 0, 0]]","[[(1, 1), 0, 0, 0, (2, 1)], [(2, 3), 0, (1, 2), 0, 0], [0, (0, -1), (1, 2), (0, -1), 0], [0, 0, (0, -1), 0, 0], [0, (1, 0), 0, 0, 0]]","[[(1, 1), 0, (1, 2), 0, (2, 1)], [(2, 3), 0, (1, 2), 0, 0], [0, (0, -1), (1, 2), (0, -1), 0], [0, 0, (0, -1), 0, 0], [0, (1, 0), 0, 0, 0]]","[[(1, 1), 0, (1, 2), 0, (2, 1)], [(2, 3), 0, (1, 2), 0, 0], [0, (0, -1), (1, 2), (0, -1), 0], [0, 0, (0, -1), 0, (2, 1)], [0, (1, 0), 0, 0, 0]]","[[(1, 1), 0, (1, 2), 0, (2, 1)], [(2, 3), 0, (1, 2), 0, 0], [0, (0, -1), (1, 1), (0, -1), 0], [0, 0, (0, -1), 0, (2, 1)], [0, (1, 0), 0, 0, 0]]","[[(1, 1), 0, (1, 2), 0, (2, 1)], [(2, 3), 0, (1, 2), 0, 0], [0, (0, -1), (1, 1), (0, -1), 0], [0, 0, (0, -1), 0, 0], [0, (1, 0), 0, 0, 0]]","[[(1, 1), 0, 0, 0, (2, 1)], [(2, 3), 0, (1, 2), 0, 0], [0, (0, -1), (1, 1), (0, -1), 0], [0, 0, (0, -1), 0, 0], [0, (1, 0), 0, 0, 0]]","[[(1, 1), 0, 0, 0, (2, 1)], [(2, 3), 0, (1, 2), 0, 0], [0, (0, -1), (1, 1), (0, -1), 0], [0, 0, (0, -1), 0, (2, 1)], [0, (1, 0), 0, 0, 0]]","[[(1, 1), 0, (1, 2), 0, (2, 1)], [(2, 3), 0, (1, 2), 0, 0], [0, (0, -1), (1, 1), (0, -1), 0], [0, 0, (0, -1), 0, (2, 1)], [0, (1, 0), 0, 0, 0]]","[[(1, 1), 0, (1, 2), 0, (2, 1)], [(2, 3), 0, (1, 2), 0, 0], [0, (0, -1), (1, 1), (0, -1), 0], [0, 0, (0, -1), 0, 0], [0, (1, 0), 0, 0, 0]]","[[(1, 1), 0, 0, 0, (2, 1)], [(2, 3), 0, (1, 2), 0, 0], [0, (0, -1), (1, 1), (0, -1), 0], [0, 0, (0, -1), 0, 0], [0, (1, 0), 0, 0, 0]]","[[(1, 1), 0, 0, 0, (2, 1)], [(2, 3), 0, (1, 2), 0, 0], [0, (0, -1), (1, 1), (0, -1), 0], [0, 0, (0, -1), 0, (2, 1)], [0, (1, 0), 0, 0, 0]]","[[(1, 1), 0, (1, 2), 0, (2, 1)], [(2, 3), 0, (1, 2), 0, 0], [0, (0, -1), (1, 1), (0, -1), 0], [0, 0, (0, -1), 0, (2, 1)], [0, (1, 0), 0, 0, 0]]","[[(1, 1), 0, (1, 2), 0, (2, 1)], [(2, 3), 0, (1, 2), 0, 0], [(2, 1), (0, -1), (1, 1), (0, -1), 0], [0, 0, (0, -1), 0, (2, 1)], [0, (1, 0), 0, 0, 0]]","[[(1, 1), 0, 0, 0, (2, 1)], [(2, 3), 0, (1, 2), 0, 0], [(2, 1), (0, -1), (1, 1), (0, -1), 0], [0, 0, (0, -1), 0, (2, 1)], [0, (1, 0), 0, 0, 0]]","[[(1, 1), 0, 0, 0, (2, 1)], [(2, 3), 0, (1, 2), 0, 0], [(2, 1), (0, -1), (1, 1), (0, -1), 0], [0, 0, (0, -1), 0, 0], [0, (1, 0), 0, 0, 0]]","[[(1, 1), 0, (1, 2), 0, (2, 1)], [(2, 3), 0, (1, 2), 0, 0], [(2, 1), (0, -1), (1, 1), (0, -1), 0], [0, 0, (0, -1), 0, 0], [0, (1, 0), 0, 0, 0]]","[[(1, 1), 0, (1, 2), 0, (2, 1)], [(2, 3), 0, (1, 2), 0, 0], [(2, 1), (0, -1), (1, 1), (0, -1), 0], [0, 0, (0, -1), 0, (2, 1)], [0, (1, 0), 0, 0, 0]]","[[(1, 1), 0, 0, 0, (2, 1)], [(2, 3), 0, (1, 2), 0, 0], [(2, 1), (0, -1), (1, 1), (0, -1), 0], [0, 0, (0, -1), 0, (2, 1)], [0, (1, 0), 0, 0, 0]]","[[(1, 1), 0, (2, 3), 0, (2, 1)], [(2, 3), 0, (1, 2), 0, 0], [(2, 1), (0, -1), (1, 1), (0, -1), 0], [0, 0, (0, -1), 0, (2, 1)], [0, (1, 0), 0, 0, 0]]","[[(1, 1), 0, (2, 3), 0, (2, 1)], [(2, 3), (1, 2), 0, 0, 0], [(2, 1), (0, -1), (1, 1), (0, -1), 0], [0, 0, (0, -1), 0, (2, 1)], [0, (1, 0), 0, 0, 0]]","[[(1, 1), 0, (2, 3), 0, (2, 1)], [(2, 3), (1, 2), 0, 0, 0], [(2, 1), (0, -1), (1, 1), (0, -1), 0], [0, 0, (0, -1), 0, (2, 3)], [0, (1, 0), 0, 0, 0]]","[[(1, 1), 0, (1, 2), 0, (2, 1)], [(2, 3), (1, 2), (2, 3), 0, 0], [(2, 1), (0, -1), (1, 1), (0, -1), 0], [0, 0, (0, -1), 0, (2, 3)], [0, (1, 0), 0, 0, 0]]","[[(1, 1), 0, (1, 2), 0, (2, 1)], [(2, 3), (1, 2), (2, 3), 0, 0], [(2, 1), (0, -1), (1, 1), (0, -1), 0], [0, 0, (0, -1), 0, 0], [0, (1, 0), 0, 0, 0]]","[[(1, 1), 0, 0, 0, (2, 1)], [(2, 3), (1, 2), (2, 3), 0, 0], [(2, 1), (0, -1), (1, 1), (0, -1), 0], [0, 0, (0, -1), 0, 0], [0, (1, 0), 0, 0, 0]]","[[(1, 1), 0, 0, 0, (2, 1)], [(2, 3), (1, 2), (2, 3), 0, 0], [(2, 1), (0, -1), (1, 1), (0, -1), 0], [0, 0, (0, -1), 0, (2, 1)], [0, (1, 0), 0, 0, 0]]","[[(1, 1), 0, (1, 2), 0, (2, 1)], [(2, 3), (1, 2), (2, 3), 0, 0], [(2, 1), (0, -1), (1, 1), (0, -1), 0], [0, 0, (0, -1), 0, (2, 1)], [0, (1, 0), 0, 0, 0]]","[[(1, 1), 0, (1, 2), 0, (2, 1)], [(2, 3), (1, 2), (2, 3), 0, 0], [(2, 1), (0, -1), (1, 1), (0, -1), 0], [0, 0, (0, -1), 0, 0], [0, (1, 0), 0, 0, 0]]","[[(1, 1), 0, 0, 0, (2, 1)], [(2, 3), (1, 2), (2, 3), 0, 0], [(2, 1), (0, -1), (1, 1), (0, -1), 0], [0, 0, (0, -1), 0, 0], [0, (1, 0), 0, 0, 0]]","[[(1, 1), 0, 0, 0, (2, 1)], [(2, 3), (1, 2), (2, 3), 0, 0], [(2, 1), (0, -1), (1, 1), (0, -1), 0], [0, 0, (0, -1), 0, (2, 1)], [0, (1, 0), 0, 0, 0]]","[[(1, 1), 0, (1, 2), 0, (2, 1)], [(2, 3), (1, 2), (2, 3), 0, 0], [(2, 1), (0, -1), (1, 1), (0, -1), 0], [0, 0, (0, -1), 0, (2, 1)], [0, (1, 0), 0, 0, 0]]",,,,,,,,,,,,,,,,,,,,,,,,,,,,,,,,,,,,,,,,,,,,,,,,,,,,,,,,,,,,,,,,,,,,,,,,,,,,,,,,,,,,,,,,,,,,,,,,,,,,,,,,,,,,,,,,,,,,,,,,,,,,,,,,,,,,,,,,,,,,,,,,,,,,,,,,,,,,,,,,,,,,,,,,,,,,,,,,,,,,,,,,,,,,,,,,,,,,,,,,,,,,,,,,,,,,,,,,,,,,,,,,,,,,,,,,,,,,,,,,,,,,,,,,,,,,,,,,,,,,,,,,,,,,,,,,,,,,,,,,,,,,,,,,,,,,,,,,,,,,,,,,,,,,,,,,,,,,,,,,,,,,,,,,,,,,,,,,,,,,,,,,,,,,,,,,,,,,,,,,,,,,,,,,,,,,,,,,,,,,,,,,,,,,,,,,,,,,,,,,,,,,,,,,,,,,,,,,,,,,,,,,,,,,,,,,,,,,,,,,,,,,,,,,,,,,,,,,,,,,,,,,,,,,,,,,,,,,,,,,,,,,,,,,,,,,,,,,,,,,,,,,,,,,,,,,,,,,,,,,,,,,,,,,,,,,,,,,,,,,,,,,,,,,,,,,,,,,,,,,,,,,,,,,,,,,,,,,,,,,,,,,,,,,,,,,,,,,,,,,,,,,,,,,,,,,,,,,,,,,,,,,,,,,,,,,,,,,,,,,,,,,,,,,,,,,,,,,,,,,,,,,,,,,,,,,,,,,,,,,,,,,,,,,,,,,,,,,,,,,,,,,,,,,,,,,,,,,,,,,,,,,,,,,,,,,,,,,,,,,,,,,,,,,,,,,,,,,,,,,,,,,,,,,,,,,,,,,,,,,,,,,,,,,,,,,,,,,,,,,,,,,,,,,,,,,,,,,,,,,,,,,,,,,,,,,,,,,,,,,,,,,,,,,,,,,,,,,,,,,,,,,,,,,,,,,,,,,,,,,,,,,,,,,,,,,,,,,,,,,,,,,,,,,,,,,,,,,,,,,,,,,,,,,,,,,,,,,,,,,,,,,,,,
181,state,ia,ia,1,"(1, ('e', 0, 2, 2))","(2, ('e', 3, 4, 1))","(1, ('e', 0, 2, 2))","(2, ('e', 4, 1, 2))","(1, ('e', 0, 2, 2))","(2, ('a', 3, 4))","(1, ('e', 0, 2, 2))","(2, ('e', 3, 4, 1))","(1, ('e', 0, 2, 2))",,,,,,,,,,,,,,,,,,,,,,,,,,,,,,,,,,,,,,,,,,,,,,,,,,,,,,,,,,,,,,,,,,,,,,,,,,,,,,,,,,,,,,,,,,,,,,,,,,,,,,,,,,,,,,,,,,,,,,,,,,,,,,,,,,,,,,,,,,,,,,,,,,,,,,,,,,,,,,,,,,,,,,,,,,,,,,,,,,,,,,,,,,,,,,,,,,,,,,,,,,,,,,,,,,,,,,,,,,,,,,,,,,,,,,,,,,,,,,,,,,,,,,,,,,,,,,,,,,,,,,,,,,,,,,,,,,,,,,,,,,,,,,,,,,,,,,,,,,,,,,,,,,,,,,,,,,,,,,,,,,,,,,,,,,,,,,,,,,,,,,,,,,,,,,,,,,,,,,,,,,,,,,,,,,,,,,,,,,,,,,,,,,,,,,,,,,,,,,,,,,,,,,,,,,,,,,,,,,,,,,,,,,,,,,,,,,,,,,,,,,,,,,,,,,,,,,,,,,,,,,,,,,,,,,,,,,,,,,,,,,,,,,,,,,,,,,,,,,,,,,,,,,,,,,,,,,,,,,,,,,,,,,,,,,,,,,,,,,,,,,,,,,,,,,,,,,,,,,,,,,,,,,,,,,,,,,,,,,,,,,,,,,,,,,,,,,,,,,,,,,,,,,,,,,,,,,,,,,,,,,,,,,,,,,,,,,,,,,,,,,,,,,,,,,,,,,,,,,,,,,,,,,,,,,,,,,,,,,,,,,,,,,,,,,,,,,,,,,,,,,,,,,,,,,,,,,,,,,,,,,,,,,,,,,,,,,,,,,,,,,,,,,,,,,,,,,,,,,,,,,,,,,,,,,,,,,,,,,,,,,,,,,,,,,,,,,,,,,,,,,,,,,,,,,,,,,,,,,,,,,,,,,,,,,,,,,,,,,,,,,,,,,,,,,,,,,,,,,,,,,,,,,,,,,,,,,,,,,,,,,,,,,,,,,,,,,,,,,,,,,,,,,,,,,,,,,,,,,,,,,,,,,,,,,,,,,,,,,,,,,,,,,,,,,,,,,,,,,,,,,,,,,,,,,,,,,,,,,,,,,,,,,,
182,move,ia,ia,1,"[[0, 0, (1, 2), 0, 0], [0, 0, 0, 0, 0], [0, (0, -1), (0, -1), (0, -1), 0], [0, 0, 0, 0, 0], [0, 0, 0, 0, 0]]","[[0, 0, (1, 2), 0, 0], [0, 0, 0, 0, 0], [0, (0, -1), (0, -1), (0, -1), 0], [0, 0, 0, 0, (2, 1)], [0, 0, 0, 0, 0]]","[[0, 0, (1, 2), 0, 0], [0, 0, (1, 2), 0, 0], [0, (0, -1), (0, -1), (0, -1), 0], [0, 0, 0, 0, (2, 1)], [0, 0, 0, 0, 0]]","[[0, 0, (1, 2), 0, 0], [0, 0, (1, 2), 0, 0], [0, (0, -1), (0, -1), (0, -1), 0], [0, 0, 0, 0, (2, 1)], [0, (2, 2), 0, 0, 0]]","[[0, 0, (1, 2), 0, 0], [0, 0, (1, 2), 0, 0], [0, (0, -1), (1, 2), (0, -1), 0], [0, 0, (0, -1), 0, (2, 1)], [0, (2, 2), 0, 0, 0]]","[[0, 0, (1, 2), 0, 0], [0, 0, (1, 2), 0, 0], [0, (0, -1), (1, 2), (0, -1), 0], [0, 0, (0, -1), 0, 0], [0, (2, 2), 0, 0, 0]]","[[0, 0, (1, 2), 0, 0], [0, 0, (1, 2), 0, 0], [0, (0, -1), (1, 2), (0, -1), 0], [0, 0, (1, 2), 0, 0], [0, (2, 2), (0, -1), 0, 0]]","[[0, 0, (1, 2), 0, 0], [0, 0, (1, 2), 0, 0], [0, (0, -1), (1, 2), (0, -1), 0], [0, 0, (1, 2), 0, (2, 1)], [0, (2, 2), (0, -1), 0, 0]]","[[0, 0, (1, 2), 0, 0], [0, 0, (1, 2), 0, 0], [0, (0, -1), (1, 2), (0, -1), 0], [0, 0, (1, 2), 0, (2, 1)], [0, (2, 2), (1, 2), 0, 0]]",,,,,,,,,,,,,,,,,,,,,,,,,,,,,,,,,,,,,,,,,,,,,,,,,,,,,,,,,,,,,,,,,,,,,,,,,,,,,,,,,,,,,,,,,,,,,,,,,,,,,,,,,,,,,,,,,,,,,,,,,,,,,,,,,,,,,,,,,,,,,,,,,,,,,,,,,,,,,,,,,,,,,,,,,,,,,,,,,,,,,,,,,,,,,,,,,,,,,,,,,,,,,,,,,,,,,,,,,,,,,,,,,,,,,,,,,,,,,,,,,,,,,,,,,,,,,,,,,,,,,,,,,,,,,,,,,,,,,,,,,,,,,,,,,,,,,,,,,,,,,,,,,,,,,,,,,,,,,,,,,,,,,,,,,,,,,,,,,,,,,,,,,,,,,,,,,,,,,,,,,,,,,,,,,,,,,,,,,,,,,,,,,,,,,,,,,,,,,,,,,,,,,,,,,,,,,,,,,,,,,,,,,,,,,,,,,,,,,,,,,,,,,,,,,,,,,,,,,,,,,,,,,,,,,,,,,,,,,,,,,,,,,,,,,,,,,,,,,,,,,,,,,,,,,,,,,,,,,,,,,,,,,,,,,,,,,,,,,,,,,,,,,,,,,,,,,,,,,,,,,,,,,,,,,,,,,,,,,,,,,,,,,,,,,,,,,,,,,,,,,,,,,,,,,,,,,,,,,,,,,,,,,,,,,,,,,,,,,,,,,,,,,,,,,,,,,,,,,,,,,,,,,,,,,,,,,,,,,,,,,,,,,,,,,,,,,,,,,,,,,,,,,,,,,,,,,,,,,,,,,,,,,,,,,,,,,,,,,,,,,,,,,,,,,,,,,,,,,,,,,,,,,,,,,,,,,,,,,,,,,,,,,,,,,,,,,,,,,,,,,,,,,,,,,,,,,,,,,,,,,,,,,,,,,,,,,,,,,,,,,,,,,,,,,,,,,,,,,,,,,,,,,,,,,,,,,,,,,,,,,,,,,,,,,,,,,,,,,,,,,,,,,,,,,,,,,,,,,,,,,,,,,,,,,,,,,,,,,,,,,,,,,,,,,,,,,,,,,,,,,,,,,,,,,,,,,,,,,,,,,,,,,,,
183,state,ia,ia,3,"(1, ('e', 0, 1, 2))","(2, ('e', 3, 4, 1))","(1, ('e', 0, 2, 2))","(2, ('a', 3, 4))","(1, ('e', 0, 2, 2))","(2, ('e', 3, 4, 1))","(1, ('e', 0, 2, 2))","(2, ('a', 3, 4))","(1, ('e', 0, 2, 2))","(2, ('e', 3, 4, 1))","(1, ('a', 0, 2))","(2, ('a', 3, 4))","(1, ('e', 0, 2, 2))","(2, ('e', 3, 4, 1))","(1, ('t', 3, 2, 0))","(2, ('a', 3, 4))","(1, ('t', 2, 2, 1))","(2, ('e', 3, 4, 1))","(1, ('a', 0, 2))","(2, ('a', 3, 4))","(1, ('e', 0, 2, 2))","(2, ('e', 3, 4, 1))","(1, ('t', 3, 2, 1))","(2, ('a', 3, 4))","(1, ('a', 0, 2))","(2, ('e', 3, 4, 1))","(1, ('e', 0, 3, 2))","(2, ('a', 3, 4))","(1, ('m', 1, 2, 3))","(2, ('e', 3, 4, 1))","(1, ('m', 2, 2, 0))","(2, ('a', 3, 4))","(1, ('a', 0, 3))","(2, ('e', 3, 4, 1))","(1, ('e', 0, 2, 2))","(2, ('a', 3, 4))","(1, ('a', 0, 2))","(2, ('e', 3, 4, 1))","(1, ('m', 3, 2, 0))","(2, ('a', 3, 4))","(1, ('e', 0, 2, 2))","(2, ('e', 3, 4, 1))","(1, ('t', 0, 1, 3))","(2, ('a', 3, 4))","(1, ('m', 2, 2, 1))","(2, ('e', 3, 4, 1))","(1, ('a', 0, 2))","(2, ('a', 3, 4))","(1, ('e', 0, 2, 2))","(2, ('e', 3, 4, 1))","(1, ('a', 0, 2))","(2, ('a', 3, 4))","(1, ('e', 0, 2, 2))","(2, ('e', 3, 4, 1))","(1, ('a', 0, 2))","(2, ('a', 3, 4))","(1, ('e', 0, 2, 2))","(2, ('e', 3, 4, 1))","(1, ('a', 0, 2))","(2, ('a', 3, 4))","(1, ('e', 0, 2, 2))","(2, ('e', 3, 4, 1))","(1, ('a', 0, 2))","(2, ('a', 3, 4))","(1, ('e', 0, 2, 2))","(2, ('e', 3, 4, 1))","(1, ('m', 2, 3, 3))","(2, ('a', 3, 4))","(1, ('a', 0, 2))","(2, ('e', 3, 4, 1))","(1, ('e', 0, 2, 2))","(2, ('a', 3, 4))","(1, ('a', 0, 2))","(2, ('e', 3, 4, 1))","(1, ('e', 0, 2, 2))","(2, ('a', 3, 4))","(1, ('a', 0, 2))","(2, ('e', 4, 1, 0))","(1, ('e', 0, 2, 2))","(2, ('e', 4, 4, 3))","(1, ('a', 0, 2))","(2, ('e', 0, 0, 0))","(1, ('e', 1, 4, 3))","(2, ('e', 3, 4, 1))","(1, ('t', 1, 4, 0))",,,,,,,,,,,,,,,,,,,,,,,,,,,,,,,,,,,,,,,,,,,,,,,,,,,,,,,,,,,,,,,,,,,,,,,,,,,,,,,,,,,,,,,,,,,,,,,,,,,,,,,,,,,,,,,,,,,,,,,,,,,,,,,,,,,,,,,,,,,,,,,,,,,,,,,,,,,,,,,,,,,,,,,,,,,,,,,,,,,,,,,,,,,,,,,,,,,,,,,,,,,,,,,,,,,,,,,,,,,,,,,,,,,,,,,,,,,,,,,,,,,,,,,,,,,,,,,,,,,,,,,,,,,,,,,,,,,,,,,,,,,,,,,,,,,,,,,,,,,,,,,,,,,,,,,,,,,,,,,,,,,,,,,,,,,,,,,,,,,,,,,,,,,,,,,,,,,,,,,,,,,,,,,,,,,,,,,,,,,,,,,,,,,,,,,,,,,,,,,,,,,,,,,,,,,,,,,,,,,,,,,,,,,,,,,,,,,,,,,,,,,,,,,,,,,,,,,,,,,,,,,,,,,,,,,,,,,,,,,,,,,,,,,,,,,,,,,,,,,,,,,,,,,,,,,,,,,,,,,,,,,,,,,,,,,,,,,,,,,,,,,,,,,,,,,,,,,,,,,,,,,,,,,,,,,,,,,,,,,,,,,,,,,,,,,,,,,,,,,,,,,,,,,,,,,,,,,,,,,,,,,,,,,,,,,,,,,,,,,,,,,,,,,,,,,,,,,,,,,,,,,,,,,,,,,,,,,,,,,,,,,,,,,,,,,,,,,,,,,,,,,,,,,,,,,,,,,,,,,,,,,,,,,,,,,,,,,,,,,,,,,,,,,,,,,,,,,,,,,,,,,,,,,,,,,,,,,,,,,,,,,,,,,,,,,,,,,,,,,,,,,,,,,,,,,,,,,,,,,,,,,,,,,,,,,,,,,,,,,,,,,,,,,,,,,,,,,,,,,,,,,,,,,,,,,,,,,,,,,,,,,,,,,,,,,,,,,,,,,,,,,,,,,,,,,
184,move,ia,ia,3,"[[0, (1, 2), 0, 0, 0], [0, 0, 0, 0, 0], [0, (0, -1), (0, -1), (0, -1), 0], [0, 0, 0, 0, 0], [0, 0, 0, 0, 0]]","[[0, (1, 2), 0, 0, 0], [0, 0, 0, 0, 0], [0, (0, -1), (0, -1), (0, -1), 0], [0, 0, 0, 0, (2, 1)], [0, 0, 0, 0, 0]]","[[0, (1, 2), (1, 2), 0, 0], [0, 0, 0, 0, 0], [0, (0, -1), (0, -1), (0, -1), 0], [0, 0, 0, 0, (2, 1)], [0, 0, 0, 0, 0]]","[[0, (1, 2), (1, 2), 0, 0], [0, 0, 0, 0, 0], [0, (0, -1), (0, -1), (0, -1), 0], [0, 0, 0, 0, 0], [0, 0, 0, 0, 0]]","[[0, (1, 2), (1, 2), 0, 0], [0, 0, (1, 2), 0, 0], [0, (0, -1), (0, -1), (0, -1), 0], [0, 0, 0, 0, 0], [0, 0, 0, 0, 0]]","[[0, (1, 2), (1, 2), 0, 0], [0, 0, (1, 2), 0, 0], [0, (0, -1), (0, -1), (0, -1), 0], [0, 0, 0, 0, (2, 1)], [0, 0, 0, 0, 0]]","[[0, (1, 2), (1, 2), 0, 0], [0, 0, (1, 2), 0, 0], [0, (0, -1), (1, 2), (0, -1), 0], [0, 0, (0, -1), 0, (2, 1)], [0, 0, 0, 0, 0]]","[[0, (1, 2), (1, 2), 0, 0], [0, 0, (1, 2), 0, 0], [0, (0, -1), (1, 2), (0, -1), 0], [0, 0, (0, -1), 0, 0], [0, 0, 0, 0, 0]]","[[0, (1, 2), (1, 2), 0, 0], [0, 0, (1, 2), 0, 0], [0, (0, -1), (1, 2), (0, -1), 0], [0, 0, (1, 2), 0, 0], [0, 0, (0, -1), 0, 0]]","[[0, (1, 2), (1, 2), 0, 0], [0, 0, (1, 2), 0, 0], [0, (0, -1), (1, 2), (0, -1), 0], [0, 0, (1, 2), 0, (2, 1)], [0, 0, (0, -1), 0, 0]]","[[0, (1, 2), 0, 0, 0], [0, 0, (1, 2), 0, 0], [0, (0, -1), (1, 2), (0, -1), 0], [0, 0, (1, 2), 0, (2, 1)], [0, 0, (0, -1), 0, 0]]","[[0, (1, 2), 0, 0, 0], [0, 0, (1, 2), 0, 0], [0, (0, -1), (1, 2), (0, -1), 0], [0, 0, (1, 2), 0, 0], [0, 0, (0, -1), 0, 0]]","[[0, (1, 2), (1, 2), 0, 0], [0, 0, (1, 2), 0, 0], [0, (0, -1), (1, 2), (0, -1), 0], [0, 0, (1, 2), 0, 0], [0, 0, (0, -1), 0, 0]]","[[0, (1, 2), (1, 2), 0, 0], [0, 0, (1, 2), 0, 0], [0, (0, -1), (1, 2), (0, -1), 0], [0, 0, (1, 2), 0, (2, 1)], [0, 0, (0, -1), 0, 0]]","[[0, (1, 2), (1, 2), 0, 0], [0, 0, (1, 2), 0, 0], [0, (0, -1), (1, 2), (0, -1), 0], [0, 0, (1, 0), 0, (2, 1)], [0, 0, (0, -1), 0, 0]]","[[0, (1, 2), (1, 2), 0, 0], [0, 0, (1, 2), 0, 0], [0, (0, -1), (1, 2), (0, -1), 0], [0, 0, (1, 0), 0, 0], [0, 0, (0, -1), 0, 0]]","[[0, (1, 2), (1, 2), 0, 0], [0, 0, (1, 2), 0, 0], [0, (0, -1), (1, 1), (0, -1), 0], [0, 0, (1, 0), 0, 0], [0, 0, (0, -1), 0, 0]]","[[0, (1, 2), (1, 2), 0, 0], [0, 0, (1, 2), 0, 0], [0, (0, -1), (1, 1), (0, -1), 0], [0, 0, (1, 0), 0, (2, 1)], [0, 0, (0, -1), 0, 0]]","[[0, (1, 2), 0, 0, 0], [0, 0, (1, 2), 0, 0], [0, (0, -1), (1, 1), (0, -1), 0], [0, 0, (1, 0), 0, (2, 1)], [0, 0, (0, -1), 0, 0]]","[[0, (1, 2), 0, 0, 0], [0, 0, (1, 2), 0, 0], [0, (0, -1), (1, 1), (0, -1), 0], [0, 0, (1, 0), 0, 0], [0, 0, (0, -1), 0, 0]]","[[0, (1, 2), (1, 2), 0, 0], [0, 0, (1, 2), 0, 0], [0, (0, -1), (1, 1), (0, -1), 0], [0, 0, (1, 0), 0, 0], [0, 0, (0, -1), 0, 0]]","[[0, (1, 2), (1, 2), 0, 0], [0, 0, (1, 2), 0, 0], [0, (0, -1), (1, 1), (0, -1), 0], [0, 0, (1, 0), 0, (2, 1)], [0, 0, (0, -1), 0, 0]]","[[0, (1, 2), (1, 2), 0, 0], [0, 0, (1, 2), 0, 0], [0, (0, -1), (1, 1), (0, -1), 0], [0, 0, (1, 1), 0, (2, 1)], [0, 0, (0, -1), 0, 0]]","[[0, (1, 2), (1, 2), 0, 0], [0, 0, (1, 2), 0, 0], [0, (0, -1), (1, 1), (0, -1), 0], [0, 0, (1, 1), 0, 0], [0, 0, (0, -1), 0, 0]]","[[0, (1, 2), 0, 0, 0], [0, 0, (1, 2), 0, 0], [0, (0, -1), (1, 1), (0, -1), 0], [0, 0, (1, 1), 0, 0], [0, 0, (0, -1), 0, 0]]","[[0, (1, 2), 0, 0, 0], [0, 0, (1, 2), 0, 0], [0, (0, -1), (1, 1), (0, -1), 0], [0, 0, (1, 1), 0, (2, 1)], [0, 0, (0, -1), 0, 0]]","[[0, (1, 2), 0, (1, 2), 0], [0, 0, (1, 2), 0, 0], [0, (0, -1), (1, 1), (0, -1), 0], [0, 0, (1, 1), 0, (2, 1)], [0, 0, (0, -1), 0, 0]]","[[0, (1, 2), 0, (1, 2), 0], [0, 0, (1, 2), 0, 0], [0, (0, -1), (1, 1), (0, -1), 0], [0, 0, (1, 1), 0, 0], [0, 0, (0, -1), 0, 0]]","[[0, (1, 2), 0, (1, 2), 0], [0, (1, 2), 0, 0, 0], [0, (0, -1), (1, 1), (0, -1), 0], [0, 0, (1, 1), 0, 0], [0, 0, (0, -1), 0, 0]]","[[0, (1, 2), 0, (1, 2), 0], [0, (1, 2), 0, 0, 0], [0, (0, -1), (1, 1), (0, -1), 0], [0, 0, (1, 1), 0, (2, 1)], [0, 0, (0, -1), 0, 0]]","[[0, (1, 2), 0, (1, 2), 0], [0, (1, 2), (1, 1), 0, 0], [0, (0, -1), 0, (0, -1), 0], [0, 0, (1, 1), 0, (2, 1)], [0, 0, (0, -1), 0, 0]]","[[0, (1, 2), 0, (1, 2), 0], [0, (1, 2), (1, 1), 0, 0], [0, (0, -1), 0, (0, -1), 0], [0, 0, (1, 1), 0, 0], [0, 0, (0, -1), 0, 0]]","[[0, (1, 2), 0, 0, 0], [0, (1, 2), (1, 1), 0, 0], [0, (0, -1), 0, (0, -1), 0], [0, 0, (1, 1), 0, 0], [0, 0, (0, -1), 0, 0]]","[[0, (1, 2), 0, 0, 0], [0, (1, 2), (1, 1), 0, 0], [0, (0, -1), 0, (0, -1), 0], [0, 0, (1, 1), 0, (2, 1)], [0, 0, (0, -1), 0, 0]]","[[0, (1, 2), (1, 2), 0, 0], [0, (1, 2), (1, 1), 0, 0], [0, (0, -1), 0, (0, -1), 0], [0, 0, (1, 1), 0, (2, 1)], [0, 0, (0, -1), 0, 0]]","[[0, (1, 2), (1, 2), 0, 0], [0, (1, 2), (1, 1), 0, 0], [0, (0, -1), 0, (0, -1), 0], [0, 0, (1, 1), 0, 0], [0, 0, (0, -1), 0, 0]]","[[0, (1, 2), 0, 0, 0], [0, (1, 2), (1, 1), 0, 0], [0, (0, -1), 0, (0, -1), 0], [0, 0, (1, 1), 0, 0], [0, 0, (0, -1), 0, 0]]","[[0, (1, 2), 0, 0, 0], [0, (1, 2), (1, 1), 0, 0], [0, (0, -1), 0, (0, -1), 0], [0, 0, (1, 1), 0, (2, 1)], [0, 0, (0, -1), 0, 0]]","[[0, (1, 2), 0, 0, 0], [0, (1, 2), (1, 1), 0, 0], [0, (0, -1), (1, 1), (0, -1), 0], [0, 0, 0, 0, (2, 1)], [0, 0, (0, -1), 0, 0]]","[[0, (1, 2), 0, 0, 0], [0, (1, 2), (1, 1), 0, 0], [0, (0, -1), (1, 1), (0, -1), 0], [0, 0, 0, 0, 0], [0, 0, (0, -1), 0, 0]]","[[0, (1, 2), (1, 2), 0, 0], [0, (1, 2), (1, 1), 0, 0], [0, (0, -1), (1, 1), (0, -1), 0], [0, 0, 0, 0, 0], [0, 0, (0, -1), 0, 0]]","[[0, (1, 2), (1, 2), 0, 0], [0, (1, 2), (1, 1), 0, 0], [0, (0, -1), (1, 1), (0, -1), 0], [0, 0, 0, 0, (2, 1)], [0, 0, (0, -1), 0, 0]]","[[0, (1, 3), (1, 2), 0, 0], [0, (1, 2), (1, 1), 0, 0], [0, (0, -1), (1, 1), (0, -1), 0], [0, 0, 0, 0, (2, 1)], [0, 0, (0, -1), 0, 0]]","[[0, (1, 3), (1, 2), 0, 0], [0, (1, 2), (1, 1), 0, 0], [0, (0, -1), (1, 1), (0, -1), 0], [0, 0, 0, 0, 0], [0, 0, (0, -1), 0, 0]]","[[0, (1, 3), (1, 2), 0, 0], [0, (1, 2), (1, 1), 0, 0], [0, (0, -1), 0, (1, 1), (0, -1)], [0, 0, 0, 0, 0], [0, 0, (0, -1), 0, 0]]","[[0, (1, 3), (1, 2), 0, 0], [0, (1, 2), (1, 1), 0, 0], [0, (0, -1), 0, (1, 1), (0, -1)], [0, 0, 0, 0, (2, 1)], [0, 0, (0, -1), 0, 0]]","[[0, (1, 3), 0, 0, 0], [0, (1, 2), (1, 1), 0, 0], [0, (0, -1), 0, (1, 1), (0, -1)], [0, 0, 0, 0, (2, 1)], [0, 0, (0, -1), 0, 0]]","[[0, (1, 3), 0, 0, 0], [0, (1, 2), (1, 1), 0, 0], [0, (0, -1), 0, (1, 1), (0, -1)], [0, 0, 0, 0, 0], [0, 0, (0, -1), 0, 0]]","[[0, (1, 3), (1, 2), 0, 0], [0, (1, 2), (1, 1), 0, 0], [0, (0, -1), 0, (1, 1), (0, -1)], [0, 0, 0, 0, 0], [0, 0, (0, -1), 0, 0]]","[[0, (1, 3), (1, 2), 0, 0], [0, (1, 2), (1, 1), 0, 0], [0, (0, -1), 0, (1, 1), (0, -1)], [0, 0, 0, 0, (2, 1)], [0, 0, (0, -1), 0, 0]]","[[0, (1, 3), 0, 0, 0], [0, (1, 2), (1, 1), 0, 0], [0, (0, -1), 0, (1, 1), (0, -1)], [0, 0, 0, 0, (2, 1)], [0, 0, (0, -1), 0, 0]]","[[0, (1, 3), 0, 0, 0], [0, (1, 2), (1, 1), 0, 0], [0, (0, -1), 0, (1, 1), (0, -1)], [0, 0, 0, 0, 0], [0, 0, (0, -1), 0, 0]]","[[0, (1, 3), (1, 2), 0, 0], [0, (1, 2), (1, 1), 0, 0], [0, (0, -1), 0, (1, 1), (0, -1)], [0, 0, 0, 0, 0], [0, 0, (0, -1), 0, 0]]","[[0, (1, 3), (1, 2), 0, 0], [0, (1, 2), (1, 1), 0, 0], [0, (0, -1), 0, (1, 1), (0, -1)], [0, 0, 0, 0, (2, 1)], [0, 0, (0, -1), 0, 0]]","[[0, (1, 3), 0, 0, 0], [0, (1, 2), (1, 1), 0, 0], [0, (0, -1), 0, (1, 1), (0, -1)], [0, 0, 0, 0, (2, 1)], [0, 0, (0, -1), 0, 0]]","[[0, (1, 3), 0, 0, 0], [0, (1, 2), (1, 1), 0, 0], [0, (0, -1), 0, (1, 1), (0, -1)], [0, 0, 0, 0, 0], [0, 0, (0, -1), 0, 0]]","[[0, (1, 3), (1, 2), 0, 0], [0, (1, 2), (1, 1), 0, 0], [0, (0, -1), 0, (1, 1), (0, -1)], [0, 0, 0, 0, 0], [0, 0, (0, -1), 0, 0]]","[[0, (1, 3), (1, 2), 0, 0], [0, (1, 2), (1, 1), 0, 0], [0, (0, -1), 0, (1, 1), (0, -1)], [0, 0, 0, 0, (2, 1)], [0, 0, (0, -1), 0, 0]]","[[0, (1, 3), 0, 0, 0], [0, (1, 2), (1, 1), 0, 0], [0, (0, -1), 0, (1, 1), (0, -1)], [0, 0, 0, 0, (2, 1)], [0, 0, (0, -1), 0, 0]]","[[0, (1, 3), 0, 0, 0], [0, (1, 2), (1, 1), 0, 0], [0, (0, -1), 0, (1, 1), (0, -1)], [0, 0, 0, 0, 0], [0, 0, (0, -1), 0, 0]]","[[0, (1, 3), (1, 2), 0, 0], [0, (1, 2), (1, 1), 0, 0], [0, (0, -1), 0, (1, 1), (0, -1)], [0, 0, 0, 0, 0], [0, 0, (0, -1), 0, 0]]","[[0, (1, 3), (1, 2), 0, 0], [0, (1, 2), (1, 1), 0, 0], [0, (0, -1), 0, (1, 1), (0, -1)], [0, 0, 0, 0, (2, 1)], [0, 0, (0, -1), 0, 0]]","[[0, (1, 3), 0, 0, 0], [0, (1, 2), (1, 1), 0, 0], [0, (0, -1), 0, (1, 1), (0, -1)], [0, 0, 0, 0, (2, 1)], [0, 0, (0, -1), 0, 0]]","[[0, (1, 3), 0, 0, 0], [0, (1, 2), (1, 1), 0, 0], [0, (0, -1), 0, (1, 1), (0, -1)], [0, 0, 0, 0, 0], [0, 0, (0, -1), 0, 0]]","[[0, (1, 3), (1, 2), 0, 0], [0, (1, 2), (1, 1), 0, 0], [0, (0, -1), 0, (1, 1), (0, -1)], [0, 0, 0, 0, 0], [0, 0, (0, -1), 0, 0]]","[[0, (1, 3), (1, 2), 0, 0], [0, (1, 2), (1, 1), 0, 0], [0, (0, -1), 0, (1, 1), (0, -1)], [0, 0, 0, 0, (2, 1)], [0, 0, (0, -1), 0, 0]]","[[0, (1, 3), (1, 2), 0, 0], [0, (1, 2), (1, 1), 0, 0], [0, (0, -1), (1, 1), 0, (0, -1)], [0, 0, 0, 0, (2, 1)], [0, 0, (0, -1), 0, 0]]","[[0, (1, 3), (1, 2), 0, 0], [0, (1, 2), (1, 1), 0, 0], [0, (0, -1), (1, 1), 0, (0, -1)], [0, 0, 0, 0, 0], [0, 0, (0, -1), 0, 0]]","[[0, (1, 3), 0, 0, 0], [0, (1, 2), (1, 1), 0, 0], [0, (0, -1), (1, 1), 0, (0, -1)], [0, 0, 0, 0, 0], [0, 0, (0, -1), 0, 0]]","[[0, (1, 3), 0, 0, 0], [0, (1, 2), (1, 1), 0, 0], [0, (0, -1), (1, 1), 0, (0, -1)], [0, 0, 0, 0, (2, 1)], [0, 0, (0, -1), 0, 0]]","[[0, (1, 3), (1, 2), 0, 0], [0, (1, 2), (1, 1), 0, 0], [0, (0, -1), (1, 1), 0, (0, -1)], [0, 0, 0, 0, (2, 1)], [0, 0, (0, -1), 0, 0]]","[[0, (1, 3), (1, 2), 0, 0], [0, (1, 2), (1, 1), 0, 0], [0, (0, -1), (1, 1), 0, (0, -1)], [0, 0, 0, 0, 0], [0, 0, (0, -1), 0, 0]]","[[0, (1, 3), 0, 0, 0], [0, (1, 2), (1, 1), 0, 0], [0, (0, -1), (1, 1), 0, (0, -1)], [0, 0, 0, 0, 0], [0, 0, (0, -1), 0, 0]]","[[0, (1, 3), 0, 0, 0], [0, (1, 2), (1, 1), 0, 0], [0, (0, -1), (1, 1), 0, (0, -1)], [0, 0, 0, 0, (2, 1)], [0, 0, (0, -1), 0, 0]]","[[0, (1, 3), (1, 2), 0, 0], [0, (1, 2), (1, 1), 0, 0], [0, (0, -1), (1, 1), 0, (0, -1)], [0, 0, 0, 0, (2, 1)], [0, 0, (0, -1), 0, 0]]","[[0, (1, 3), (1, 2), 0, 0], [0, (1, 2), (1, 1), 0, 0], [0, (0, -1), (1, 1), 0, (0, -1)], [0, 0, 0, 0, 0], [0, 0, (0, -1), 0, 0]]","[[0, (1, 3), 0, 0, 0], [0, (1, 2), (1, 1), 0, 0], [0, (0, -1), (1, 1), 0, (0, -1)], [0, 0, 0, 0, 0], [0, 0, (0, -1), 0, 0]]","[[0, (1, 3), 0, 0, 0], [0, (1, 2), (1, 1), 0, 0], [0, (0, -1), (1, 1), 0, (0, -1)], [0, 0, 0, 0, 0], [0, (2, 0), (0, -1), 0, 0]]","[[0, (1, 3), (1, 2), 0, 0], [0, (1, 2), (1, 1), 0, 0], [0, (0, -1), (1, 1), 0, (0, -1)], [0, 0, 0, 0, 0], [0, (2, 0), (0, -1), 0, 0]]","[[0, (1, 3), (1, 2), 0, 0], [0, (1, 2), (1, 1), 0, 0], [0, (0, -1), (1, 1), 0, (0, -1)], [0, 0, 0, 0, 0], [0, (2, 0), (0, -1), 0, (2, 3)]]","[[0, (1, 3), 0, 0, 0], [0, (1, 2), (1, 1), 0, 0], [0, (0, -1), (1, 1), 0, (0, -1)], [0, 0, 0, 0, 0], [0, (2, 0), (0, -1), 0, (2, 3)]]","[[(2, 0), (1, 3), 0, 0, 0], [0, (1, 2), (1, 1), 0, 0], [0, (0, -1), (1, 1), 0, (0, -1)], [0, 0, 0, 0, 0], [0, (2, 0), (0, -1), 0, (2, 3)]]","[[(2, 0), (1, 3), 0, 0, 0], [0, (1, 2), (1, 1), 0, (1, 3)], [0, (0, -1), (1, 1), 0, (0, -1)], [0, 0, 0, 0, 0], [0, (2, 0), (0, -1), 0, (2, 3)]]","[[(2, 0), (1, 3), 0, 0, 0], [0, (1, 2), (1, 1), 0, (1, 3)], [0, (0, -1), (1, 1), 0, (0, -1)], [0, 0, 0, 0, (2, 1)], [0, (2, 0), (0, -1), 0, (2, 3)]]","[[(2, 0), (1, 3), 0, 0, 0], [0, (1, 2), (1, 1), 0, (1, 0)], [0, (0, -1), (1, 1), 0, (0, -1)], [0, 0, 0, 0, (2, 1)], [0, (2, 0), (0, -1), 0, (2, 3)]]",,,,,,,,,,,,,,,,,,,,,,,,,,,,,,,,,,,,,,,,,,,,,,,,,,,,,,,,,,,,,,,,,,,,,,,,,,,,,,,,,,,,,,,,,,,,,,,,,,,,,,,,,,,,,,,,,,,,,,,,,,,,,,,,,,,,,,,,,,,,,,,,,,,,,,,,,,,,,,,,,,,,,,,,,,,,,,,,,,,,,,,,,,,,,,,,,,,,,,,,,,,,,,,,,,,,,,,,,,,,,,,,,,,,,,,,,,,,,,,,,,,,,,,,,,,,,,,,,,,,,,,,,,,,,,,,,,,,,,,,,,,,,,,,,,,,,,,,,,,,,,,,,,,,,,,,,,,,,,,,,,,,,,,,,,,,,,,,,,,,,,,,,,,,,,,,,,,,,,,,,,,,,,,,,,,,,,,,,,,,,,,,,,,,,,,,,,,,,,,,,,,,,,,,,,,,,,,,,,,,,,,,,,,,,,,,,,,,,,,,,,,,,,,,,,,,,,,,,,,,,,,,,,,,,,,,,,,,,,,,,,,,,,,,,,,,,,,,,,,,,,,,,,,,,,,,,,,,,,,,,,,,,,,,,,,,,,,,,,,,,,,,,,,,,,,,,,,,,,,,,,,,,,,,,,,,,,,,,,,,,,,,,,,,,,,,,,,,,,,,,,,,,,,,,,,,,,,,,,,,,,,,,,,,,,,,,,,,,,,,,,,,,,,,,,,,,,,,,,,,,,,,,,,,,,,,,,,,,,,,,,,,,,,,,,,,,,,,,,,,,,,,,,,,,,,,,,,,,,,,,,,,,,,,,,,,,,,,,,,,,,,,,,,,,,,,,,,,,,,,,,,,,,,,,,,,,,,,,,,,,,,,,,,,,,,,,,,,,,,,,,,,,,,,,,,,,,,,,,,,,,,,,,,,,,,,,,,,,,,,,,,,,,,,,,,,,,,,,,,,,,,,,,,,,,,,,,,,,,,,,,,,,,,,,,,,,,,,,,,,,,,,,,,,,,,
185,state,ia,ia,1,"(1, ('e', 0, 2, 2))","(2, ('e', 3, 0, 2))","(1, ('e', 0, 2, 2))","(2, ('e', 3, 4, 1))","(1, ('e', 0, 2, 2))","(2, ('a', 3, 4))","(1, ('e', 0, 2, 2))","(2, ('e', 3, 4, 1))","(1, ('e', 0, 2, 2))",,,,,,,,,,,,,,,,,,,,,,,,,,,,,,,,,,,,,,,,,,,,,,,,,,,,,,,,,,,,,,,,,,,,,,,,,,,,,,,,,,,,,,,,,,,,,,,,,,,,,,,,,,,,,,,,,,,,,,,,,,,,,,,,,,,,,,,,,,,,,,,,,,,,,,,,,,,,,,,,,,,,,,,,,,,,,,,,,,,,,,,,,,,,,,,,,,,,,,,,,,,,,,,,,,,,,,,,,,,,,,,,,,,,,,,,,,,,,,,,,,,,,,,,,,,,,,,,,,,,,,,,,,,,,,,,,,,,,,,,,,,,,,,,,,,,,,,,,,,,,,,,,,,,,,,,,,,,,,,,,,,,,,,,,,,,,,,,,,,,,,,,,,,,,,,,,,,,,,,,,,,,,,,,,,,,,,,,,,,,,,,,,,,,,,,,,,,,,,,,,,,,,,,,,,,,,,,,,,,,,,,,,,,,,,,,,,,,,,,,,,,,,,,,,,,,,,,,,,,,,,,,,,,,,,,,,,,,,,,,,,,,,,,,,,,,,,,,,,,,,,,,,,,,,,,,,,,,,,,,,,,,,,,,,,,,,,,,,,,,,,,,,,,,,,,,,,,,,,,,,,,,,,,,,,,,,,,,,,,,,,,,,,,,,,,,,,,,,,,,,,,,,,,,,,,,,,,,,,,,,,,,,,,,,,,,,,,,,,,,,,,,,,,,,,,,,,,,,,,,,,,,,,,,,,,,,,,,,,,,,,,,,,,,,,,,,,,,,,,,,,,,,,,,,,,,,,,,,,,,,,,,,,,,,,,,,,,,,,,,,,,,,,,,,,,,,,,,,,,,,,,,,,,,,,,,,,,,,,,,,,,,,,,,,,,,,,,,,,,,,,,,,,,,,,,,,,,,,,,,,,,,,,,,,,,,,,,,,,,,,,,,,,,,,,,,,,,,,,,,,,,,,,,,,,,,,,,,,,,,,,,,,,,,,,,,,,,,,,,,,,,,,,,,,,,,,,,,,,,,,,,,,,,,,,,,,,,,,,,,,,,,,,,,,,,,,,,,,,,,,,,,,,,,,,,,,,,,,,,,,,,,,,,
186,move,ia,ia,1,"[[0, 0, (1, 2), 0, 0], [0, 0, 0, 0, 0], [0, (0, -1), (0, -1), (0, -1), 0], [0, 0, 0, 0, 0], [0, 0, 0, 0, 0]]","[[0, 0, (1, 2), 0, 0], [0, 0, 0, 0, 0], [0, (0, -1), (0, -1), (0, -1), 0], [(2, 2), 0, 0, 0, 0], [0, 0, 0, 0, 0]]","[[0, 0, (1, 2), 0, 0], [0, 0, (1, 2), 0, 0], [0, (0, -1), (0, -1), (0, -1), 0], [(2, 2), 0, 0, 0, 0], [0, 0, 0, 0, 0]]","[[0, 0, (1, 2), 0, 0], [0, 0, (1, 2), 0, 0], [0, (0, -1), (0, -1), (0, -1), 0], [(2, 2), 0, 0, 0, (2, 1)], [0, 0, 0, 0, 0]]","[[0, 0, (1, 2), 0, 0], [0, 0, (1, 2), 0, 0], [0, (0, -1), (1, 2), (0, -1), 0], [(2, 2), 0, (0, -1), 0, (2, 1)], [0, 0, 0, 0, 0]]","[[0, 0, (1, 2), 0, 0], [0, 0, (1, 2), 0, 0], [0, (0, -1), (1, 2), (0, -1), 0], [(2, 2), 0, (0, -1), 0, 0], [0, 0, 0, 0, 0]]","[[0, 0, (1, 2), 0, 0], [0, 0, (1, 2), 0, 0], [0, (0, -1), (1, 2), (0, -1), 0], [(2, 2), 0, (1, 2), 0, 0], [0, 0, (0, -1), 0, 0]]","[[0, 0, (1, 2), 0, 0], [0, 0, (1, 2), 0, 0], [0, (0, -1), (1, 2), (0, -1), 0], [(2, 2), 0, (1, 2), 0, (2, 1)], [0, 0, (0, -1), 0, 0]]","[[0, 0, (1, 2), 0, 0], [0, 0, (1, 2), 0, 0], [0, (0, -1), (1, 2), (0, -1), 0], [(2, 2), 0, (1, 2), 0, (2, 1)], [0, 0, (1, 2), 0, 0]]",,,,,,,,,,,,,,,,,,,,,,,,,,,,,,,,,,,,,,,,,,,,,,,,,,,,,,,,,,,,,,,,,,,,,,,,,,,,,,,,,,,,,,,,,,,,,,,,,,,,,,,,,,,,,,,,,,,,,,,,,,,,,,,,,,,,,,,,,,,,,,,,,,,,,,,,,,,,,,,,,,,,,,,,,,,,,,,,,,,,,,,,,,,,,,,,,,,,,,,,,,,,,,,,,,,,,,,,,,,,,,,,,,,,,,,,,,,,,,,,,,,,,,,,,,,,,,,,,,,,,,,,,,,,,,,,,,,,,,,,,,,,,,,,,,,,,,,,,,,,,,,,,,,,,,,,,,,,,,,,,,,,,,,,,,,,,,,,,,,,,,,,,,,,,,,,,,,,,,,,,,,,,,,,,,,,,,,,,,,,,,,,,,,,,,,,,,,,,,,,,,,,,,,,,,,,,,,,,,,,,,,,,,,,,,,,,,,,,,,,,,,,,,,,,,,,,,,,,,,,,,,,,,,,,,,,,,,,,,,,,,,,,,,,,,,,,,,,,,,,,,,,,,,,,,,,,,,,,,,,,,,,,,,,,,,,,,,,,,,,,,,,,,,,,,,,,,,,,,,,,,,,,,,,,,,,,,,,,,,,,,,,,,,,,,,,,,,,,,,,,,,,,,,,,,,,,,,,,,,,,,,,,,,,,,,,,,,,,,,,,,,,,,,,,,,,,,,,,,,,,,,,,,,,,,,,,,,,,,,,,,,,,,,,,,,,,,,,,,,,,,,,,,,,,,,,,,,,,,,,,,,,,,,,,,,,,,,,,,,,,,,,,,,,,,,,,,,,,,,,,,,,,,,,,,,,,,,,,,,,,,,,,,,,,,,,,,,,,,,,,,,,,,,,,,,,,,,,,,,,,,,,,,,,,,,,,,,,,,,,,,,,,,,,,,,,,,,,,,,,,,,,,,,,,,,,,,,,,,,,,,,,,,,,,,,,,,,,,,,,,,,,,,,,,,,,,,,,,,,,,,,,,,,,,,,,,,,,,,,,,,,,,,,,,,,,,,,,,,,,,,,,,,,,,,,,,,,,,,,,,,,,,,,
187,state,ia,ia,1,"(1, ('e', 0, 2, 2))","(2, ('e', 3, 4, 1))","(1, ('e', 0, 2, 2))","(2, ('a', 3, 4))","(1, ('e', 0, 2, 2))","(2, ('e', 3, 0, 1))","(1, ('e', 0, 2, 2))","(2, ('e', 3, 4, 1))","(1, ('e', 1, 0, 2))","(2, ('a', 3, 4))","(1, ('a', 0, 2))","(2, ('e', 3, 4, 1))","(1, ('e', 0, 2, 2))","(2, ('a', 3, 4))","(1, ('a', 0, 2))","(2, ('e', 3, 4, 1))","(1, ('t', 2, 2, 0))","(2, ('a', 3, 4))","(1, ('e', 0, 2, 2))","(2, ('e', 3, 4, 1))","(1, ('a', 0, 2))","(2, ('a', 3, 4))","(1, ('e', 0, 2, 2))","(2, ('e', 3, 4, 1))","(1, ('a', 0, 2))","(2, ('a', 3, 4))","(1, ('e', 0, 2, 2))","(2, ('e', 3, 4, 1))","(1, ('a', 0, 2))","(2, ('a', 3, 4))","(1, ('e', 0, 2, 2))","(2, ('e', 3, 4, 1))","(1, ('m', 1, 0, 1))","(2, ('a', 3, 4))","(1, ('a', 0, 2))","(2, ('e', 0, 2, 3))","(1, ('m', 3, 2, 2))",,,,,,,,,,,,,,,,,,,,,,,,,,,,,,,,,,,,,,,,,,,,,,,,,,,,,,,,,,,,,,,,,,,,,,,,,,,,,,,,,,,,,,,,,,,,,,,,,,,,,,,,,,,,,,,,,,,,,,,,,,,,,,,,,,,,,,,,,,,,,,,,,,,,,,,,,,,,,,,,,,,,,,,,,,,,,,,,,,,,,,,,,,,,,,,,,,,,,,,,,,,,,,,,,,,,,,,,,,,,,,,,,,,,,,,,,,,,,,,,,,,,,,,,,,,,,,,,,,,,,,,,,,,,,,,,,,,,,,,,,,,,,,,,,,,,,,,,,,,,,,,,,,,,,,,,,,,,,,,,,,,,,,,,,,,,,,,,,,,,,,,,,,,,,,,,,,,,,,,,,,,,,,,,,,,,,,,,,,,,,,,,,,,,,,,,,,,,,,,,,,,,,,,,,,,,,,,,,,,,,,,,,,,,,,,,,,,,,,,,,,,,,,,,,,,,,,,,,,,,,,,,,,,,,,,,,,,,,,,,,,,,,,,,,,,,,,,,,,,,,,,,,,,,,,,,,,,,,,,,,,,,,,,,,,,,,,,,,,,,,,,,,,,,,,,,,,,,,,,,,,,,,,,,,,,,,,,,,,,,,,,,,,,,,,,,,,,,,,,,,,,,,,,,,,,,,,,,,,,,,,,,,,,,,,,,,,,,,,,,,,,,,,,,,,,,,,,,,,,,,,,,,,,,,,,,,,,,,,,,,,,,,,,,,,,,,,,,,,,,,,,,,,,,,,,,,,,,,,,,,,,,,,,,,,,,,,,,,,,,,,,,,,,,,,,,,,,,,,,,,,,,,,,,,,,,,,,,,,,,,,,,,,,,,,,,,,,,,,,,,,,,,,,,,,,,,,,,,,,,,,,,,,,,,,,,,,,,,,,,,,,,,,,,,,,,,,,,,,,,,,,,,,,,,,,,,,,,,,,,,,,,,,,,,,,,,,,,,,,,,,,,,,,,,,,,,,,,,,,,,,,,,,,,,,,,,,,,,,,,,,,,,,,,,,,,,,,,,,,
188,move,ia,ia,1,"[[0, 0, (1, 2), 0, 0], [0, 0, 0, 0, 0], [0, (0, -1), (0, -1), (0, -1), 0], [0, 0, 0, 0, 0], [0, 0, 0, 0, 0]]","[[0, 0, (1, 2), 0, 0], [0, 0, 0, 0, 0], [0, (0, -1), (0, -1), (0, -1), 0], [0, 0, 0, 0, (2, 1)], [0, 0, 0, 0, 0]]","[[0, 0, (1, 2), 0, 0], [0, 0, (1, 2), 0, 0], [0, (0, -1), (0, -1), (0, -1), 0], [0, 0, 0, 0, (2, 1)], [0, 0, 0, 0, 0]]","[[0, 0, (1, 2), 0, 0], [0, 0, (1, 2), 0, 0], [0, (0, -1), (0, -1), (0, -1), 0], [0, 0, 0, 0, 0], [0, 0, 0, 0, 0]]","[[0, 0, (1, 2), 0, 0], [0, 0, (1, 2), 0, 0], [0, (0, -1), (1, 2), (0, -1), 0], [0, 0, (0, -1), 0, 0], [0, 0, 0, 0, 0]]","[[0, 0, (1, 2), 0, 0], [0, 0, (1, 2), 0, 0], [0, (0, -1), (1, 2), (0, -1), 0], [(2, 1), 0, (0, -1), 0, 0], [0, 0, 0, 0, 0]]","[[0, 0, (1, 2), 0, 0], [0, 0, (1, 2), 0, 0], [0, (0, -1), (1, 2), (0, -1), 0], [(2, 1), 0, (1, 2), 0, 0], [0, 0, (0, -1), 0, 0]]","[[0, 0, (1, 2), 0, 0], [0, 0, (1, 2), 0, 0], [0, (0, -1), (1, 2), (0, -1), 0], [(2, 1), 0, (1, 2), 0, (2, 1)], [0, 0, (0, -1), 0, 0]]","[[0, 0, (1, 2), 0, 0], [(1, 2), 0, (1, 2), 0, 0], [0, (0, -1), (1, 2), (0, -1), 0], [(2, 1), 0, (1, 2), 0, (2, 1)], [0, 0, (0, -1), 0, 0]]","[[0, 0, (1, 2), 0, 0], [(1, 2), 0, (1, 2), 0, 0], [0, (0, -1), (1, 2), (0, -1), 0], [(2, 1), 0, (1, 2), 0, 0], [0, 0, (0, -1), 0, 0]]","[[0, 0, 0, 0, 0], [(1, 2), 0, (1, 2), 0, 0], [0, (0, -1), (1, 2), (0, -1), 0], [(2, 1), 0, (1, 2), 0, 0], [0, 0, (0, -1), 0, 0]]","[[0, 0, 0, 0, 0], [(1, 2), 0, (1, 2), 0, 0], [0, (0, -1), (1, 2), (0, -1), 0], [(2, 1), 0, (1, 2), 0, (2, 1)], [0, 0, (0, -1), 0, 0]]","[[0, 0, (1, 2), 0, 0], [(1, 2), 0, (1, 2), 0, 0], [0, (0, -1), (1, 2), (0, -1), 0], [(2, 1), 0, (1, 2), 0, (2, 1)], [0, 0, (0, -1), 0, 0]]","[[0, 0, (1, 2), 0, 0], [(1, 2), 0, (1, 2), 0, 0], [0, (0, -1), (1, 2), (0, -1), 0], [(2, 1), 0, (1, 2), 0, 0], [0, 0, (0, -1), 0, 0]]","[[0, 0, 0, 0, 0], [(1, 2), 0, (1, 2), 0, 0], [0, (0, -1), (1, 2), (0, -1), 0], [(2, 1), 0, (1, 2), 0, 0], [0, 0, (0, -1), 0, 0]]","[[0, 0, 0, 0, 0], [(1, 2), 0, (1, 2), 0, 0], [0, (0, -1), (1, 2), (0, -1), 0], [(2, 1), 0, (1, 2), 0, (2, 1)], [0, 0, (0, -1), 0, 0]]","[[0, 0, 0, 0, 0], [(1, 2), 0, (1, 2), 0, 0], [0, (0, -1), (1, 0), (0, -1), 0], [(2, 1), 0, (1, 2), 0, (2, 1)], [0, 0, (0, -1), 0, 0]]","[[0, 0, 0, 0, 0], [(1, 2), 0, (1, 2), 0, 0], [0, (0, -1), (1, 0), (0, -1), 0], [(2, 1), 0, (1, 2), 0, 0], [0, 0, (0, -1), 0, 0]]","[[0, 0, (1, 2), 0, 0], [(1, 2), 0, (1, 2), 0, 0], [0, (0, -1), (1, 0), (0, -1), 0], [(2, 1), 0, (1, 2), 0, 0], [0, 0, (0, -1), 0, 0]]","[[0, 0, (1, 2), 0, 0], [(1, 2), 0, (1, 2), 0, 0], [0, (0, -1), (1, 0), (0, -1), 0], [(2, 1), 0, (1, 2), 0, (2, 1)], [0, 0, (0, -1), 0, 0]]","[[0, 0, 0, 0, 0], [(1, 2), 0, (1, 2), 0, 0], [0, (0, -1), (1, 0), (0, -1), 0], [(2, 1), 0, (1, 2), 0, (2, 1)], [0, 0, (0, -1), 0, 0]]","[[0, 0, 0, 0, 0], [(1, 2), 0, (1, 2), 0, 0], [0, (0, -1), (1, 0), (0, -1), 0], [(2, 1), 0, (1, 2), 0, 0], [0, 0, (0, -1), 0, 0]]","[[0, 0, (1, 2), 0, 0], [(1, 2), 0, (1, 2), 0, 0], [0, (0, -1), (1, 0), (0, -1), 0], [(2, 1), 0, (1, 2), 0, 0], [0, 0, (0, -1), 0, 0]]","[[0, 0, (1, 2), 0, 0], [(1, 2), 0, (1, 2), 0, 0], [0, (0, -1), (1, 0), (0, -1), 0], [(2, 1), 0, (1, 2), 0, (2, 1)], [0, 0, (0, -1), 0, 0]]","[[0, 0, 0, 0, 0], [(1, 2), 0, (1, 2), 0, 0], [0, (0, -1), (1, 0), (0, -1), 0], [(2, 1), 0, (1, 2), 0, (2, 1)], [0, 0, (0, -1), 0, 0]]","[[0, 0, 0, 0, 0], [(1, 2), 0, (1, 2), 0, 0], [0, (0, -1), (1, 0), (0, -1), 0], [(2, 1), 0, (1, 2), 0, 0], [0, 0, (0, -1), 0, 0]]","[[0, 0, (1, 2), 0, 0], [(1, 2), 0, (1, 2), 0, 0], [0, (0, -1), (1, 0), (0, -1), 0], [(2, 1), 0, (1, 2), 0, 0], [0, 0, (0, -1), 0, 0]]","[[0, 0, (1, 2), 0, 0], [(1, 2), 0, (1, 2), 0, 0], [0, (0, -1), (1, 0), (0, -1), 0], [(2, 1), 0, (1, 2), 0, (2, 1)], [0, 0, (0, -1), 0, 0]]","[[0, 0, 0, 0, 0], [(1, 2), 0, (1, 2), 0, 0], [0, (0, -1), (1, 0), (0, -1), 0], [(2, 1), 0, (1, 2), 0, (2, 1)], [0, 0, (0, -1), 0, 0]]","[[0, 0, 0, 0, 0], [(1, 2), 0, (1, 2), 0, 0], [0, (0, -1), (1, 0), (0, -1), 0], [(2, 1), 0, (1, 2), 0, 0], [0, 0, (0, -1), 0, 0]]","[[0, 0, (1, 2), 0, 0], [(1, 2), 0, (1, 2), 0, 0], [0, (0, -1), (1, 0), (0, -1), 0], [(2, 1), 0, (1, 2), 0, 0], [0, 0, (0, -1), 0, 0]]","[[0, 0, (1, 2), 0, 0], [(1, 2), 0, (1, 2), 0, 0], [0, (0, -1), (1, 0), (0, -1), 0], [(2, 1), 0, (1, 2), 0, (2, 1)], [0, 0, (0, -1), 0, 0]]","[[0, 0, (1, 2), 0, 0], [0, (1, 2), (1, 2), 0, 0], [0, (0, -1), (1, 0), (0, -1), 0], [(2, 1), 0, (1, 2), 0, (2, 1)], [0, 0, (0, -1), 0, 0]]","[[0, 0, (1, 2), 0, 0], [0, (1, 2), (1, 2), 0, 0], [0, (0, -1), (1, 0), (0, -1), 0], [(2, 1), 0, (1, 2), 0, 0], [0, 0, (0, -1), 0, 0]]","[[0, 0, 0, 0, 0], [0, (1, 2), (1, 2), 0, 0], [0, (0, -1), (1, 0), (0, -1), 0], [(2, 1), 0, (1, 2), 0, 0], [0, 0, (0, -1), 0, 0]]","[[0, 0, (2, 3), 0, 0], [0, (1, 2), (1, 2), 0, 0], [0, (0, -1), (1, 0), (0, -1), 0], [(2, 1), 0, (1, 2), 0, 0], [0, 0, (0, -1), 0, 0]]","[[0, 0, (2, 3), 0, 0], [0, (1, 2), (1, 2), 0, 0], [0, (0, -1), (1, 0), (0, -1), 0], [(2, 1), 0, 0, 0, 0], [0, 0, (1, 2), 0, 0]]",,,,,,,,,,,,,,,,,,,,,,,,,,,,,,,,,,,,,,,,,,,,,,,,,,,,,,,,,,,,,,,,,,,,,,,,,,,,,,,,,,,,,,,,,,,,,,,,,,,,,,,,,,,,,,,,,,,,,,,,,,,,,,,,,,,,,,,,,,,,,,,,,,,,,,,,,,,,,,,,,,,,,,,,,,,,,,,,,,,,,,,,,,,,,,,,,,,,,,,,,,,,,,,,,,,,,,,,,,,,,,,,,,,,,,,,,,,,,,,,,,,,,,,,,,,,,,,,,,,,,,,,,,,,,,,,,,,,,,,,,,,,,,,,,,,,,,,,,,,,,,,,,,,,,,,,,,,,,,,,,,,,,,,,,,,,,,,,,,,,,,,,,,,,,,,,,,,,,,,,,,,,,,,,,,,,,,,,,,,,,,,,,,,,,,,,,,,,,,,,,,,,,,,,,,,,,,,,,,,,,,,,,,,,,,,,,,,,,,,,,,,,,,,,,,,,,,,,,,,,,,,,,,,,,,,,,,,,,,,,,,,,,,,,,,,,,,,,,,,,,,,,,,,,,,,,,,,,,,,,,,,,,,,,,,,,,,,,,,,,,,,,,,,,,,,,,,,,,,,,,,,,,,,,,,,,,,,,,,,,,,,,,,,,,,,,,,,,,,,,,,,,,,,,,,,,,,,,,,,,,,,,,,,,,,,,,,,,,,,,,,,,,,,,,,,,,,,,,,,,,,,,,,,,,,,,,,,,,,,,,,,,,,,,,,,,,,,,,,,,,,,,,,,,,,,,,,,,,,,,,,,,,,,,,,,,,,,,,,,,,,,,,,,,,,,,,,,,,,,,,,,,,,,,,,,,,,,,,,,,,,,,,,,,,,,,,,,,,,,,,,,,,,,,,,,,,,,,,,,,,,,,,,,,,,,,,,,,,,,,,,,,,,,,,,,,,,,,,,,,,,,,,,,,,,,,,,,,,,,,,,,,,,,,,,,,,,,,,,,,,,,,,,,,,,,,,,,,,,,,,,,,,,,,,,,,,,,,,,,,,,,,,,,,,,,,,,,,,,,
189,state,ia,ia,1,"(1, ('e', 0, 2, 2))","(2, ('e', 3, 4, 1))","(1, ('e', 0, 2, 2))","(2, ('a', 3, 4))","(1, ('e', 0, 2, 2))","(2, ('e', 3, 4, 1))","(1, ('e', 0, 2, 2))","(2, ('a', 3, 4))","(1, ('e', 0, 2, 2))",,,,,,,,,,,,,,,,,,,,,,,,,,,,,,,,,,,,,,,,,,,,,,,,,,,,,,,,,,,,,,,,,,,,,,,,,,,,,,,,,,,,,,,,,,,,,,,,,,,,,,,,,,,,,,,,,,,,,,,,,,,,,,,,,,,,,,,,,,,,,,,,,,,,,,,,,,,,,,,,,,,,,,,,,,,,,,,,,,,,,,,,,,,,,,,,,,,,,,,,,,,,,,,,,,,,,,,,,,,,,,,,,,,,,,,,,,,,,,,,,,,,,,,,,,,,,,,,,,,,,,,,,,,,,,,,,,,,,,,,,,,,,,,,,,,,,,,,,,,,,,,,,,,,,,,,,,,,,,,,,,,,,,,,,,,,,,,,,,,,,,,,,,,,,,,,,,,,,,,,,,,,,,,,,,,,,,,,,,,,,,,,,,,,,,,,,,,,,,,,,,,,,,,,,,,,,,,,,,,,,,,,,,,,,,,,,,,,,,,,,,,,,,,,,,,,,,,,,,,,,,,,,,,,,,,,,,,,,,,,,,,,,,,,,,,,,,,,,,,,,,,,,,,,,,,,,,,,,,,,,,,,,,,,,,,,,,,,,,,,,,,,,,,,,,,,,,,,,,,,,,,,,,,,,,,,,,,,,,,,,,,,,,,,,,,,,,,,,,,,,,,,,,,,,,,,,,,,,,,,,,,,,,,,,,,,,,,,,,,,,,,,,,,,,,,,,,,,,,,,,,,,,,,,,,,,,,,,,,,,,,,,,,,,,,,,,,,,,,,,,,,,,,,,,,,,,,,,,,,,,,,,,,,,,,,,,,,,,,,,,,,,,,,,,,,,,,,,,,,,,,,,,,,,,,,,,,,,,,,,,,,,,,,,,,,,,,,,,,,,,,,,,,,,,,,,,,,,,,,,,,,,,,,,,,,,,,,,,,,,,,,,,,,,,,,,,,,,,,,,,,,,,,,,,,,,,,,,,,,,,,,,,,,,,,,,,,,,,,,,,,,,,,,,,,,,,,,,,,,,,,,,,,,,,,,,,,,,,,,,,,,,,,,,,,,,,,,,,,,,,,,,,,,,,,,,,,,,,,,,,,,,,,,
190,move,ia,ia,1,"[[0, 0, (1, 2), 0, 0], [0, 0, 0, 0, 0], [0, (0, -1), (0, -1), (0, -1), 0], [0, 0, 0, 0, 0], [0, 0, 0, 0, 0]]","[[0, 0, (1, 2), 0, 0], [0, 0, 0, 0, 0], [0, (0, -1), (0, -1), (0, -1), 0], [0, 0, 0, 0, (2, 1)], [0, 0, 0, 0, 0]]","[[0, 0, (1, 2), 0, 0], [0, 0, (1, 2), 0, 0], [0, (0, -1), (0, -1), (0, -1), 0], [0, 0, 0, 0, (2, 1)], [0, 0, 0, 0, 0]]","[[0, 0, (1, 2), 0, 0], [0, 0, (1, 2), 0, 0], [0, (0, -1), (0, -1), (0, -1), 0], [0, 0, 0, 0, 0], [0, 0, 0, 0, 0]]","[[0, 0, (1, 2), 0, 0], [0, 0, (1, 2), 0, 0], [0, (0, -1), (1, 2), (0, -1), 0], [0, 0, (0, -1), 0, 0], [0, 0, 0, 0, 0]]","[[0, 0, (1, 2), 0, 0], [0, 0, (1, 2), 0, 0], [0, (0, -1), (1, 2), (0, -1), 0], [0, 0, (0, -1), 0, (2, 1)], [0, 0, 0, 0, 0]]","[[0, 0, (1, 2), 0, 0], [0, 0, (1, 2), 0, 0], [0, (0, -1), (1, 2), (0, -1), 0], [0, 0, (1, 2), 0, (2, 1)], [0, 0, (0, -1), 0, 0]]","[[0, 0, (1, 2), 0, 0], [0, 0, (1, 2), 0, 0], [0, (0, -1), (1, 2), (0, -1), 0], [0, 0, (1, 2), 0, 0], [0, 0, (0, -1), 0, 0]]","[[0, 0, (1, 2), 0, 0], [0, 0, (1, 2), 0, 0], [0, (0, -1), (1, 2), (0, -1), 0], [0, 0, (1, 2), 0, 0], [0, 0, (1, 2), 0, 0]]",,,,,,,,,,,,,,,,,,,,,,,,,,,,,,,,,,,,,,,,,,,,,,,,,,,,,,,,,,,,,,,,,,,,,,,,,,,,,,,,,,,,,,,,,,,,,,,,,,,,,,,,,,,,,,,,,,,,,,,,,,,,,,,,,,,,,,,,,,,,,,,,,,,,,,,,,,,,,,,,,,,,,,,,,,,,,,,,,,,,,,,,,,,,,,,,,,,,,,,,,,,,,,,,,,,,,,,,,,,,,,,,,,,,,,,,,,,,,,,,,,,,,,,,,,,,,,,,,,,,,,,,,,,,,,,,,,,,,,,,,,,,,,,,,,,,,,,,,,,,,,,,,,,,,,,,,,,,,,,,,,,,,,,,,,,,,,,,,,,,,,,,,,,,,,,,,,,,,,,,,,,,,,,,,,,,,,,,,,,,,,,,,,,,,,,,,,,,,,,,,,,,,,,,,,,,,,,,,,,,,,,,,,,,,,,,,,,,,,,,,,,,,,,,,,,,,,,,,,,,,,,,,,,,,,,,,,,,,,,,,,,,,,,,,,,,,,,,,,,,,,,,,,,,,,,,,,,,,,,,,,,,,,,,,,,,,,,,,,,,,,,,,,,,,,,,,,,,,,,,,,,,,,,,,,,,,,,,,,,,,,,,,,,,,,,,,,,,,,,,,,,,,,,,,,,,,,,,,,,,,,,,,,,,,,,,,,,,,,,,,,,,,,,,,,,,,,,,,,,,,,,,,,,,,,,,,,,,,,,,,,,,,,,,,,,,,,,,,,,,,,,,,,,,,,,,,,,,,,,,,,,,,,,,,,,,,,,,,,,,,,,,,,,,,,,,,,,,,,,,,,,,,,,,,,,,,,,,,,,,,,,,,,,,,,,,,,,,,,,,,,,,,,,,,,,,,,,,,,,,,,,,,,,,,,,,,,,,,,,,,,,,,,,,,,,,,,,,,,,,,,,,,,,,,,,,,,,,,,,,,,,,,,,,,,,,,,,,,,,,,,,,,,,,,,,,,,,,,,,,,,,,,,,,,,,,,,,,,,,,,,,,,,,,,,,,,,,,,,,,,,,,,,,,,,,,,,,,,,,,,,,,,,,
191,state,ia,ia,1,"(1, ('e', 0, 2, 2))","(2, ('e', 3, 4, 1))","(1, ('e', 0, 2, 2))","(2, ('a', 3, 4))","(1, ('e', 0, 2, 2))","(2, ('e', 3, 4, 1))","(1, ('e', 0, 2, 2))","(2, ('a', 3, 4))","(1, ('e', 0, 2, 2))",,,,,,,,,,,,,,,,,,,,,,,,,,,,,,,,,,,,,,,,,,,,,,,,,,,,,,,,,,,,,,,,,,,,,,,,,,,,,,,,,,,,,,,,,,,,,,,,,,,,,,,,,,,,,,,,,,,,,,,,,,,,,,,,,,,,,,,,,,,,,,,,,,,,,,,,,,,,,,,,,,,,,,,,,,,,,,,,,,,,,,,,,,,,,,,,,,,,,,,,,,,,,,,,,,,,,,,,,,,,,,,,,,,,,,,,,,,,,,,,,,,,,,,,,,,,,,,,,,,,,,,,,,,,,,,,,,,,,,,,,,,,,,,,,,,,,,,,,,,,,,,,,,,,,,,,,,,,,,,,,,,,,,,,,,,,,,,,,,,,,,,,,,,,,,,,,,,,,,,,,,,,,,,,,,,,,,,,,,,,,,,,,,,,,,,,,,,,,,,,,,,,,,,,,,,,,,,,,,,,,,,,,,,,,,,,,,,,,,,,,,,,,,,,,,,,,,,,,,,,,,,,,,,,,,,,,,,,,,,,,,,,,,,,,,,,,,,,,,,,,,,,,,,,,,,,,,,,,,,,,,,,,,,,,,,,,,,,,,,,,,,,,,,,,,,,,,,,,,,,,,,,,,,,,,,,,,,,,,,,,,,,,,,,,,,,,,,,,,,,,,,,,,,,,,,,,,,,,,,,,,,,,,,,,,,,,,,,,,,,,,,,,,,,,,,,,,,,,,,,,,,,,,,,,,,,,,,,,,,,,,,,,,,,,,,,,,,,,,,,,,,,,,,,,,,,,,,,,,,,,,,,,,,,,,,,,,,,,,,,,,,,,,,,,,,,,,,,,,,,,,,,,,,,,,,,,,,,,,,,,,,,,,,,,,,,,,,,,,,,,,,,,,,,,,,,,,,,,,,,,,,,,,,,,,,,,,,,,,,,,,,,,,,,,,,,,,,,,,,,,,,,,,,,,,,,,,,,,,,,,,,,,,,,,,,,,,,,,,,,,,,,,,,,,,,,,,,,,,,,,,,,,,,,,,,,,,,,,,,,,,,,,,,,,,,,,,,,,,,,,,,,,,,,,,,,,,,,,,,,,,,,,,,
192,move,ia,ia,1,"[[0, 0, (1, 2), 0, 0], [0, 0, 0, 0, 0], [0, (0, -1), (0, -1), (0, -1), 0], [0, 0, 0, 0, 0], [0, 0, 0, 0, 0]]","[[0, 0, (1, 2), 0, 0], [0, 0, 0, 0, 0], [0, (0, -1), (0, -1), (0, -1), 0], [0, 0, 0, 0, (2, 1)], [0, 0, 0, 0, 0]]","[[0, 0, (1, 2), 0, 0], [0, 0, (1, 2), 0, 0], [0, (0, -1), (0, -1), (0, -1), 0], [0, 0, 0, 0, (2, 1)], [0, 0, 0, 0, 0]]","[[0, 0, (1, 2), 0, 0], [0, 0, (1, 2), 0, 0], [0, (0, -1), (0, -1), (0, -1), 0], [0, 0, 0, 0, 0], [0, 0, 0, 0, 0]]","[[0, 0, (1, 2), 0, 0], [0, 0, (1, 2), 0, 0], [0, (0, -1), (1, 2), (0, -1), 0], [0, 0, (0, -1), 0, 0], [0, 0, 0, 0, 0]]","[[0, 0, (1, 2), 0, 0], [0, 0, (1, 2), 0, 0], [0, (0, -1), (1, 2), (0, -1), 0], [0, 0, (0, -1), 0, (2, 1)], [0, 0, 0, 0, 0]]","[[0, 0, (1, 2), 0, 0], [0, 0, (1, 2), 0, 0], [0, (0, -1), (1, 2), (0, -1), 0], [0, 0, (1, 2), 0, (2, 1)], [0, 0, (0, -1), 0, 0]]","[[0, 0, (1, 2), 0, 0], [0, 0, (1, 2), 0, 0], [0, (0, -1), (1, 2), (0, -1), 0], [0, 0, (1, 2), 0, 0], [0, 0, (0, -1), 0, 0]]","[[0, 0, (1, 2), 0, 0], [0, 0, (1, 2), 0, 0], [0, (0, -1), (1, 2), (0, -1), 0], [0, 0, (1, 2), 0, 0], [0, 0, (1, 2), 0, 0]]",,,,,,,,,,,,,,,,,,,,,,,,,,,,,,,,,,,,,,,,,,,,,,,,,,,,,,,,,,,,,,,,,,,,,,,,,,,,,,,,,,,,,,,,,,,,,,,,,,,,,,,,,,,,,,,,,,,,,,,,,,,,,,,,,,,,,,,,,,,,,,,,,,,,,,,,,,,,,,,,,,,,,,,,,,,,,,,,,,,,,,,,,,,,,,,,,,,,,,,,,,,,,,,,,,,,,,,,,,,,,,,,,,,,,,,,,,,,,,,,,,,,,,,,,,,,,,,,,,,,,,,,,,,,,,,,,,,,,,,,,,,,,,,,,,,,,,,,,,,,,,,,,,,,,,,,,,,,,,,,,,,,,,,,,,,,,,,,,,,,,,,,,,,,,,,,,,,,,,,,,,,,,,,,,,,,,,,,,,,,,,,,,,,,,,,,,,,,,,,,,,,,,,,,,,,,,,,,,,,,,,,,,,,,,,,,,,,,,,,,,,,,,,,,,,,,,,,,,,,,,,,,,,,,,,,,,,,,,,,,,,,,,,,,,,,,,,,,,,,,,,,,,,,,,,,,,,,,,,,,,,,,,,,,,,,,,,,,,,,,,,,,,,,,,,,,,,,,,,,,,,,,,,,,,,,,,,,,,,,,,,,,,,,,,,,,,,,,,,,,,,,,,,,,,,,,,,,,,,,,,,,,,,,,,,,,,,,,,,,,,,,,,,,,,,,,,,,,,,,,,,,,,,,,,,,,,,,,,,,,,,,,,,,,,,,,,,,,,,,,,,,,,,,,,,,,,,,,,,,,,,,,,,,,,,,,,,,,,,,,,,,,,,,,,,,,,,,,,,,,,,,,,,,,,,,,,,,,,,,,,,,,,,,,,,,,,,,,,,,,,,,,,,,,,,,,,,,,,,,,,,,,,,,,,,,,,,,,,,,,,,,,,,,,,,,,,,,,,,,,,,,,,,,,,,,,,,,,,,,,,,,,,,,,,,,,,,,,,,,,,,,,,,,,,,,,,,,,,,,,,,,,,,,,,,,,,,,,,,,,,,,,,,,,,,,,,,,,,,,,,,,,,,,,,,,,,,,,,,,,,,,,,,,
193,state,ia,ia,1,"(1, ('e', 4, 1, 1))","(2, ('e', 3, 4, 1))","(1, ('e', 0, 2, 2))","(2, ('a', 3, 4))","(1, ('e', 0, 2, 2))","(2, ('e', 3, 4, 1))","(1, ('e', 0, 2, 2))","(2, ('a', 3, 4))","(1, ('e', 0, 2, 2))","(2, ('e', 3, 4, 1))","(1, ('a', 0, 2))","(2, ('a', 3, 4))","(1, ('e', 0, 2, 2))","(2, ('e', 0, 3, 1))","(1, ('a', 0, 2))","(2, ('e', 4, 0, 1))","(1, ('e', 0, 2, 2))","(2, ('e', 3, 4, 1))","(1, ('a', 0, 2))","(2, ('a', 3, 4))","(1, ('e', 0, 2, 2))","(2, ('e', 3, 4, 1))","(1, ('m', 3, 2, 2))",,,,,,,,,,,,,,,,,,,,,,,,,,,,,,,,,,,,,,,,,,,,,,,,,,,,,,,,,,,,,,,,,,,,,,,,,,,,,,,,,,,,,,,,,,,,,,,,,,,,,,,,,,,,,,,,,,,,,,,,,,,,,,,,,,,,,,,,,,,,,,,,,,,,,,,,,,,,,,,,,,,,,,,,,,,,,,,,,,,,,,,,,,,,,,,,,,,,,,,,,,,,,,,,,,,,,,,,,,,,,,,,,,,,,,,,,,,,,,,,,,,,,,,,,,,,,,,,,,,,,,,,,,,,,,,,,,,,,,,,,,,,,,,,,,,,,,,,,,,,,,,,,,,,,,,,,,,,,,,,,,,,,,,,,,,,,,,,,,,,,,,,,,,,,,,,,,,,,,,,,,,,,,,,,,,,,,,,,,,,,,,,,,,,,,,,,,,,,,,,,,,,,,,,,,,,,,,,,,,,,,,,,,,,,,,,,,,,,,,,,,,,,,,,,,,,,,,,,,,,,,,,,,,,,,,,,,,,,,,,,,,,,,,,,,,,,,,,,,,,,,,,,,,,,,,,,,,,,,,,,,,,,,,,,,,,,,,,,,,,,,,,,,,,,,,,,,,,,,,,,,,,,,,,,,,,,,,,,,,,,,,,,,,,,,,,,,,,,,,,,,,,,,,,,,,,,,,,,,,,,,,,,,,,,,,,,,,,,,,,,,,,,,,,,,,,,,,,,,,,,,,,,,,,,,,,,,,,,,,,,,,,,,,,,,,,,,,,,,,,,,,,,,,,,,,,,,,,,,,,,,,,,,,,,,,,,,,,,,,,,,,,,,,,,,,,,,,,,,,,,,,,,,,,,,,,,,,,,,,,,,,,,,,,,,,,,,,,,,,,,,,,,,,,,,,,,,,,,,,,,,,,,,,,,,,,,,,,,,,,,,,,,,,,,,,,,,,,,,,,,,,,,,,,,,,,,,,,,,,,,,,,,,,,,,,,,,,,,,,,,,,,,,,,,,,,,,,,,,,,,,,,,,,,,,,,,,,,,,,,,,,,,,,,,,,,,,,,,,,,,,,,,,,,,,,,,
194,move,ia,ia,1,"[[0, 0, 0, 0, 0], [0, 0, 0, 0, 0], [0, (0, -1), (0, -1), (0, -1), 0], [0, 0, 0, 0, 0], [0, (1, 1), 0, 0, 0]]","[[0, 0, 0, 0, 0], [0, 0, 0, 0, 0], [0, (0, -1), (0, -1), (0, -1), 0], [0, 0, 0, 0, (2, 1)], [0, (1, 1), 0, 0, 0]]","[[0, 0, (1, 2), 0, 0], [0, 0, 0, 0, 0], [0, (0, -1), (0, -1), (0, -1), 0], [0, 0, 0, 0, (2, 1)], [0, (1, 1), 0, 0, 0]]","[[0, 0, (1, 2), 0, 0], [0, 0, 0, 0, 0], [0, (0, -1), (0, -1), (0, -1), 0], [0, 0, 0, 0, 0], [0, (1, 1), 0, 0, 0]]","[[0, 0, (1, 2), 0, 0], [0, 0, (1, 2), 0, 0], [0, (0, -1), (0, -1), (0, -1), 0], [0, 0, 0, 0, 0], [0, (1, 1), 0, 0, 0]]","[[0, 0, (1, 2), 0, 0], [0, 0, (1, 2), 0, 0], [0, (0, -1), (0, -1), (0, -1), 0], [0, 0, 0, 0, (2, 1)], [0, (1, 1), 0, 0, 0]]","[[0, 0, (1, 2), 0, 0], [0, 0, (1, 2), 0, 0], [0, (0, -1), (1, 2), (0, -1), 0], [0, 0, (0, -1), 0, (2, 1)], [0, (1, 1), 0, 0, 0]]","[[0, 0, (1, 2), 0, 0], [0, 0, (1, 2), 0, 0], [0, (0, -1), (1, 2), (0, -1), 0], [0, 0, (0, -1), 0, 0], [0, (1, 1), 0, 0, 0]]","[[0, 0, (1, 2), 0, 0], [0, 0, (1, 2), 0, 0], [0, (0, -1), (1, 2), (0, -1), 0], [0, 0, (1, 2), 0, 0], [0, (1, 1), (0, -1), 0, 0]]","[[0, 0, (1, 2), 0, 0], [0, 0, (1, 2), 0, 0], [0, (0, -1), (1, 2), (0, -1), 0], [0, 0, (1, 2), 0, (2, 1)], [0, (1, 1), (0, -1), 0, 0]]","[[0, 0, 0, 0, 0], [0, 0, (1, 2), 0, 0], [0, (0, -1), (1, 2), (0, -1), 0], [0, 0, (1, 2), 0, (2, 1)], [0, (1, 1), (0, -1), 0, 0]]","[[0, 0, 0, 0, 0], [0, 0, (1, 2), 0, 0], [0, (0, -1), (1, 2), (0, -1), 0], [0, 0, (1, 2), 0, 0], [0, (1, 1), (0, -1), 0, 0]]","[[0, 0, (1, 2), 0, 0], [0, 0, (1, 2), 0, 0], [0, (0, -1), (1, 2), (0, -1), 0], [0, 0, (1, 2), 0, 0], [0, (1, 1), (0, -1), 0, 0]]","[[0, 0, (1, 2), (2, 1), 0], [0, 0, (1, 2), 0, 0], [0, (0, -1), (1, 2), (0, -1), 0], [0, 0, (1, 2), 0, 0], [0, (1, 1), (0, -1), 0, 0]]","[[0, 0, 0, (2, 1), 0], [0, 0, (1, 2), 0, 0], [0, (0, -1), (1, 2), (0, -1), 0], [0, 0, (1, 2), 0, 0], [0, (1, 1), (0, -1), 0, 0]]","[[0, 0, 0, (2, 1), 0], [0, 0, (1, 2), 0, 0], [0, (0, -1), (1, 2), (0, -1), 0], [0, 0, (1, 2), 0, 0], [(2, 1), (1, 1), (0, -1), 0, 0]]","[[0, 0, (1, 2), (2, 1), 0], [0, 0, (1, 2), 0, 0], [0, (0, -1), (1, 2), (0, -1), 0], [0, 0, (1, 2), 0, 0], [(2, 1), (1, 1), (0, -1), 0, 0]]","[[0, 0, (1, 2), (2, 1), 0], [0, 0, (1, 2), 0, 0], [0, (0, -1), (1, 2), (0, -1), 0], [0, 0, (1, 2), 0, (2, 1)], [(2, 1), (1, 1), (0, -1), 0, 0]]","[[0, 0, 0, (2, 1), 0], [0, 0, (1, 2), 0, 0], [0, (0, -1), (1, 2), (0, -1), 0], [0, 0, (1, 2), 0, (2, 1)], [(2, 1), (1, 1), (0, -1), 0, 0]]","[[0, 0, 0, (2, 1), 0], [0, 0, (1, 2), 0, 0], [0, (0, -1), (1, 2), (0, -1), 0], [0, 0, (1, 2), 0, 0], [(2, 1), (1, 1), (0, -1), 0, 0]]","[[0, 0, (1, 2), (2, 1), 0], [0, 0, (1, 2), 0, 0], [0, (0, -1), (1, 2), (0, -1), 0], [0, 0, (1, 2), 0, 0], [(2, 1), (1, 1), (0, -1), 0, 0]]","[[0, 0, (1, 2), (2, 1), 0], [0, 0, (1, 2), 0, 0], [0, (0, -1), (1, 2), (0, -1), 0], [0, 0, (1, 2), 0, (2, 1)], [(2, 1), (1, 1), (0, -1), 0, 0]]","[[0, 0, (1, 2), (2, 1), 0], [0, 0, (1, 2), 0, 0], [0, (0, -1), (1, 2), (0, -1), 0], [0, 0, 0, 0, (2, 1)], [(2, 1), (1, 1), (1, 2), 0, 0]]",,,,,,,,,,,,,,,,,,,,,,,,,,,,,,,,,,,,,,,,,,,,,,,,,,,,,,,,,,,,,,,,,,,,,,,,,,,,,,,,,,,,,,,,,,,,,,,,,,,,,,,,,,,,,,,,,,,,,,,,,,,,,,,,,,,,,,,,,,,,,,,,,,,,,,,,,,,,,,,,,,,,,,,,,,,,,,,,,,,,,,,,,,,,,,,,,,,,,,,,,,,,,,,,,,,,,,,,,,,,,,,,,,,,,,,,,,,,,,,,,,,,,,,,,,,,,,,,,,,,,,,,,,,,,,,,,,,,,,,,,,,,,,,,,,,,,,,,,,,,,,,,,,,,,,,,,,,,,,,,,,,,,,,,,,,,,,,,,,,,,,,,,,,,,,,,,,,,,,,,,,,,,,,,,,,,,,,,,,,,,,,,,,,,,,,,,,,,,,,,,,,,,,,,,,,,,,,,,,,,,,,,,,,,,,,,,,,,,,,,,,,,,,,,,,,,,,,,,,,,,,,,,,,,,,,,,,,,,,,,,,,,,,,,,,,,,,,,,,,,,,,,,,,,,,,,,,,,,,,,,,,,,,,,,,,,,,,,,,,,,,,,,,,,,,,,,,,,,,,,,,,,,,,,,,,,,,,,,,,,,,,,,,,,,,,,,,,,,,,,,,,,,,,,,,,,,,,,,,,,,,,,,,,,,,,,,,,,,,,,,,,,,,,,,,,,,,,,,,,,,,,,,,,,,,,,,,,,,,,,,,,,,,,,,,,,,,,,,,,,,,,,,,,,,,,,,,,,,,,,,,,,,,,,,,,,,,,,,,,,,,,,,,,,,,,,,,,,,,,,,,,,,,,,,,,,,,,,,,,,,,,,,,,,,,,,,,,,,,,,,,,,,,,,,,,,,,,,,,,,,,,,,,,,,,,,,,,,,,,,,,,,,,,,,,,,,,,,,,,,,,,,,,,,,,,,,,,,,,,,,,,,,,,,,,,,,,,,,,,,,,,,,,,,,,,,,,,,,,,,,,,,,,,,,,,,,,,,,,,,,,,,,,,,,,,,,,,,,,,,,,,,,,,,,,,,,
195,state,ia,ia,1,"(1, ('e', 0, 2, 2))","(2, ('e', 3, 4, 1))","(1, ('e', 0, 2, 2))","(2, ('a', 3, 4))","(1, ('e', 0, 2, 2))","(2, ('e', 3, 4, 1))","(1, ('e', 0, 2, 2))","(2, ('a', 3, 4))","(1, ('e', 0, 2, 2))",,,,,,,,,,,,,,,,,,,,,,,,,,,,,,,,,,,,,,,,,,,,,,,,,,,,,,,,,,,,,,,,,,,,,,,,,,,,,,,,,,,,,,,,,,,,,,,,,,,,,,,,,,,,,,,,,,,,,,,,,,,,,,,,,,,,,,,,,,,,,,,,,,,,,,,,,,,,,,,,,,,,,,,,,,,,,,,,,,,,,,,,,,,,,,,,,,,,,,,,,,,,,,,,,,,,,,,,,,,,,,,,,,,,,,,,,,,,,,,,,,,,,,,,,,,,,,,,,,,,,,,,,,,,,,,,,,,,,,,,,,,,,,,,,,,,,,,,,,,,,,,,,,,,,,,,,,,,,,,,,,,,,,,,,,,,,,,,,,,,,,,,,,,,,,,,,,,,,,,,,,,,,,,,,,,,,,,,,,,,,,,,,,,,,,,,,,,,,,,,,,,,,,,,,,,,,,,,,,,,,,,,,,,,,,,,,,,,,,,,,,,,,,,,,,,,,,,,,,,,,,,,,,,,,,,,,,,,,,,,,,,,,,,,,,,,,,,,,,,,,,,,,,,,,,,,,,,,,,,,,,,,,,,,,,,,,,,,,,,,,,,,,,,,,,,,,,,,,,,,,,,,,,,,,,,,,,,,,,,,,,,,,,,,,,,,,,,,,,,,,,,,,,,,,,,,,,,,,,,,,,,,,,,,,,,,,,,,,,,,,,,,,,,,,,,,,,,,,,,,,,,,,,,,,,,,,,,,,,,,,,,,,,,,,,,,,,,,,,,,,,,,,,,,,,,,,,,,,,,,,,,,,,,,,,,,,,,,,,,,,,,,,,,,,,,,,,,,,,,,,,,,,,,,,,,,,,,,,,,,,,,,,,,,,,,,,,,,,,,,,,,,,,,,,,,,,,,,,,,,,,,,,,,,,,,,,,,,,,,,,,,,,,,,,,,,,,,,,,,,,,,,,,,,,,,,,,,,,,,,,,,,,,,,,,,,,,,,,,,,,,,,,,,,,,,,,,,,,,,,,,,,,,,,,,,,,,,,,,,,,,,,,,,,,,,,,,,,,,,,,,,,,,,,,,,,,,,,,,,,,,,,,,,
196,move,ia,ia,1,"[[0, 0, (1, 2), 0, 0], [0, 0, 0, 0, 0], [0, (0, -1), (0, -1), (0, -1), 0], [0, 0, 0, 0, 0], [0, 0, 0, 0, 0]]","[[0, 0, (1, 2), 0, 0], [0, 0, 0, 0, 0], [0, (0, -1), (0, -1), (0, -1), 0], [0, 0, 0, 0, (2, 1)], [0, 0, 0, 0, 0]]","[[0, 0, (1, 2), 0, 0], [0, 0, (1, 2), 0, 0], [0, (0, -1), (0, -1), (0, -1), 0], [0, 0, 0, 0, (2, 1)], [0, 0, 0, 0, 0]]","[[0, 0, (1, 2), 0, 0], [0, 0, (1, 2), 0, 0], [0, (0, -1), (0, -1), (0, -1), 0], [0, 0, 0, 0, 0], [0, 0, 0, 0, 0]]","[[0, 0, (1, 2), 0, 0], [0, 0, (1, 2), 0, 0], [0, (0, -1), (1, 2), (0, -1), 0], [0, 0, (0, -1), 0, 0], [0, 0, 0, 0, 0]]","[[0, 0, (1, 2), 0, 0], [0, 0, (1, 2), 0, 0], [0, (0, -1), (1, 2), (0, -1), 0], [0, 0, (0, -1), 0, (2, 1)], [0, 0, 0, 0, 0]]","[[0, 0, (1, 2), 0, 0], [0, 0, (1, 2), 0, 0], [0, (0, -1), (1, 2), (0, -1), 0], [0, 0, (1, 2), 0, (2, 1)], [0, 0, (0, -1), 0, 0]]","[[0, 0, (1, 2), 0, 0], [0, 0, (1, 2), 0, 0], [0, (0, -1), (1, 2), (0, -1), 0], [0, 0, (1, 2), 0, 0], [0, 0, (0, -1), 0, 0]]","[[0, 0, (1, 2), 0, 0], [0, 0, (1, 2), 0, 0], [0, (0, -1), (1, 2), (0, -1), 0], [0, 0, (1, 2), 0, 0], [0, 0, (1, 2), 0, 0]]",,,,,,,,,,,,,,,,,,,,,,,,,,,,,,,,,,,,,,,,,,,,,,,,,,,,,,,,,,,,,,,,,,,,,,,,,,,,,,,,,,,,,,,,,,,,,,,,,,,,,,,,,,,,,,,,,,,,,,,,,,,,,,,,,,,,,,,,,,,,,,,,,,,,,,,,,,,,,,,,,,,,,,,,,,,,,,,,,,,,,,,,,,,,,,,,,,,,,,,,,,,,,,,,,,,,,,,,,,,,,,,,,,,,,,,,,,,,,,,,,,,,,,,,,,,,,,,,,,,,,,,,,,,,,,,,,,,,,,,,,,,,,,,,,,,,,,,,,,,,,,,,,,,,,,,,,,,,,,,,,,,,,,,,,,,,,,,,,,,,,,,,,,,,,,,,,,,,,,,,,,,,,,,,,,,,,,,,,,,,,,,,,,,,,,,,,,,,,,,,,,,,,,,,,,,,,,,,,,,,,,,,,,,,,,,,,,,,,,,,,,,,,,,,,,,,,,,,,,,,,,,,,,,,,,,,,,,,,,,,,,,,,,,,,,,,,,,,,,,,,,,,,,,,,,,,,,,,,,,,,,,,,,,,,,,,,,,,,,,,,,,,,,,,,,,,,,,,,,,,,,,,,,,,,,,,,,,,,,,,,,,,,,,,,,,,,,,,,,,,,,,,,,,,,,,,,,,,,,,,,,,,,,,,,,,,,,,,,,,,,,,,,,,,,,,,,,,,,,,,,,,,,,,,,,,,,,,,,,,,,,,,,,,,,,,,,,,,,,,,,,,,,,,,,,,,,,,,,,,,,,,,,,,,,,,,,,,,,,,,,,,,,,,,,,,,,,,,,,,,,,,,,,,,,,,,,,,,,,,,,,,,,,,,,,,,,,,,,,,,,,,,,,,,,,,,,,,,,,,,,,,,,,,,,,,,,,,,,,,,,,,,,,,,,,,,,,,,,,,,,,,,,,,,,,,,,,,,,,,,,,,,,,,,,,,,,,,,,,,,,,,,,,,,,,,,,,,,,,,,,,,,,,,,,,,,,,,,,,,,,,,,,,,,,,,,,,,,,,,,,,,,,,,,,,,,,,,,,,,,,,,,,,,
197,state,ia,ia,3,"(1, ('e', 0, 2, 2))","(2, ('e', 3, 4, 1))","(1, ('e', 0, 2, 2))","(2, ('a', 3, 4))","(1, ('e', 0, 2, 2))","(2, ('e', 4, 0, 1))","(1, ('e', 0, 3, 1))","(2, ('e', 3, 4, 1))","(1, ('e', 0, 1, 1))","(2, ('a', 3, 4))","(1, ('a', 0, 2))","(2, ('e', 3, 4, 1))","(1, ('e', 0, 2, 2))","(2, ('e', 0, 4, 0))","(1, ('a', 0, 2))","(2, ('a', 3, 4))","(1, ('e', 0, 2, 2))","(2, ('e', 2, 4, 2))","(1, ('a', 0, 2))","(2, ('e', 0, 1, 2))","(1, ('e', 0, 2, 2))","(2, ('e', 3, 4, 1))","(1, ('m', 1, 1, 1))","(2, ('m', 3, 4, 3))","(1, ('a', 0, 2))","(2, ('t', 0, 4, 2))","(1, ('e', 0, 2, 2))","(2, ('t', 3, 3, 3))","(1, ('t', 0, 2, 1))","(2, ('m', 4, 0, 1))","(1, ('a', 0, 2))","(2, ('t', 0, 1, 0))","(1, ('e', 0, 2, 2))","(2, ('t', 0, 1, 2))","(1, ('t', 0, 3, 0))","(2, ('m', 2, 4, 0))","(1, ('a', 0, 2))","(2, ('m', 4, 1, 3))","(1, ('e', 0, 2, 2))","(2, ('t', 0, 4, 1))","(1, ('a', 0, 2))","(2, ('m', 0, 1, 2))","(1, ('e', 0, 2, 2))","(2, ('t', 1, 1, 3))","(1, ('a', 0, 2))",,,,,,,,,,,,,,,,,,,,,,,,,,,,,,,,,,,,,,,,,,,,,,,,,,,,,,,,,,,,,,,,,,,,,,,,,,,,,,,,,,,,,,,,,,,,,,,,,,,,,,,,,,,,,,,,,,,,,,,,,,,,,,,,,,,,,,,,,,,,,,,,,,,,,,,,,,,,,,,,,,,,,,,,,,,,,,,,,,,,,,,,,,,,,,,,,,,,,,,,,,,,,,,,,,,,,,,,,,,,,,,,,,,,,,,,,,,,,,,,,,,,,,,,,,,,,,,,,,,,,,,,,,,,,,,,,,,,,,,,,,,,,,,,,,,,,,,,,,,,,,,,,,,,,,,,,,,,,,,,,,,,,,,,,,,,,,,,,,,,,,,,,,,,,,,,,,,,,,,,,,,,,,,,,,,,,,,,,,,,,,,,,,,,,,,,,,,,,,,,,,,,,,,,,,,,,,,,,,,,,,,,,,,,,,,,,,,,,,,,,,,,,,,,,,,,,,,,,,,,,,,,,,,,,,,,,,,,,,,,,,,,,,,,,,,,,,,,,,,,,,,,,,,,,,,,,,,,,,,,,,,,,,,,,,,,,,,,,,,,,,,,,,,,,,,,,,,,,,,,,,,,,,,,,,,,,,,,,,,,,,,,,,,,,,,,,,,,,,,,,,,,,,,,,,,,,,,,,,,,,,,,,,,,,,,,,,,,,,,,,,,,,,,,,,,,,,,,,,,,,,,,,,,,,,,,,,,,,,,,,,,,,,,,,,,,,,,,,,,,,,,,,,,,,,,,,,,,,,,,,,,,,,,,,,,,,,,,,,,,,,,,,,,,,,,,,,,,,,,,,,,,,,,,,,,,,,,,,,,,,,,,,,,,,,,,,,,,,,,,,,,,,,,,,,,,,,,,,,,,,,,,,,,,,,,,,,,,,,,,,,,,,,,,,,,,,,,,,,,,,,,,,,,,,,,,,,,,,,,,,,,,,,,,,,,,,,,,,,,,,,,,,,,,,,,,,,,,,,,,,,,,,,,,,,,,,,,,,,,,,,,,,,,,,,,
198,move,ia,ia,3,"[[0, 0, (1, 2), 0, 0], [0, 0, 0, 0, 0], [0, (0, -1), (0, -1), (0, -1), 0], [0, 0, 0, 0, 0], [0, 0, 0, 0, 0]]","[[0, 0, (1, 2), 0, 0], [0, 0, 0, 0, 0], [0, (0, -1), (0, -1), (0, -1), 0], [0, 0, 0, 0, (2, 1)], [0, 0, 0, 0, 0]]","[[0, 0, (1, 2), 0, 0], [0, 0, (1, 2), 0, 0], [0, (0, -1), (0, -1), (0, -1), 0], [0, 0, 0, 0, (2, 1)], [0, 0, 0, 0, 0]]","[[0, 0, (1, 2), 0, 0], [0, 0, (1, 2), 0, 0], [0, (0, -1), (0, -1), (0, -1), 0], [0, 0, 0, 0, 0], [0, 0, 0, 0, 0]]","[[0, 0, (1, 2), 0, 0], [0, 0, (1, 2), 0, 0], [0, (0, -1), (1, 2), (0, -1), 0], [0, 0, (0, -1), 0, 0], [0, 0, 0, 0, 0]]","[[0, 0, (1, 2), 0, 0], [0, 0, (1, 2), 0, 0], [0, (0, -1), (1, 2), (0, -1), 0], [0, 0, (0, -1), 0, 0], [(2, 1), 0, 0, 0, 0]]","[[0, 0, (1, 2), (1, 1), 0], [0, 0, (1, 2), 0, 0], [0, (0, -1), (1, 2), (0, -1), 0], [0, 0, (0, -1), 0, 0], [(2, 1), 0, 0, 0, 0]]","[[0, 0, (1, 2), (1, 1), 0], [0, 0, (1, 2), 0, 0], [0, (0, -1), (1, 2), (0, -1), 0], [0, 0, (0, -1), 0, (2, 1)], [(2, 1), 0, 0, 0, 0]]","[[0, (1, 1), (1, 2), (1, 1), 0], [0, 0, (1, 2), 0, 0], [0, (0, -1), (1, 2), (0, -1), 0], [0, 0, (0, -1), 0, (2, 1)], [(2, 1), 0, 0, 0, 0]]","[[0, (1, 1), (1, 2), (1, 1), 0], [0, 0, (1, 2), 0, 0], [0, (0, -1), (1, 2), (0, -1), 0], [0, 0, (0, -1), 0, 0], [(2, 1), 0, 0, 0, 0]]","[[0, (1, 1), 0, (1, 1), 0], [0, 0, (1, 2), 0, 0], [0, (0, -1), (1, 2), (0, -1), 0], [0, 0, (0, -1), 0, 0], [(2, 1), 0, 0, 0, 0]]","[[0, (1, 1), 0, (1, 1), 0], [0, 0, (1, 2), 0, 0], [0, (0, -1), (1, 2), (0, -1), 0], [0, 0, (0, -1), 0, (2, 1)], [(2, 1), 0, 0, 0, 0]]","[[0, (1, 1), (1, 2), (1, 1), 0], [0, 0, (1, 2), 0, 0], [0, (0, -1), (1, 2), (0, -1), 0], [0, 0, (0, -1), 0, (2, 1)], [(2, 1), 0, 0, 0, 0]]","[[0, (1, 1), (1, 2), (1, 1), (2, 0)], [0, 0, (1, 2), 0, 0], [0, (0, -1), (1, 2), (0, -1), 0], [0, 0, (0, -1), 0, (2, 1)], [(2, 1), 0, 0, 0, 0]]","[[0, (1, 1), 0, (1, 1), (2, 0)], [0, 0, (1, 2), 0, 0], [0, (0, -1), (1, 2), (0, -1), 0], [0, 0, (0, -1), 0, (2, 1)], [(2, 1), 0, 0, 0, 0]]","[[0, (1, 1), 0, (1, 1), (2, 0)], [0, 0, (1, 2), 0, 0], [0, (0, -1), (1, 2), (0, -1), 0], [0, 0, (0, -1), 0, 0], [(2, 1), 0, 0, 0, 0]]","[[0, (1, 1), (1, 2), (1, 1), (2, 0)], [0, 0, (1, 2), 0, 0], [0, (0, -1), (1, 2), (0, -1), 0], [0, 0, (0, -1), 0, 0], [(2, 1), 0, 0, 0, 0]]","[[0, (1, 1), (1, 2), (1, 1), (2, 0)], [0, 0, (1, 2), 0, 0], [0, (0, -1), (1, 2), (0, -1), (2, 2)], [0, 0, (0, -1), 0, 0], [(2, 1), 0, 0, 0, 0]]","[[0, (1, 1), 0, (1, 1), (2, 0)], [0, 0, (1, 2), 0, 0], [0, (0, -1), (1, 2), (0, -1), (2, 2)], [0, 0, (0, -1), 0, 0], [(2, 1), 0, 0, 0, 0]]","[[0, (2, 2), 0, (1, 1), (2, 0)], [0, (1, 1), (1, 2), 0, 0], [0, (0, -1), (1, 2), (0, -1), (2, 2)], [0, 0, (0, -1), 0, 0], [(2, 1), 0, 0, 0, 0]]","[[0, (2, 2), (1, 2), (1, 1), (2, 0)], [0, (1, 1), (1, 2), 0, 0], [0, (0, -1), (1, 2), (0, -1), (2, 2)], [0, 0, (0, -1), 0, 0], [(2, 1), 0, 0, 0, 0]]","[[0, (2, 2), (1, 2), (1, 1), (2, 0)], [0, (1, 1), (1, 2), 0, 0], [0, (0, -1), (1, 2), (0, -1), (2, 2)], [0, 0, (0, -1), 0, (2, 1)], [(2, 1), 0, 0, 0, 0]]","[[0, (2, 2), (1, 2), (1, 1), (2, 0)], [0, 0, (1, 1), (1, 2), 0], [0, (0, -1), (1, 2), (0, -1), (2, 2)], [0, 0, (0, -1), 0, (2, 1)], [(2, 1), 0, 0, 0, 0]]","[[0, (2, 2), (1, 2), (1, 1), (2, 0)], [0, 0, (1, 1), (1, 2), 0], [0, (0, -1), (1, 2), (0, -1), (2, 2)], [0, 0, (0, -1), (2, 1), 0], [(2, 1), 0, 0, 0, 0]]","[[0, (2, 2), 0, (1, 1), (2, 0)], [0, 0, (1, 1), (1, 2), 0], [0, (0, -1), (1, 2), (0, -1), (2, 2)], [0, 0, (0, -1), (2, 1), 0], [(2, 1), 0, 0, 0, 0]]","[[0, (2, 2), 0, (1, 1), (2, 2)], [0, 0, (1, 1), (1, 2), 0], [0, (0, -1), (1, 2), (0, -1), (2, 2)], [0, 0, (0, -1), (2, 1), 0], [(2, 1), 0, 0, 0, 0]]","[[0, (2, 2), (1, 2), (1, 1), (2, 2)], [0, 0, (1, 1), (1, 2), 0], [0, (0, -1), (1, 2), (0, -1), (2, 2)], [0, 0, (0, -1), (2, 1), 0], [(2, 1), 0, 0, 0, 0]]","[[0, (2, 2), (1, 2), (1, 1), (2, 2)], [0, 0, (1, 1), (1, 2), 0], [0, (0, -1), (1, 2), (0, -1), (2, 2)], [0, 0, (0, -1), (2, 3), 0], [(2, 1), 0, 0, 0, 0]]","[[0, (2, 2), (1, 1), (1, 1), (2, 2)], [0, 0, (1, 1), (1, 2), 0], [0, (0, -1), (1, 2), (0, -1), (2, 2)], [0, 0, (0, -1), (2, 3), 0], [(2, 1), 0, 0, 0, 0]]","[[0, (2, 2), (1, 1), (1, 1), (2, 2)], [0, 0, (1, 1), (1, 2), 0], [0, (0, -1), (1, 2), (0, -1), (2, 2)], [0, 0, (0, -1), (2, 3), 0], [0, (2, 1), 0, 0, 0]]","[[0, (2, 2), 0, (1, 1), (2, 2)], [0, 0, (1, 1), (1, 2), 0], [0, (0, -1), (1, 2), (0, -1), (2, 2)], [0, 0, (0, -1), (2, 3), 0], [0, (2, 1), 0, 0, 0]]","[[0, (2, 0), 0, (1, 1), (2, 2)], [0, 0, (1, 1), (1, 2), 0], [0, (0, -1), (1, 2), (0, -1), (2, 2)], [0, 0, (0, -1), (2, 3), 0], [0, (2, 1), 0, 0, 0]]","[[0, (2, 0), (1, 2), (1, 1), (2, 2)], [0, 0, (1, 1), (1, 2), 0], [0, (0, -1), (1, 2), (0, -1), (2, 2)], [0, 0, (0, -1), (2, 3), 0], [0, (2, 1), 0, 0, 0]]","[[0, (2, 2), (1, 2), (1, 1), (2, 2)], [0, 0, (1, 1), (1, 2), 0], [0, (0, -1), (1, 2), (0, -1), (2, 2)], [0, 0, (0, -1), (2, 3), 0], [0, (2, 1), 0, 0, 0]]","[[0, (2, 2), (1, 2), (1, 0), (2, 2)], [0, 0, (1, 1), (1, 2), 0], [0, (0, -1), (1, 2), (0, -1), (2, 2)], [0, 0, (0, -1), (2, 3), 0], [0, (2, 1), 0, 0, 0]]","[[0, (2, 2), (1, 2), (1, 0), (2, 2)], [0, 0, (1, 1), (1, 2), (2, 2)], [0, (0, -1), (1, 2), (0, -1), 0], [0, 0, (0, -1), (2, 3), 0], [0, (2, 1), 0, 0, 0]]","[[0, (2, 2), 0, (1, 0), (2, 2)], [0, 0, (1, 1), (1, 2), (2, 2)], [0, (0, -1), (1, 2), (0, -1), 0], [0, 0, (0, -1), (2, 3), 0], [0, (2, 1), 0, 0, 0]]","[[0, (2, 2), 0, (1, 0), (2, 2)], [0, 0, (1, 1), (1, 2), (2, 2)], [0, (0, -1), (1, 2), (0, -1), 0], [0, 0, (0, -1), (2, 3), 0], [(2, 1), 0, 0, 0, 0]]","[[0, (2, 2), (1, 2), (1, 0), (2, 2)], [0, 0, (1, 1), (1, 2), (2, 2)], [0, (0, -1), (1, 2), (0, -1), 0], [0, 0, (0, -1), (2, 3), 0], [(2, 1), 0, 0, 0, 0]]","[[0, (2, 2), (1, 2), (1, 0), (2, 1)], [0, 0, (1, 1), (1, 2), (2, 2)], [0, (0, -1), (1, 2), (0, -1), 0], [0, 0, (0, -1), (2, 3), 0], [(2, 1), 0, 0, 0, 0]]","[[0, (2, 2), 0, (1, 0), (2, 1)], [0, 0, (1, 1), (1, 2), (2, 2)], [0, (0, -1), (1, 2), (0, -1), 0], [0, 0, (0, -1), (2, 3), 0], [(2, 1), 0, 0, 0, 0]]","[[0, 0, 0, (1, 0), (2, 1)], [0, (2, 2), (1, 1), (1, 2), (2, 2)], [0, (0, -1), (1, 2), (0, -1), 0], [0, 0, (0, -1), (2, 3), 0], [(2, 1), 0, 0, 0, 0]]","[[0, 0, (1, 2), (1, 0), (2, 1)], [0, (2, 2), (1, 1), (1, 2), (2, 2)], [0, (0, -1), (1, 2), (0, -1), 0], [0, 0, (0, -1), (2, 3), 0], [(2, 1), 0, 0, 0, 0]]","[[0, 0, (1, 2), (1, 0), (2, 1)], [0, (2, 3), (1, 1), (1, 2), (2, 2)], [0, (0, -1), (1, 2), (0, -1), 0], [0, 0, (0, -1), (2, 3), 0], [(2, 1), 0, 0, 0, 0]]","[[0, 0, 0, (1, 0), (2, 1)], [0, (2, 3), (1, 1), (1, 2), (2, 2)], [0, (0, -1), (1, 2), (0, -1), 0], [0, 0, (0, -1), (2, 3), 0], [(2, 1), 0, 0, 0, 0]]",,,,,,,,,,,,,,,,,,,,,,,,,,,,,,,,,,,,,,,,,,,,,,,,,,,,,,,,,,,,,,,,,,,,,,,,,,,,,,,,,,,,,,,,,,,,,,,,,,,,,,,,,,,,,,,,,,,,,,,,,,,,,,,,,,,,,,,,,,,,,,,,,,,,,,,,,,,,,,,,,,,,,,,,,,,,,,,,,,,,,,,,,,,,,,,,,,,,,,,,,,,,,,,,,,,,,,,,,,,,,,,,,,,,,,,,,,,,,,,,,,,,,,,,,,,,,,,,,,,,,,,,,,,,,,,,,,,,,,,,,,,,,,,,,,,,,,,,,,,,,,,,,,,,,,,,,,,,,,,,,,,,,,,,,,,,,,,,,,,,,,,,,,,,,,,,,,,,,,,,,,,,,,,,,,,,,,,,,,,,,,,,,,,,,,,,,,,,,,,,,,,,,,,,,,,,,,,,,,,,,,,,,,,,,,,,,,,,,,,,,,,,,,,,,,,,,,,,,,,,,,,,,,,,,,,,,,,,,,,,,,,,,,,,,,,,,,,,,,,,,,,,,,,,,,,,,,,,,,,,,,,,,,,,,,,,,,,,,,,,,,,,,,,,,,,,,,,,,,,,,,,,,,,,,,,,,,,,,,,,,,,,,,,,,,,,,,,,,,,,,,,,,,,,,,,,,,,,,,,,,,,,,,,,,,,,,,,,,,,,,,,,,,,,,,,,,,,,,,,,,,,,,,,,,,,,,,,,,,,,,,,,,,,,,,,,,,,,,,,,,,,,,,,,,,,,,,,,,,,,,,,,,,,,,,,,,,,,,,,,,,,,,,,,,,,,,,,,,,,,,,,,,,,,,,,,,,,,,,,,,,,,,,,,,,,,,,,,,,,,,,,,,,,,,,,,,,,,,,,,,,,,,,,,,,,,,,,,,,,,,,,,,,,,,,,,,,,,,,,,,,,,,,,,,,,,,,,,,,,,,,,,,,,,,,,,,,,,,,,,,,,,,,,,,,,,,,,,,,,,,,,,,,,,,,,,,,,,,,,,,,,,,,,,,,,
199,state,ia,ia,1,"(1, ('e', 0, 2, 2))","(2, ('e', 3, 4, 1))","(1, ('e', 0, 2, 2))","(2, ('a', 3, 4))","(1, ('e', 0, 2, 2))","(2, ('e', 3, 4, 1))","(1, ('e', 0, 2, 2))","(2, ('a', 3, 4))","(1, ('e', 0, 2, 2))",,,,,,,,,,,,,,,,,,,,,,,,,,,,,,,,,,,,,,,,,,,,,,,,,,,,,,,,,,,,,,,,,,,,,,,,,,,,,,,,,,,,,,,,,,,,,,,,,,,,,,,,,,,,,,,,,,,,,,,,,,,,,,,,,,,,,,,,,,,,,,,,,,,,,,,,,,,,,,,,,,,,,,,,,,,,,,,,,,,,,,,,,,,,,,,,,,,,,,,,,,,,,,,,,,,,,,,,,,,,,,,,,,,,,,,,,,,,,,,,,,,,,,,,,,,,,,,,,,,,,,,,,,,,,,,,,,,,,,,,,,,,,,,,,,,,,,,,,,,,,,,,,,,,,,,,,,,,,,,,,,,,,,,,,,,,,,,,,,,,,,,,,,,,,,,,,,,,,,,,,,,,,,,,,,,,,,,,,,,,,,,,,,,,,,,,,,,,,,,,,,,,,,,,,,,,,,,,,,,,,,,,,,,,,,,,,,,,,,,,,,,,,,,,,,,,,,,,,,,,,,,,,,,,,,,,,,,,,,,,,,,,,,,,,,,,,,,,,,,,,,,,,,,,,,,,,,,,,,,,,,,,,,,,,,,,,,,,,,,,,,,,,,,,,,,,,,,,,,,,,,,,,,,,,,,,,,,,,,,,,,,,,,,,,,,,,,,,,,,,,,,,,,,,,,,,,,,,,,,,,,,,,,,,,,,,,,,,,,,,,,,,,,,,,,,,,,,,,,,,,,,,,,,,,,,,,,,,,,,,,,,,,,,,,,,,,,,,,,,,,,,,,,,,,,,,,,,,,,,,,,,,,,,,,,,,,,,,,,,,,,,,,,,,,,,,,,,,,,,,,,,,,,,,,,,,,,,,,,,,,,,,,,,,,,,,,,,,,,,,,,,,,,,,,,,,,,,,,,,,,,,,,,,,,,,,,,,,,,,,,,,,,,,,,,,,,,,,,,,,,,,,,,,,,,,,,,,,,,,,,,,,,,,,,,,,,,,,,,,,,,,,,,,,,,,,,,,,,,,,,,,,,,,,,,,,,,,,,,,,,,,,,,,,,,,,,,,,,,,,,,,,,,,,,,,,,,,,,,,,,,,,,,,
200,move,ia,ia,1,"[[0, 0, (1, 2), 0, 0], [0, 0, 0, 0, 0], [0, (0, -1), (0, -1), (0, -1), 0], [0, 0, 0, 0, 0], [0, 0, 0, 0, 0]]","[[0, 0, (1, 2), 0, 0], [0, 0, 0, 0, 0], [0, (0, -1), (0, -1), (0, -1), 0], [0, 0, 0, 0, (2, 1)], [0, 0, 0, 0, 0]]","[[0, 0, (1, 2), 0, 0], [0, 0, (1, 2), 0, 0], [0, (0, -1), (0, -1), (0, -1), 0], [0, 0, 0, 0, (2, 1)], [0, 0, 0, 0, 0]]","[[0, 0, (1, 2), 0, 0], [0, 0, (1, 2), 0, 0], [0, (0, -1), (0, -1), (0, -1), 0], [0, 0, 0, 0, 0], [0, 0, 0, 0, 0]]","[[0, 0, (1, 2), 0, 0], [0, 0, (1, 2), 0, 0], [0, (0, -1), (1, 2), (0, -1), 0], [0, 0, (0, -1), 0, 0], [0, 0, 0, 0, 0]]","[[0, 0, (1, 2), 0, 0], [0, 0, (1, 2), 0, 0], [0, (0, -1), (1, 2), (0, -1), 0], [0, 0, (0, -1), 0, (2, 1)], [0, 0, 0, 0, 0]]","[[0, 0, (1, 2), 0, 0], [0, 0, (1, 2), 0, 0], [0, (0, -1), (1, 2), (0, -1), 0], [0, 0, (1, 2), 0, (2, 1)], [0, 0, (0, -1), 0, 0]]","[[0, 0, (1, 2), 0, 0], [0, 0, (1, 2), 0, 0], [0, (0, -1), (1, 2), (0, -1), 0], [0, 0, (1, 2), 0, 0], [0, 0, (0, -1), 0, 0]]","[[0, 0, (1, 2), 0, 0], [0, 0, (1, 2), 0, 0], [0, (0, -1), (1, 2), (0, -1), 0], [0, 0, (1, 2), 0, 0], [0, 0, (1, 2), 0, 0]]",,,,,,,,,,,,,,,,,,,,,,,,,,,,,,,,,,,,,,,,,,,,,,,,,,,,,,,,,,,,,,,,,,,,,,,,,,,,,,,,,,,,,,,,,,,,,,,,,,,,,,,,,,,,,,,,,,,,,,,,,,,,,,,,,,,,,,,,,,,,,,,,,,,,,,,,,,,,,,,,,,,,,,,,,,,,,,,,,,,,,,,,,,,,,,,,,,,,,,,,,,,,,,,,,,,,,,,,,,,,,,,,,,,,,,,,,,,,,,,,,,,,,,,,,,,,,,,,,,,,,,,,,,,,,,,,,,,,,,,,,,,,,,,,,,,,,,,,,,,,,,,,,,,,,,,,,,,,,,,,,,,,,,,,,,,,,,,,,,,,,,,,,,,,,,,,,,,,,,,,,,,,,,,,,,,,,,,,,,,,,,,,,,,,,,,,,,,,,,,,,,,,,,,,,,,,,,,,,,,,,,,,,,,,,,,,,,,,,,,,,,,,,,,,,,,,,,,,,,,,,,,,,,,,,,,,,,,,,,,,,,,,,,,,,,,,,,,,,,,,,,,,,,,,,,,,,,,,,,,,,,,,,,,,,,,,,,,,,,,,,,,,,,,,,,,,,,,,,,,,,,,,,,,,,,,,,,,,,,,,,,,,,,,,,,,,,,,,,,,,,,,,,,,,,,,,,,,,,,,,,,,,,,,,,,,,,,,,,,,,,,,,,,,,,,,,,,,,,,,,,,,,,,,,,,,,,,,,,,,,,,,,,,,,,,,,,,,,,,,,,,,,,,,,,,,,,,,,,,,,,,,,,,,,,,,,,,,,,,,,,,,,,,,,,,,,,,,,,,,,,,,,,,,,,,,,,,,,,,,,,,,,,,,,,,,,,,,,,,,,,,,,,,,,,,,,,,,,,,,,,,,,,,,,,,,,,,,,,,,,,,,,,,,,,,,,,,,,,,,,,,,,,,,,,,,,,,,,,,,,,,,,,,,,,,,,,,,,,,,,,,,,,,,,,,,,,,,,,,,,,,,,,,,,,,,,,,,,,,,,,,,,,,,,,,,,,,,,,,,,,,,,,,,,,,,,,,,,,,,,,,,,,,,
201,state,ia,ia,1,"(1, ('e', 0, 2, 2))","(2, ('e', 3, 4, 1))","(1, ('e', 0, 2, 2))","(2, ('a', 3, 4))","(1, ('e', 0, 2, 2))","(2, ('e', 3, 4, 1))","(1, ('e', 0, 2, 2))","(2, ('a', 3, 4))","(1, ('e', 0, 4, 0))","(2, ('e', 0, 0, 1))","(1, ('a', 0, 2))","(2, ('e', 3, 4, 1))","(1, ('e', 4, 3, 3))","(2, ('a', 3, 4))","(1, ('m', 1, 2, 3))","(2, ('e', 3, 4, 1))","(1, ('m', 2, 2, 0))","(2, ('a', 3, 4))","(1, ('m', 0, 4, 3))","(2, ('e', 3, 4, 1))","(1, ('m', 3, 2, 2))",,,,,,,,,,,,,,,,,,,,,,,,,,,,,,,,,,,,,,,,,,,,,,,,,,,,,,,,,,,,,,,,,,,,,,,,,,,,,,,,,,,,,,,,,,,,,,,,,,,,,,,,,,,,,,,,,,,,,,,,,,,,,,,,,,,,,,,,,,,,,,,,,,,,,,,,,,,,,,,,,,,,,,,,,,,,,,,,,,,,,,,,,,,,,,,,,,,,,,,,,,,,,,,,,,,,,,,,,,,,,,,,,,,,,,,,,,,,,,,,,,,,,,,,,,,,,,,,,,,,,,,,,,,,,,,,,,,,,,,,,,,,,,,,,,,,,,,,,,,,,,,,,,,,,,,,,,,,,,,,,,,,,,,,,,,,,,,,,,,,,,,,,,,,,,,,,,,,,,,,,,,,,,,,,,,,,,,,,,,,,,,,,,,,,,,,,,,,,,,,,,,,,,,,,,,,,,,,,,,,,,,,,,,,,,,,,,,,,,,,,,,,,,,,,,,,,,,,,,,,,,,,,,,,,,,,,,,,,,,,,,,,,,,,,,,,,,,,,,,,,,,,,,,,,,,,,,,,,,,,,,,,,,,,,,,,,,,,,,,,,,,,,,,,,,,,,,,,,,,,,,,,,,,,,,,,,,,,,,,,,,,,,,,,,,,,,,,,,,,,,,,,,,,,,,,,,,,,,,,,,,,,,,,,,,,,,,,,,,,,,,,,,,,,,,,,,,,,,,,,,,,,,,,,,,,,,,,,,,,,,,,,,,,,,,,,,,,,,,,,,,,,,,,,,,,,,,,,,,,,,,,,,,,,,,,,,,,,,,,,,,,,,,,,,,,,,,,,,,,,,,,,,,,,,,,,,,,,,,,,,,,,,,,,,,,,,,,,,,,,,,,,,,,,,,,,,,,,,,,,,,,,,,,,,,,,,,,,,,,,,,,,,,,,,,,,,,,,,,,,,,,,,,,,,,,,,,,,,,,,,,,,,,,,,,,,,,,,,,,,,,,,,,,,,,,,,,,,,,,,,,,,,,,,,,,,,,,,,,,,,,,,,,,,,,,,,,,,,,,,,,,,,,,,,,,,,,,
202,move,ia,ia,1,"[[0, 0, (1, 2), 0, 0], [0, 0, 0, 0, 0], [0, (0, -1), (0, -1), (0, -1), 0], [0, 0, 0, 0, 0], [0, 0, 0, 0, 0]]","[[0, 0, (1, 2), 0, 0], [0, 0, 0, 0, 0], [0, (0, -1), (0, -1), (0, -1), 0], [0, 0, 0, 0, (2, 1)], [0, 0, 0, 0, 0]]","[[0, 0, (1, 2), 0, 0], [0, 0, (1, 2), 0, 0], [0, (0, -1), (0, -1), (0, -1), 0], [0, 0, 0, 0, (2, 1)], [0, 0, 0, 0, 0]]","[[0, 0, (1, 2), 0, 0], [0, 0, (1, 2), 0, 0], [0, (0, -1), (0, -1), (0, -1), 0], [0, 0, 0, 0, 0], [0, 0, 0, 0, 0]]","[[0, 0, (1, 2), 0, 0], [0, 0, (1, 2), 0, 0], [0, (0, -1), (1, 2), (0, -1), 0], [0, 0, (0, -1), 0, 0], [0, 0, 0, 0, 0]]","[[0, 0, (1, 2), 0, 0], [0, 0, (1, 2), 0, 0], [0, (0, -1), (1, 2), (0, -1), 0], [0, 0, (0, -1), 0, (2, 1)], [0, 0, 0, 0, 0]]","[[0, 0, (1, 2), 0, 0], [0, 0, (1, 2), 0, 0], [0, (0, -1), (1, 2), (0, -1), 0], [0, 0, (1, 2), 0, (2, 1)], [0, 0, (0, -1), 0, 0]]","[[0, 0, (1, 2), 0, 0], [0, 0, (1, 2), 0, 0], [0, (0, -1), (1, 2), (0, -1), 0], [0, 0, (1, 2), 0, 0], [0, 0, (0, -1), 0, 0]]","[[0, 0, (1, 2), 0, (1, 0)], [0, 0, (1, 2), 0, 0], [0, (0, -1), (1, 2), (0, -1), 0], [0, 0, (1, 2), 0, 0], [0, 0, (0, -1), 0, 0]]","[[(2, 1), 0, (1, 2), 0, (1, 0)], [0, 0, (1, 2), 0, 0], [0, (0, -1), (1, 2), (0, -1), 0], [0, 0, (1, 2), 0, 0], [0, 0, (0, -1), 0, 0]]","[[(2, 1), 0, 0, 0, (1, 0)], [0, 0, (1, 2), 0, 0], [0, (0, -1), (1, 2), (0, -1), 0], [0, 0, (1, 2), 0, 0], [0, 0, (0, -1), 0, 0]]","[[(2, 1), 0, 0, 0, (1, 0)], [0, 0, (1, 2), 0, 0], [0, (0, -1), (1, 2), (0, -1), 0], [0, 0, (1, 2), 0, (2, 1)], [0, 0, (0, -1), 0, 0]]","[[(2, 1), 0, 0, 0, (1, 0)], [0, 0, (1, 2), 0, 0], [0, (0, -1), (1, 2), (0, -1), 0], [0, 0, (1, 2), 0, (2, 1)], [0, 0, (0, -1), (1, 3), 0]]","[[(2, 1), 0, 0, 0, (1, 0)], [0, 0, (1, 2), 0, 0], [0, (0, -1), (1, 2), (0, -1), 0], [0, 0, (1, 2), 0, 0], [0, 0, (0, -1), (1, 3), 0]]","[[(2, 1), 0, 0, 0, (1, 0)], [0, (1, 2), 0, 0, 0], [0, (0, -1), (1, 2), (0, -1), 0], [0, 0, (1, 2), 0, 0], [0, 0, (0, -1), (1, 3), 0]]","[[(2, 1), 0, 0, 0, (1, 0)], [0, (1, 2), 0, 0, 0], [0, (0, -1), (1, 2), (0, -1), 0], [0, 0, (1, 2), 0, (2, 1)], [0, 0, (0, -1), (1, 3), 0]]","[[(2, 1), 0, 0, 0, (1, 0)], [0, (1, 2), (1, 2), 0, 0], [0, (0, -1), 0, (0, -1), 0], [0, 0, (1, 2), 0, (2, 1)], [0, 0, (0, -1), (1, 3), 0]]","[[(2, 1), 0, 0, 0, (1, 0)], [0, (1, 2), (1, 2), 0, 0], [0, (0, -1), 0, (0, -1), 0], [0, 0, (1, 2), 0, 0], [0, 0, (0, -1), (1, 3), 0]]","[[(2, 1), 0, 0, (1, 0), 0], [0, (1, 2), (1, 2), 0, 0], [0, (0, -1), 0, (0, -1), 0], [0, 0, (1, 2), 0, 0], [0, 0, (0, -1), (1, 3), 0]]","[[(2, 1), 0, 0, (1, 0), 0], [0, (1, 2), (1, 2), 0, 0], [0, (0, -1), 0, (0, -1), 0], [0, 0, (1, 2), 0, (2, 1)], [0, 0, (0, -1), (1, 3), 0]]","[[(2, 1), 0, 0, (1, 0), 0], [0, (1, 2), (1, 2), 0, 0], [0, (0, -1), 0, (0, -1), 0], [0, 0, 0, 0, (2, 1)], [0, 0, (1, 2), (1, 3), 0]]",,,,,,,,,,,,,,,,,,,,,,,,,,,,,,,,,,,,,,,,,,,,,,,,,,,,,,,,,,,,,,,,,,,,,,,,,,,,,,,,,,,,,,,,,,,,,,,,,,,,,,,,,,,,,,,,,,,,,,,,,,,,,,,,,,,,,,,,,,,,,,,,,,,,,,,,,,,,,,,,,,,,,,,,,,,,,,,,,,,,,,,,,,,,,,,,,,,,,,,,,,,,,,,,,,,,,,,,,,,,,,,,,,,,,,,,,,,,,,,,,,,,,,,,,,,,,,,,,,,,,,,,,,,,,,,,,,,,,,,,,,,,,,,,,,,,,,,,,,,,,,,,,,,,,,,,,,,,,,,,,,,,,,,,,,,,,,,,,,,,,,,,,,,,,,,,,,,,,,,,,,,,,,,,,,,,,,,,,,,,,,,,,,,,,,,,,,,,,,,,,,,,,,,,,,,,,,,,,,,,,,,,,,,,,,,,,,,,,,,,,,,,,,,,,,,,,,,,,,,,,,,,,,,,,,,,,,,,,,,,,,,,,,,,,,,,,,,,,,,,,,,,,,,,,,,,,,,,,,,,,,,,,,,,,,,,,,,,,,,,,,,,,,,,,,,,,,,,,,,,,,,,,,,,,,,,,,,,,,,,,,,,,,,,,,,,,,,,,,,,,,,,,,,,,,,,,,,,,,,,,,,,,,,,,,,,,,,,,,,,,,,,,,,,,,,,,,,,,,,,,,,,,,,,,,,,,,,,,,,,,,,,,,,,,,,,,,,,,,,,,,,,,,,,,,,,,,,,,,,,,,,,,,,,,,,,,,,,,,,,,,,,,,,,,,,,,,,,,,,,,,,,,,,,,,,,,,,,,,,,,,,,,,,,,,,,,,,,,,,,,,,,,,,,,,,,,,,,,,,,,,,,,,,,,,,,,,,,,,,,,,,,,,,,,,,,,,,,,,,,,,,,,,,,,,,,,,,,,,,,,,,,,,,,,,,,,,,,,,,,,,,,,,,,,,,,,,,,,,,,,,,,,,,,,,,,,,,,,,,,,,,,,,,,,,,,,,,,,,,,,,,,,,,,,,,,,,,
203,state,ia,ia,3,"(1, ('e', 0, 2, 2))","(2, ('e', 3, 4, 1))","(1, ('e', 1, 4, 3))","(2, ('a', 3, 4))","(1, ('e', 0, 2, 2))","(2, ('e', 3, 4, 1))","(1, ('e', 0, 2, 2))","(2, ('a', 3, 4))","(1, ('e', 0, 2, 2))","(2, ('e', 3, 4, 1))","(1, ('t', 2, 2, 1))","(2, ('a', 3, 4))","(1, ('a', 0, 2))","(2, ('e', 2, 4, 1))","(1, ('e', 0, 2, 2))","(2, ('e', 3, 4, 1))","(1, ('a', 0, 2))","(2, ('a', 3, 4))","(1, ('e', 0, 2, 2))","(2, ('e', 3, 4, 1))","(1, ('m', 1, 2, 3))","(2, ('a', 3, 4))","(1, ('a', 0, 2))","(2, ('e', 3, 4, 1))","(1, ('e', 0, 2, 2))","(2, ('a', 3, 4))","(1, ('a', 0, 2))","(2, ('e', 3, 4, 1))","(1, ('e', 0, 2, 2))","(2, ('a', 3, 4))","(1, ('a', 0, 2))","(2, ('e', 3, 4, 1))","(1, ('e', 0, 2, 2))","(2, ('a', 3, 4))","(1, ('a', 0, 2))","(2, ('e', 3, 4, 1))","(1, ('e', 0, 2, 2))","(2, ('a', 3, 4))","(1, ('a', 0, 2))","(2, ('e', 3, 4, 1))","(1, ('e', 0, 2, 2))","(2, ('a', 3, 4))","(1, ('a', 0, 2))","(2, ('e', 3, 4, 1))","(1, ('e', 0, 2, 2))","(2, ('a', 3, 4))","(1, ('t', 1, 4, 2))","(2, ('e', 3, 4, 1))","(1, ('a', 0, 2))",,,,,,,,,,,,,,,,,,,,,,,,,,,,,,,,,,,,,,,,,,,,,,,,,,,,,,,,,,,,,,,,,,,,,,,,,,,,,,,,,,,,,,,,,,,,,,,,,,,,,,,,,,,,,,,,,,,,,,,,,,,,,,,,,,,,,,,,,,,,,,,,,,,,,,,,,,,,,,,,,,,,,,,,,,,,,,,,,,,,,,,,,,,,,,,,,,,,,,,,,,,,,,,,,,,,,,,,,,,,,,,,,,,,,,,,,,,,,,,,,,,,,,,,,,,,,,,,,,,,,,,,,,,,,,,,,,,,,,,,,,,,,,,,,,,,,,,,,,,,,,,,,,,,,,,,,,,,,,,,,,,,,,,,,,,,,,,,,,,,,,,,,,,,,,,,,,,,,,,,,,,,,,,,,,,,,,,,,,,,,,,,,,,,,,,,,,,,,,,,,,,,,,,,,,,,,,,,,,,,,,,,,,,,,,,,,,,,,,,,,,,,,,,,,,,,,,,,,,,,,,,,,,,,,,,,,,,,,,,,,,,,,,,,,,,,,,,,,,,,,,,,,,,,,,,,,,,,,,,,,,,,,,,,,,,,,,,,,,,,,,,,,,,,,,,,,,,,,,,,,,,,,,,,,,,,,,,,,,,,,,,,,,,,,,,,,,,,,,,,,,,,,,,,,,,,,,,,,,,,,,,,,,,,,,,,,,,,,,,,,,,,,,,,,,,,,,,,,,,,,,,,,,,,,,,,,,,,,,,,,,,,,,,,,,,,,,,,,,,,,,,,,,,,,,,,,,,,,,,,,,,,,,,,,,,,,,,,,,,,,,,,,,,,,,,,,,,,,,,,,,,,,,,,,,,,,,,,,,,,,,,,,,,,,,,,,,,,,,,,,,,,,,,,,,,,,,,,,,,,,,,,,,,,,,,,,,,,,,,,,,,,,,,,,,,,,,,,,,,,,,,,,,,,,,,,,,,,,,,,,,,,,,,,,,,,,,,,,,,,,,,,,,,,,,,,,,,,,,,,,,,,,,,,,,,,,,,,,,,,,,,,,,,
204,move,ia,ia,3,"[[0, 0, (1, 2), 0, 0], [0, 0, 0, 0, 0], [0, (0, -1), (0, -1), (0, -1), 0], [0, 0, 0, 0, 0], [0, 0, 0, 0, 0]]","[[0, 0, (1, 2), 0, 0], [0, 0, 0, 0, 0], [0, (0, -1), (0, -1), (0, -1), 0], [0, 0, 0, 0, (2, 1)], [0, 0, 0, 0, 0]]","[[0, 0, (1, 2), 0, 0], [0, 0, 0, 0, (1, 3)], [0, (0, -1), (0, -1), (0, -1), 0], [0, 0, 0, 0, (2, 1)], [0, 0, 0, 0, 0]]","[[0, 0, (1, 2), 0, 0], [0, 0, 0, 0, (1, 3)], [0, (0, -1), (0, -1), (0, -1), 0], [0, 0, 0, 0, 0], [0, 0, 0, 0, 0]]","[[0, 0, (1, 2), 0, 0], [0, 0, (1, 2), 0, (1, 3)], [0, (0, -1), (0, -1), (0, -1), 0], [0, 0, 0, 0, 0], [0, 0, 0, 0, 0]]","[[0, 0, (1, 2), 0, 0], [0, 0, (1, 2), 0, (1, 3)], [0, (0, -1), (0, -1), (0, -1), 0], [0, 0, 0, 0, (2, 1)], [0, 0, 0, 0, 0]]","[[0, 0, (1, 2), 0, 0], [0, 0, (1, 2), 0, (1, 3)], [0, (0, -1), (1, 2), (0, -1), 0], [0, 0, (0, -1), 0, (2, 1)], [0, 0, 0, 0, 0]]","[[0, 0, (1, 2), 0, 0], [0, 0, (1, 2), 0, (1, 3)], [0, (0, -1), (1, 2), (0, -1), 0], [0, 0, (0, -1), 0, 0], [0, 0, 0, 0, 0]]","[[0, 0, (1, 2), 0, 0], [0, 0, (1, 2), 0, (1, 3)], [0, (0, -1), (1, 2), (0, -1), 0], [0, 0, (1, 2), 0, 0], [0, 0, (0, -1), 0, 0]]","[[0, 0, (1, 2), 0, 0], [0, 0, (1, 2), 0, (1, 3)], [0, (0, -1), (1, 2), (0, -1), 0], [0, 0, (1, 2), 0, (2, 1)], [0, 0, (0, -1), 0, 0]]","[[0, 0, (1, 2), 0, 0], [0, 0, (1, 2), 0, (1, 3)], [0, (0, -1), (1, 1), (0, -1), 0], [0, 0, (1, 2), 0, (2, 1)], [0, 0, (0, -1), 0, 0]]","[[0, 0, (1, 2), 0, 0], [0, 0, (1, 2), 0, (1, 3)], [0, (0, -1), (1, 1), (0, -1), 0], [0, 0, (1, 2), 0, 0], [0, 0, (0, -1), 0, 0]]","[[0, 0, 0, 0, 0], [0, 0, (1, 2), 0, (1, 3)], [0, (0, -1), (1, 1), (0, -1), 0], [0, 0, (1, 2), 0, 0], [0, 0, (0, -1), 0, 0]]","[[0, 0, 0, 0, 0], [0, 0, (1, 2), 0, (1, 3)], [0, (0, -1), (1, 1), (0, -1), (2, 1)], [0, 0, (1, 2), 0, 0], [0, 0, (0, -1), 0, 0]]","[[0, 0, (1, 2), 0, 0], [0, 0, (1, 2), 0, (1, 3)], [0, (0, -1), (1, 1), (0, -1), (2, 1)], [0, 0, (1, 2), 0, 0], [0, 0, (0, -1), 0, 0]]","[[0, 0, (1, 2), 0, 0], [0, 0, (1, 2), 0, (1, 3)], [0, (0, -1), (1, 1), (0, -1), (2, 1)], [0, 0, (1, 2), 0, (2, 1)], [0, 0, (0, -1), 0, 0]]","[[0, 0, 0, 0, 0], [0, 0, (1, 2), 0, (1, 3)], [0, (0, -1), (1, 1), (0, -1), (2, 1)], [0, 0, (1, 2), 0, (2, 1)], [0, 0, (0, -1), 0, 0]]","[[0, 0, 0, 0, 0], [0, 0, (1, 2), 0, (1, 3)], [0, (0, -1), (1, 1), (0, -1), (2, 1)], [0, 0, (1, 2), 0, 0], [0, 0, (0, -1), 0, 0]]","[[0, 0, (1, 2), 0, 0], [0, 0, (1, 2), 0, (1, 3)], [0, (0, -1), (1, 1), (0, -1), (2, 1)], [0, 0, (1, 2), 0, 0], [0, 0, (0, -1), 0, 0]]","[[0, 0, (1, 2), 0, 0], [0, 0, (1, 2), 0, (1, 3)], [0, (0, -1), (1, 1), (0, -1), (2, 1)], [0, 0, (1, 2), 0, (2, 1)], [0, 0, (0, -1), 0, 0]]","[[0, 0, (1, 2), 0, 0], [0, (1, 2), 0, 0, (1, 3)], [0, (0, -1), (1, 1), (0, -1), (2, 1)], [0, 0, (1, 2), 0, (2, 1)], [0, 0, (0, -1), 0, 0]]","[[0, 0, (1, 2), 0, 0], [0, (1, 2), 0, 0, (1, 3)], [0, (0, -1), (1, 1), (0, -1), (2, 1)], [0, 0, (1, 2), 0, 0], [0, 0, (0, -1), 0, 0]]","[[0, 0, 0, 0, 0], [0, (1, 2), 0, 0, (1, 3)], [0, (0, -1), (1, 1), (0, -1), (2, 1)], [0, 0, (1, 2), 0, 0], [0, 0, (0, -1), 0, 0]]","[[0, 0, 0, 0, 0], [0, (1, 2), 0, 0, (1, 3)], [0, (0, -1), (1, 1), (0, -1), (2, 1)], [0, 0, (1, 2), 0, (2, 1)], [0, 0, (0, -1), 0, 0]]","[[0, 0, (1, 2), 0, 0], [0, (1, 2), 0, 0, (1, 3)], [0, (0, -1), (1, 1), (0, -1), (2, 1)], [0, 0, (1, 2), 0, (2, 1)], [0, 0, (0, -1), 0, 0]]","[[0, 0, (1, 2), 0, 0], [0, (1, 2), 0, 0, (1, 3)], [0, (0, -1), (1, 1), (0, -1), (2, 1)], [0, 0, (1, 2), 0, 0], [0, 0, (0, -1), 0, 0]]","[[0, 0, 0, 0, 0], [0, (1, 2), 0, 0, (1, 3)], [0, (0, -1), (1, 1), (0, -1), (2, 1)], [0, 0, (1, 2), 0, 0], [0, 0, (0, -1), 0, 0]]","[[0, 0, 0, 0, 0], [0, (1, 2), 0, 0, (1, 3)], [0, (0, -1), (1, 1), (0, -1), (2, 1)], [0, 0, (1, 2), 0, (2, 1)], [0, 0, (0, -1), 0, 0]]","[[0, 0, (1, 2), 0, 0], [0, (1, 2), 0, 0, (1, 3)], [0, (0, -1), (1, 1), (0, -1), (2, 1)], [0, 0, (1, 2), 0, (2, 1)], [0, 0, (0, -1), 0, 0]]","[[0, 0, (1, 2), 0, 0], [0, (1, 2), 0, 0, (1, 3)], [0, (0, -1), (1, 1), (0, -1), (2, 1)], [0, 0, (1, 2), 0, 0], [0, 0, (0, -1), 0, 0]]","[[0, 0, 0, 0, 0], [0, (1, 2), 0, 0, (1, 3)], [0, (0, -1), (1, 1), (0, -1), (2, 1)], [0, 0, (1, 2), 0, 0], [0, 0, (0, -1), 0, 0]]","[[0, 0, 0, 0, 0], [0, (1, 2), 0, 0, (1, 3)], [0, (0, -1), (1, 1), (0, -1), (2, 1)], [0, 0, (1, 2), 0, (2, 1)], [0, 0, (0, -1), 0, 0]]","[[0, 0, (1, 2), 0, 0], [0, (1, 2), 0, 0, (1, 3)], [0, (0, -1), (1, 1), (0, -1), (2, 1)], [0, 0, (1, 2), 0, (2, 1)], [0, 0, (0, -1), 0, 0]]","[[0, 0, (1, 2), 0, 0], [0, (1, 2), 0, 0, (1, 3)], [0, (0, -1), (1, 1), (0, -1), (2, 1)], [0, 0, (1, 2), 0, 0], [0, 0, (0, -1), 0, 0]]","[[0, 0, 0, 0, 0], [0, (1, 2), 0, 0, (1, 3)], [0, (0, -1), (1, 1), (0, -1), (2, 1)], [0, 0, (1, 2), 0, 0], [0, 0, (0, -1), 0, 0]]","[[0, 0, 0, 0, 0], [0, (1, 2), 0, 0, (1, 3)], [0, (0, -1), (1, 1), (0, -1), (2, 1)], [0, 0, (1, 2), 0, (2, 1)], [0, 0, (0, -1), 0, 0]]","[[0, 0, (1, 2), 0, 0], [0, (1, 2), 0, 0, (1, 3)], [0, (0, -1), (1, 1), (0, -1), (2, 1)], [0, 0, (1, 2), 0, (2, 1)], [0, 0, (0, -1), 0, 0]]","[[0, 0, (1, 2), 0, 0], [0, (1, 2), 0, 0, (1, 3)], [0, (0, -1), (1, 1), (0, -1), (2, 1)], [0, 0, (1, 2), 0, 0], [0, 0, (0, -1), 0, 0]]","[[0, 0, 0, 0, 0], [0, (1, 2), 0, 0, (1, 3)], [0, (0, -1), (1, 1), (0, -1), (2, 1)], [0, 0, (1, 2), 0, 0], [0, 0, (0, -1), 0, 0]]","[[0, 0, 0, 0, 0], [0, (1, 2), 0, 0, (1, 3)], [0, (0, -1), (1, 1), (0, -1), (2, 1)], [0, 0, (1, 2), 0, (2, 1)], [0, 0, (0, -1), 0, 0]]","[[0, 0, (1, 2), 0, 0], [0, (1, 2), 0, 0, (1, 3)], [0, (0, -1), (1, 1), (0, -1), (2, 1)], [0, 0, (1, 2), 0, (2, 1)], [0, 0, (0, -1), 0, 0]]","[[0, 0, (1, 2), 0, 0], [0, (1, 2), 0, 0, (1, 3)], [0, (0, -1), (1, 1), (0, -1), (2, 1)], [0, 0, (1, 2), 0, 0], [0, 0, (0, -1), 0, 0]]","[[0, 0, 0, 0, 0], [0, (1, 2), 0, 0, (1, 3)], [0, (0, -1), (1, 1), (0, -1), (2, 1)], [0, 0, (1, 2), 0, 0], [0, 0, (0, -1), 0, 0]]","[[0, 0, 0, 0, 0], [0, (1, 2), 0, 0, (1, 3)], [0, (0, -1), (1, 1), (0, -1), (2, 1)], [0, 0, (1, 2), 0, (2, 1)], [0, 0, (0, -1), 0, 0]]","[[0, 0, (1, 2), 0, 0], [0, (1, 2), 0, 0, (1, 3)], [0, (0, -1), (1, 1), (0, -1), (2, 1)], [0, 0, (1, 2), 0, (2, 1)], [0, 0, (0, -1), 0, 0]]","[[0, 0, (1, 2), 0, 0], [0, (1, 2), 0, 0, (1, 3)], [0, (0, -1), (1, 1), (0, -1), (2, 1)], [0, 0, (1, 2), 0, 0], [0, 0, (0, -1), 0, 0]]","[[0, 0, (1, 2), 0, 0], [0, (1, 2), 0, 0, (1, 2)], [0, (0, -1), (1, 1), (0, -1), (2, 1)], [0, 0, (1, 2), 0, 0], [0, 0, (0, -1), 0, 0]]","[[0, 0, (1, 2), 0, 0], [0, (1, 2), 0, 0, (1, 2)], [0, (0, -1), (1, 1), (0, -1), (2, 1)], [0, 0, (1, 2), 0, (2, 1)], [0, 0, (0, -1), 0, 0]]","[[0, 0, 0, 0, 0], [0, (1, 2), 0, 0, (1, 2)], [0, (0, -1), (1, 1), (0, -1), (2, 1)], [0, 0, (1, 2), 0, (2, 1)], [0, 0, (0, -1), 0, 0]]",,,,,,,,,,,,,,,,,,,,,,,,,,,,,,,,,,,,,,,,,,,,,,,,,,,,,,,,,,,,,,,,,,,,,,,,,,,,,,,,,,,,,,,,,,,,,,,,,,,,,,,,,,,,,,,,,,,,,,,,,,,,,,,,,,,,,,,,,,,,,,,,,,,,,,,,,,,,,,,,,,,,,,,,,,,,,,,,,,,,,,,,,,,,,,,,,,,,,,,,,,,,,,,,,,,,,,,,,,,,,,,,,,,,,,,,,,,,,,,,,,,,,,,,,,,,,,,,,,,,,,,,,,,,,,,,,,,,,,,,,,,,,,,,,,,,,,,,,,,,,,,,,,,,,,,,,,,,,,,,,,,,,,,,,,,,,,,,,,,,,,,,,,,,,,,,,,,,,,,,,,,,,,,,,,,,,,,,,,,,,,,,,,,,,,,,,,,,,,,,,,,,,,,,,,,,,,,,,,,,,,,,,,,,,,,,,,,,,,,,,,,,,,,,,,,,,,,,,,,,,,,,,,,,,,,,,,,,,,,,,,,,,,,,,,,,,,,,,,,,,,,,,,,,,,,,,,,,,,,,,,,,,,,,,,,,,,,,,,,,,,,,,,,,,,,,,,,,,,,,,,,,,,,,,,,,,,,,,,,,,,,,,,,,,,,,,,,,,,,,,,,,,,,,,,,,,,,,,,,,,,,,,,,,,,,,,,,,,,,,,,,,,,,,,,,,,,,,,,,,,,,,,,,,,,,,,,,,,,,,,,,,,,,,,,,,,,,,,,,,,,,,,,,,,,,,,,,,,,,,,,,,,,,,,,,,,,,,,,,,,,,,,,,,,,,,,,,,,,,,,,,,,,,,,,,,,,,,,,,,,,,,,,,,,,,,,,,,,,,,,,,,,,,,,,,,,,,,,,,,,,,,,,,,,,,,,,,,,,,,,,,,,,,,,,,,,,,,,,,,,,,,,,,,,,,,,,,,,,,,,,,,,,,,,,,,,,,,,,,,,,,,,,,,,,,,,,,,,,,,,,,,,,,,,,,,,,,,,,,,,,,,,,,
205,state,ia,ia,1,"(1, ('e', 0, 2, 2))","(2, ('e', 3, 4, 1))","(1, ('e', 0, 2, 2))","(2, ('a', 3, 4))","(1, ('e', 0, 2, 2))","(2, ('e', 3, 4, 1))","(1, ('e', 0, 2, 2))","(2, ('a', 3, 4))","(1, ('e', 0, 2, 2))",,,,,,,,,,,,,,,,,,,,,,,,,,,,,,,,,,,,,,,,,,,,,,,,,,,,,,,,,,,,,,,,,,,,,,,,,,,,,,,,,,,,,,,,,,,,,,,,,,,,,,,,,,,,,,,,,,,,,,,,,,,,,,,,,,,,,,,,,,,,,,,,,,,,,,,,,,,,,,,,,,,,,,,,,,,,,,,,,,,,,,,,,,,,,,,,,,,,,,,,,,,,,,,,,,,,,,,,,,,,,,,,,,,,,,,,,,,,,,,,,,,,,,,,,,,,,,,,,,,,,,,,,,,,,,,,,,,,,,,,,,,,,,,,,,,,,,,,,,,,,,,,,,,,,,,,,,,,,,,,,,,,,,,,,,,,,,,,,,,,,,,,,,,,,,,,,,,,,,,,,,,,,,,,,,,,,,,,,,,,,,,,,,,,,,,,,,,,,,,,,,,,,,,,,,,,,,,,,,,,,,,,,,,,,,,,,,,,,,,,,,,,,,,,,,,,,,,,,,,,,,,,,,,,,,,,,,,,,,,,,,,,,,,,,,,,,,,,,,,,,,,,,,,,,,,,,,,,,,,,,,,,,,,,,,,,,,,,,,,,,,,,,,,,,,,,,,,,,,,,,,,,,,,,,,,,,,,,,,,,,,,,,,,,,,,,,,,,,,,,,,,,,,,,,,,,,,,,,,,,,,,,,,,,,,,,,,,,,,,,,,,,,,,,,,,,,,,,,,,,,,,,,,,,,,,,,,,,,,,,,,,,,,,,,,,,,,,,,,,,,,,,,,,,,,,,,,,,,,,,,,,,,,,,,,,,,,,,,,,,,,,,,,,,,,,,,,,,,,,,,,,,,,,,,,,,,,,,,,,,,,,,,,,,,,,,,,,,,,,,,,,,,,,,,,,,,,,,,,,,,,,,,,,,,,,,,,,,,,,,,,,,,,,,,,,,,,,,,,,,,,,,,,,,,,,,,,,,,,,,,,,,,,,,,,,,,,,,,,,,,,,,,,,,,,,,,,,,,,,,,,,,,,,,,,,,,,,,,,,,,,,,,,,,,,,,,,,,,,,,,,,,,,,,,,,,,,,,,,,,,,,,,,,
206,move,ia,ia,1,"[[0, 0, (1, 2), 0, 0], [0, 0, 0, 0, 0], [0, (0, -1), (0, -1), (0, -1), 0], [0, 0, 0, 0, 0], [0, 0, 0, 0, 0]]","[[0, 0, (1, 2), 0, 0], [0, 0, 0, 0, 0], [0, (0, -1), (0, -1), (0, -1), 0], [0, 0, 0, 0, (2, 1)], [0, 0, 0, 0, 0]]","[[0, 0, (1, 2), 0, 0], [0, 0, (1, 2), 0, 0], [0, (0, -1), (0, -1), (0, -1), 0], [0, 0, 0, 0, (2, 1)], [0, 0, 0, 0, 0]]","[[0, 0, (1, 2), 0, 0], [0, 0, (1, 2), 0, 0], [0, (0, -1), (0, -1), (0, -1), 0], [0, 0, 0, 0, 0], [0, 0, 0, 0, 0]]","[[0, 0, (1, 2), 0, 0], [0, 0, (1, 2), 0, 0], [0, (0, -1), (1, 2), (0, -1), 0], [0, 0, (0, -1), 0, 0], [0, 0, 0, 0, 0]]","[[0, 0, (1, 2), 0, 0], [0, 0, (1, 2), 0, 0], [0, (0, -1), (1, 2), (0, -1), 0], [0, 0, (0, -1), 0, (2, 1)], [0, 0, 0, 0, 0]]","[[0, 0, (1, 2), 0, 0], [0, 0, (1, 2), 0, 0], [0, (0, -1), (1, 2), (0, -1), 0], [0, 0, (1, 2), 0, (2, 1)], [0, 0, (0, -1), 0, 0]]","[[0, 0, (1, 2), 0, 0], [0, 0, (1, 2), 0, 0], [0, (0, -1), (1, 2), (0, -1), 0], [0, 0, (1, 2), 0, 0], [0, 0, (0, -1), 0, 0]]","[[0, 0, (1, 2), 0, 0], [0, 0, (1, 2), 0, 0], [0, (0, -1), (1, 2), (0, -1), 0], [0, 0, (1, 2), 0, 0], [0, 0, (1, 2), 0, 0]]",,,,,,,,,,,,,,,,,,,,,,,,,,,,,,,,,,,,,,,,,,,,,,,,,,,,,,,,,,,,,,,,,,,,,,,,,,,,,,,,,,,,,,,,,,,,,,,,,,,,,,,,,,,,,,,,,,,,,,,,,,,,,,,,,,,,,,,,,,,,,,,,,,,,,,,,,,,,,,,,,,,,,,,,,,,,,,,,,,,,,,,,,,,,,,,,,,,,,,,,,,,,,,,,,,,,,,,,,,,,,,,,,,,,,,,,,,,,,,,,,,,,,,,,,,,,,,,,,,,,,,,,,,,,,,,,,,,,,,,,,,,,,,,,,,,,,,,,,,,,,,,,,,,,,,,,,,,,,,,,,,,,,,,,,,,,,,,,,,,,,,,,,,,,,,,,,,,,,,,,,,,,,,,,,,,,,,,,,,,,,,,,,,,,,,,,,,,,,,,,,,,,,,,,,,,,,,,,,,,,,,,,,,,,,,,,,,,,,,,,,,,,,,,,,,,,,,,,,,,,,,,,,,,,,,,,,,,,,,,,,,,,,,,,,,,,,,,,,,,,,,,,,,,,,,,,,,,,,,,,,,,,,,,,,,,,,,,,,,,,,,,,,,,,,,,,,,,,,,,,,,,,,,,,,,,,,,,,,,,,,,,,,,,,,,,,,,,,,,,,,,,,,,,,,,,,,,,,,,,,,,,,,,,,,,,,,,,,,,,,,,,,,,,,,,,,,,,,,,,,,,,,,,,,,,,,,,,,,,,,,,,,,,,,,,,,,,,,,,,,,,,,,,,,,,,,,,,,,,,,,,,,,,,,,,,,,,,,,,,,,,,,,,,,,,,,,,,,,,,,,,,,,,,,,,,,,,,,,,,,,,,,,,,,,,,,,,,,,,,,,,,,,,,,,,,,,,,,,,,,,,,,,,,,,,,,,,,,,,,,,,,,,,,,,,,,,,,,,,,,,,,,,,,,,,,,,,,,,,,,,,,,,,,,,,,,,,,,,,,,,,,,,,,,,,,,,,,,,,,,,,,,,,,,,,,,,,,,,,,,,,,,,,,,,,,,,,,,,,,,,,,,,,,,,,,,,,,,,,,,,,,,,,,
207,state,ia,ia,1,"(1, ('e', 0, 2, 2))","(2, ('e', 3, 4, 1))","(1, ('e', 0, 4, 3))","(2, ('a', 3, 4))","(1, ('e', 0, 2, 2))","(2, ('e', 3, 4, 1))","(1, ('e', 0, 2, 2))","(2, ('a', 3, 4))","(1, ('e', 0, 2, 2))","(2, ('e', 0, 0, 3))","(1, ('a', 0, 2))","(2, ('m', 0, 0, 1))","(1, ('e', 0, 4, 2))","(2, ('e', 3, 4, 1))","(1, ('m', 3, 2, 2))",,,,,,,,,,,,,,,,,,,,,,,,,,,,,,,,,,,,,,,,,,,,,,,,,,,,,,,,,,,,,,,,,,,,,,,,,,,,,,,,,,,,,,,,,,,,,,,,,,,,,,,,,,,,,,,,,,,,,,,,,,,,,,,,,,,,,,,,,,,,,,,,,,,,,,,,,,,,,,,,,,,,,,,,,,,,,,,,,,,,,,,,,,,,,,,,,,,,,,,,,,,,,,,,,,,,,,,,,,,,,,,,,,,,,,,,,,,,,,,,,,,,,,,,,,,,,,,,,,,,,,,,,,,,,,,,,,,,,,,,,,,,,,,,,,,,,,,,,,,,,,,,,,,,,,,,,,,,,,,,,,,,,,,,,,,,,,,,,,,,,,,,,,,,,,,,,,,,,,,,,,,,,,,,,,,,,,,,,,,,,,,,,,,,,,,,,,,,,,,,,,,,,,,,,,,,,,,,,,,,,,,,,,,,,,,,,,,,,,,,,,,,,,,,,,,,,,,,,,,,,,,,,,,,,,,,,,,,,,,,,,,,,,,,,,,,,,,,,,,,,,,,,,,,,,,,,,,,,,,,,,,,,,,,,,,,,,,,,,,,,,,,,,,,,,,,,,,,,,,,,,,,,,,,,,,,,,,,,,,,,,,,,,,,,,,,,,,,,,,,,,,,,,,,,,,,,,,,,,,,,,,,,,,,,,,,,,,,,,,,,,,,,,,,,,,,,,,,,,,,,,,,,,,,,,,,,,,,,,,,,,,,,,,,,,,,,,,,,,,,,,,,,,,,,,,,,,,,,,,,,,,,,,,,,,,,,,,,,,,,,,,,,,,,,,,,,,,,,,,,,,,,,,,,,,,,,,,,,,,,,,,,,,,,,,,,,,,,,,,,,,,,,,,,,,,,,,,,,,,,,,,,,,,,,,,,,,,,,,,,,,,,,,,,,,,,,,,,,,,,,,,,,,,,,,,,,,,,,,,,,,,,,,,,,,,,,,,,,,,,,,,,,,,,,,,,,,,,,,,,,,,,,,,,,,,,,,,,,,,,,,,,,,,,,,,,,,,,,,,,,,,,,,,,,,,,,,,,,,,,,
208,move,ia,ia,1,"[[0, 0, (1, 2), 0, 0], [0, 0, 0, 0, 0], [0, (0, -1), (0, -1), (0, -1), 0], [0, 0, 0, 0, 0], [0, 0, 0, 0, 0]]","[[0, 0, (1, 2), 0, 0], [0, 0, 0, 0, 0], [0, (0, -1), (0, -1), (0, -1), 0], [0, 0, 0, 0, (2, 1)], [0, 0, 0, 0, 0]]","[[0, 0, (1, 2), 0, (1, 3)], [0, 0, 0, 0, 0], [0, (0, -1), (0, -1), (0, -1), 0], [0, 0, 0, 0, (2, 1)], [0, 0, 0, 0, 0]]","[[0, 0, (1, 2), 0, (1, 3)], [0, 0, 0, 0, 0], [0, (0, -1), (0, -1), (0, -1), 0], [0, 0, 0, 0, 0], [0, 0, 0, 0, 0]]","[[0, 0, (1, 2), 0, (1, 3)], [0, 0, (1, 2), 0, 0], [0, (0, -1), (0, -1), (0, -1), 0], [0, 0, 0, 0, 0], [0, 0, 0, 0, 0]]","[[0, 0, (1, 2), 0, (1, 3)], [0, 0, (1, 2), 0, 0], [0, (0, -1), (0, -1), (0, -1), 0], [0, 0, 0, 0, (2, 1)], [0, 0, 0, 0, 0]]","[[0, 0, (1, 2), 0, (1, 3)], [0, 0, (1, 2), 0, 0], [0, (0, -1), (1, 2), (0, -1), 0], [0, 0, (0, -1), 0, (2, 1)], [0, 0, 0, 0, 0]]","[[0, 0, (1, 2), 0, (1, 3)], [0, 0, (1, 2), 0, 0], [0, (0, -1), (1, 2), (0, -1), 0], [0, 0, (0, -1), 0, 0], [0, 0, 0, 0, 0]]","[[0, 0, (1, 2), 0, (1, 3)], [0, 0, (1, 2), 0, 0], [0, (0, -1), (1, 2), (0, -1), 0], [0, 0, (1, 2), 0, 0], [0, 0, (0, -1), 0, 0]]","[[(2, 3), 0, (1, 2), 0, (1, 3)], [0, 0, (1, 2), 0, 0], [0, (0, -1), (1, 2), (0, -1), 0], [0, 0, (1, 2), 0, 0], [0, 0, (0, -1), 0, 0]]","[[(2, 3), 0, 0, 0, (1, 3)], [0, 0, (1, 2), 0, 0], [0, (0, -1), (1, 2), (0, -1), 0], [0, 0, (1, 2), 0, 0], [0, 0, (0, -1), 0, 0]]","[[0, (2, 3), 0, 0, (1, 3)], [0, 0, (1, 2), 0, 0], [0, (0, -1), (1, 2), (0, -1), 0], [0, 0, (1, 2), 0, 0], [0, 0, (0, -1), 0, 0]]","[[0, (2, 3), 0, 0, (1, 2)], [0, 0, (1, 2), 0, (1, 3)], [0, (0, -1), (1, 2), (0, -1), 0], [0, 0, (1, 2), 0, 0], [0, 0, (0, -1), 0, 0]]","[[0, (2, 3), 0, 0, (1, 2)], [0, 0, (1, 2), 0, (1, 3)], [0, (0, -1), (1, 2), (0, -1), 0], [0, 0, (1, 2), 0, (2, 1)], [0, 0, (0, -1), 0, 0]]","[[0, (2, 3), 0, 0, (1, 2)], [0, 0, (1, 2), 0, (1, 3)], [0, (0, -1), (1, 2), (0, -1), 0], [0, 0, 0, 0, (2, 1)], [0, 0, (1, 2), 0, 0]]",,,,,,,,,,,,,,,,,,,,,,,,,,,,,,,,,,,,,,,,,,,,,,,,,,,,,,,,,,,,,,,,,,,,,,,,,,,,,,,,,,,,,,,,,,,,,,,,,,,,,,,,,,,,,,,,,,,,,,,,,,,,,,,,,,,,,,,,,,,,,,,,,,,,,,,,,,,,,,,,,,,,,,,,,,,,,,,,,,,,,,,,,,,,,,,,,,,,,,,,,,,,,,,,,,,,,,,,,,,,,,,,,,,,,,,,,,,,,,,,,,,,,,,,,,,,,,,,,,,,,,,,,,,,,,,,,,,,,,,,,,,,,,,,,,,,,,,,,,,,,,,,,,,,,,,,,,,,,,,,,,,,,,,,,,,,,,,,,,,,,,,,,,,,,,,,,,,,,,,,,,,,,,,,,,,,,,,,,,,,,,,,,,,,,,,,,,,,,,,,,,,,,,,,,,,,,,,,,,,,,,,,,,,,,,,,,,,,,,,,,,,,,,,,,,,,,,,,,,,,,,,,,,,,,,,,,,,,,,,,,,,,,,,,,,,,,,,,,,,,,,,,,,,,,,,,,,,,,,,,,,,,,,,,,,,,,,,,,,,,,,,,,,,,,,,,,,,,,,,,,,,,,,,,,,,,,,,,,,,,,,,,,,,,,,,,,,,,,,,,,,,,,,,,,,,,,,,,,,,,,,,,,,,,,,,,,,,,,,,,,,,,,,,,,,,,,,,,,,,,,,,,,,,,,,,,,,,,,,,,,,,,,,,,,,,,,,,,,,,,,,,,,,,,,,,,,,,,,,,,,,,,,,,,,,,,,,,,,,,,,,,,,,,,,,,,,,,,,,,,,,,,,,,,,,,,,,,,,,,,,,,,,,,,,,,,,,,,,,,,,,,,,,,,,,,,,,,,,,,,,,,,,,,,,,,,,,,,,,,,,,,,,,,,,,,,,,,,,,,,,,,,,,,,,,,,,,,,,,,,,,,,,,,,,,,,,,,,,,,,,,,,,,,,,,,,,,,,,,,,,,,,,,,,,,,,,,,,,,,,,,,,,,,,,,,,,,,,,,,,,,,,,,,,,,,,,,,,,,,,,
209,state,ia,ia,1,"(1, ('e', 0, 2, 2))","(2, ('e', 3, 4, 1))","(1, ('e', 0, 2, 2))","(2, ('a', 3, 4))","(1, ('e', 0, 2, 2))","(2, ('e', 3, 4, 1))","(1, ('e', 0, 2, 2))","(2, ('a', 3, 4))","(1, ('e', 0, 2, 2))",,,,,,,,,,,,,,,,,,,,,,,,,,,,,,,,,,,,,,,,,,,,,,,,,,,,,,,,,,,,,,,,,,,,,,,,,,,,,,,,,,,,,,,,,,,,,,,,,,,,,,,,,,,,,,,,,,,,,,,,,,,,,,,,,,,,,,,,,,,,,,,,,,,,,,,,,,,,,,,,,,,,,,,,,,,,,,,,,,,,,,,,,,,,,,,,,,,,,,,,,,,,,,,,,,,,,,,,,,,,,,,,,,,,,,,,,,,,,,,,,,,,,,,,,,,,,,,,,,,,,,,,,,,,,,,,,,,,,,,,,,,,,,,,,,,,,,,,,,,,,,,,,,,,,,,,,,,,,,,,,,,,,,,,,,,,,,,,,,,,,,,,,,,,,,,,,,,,,,,,,,,,,,,,,,,,,,,,,,,,,,,,,,,,,,,,,,,,,,,,,,,,,,,,,,,,,,,,,,,,,,,,,,,,,,,,,,,,,,,,,,,,,,,,,,,,,,,,,,,,,,,,,,,,,,,,,,,,,,,,,,,,,,,,,,,,,,,,,,,,,,,,,,,,,,,,,,,,,,,,,,,,,,,,,,,,,,,,,,,,,,,,,,,,,,,,,,,,,,,,,,,,,,,,,,,,,,,,,,,,,,,,,,,,,,,,,,,,,,,,,,,,,,,,,,,,,,,,,,,,,,,,,,,,,,,,,,,,,,,,,,,,,,,,,,,,,,,,,,,,,,,,,,,,,,,,,,,,,,,,,,,,,,,,,,,,,,,,,,,,,,,,,,,,,,,,,,,,,,,,,,,,,,,,,,,,,,,,,,,,,,,,,,,,,,,,,,,,,,,,,,,,,,,,,,,,,,,,,,,,,,,,,,,,,,,,,,,,,,,,,,,,,,,,,,,,,,,,,,,,,,,,,,,,,,,,,,,,,,,,,,,,,,,,,,,,,,,,,,,,,,,,,,,,,,,,,,,,,,,,,,,,,,,,,,,,,,,,,,,,,,,,,,,,,,,,,,,,,,,,,,,,,,,,,,,,,,,,,,,,,,,,,,,,,,,,,,,,,,,,,,,,,,,,,,,,,,,,,,,,,,,,,,,
210,move,ia,ia,1,"[[0, 0, (1, 2), 0, 0], [0, 0, 0, 0, 0], [0, (0, -1), (0, -1), (0, -1), 0], [0, 0, 0, 0, 0], [0, 0, 0, 0, 0]]","[[0, 0, (1, 2), 0, 0], [0, 0, 0, 0, 0], [0, (0, -1), (0, -1), (0, -1), 0], [0, 0, 0, 0, (2, 1)], [0, 0, 0, 0, 0]]","[[0, 0, (1, 2), 0, 0], [0, 0, (1, 2), 0, 0], [0, (0, -1), (0, -1), (0, -1), 0], [0, 0, 0, 0, (2, 1)], [0, 0, 0, 0, 0]]","[[0, 0, (1, 2), 0, 0], [0, 0, (1, 2), 0, 0], [0, (0, -1), (0, -1), (0, -1), 0], [0, 0, 0, 0, 0], [0, 0, 0, 0, 0]]","[[0, 0, (1, 2), 0, 0], [0, 0, (1, 2), 0, 0], [0, (0, -1), (1, 2), (0, -1), 0], [0, 0, (0, -1), 0, 0], [0, 0, 0, 0, 0]]","[[0, 0, (1, 2), 0, 0], [0, 0, (1, 2), 0, 0], [0, (0, -1), (1, 2), (0, -1), 0], [0, 0, (0, -1), 0, (2, 1)], [0, 0, 0, 0, 0]]","[[0, 0, (1, 2), 0, 0], [0, 0, (1, 2), 0, 0], [0, (0, -1), (1, 2), (0, -1), 0], [0, 0, (1, 2), 0, (2, 1)], [0, 0, (0, -1), 0, 0]]","[[0, 0, (1, 2), 0, 0], [0, 0, (1, 2), 0, 0], [0, (0, -1), (1, 2), (0, -1), 0], [0, 0, (1, 2), 0, 0], [0, 0, (0, -1), 0, 0]]","[[0, 0, (1, 2), 0, 0], [0, 0, (1, 2), 0, 0], [0, (0, -1), (1, 2), (0, -1), 0], [0, 0, (1, 2), 0, 0], [0, 0, (1, 2), 0, 0]]",,,,,,,,,,,,,,,,,,,,,,,,,,,,,,,,,,,,,,,,,,,,,,,,,,,,,,,,,,,,,,,,,,,,,,,,,,,,,,,,,,,,,,,,,,,,,,,,,,,,,,,,,,,,,,,,,,,,,,,,,,,,,,,,,,,,,,,,,,,,,,,,,,,,,,,,,,,,,,,,,,,,,,,,,,,,,,,,,,,,,,,,,,,,,,,,,,,,,,,,,,,,,,,,,,,,,,,,,,,,,,,,,,,,,,,,,,,,,,,,,,,,,,,,,,,,,,,,,,,,,,,,,,,,,,,,,,,,,,,,,,,,,,,,,,,,,,,,,,,,,,,,,,,,,,,,,,,,,,,,,,,,,,,,,,,,,,,,,,,,,,,,,,,,,,,,,,,,,,,,,,,,,,,,,,,,,,,,,,,,,,,,,,,,,,,,,,,,,,,,,,,,,,,,,,,,,,,,,,,,,,,,,,,,,,,,,,,,,,,,,,,,,,,,,,,,,,,,,,,,,,,,,,,,,,,,,,,,,,,,,,,,,,,,,,,,,,,,,,,,,,,,,,,,,,,,,,,,,,,,,,,,,,,,,,,,,,,,,,,,,,,,,,,,,,,,,,,,,,,,,,,,,,,,,,,,,,,,,,,,,,,,,,,,,,,,,,,,,,,,,,,,,,,,,,,,,,,,,,,,,,,,,,,,,,,,,,,,,,,,,,,,,,,,,,,,,,,,,,,,,,,,,,,,,,,,,,,,,,,,,,,,,,,,,,,,,,,,,,,,,,,,,,,,,,,,,,,,,,,,,,,,,,,,,,,,,,,,,,,,,,,,,,,,,,,,,,,,,,,,,,,,,,,,,,,,,,,,,,,,,,,,,,,,,,,,,,,,,,,,,,,,,,,,,,,,,,,,,,,,,,,,,,,,,,,,,,,,,,,,,,,,,,,,,,,,,,,,,,,,,,,,,,,,,,,,,,,,,,,,,,,,,,,,,,,,,,,,,,,,,,,,,,,,,,,,,,,,,,,,,,,,,,,,,,,,,,,,,,,,,,,,,,,,,,,,,,,,,,,,,,,,,,,,,,,,,,,,,,,,,,,,,,,
211,state,ia,ia,1,"(1, ('e', 0, 2, 2))","(2, ('e', 3, 4, 1))","(1, ('e', 0, 2, 2))","(2, ('a', 3, 4))","(1, ('e', 0, 2, 2))","(2, ('e', 3, 4, 1))","(1, ('e', 0, 2, 2))","(2, ('a', 3, 4))","(1, ('e', 0, 2, 2))",,,,,,,,,,,,,,,,,,,,,,,,,,,,,,,,,,,,,,,,,,,,,,,,,,,,,,,,,,,,,,,,,,,,,,,,,,,,,,,,,,,,,,,,,,,,,,,,,,,,,,,,,,,,,,,,,,,,,,,,,,,,,,,,,,,,,,,,,,,,,,,,,,,,,,,,,,,,,,,,,,,,,,,,,,,,,,,,,,,,,,,,,,,,,,,,,,,,,,,,,,,,,,,,,,,,,,,,,,,,,,,,,,,,,,,,,,,,,,,,,,,,,,,,,,,,,,,,,,,,,,,,,,,,,,,,,,,,,,,,,,,,,,,,,,,,,,,,,,,,,,,,,,,,,,,,,,,,,,,,,,,,,,,,,,,,,,,,,,,,,,,,,,,,,,,,,,,,,,,,,,,,,,,,,,,,,,,,,,,,,,,,,,,,,,,,,,,,,,,,,,,,,,,,,,,,,,,,,,,,,,,,,,,,,,,,,,,,,,,,,,,,,,,,,,,,,,,,,,,,,,,,,,,,,,,,,,,,,,,,,,,,,,,,,,,,,,,,,,,,,,,,,,,,,,,,,,,,,,,,,,,,,,,,,,,,,,,,,,,,,,,,,,,,,,,,,,,,,,,,,,,,,,,,,,,,,,,,,,,,,,,,,,,,,,,,,,,,,,,,,,,,,,,,,,,,,,,,,,,,,,,,,,,,,,,,,,,,,,,,,,,,,,,,,,,,,,,,,,,,,,,,,,,,,,,,,,,,,,,,,,,,,,,,,,,,,,,,,,,,,,,,,,,,,,,,,,,,,,,,,,,,,,,,,,,,,,,,,,,,,,,,,,,,,,,,,,,,,,,,,,,,,,,,,,,,,,,,,,,,,,,,,,,,,,,,,,,,,,,,,,,,,,,,,,,,,,,,,,,,,,,,,,,,,,,,,,,,,,,,,,,,,,,,,,,,,,,,,,,,,,,,,,,,,,,,,,,,,,,,,,,,,,,,,,,,,,,,,,,,,,,,,,,,,,,,,,,,,,,,,,,,,,,,,,,,,,,,,,,,,,,,,,,,,,,,,,,,,,,,,,,,,,,,,,,,,,,,,,,,,,,,,,,
212,move,ia,ia,1,"[[0, 0, (1, 2), 0, 0], [0, 0, 0, 0, 0], [0, (0, -1), (0, -1), (0, -1), 0], [0, 0, 0, 0, 0], [0, 0, 0, 0, 0]]","[[0, 0, (1, 2), 0, 0], [0, 0, 0, 0, 0], [0, (0, -1), (0, -1), (0, -1), 0], [0, 0, 0, 0, (2, 1)], [0, 0, 0, 0, 0]]","[[0, 0, (1, 2), 0, 0], [0, 0, (1, 2), 0, 0], [0, (0, -1), (0, -1), (0, -1), 0], [0, 0, 0, 0, (2, 1)], [0, 0, 0, 0, 0]]","[[0, 0, (1, 2), 0, 0], [0, 0, (1, 2), 0, 0], [0, (0, -1), (0, -1), (0, -1), 0], [0, 0, 0, 0, 0], [0, 0, 0, 0, 0]]","[[0, 0, (1, 2), 0, 0], [0, 0, (1, 2), 0, 0], [0, (0, -1), (1, 2), (0, -1), 0], [0, 0, (0, -1), 0, 0], [0, 0, 0, 0, 0]]","[[0, 0, (1, 2), 0, 0], [0, 0, (1, 2), 0, 0], [0, (0, -1), (1, 2), (0, -1), 0], [0, 0, (0, -1), 0, (2, 1)], [0, 0, 0, 0, 0]]","[[0, 0, (1, 2), 0, 0], [0, 0, (1, 2), 0, 0], [0, (0, -1), (1, 2), (0, -1), 0], [0, 0, (1, 2), 0, (2, 1)], [0, 0, (0, -1), 0, 0]]","[[0, 0, (1, 2), 0, 0], [0, 0, (1, 2), 0, 0], [0, (0, -1), (1, 2), (0, -1), 0], [0, 0, (1, 2), 0, 0], [0, 0, (0, -1), 0, 0]]","[[0, 0, (1, 2), 0, 0], [0, 0, (1, 2), 0, 0], [0, (0, -1), (1, 2), (0, -1), 0], [0, 0, (1, 2), 0, 0], [0, 0, (1, 2), 0, 0]]",,,,,,,,,,,,,,,,,,,,,,,,,,,,,,,,,,,,,,,,,,,,,,,,,,,,,,,,,,,,,,,,,,,,,,,,,,,,,,,,,,,,,,,,,,,,,,,,,,,,,,,,,,,,,,,,,,,,,,,,,,,,,,,,,,,,,,,,,,,,,,,,,,,,,,,,,,,,,,,,,,,,,,,,,,,,,,,,,,,,,,,,,,,,,,,,,,,,,,,,,,,,,,,,,,,,,,,,,,,,,,,,,,,,,,,,,,,,,,,,,,,,,,,,,,,,,,,,,,,,,,,,,,,,,,,,,,,,,,,,,,,,,,,,,,,,,,,,,,,,,,,,,,,,,,,,,,,,,,,,,,,,,,,,,,,,,,,,,,,,,,,,,,,,,,,,,,,,,,,,,,,,,,,,,,,,,,,,,,,,,,,,,,,,,,,,,,,,,,,,,,,,,,,,,,,,,,,,,,,,,,,,,,,,,,,,,,,,,,,,,,,,,,,,,,,,,,,,,,,,,,,,,,,,,,,,,,,,,,,,,,,,,,,,,,,,,,,,,,,,,,,,,,,,,,,,,,,,,,,,,,,,,,,,,,,,,,,,,,,,,,,,,,,,,,,,,,,,,,,,,,,,,,,,,,,,,,,,,,,,,,,,,,,,,,,,,,,,,,,,,,,,,,,,,,,,,,,,,,,,,,,,,,,,,,,,,,,,,,,,,,,,,,,,,,,,,,,,,,,,,,,,,,,,,,,,,,,,,,,,,,,,,,,,,,,,,,,,,,,,,,,,,,,,,,,,,,,,,,,,,,,,,,,,,,,,,,,,,,,,,,,,,,,,,,,,,,,,,,,,,,,,,,,,,,,,,,,,,,,,,,,,,,,,,,,,,,,,,,,,,,,,,,,,,,,,,,,,,,,,,,,,,,,,,,,,,,,,,,,,,,,,,,,,,,,,,,,,,,,,,,,,,,,,,,,,,,,,,,,,,,,,,,,,,,,,,,,,,,,,,,,,,,,,,,,,,,,,,,,,,,,,,,,,,,,,,,,,,,,,,,,,,,,,,,,,,,,,,,,,,,,,,,,,,,,,,,,,,,,,,,,,,,,
213,state,ia,ia,1,"(1, ('e', 0, 2, 2))","(2, ('e', 3, 4, 1))","(1, ('e', 0, 2, 2))","(2, ('a', 3, 4))","(1, ('e', 0, 2, 2))","(2, ('e', 3, 4, 1))","(1, ('e', 0, 2, 2))","(2, ('a', 3, 4))","(1, ('e', 0, 2, 2))",,,,,,,,,,,,,,,,,,,,,,,,,,,,,,,,,,,,,,,,,,,,,,,,,,,,,,,,,,,,,,,,,,,,,,,,,,,,,,,,,,,,,,,,,,,,,,,,,,,,,,,,,,,,,,,,,,,,,,,,,,,,,,,,,,,,,,,,,,,,,,,,,,,,,,,,,,,,,,,,,,,,,,,,,,,,,,,,,,,,,,,,,,,,,,,,,,,,,,,,,,,,,,,,,,,,,,,,,,,,,,,,,,,,,,,,,,,,,,,,,,,,,,,,,,,,,,,,,,,,,,,,,,,,,,,,,,,,,,,,,,,,,,,,,,,,,,,,,,,,,,,,,,,,,,,,,,,,,,,,,,,,,,,,,,,,,,,,,,,,,,,,,,,,,,,,,,,,,,,,,,,,,,,,,,,,,,,,,,,,,,,,,,,,,,,,,,,,,,,,,,,,,,,,,,,,,,,,,,,,,,,,,,,,,,,,,,,,,,,,,,,,,,,,,,,,,,,,,,,,,,,,,,,,,,,,,,,,,,,,,,,,,,,,,,,,,,,,,,,,,,,,,,,,,,,,,,,,,,,,,,,,,,,,,,,,,,,,,,,,,,,,,,,,,,,,,,,,,,,,,,,,,,,,,,,,,,,,,,,,,,,,,,,,,,,,,,,,,,,,,,,,,,,,,,,,,,,,,,,,,,,,,,,,,,,,,,,,,,,,,,,,,,,,,,,,,,,,,,,,,,,,,,,,,,,,,,,,,,,,,,,,,,,,,,,,,,,,,,,,,,,,,,,,,,,,,,,,,,,,,,,,,,,,,,,,,,,,,,,,,,,,,,,,,,,,,,,,,,,,,,,,,,,,,,,,,,,,,,,,,,,,,,,,,,,,,,,,,,,,,,,,,,,,,,,,,,,,,,,,,,,,,,,,,,,,,,,,,,,,,,,,,,,,,,,,,,,,,,,,,,,,,,,,,,,,,,,,,,,,,,,,,,,,,,,,,,,,,,,,,,,,,,,,,,,,,,,,,,,,,,,,,,,,,,,,,,,,,,,,,,,,,,,,,,,,,,,,,,,,,,,,,,,,,,,,,,,,,,,,,,,,,,,
214,move,ia,ia,1,"[[0, 0, (1, 2), 0, 0], [0, 0, 0, 0, 0], [0, (0, -1), (0, -1), (0, -1), 0], [0, 0, 0, 0, 0], [0, 0, 0, 0, 0]]","[[0, 0, (1, 2), 0, 0], [0, 0, 0, 0, 0], [0, (0, -1), (0, -1), (0, -1), 0], [0, 0, 0, 0, (2, 1)], [0, 0, 0, 0, 0]]","[[0, 0, (1, 2), 0, 0], [0, 0, (1, 2), 0, 0], [0, (0, -1), (0, -1), (0, -1), 0], [0, 0, 0, 0, (2, 1)], [0, 0, 0, 0, 0]]","[[0, 0, (1, 2), 0, 0], [0, 0, (1, 2), 0, 0], [0, (0, -1), (0, -1), (0, -1), 0], [0, 0, 0, 0, 0], [0, 0, 0, 0, 0]]","[[0, 0, (1, 2), 0, 0], [0, 0, (1, 2), 0, 0], [0, (0, -1), (1, 2), (0, -1), 0], [0, 0, (0, -1), 0, 0], [0, 0, 0, 0, 0]]","[[0, 0, (1, 2), 0, 0], [0, 0, (1, 2), 0, 0], [0, (0, -1), (1, 2), (0, -1), 0], [0, 0, (0, -1), 0, (2, 1)], [0, 0, 0, 0, 0]]","[[0, 0, (1, 2), 0, 0], [0, 0, (1, 2), 0, 0], [0, (0, -1), (1, 2), (0, -1), 0], [0, 0, (1, 2), 0, (2, 1)], [0, 0, (0, -1), 0, 0]]","[[0, 0, (1, 2), 0, 0], [0, 0, (1, 2), 0, 0], [0, (0, -1), (1, 2), (0, -1), 0], [0, 0, (1, 2), 0, 0], [0, 0, (0, -1), 0, 0]]","[[0, 0, (1, 2), 0, 0], [0, 0, (1, 2), 0, 0], [0, (0, -1), (1, 2), (0, -1), 0], [0, 0, (1, 2), 0, 0], [0, 0, (1, 2), 0, 0]]",,,,,,,,,,,,,,,,,,,,,,,,,,,,,,,,,,,,,,,,,,,,,,,,,,,,,,,,,,,,,,,,,,,,,,,,,,,,,,,,,,,,,,,,,,,,,,,,,,,,,,,,,,,,,,,,,,,,,,,,,,,,,,,,,,,,,,,,,,,,,,,,,,,,,,,,,,,,,,,,,,,,,,,,,,,,,,,,,,,,,,,,,,,,,,,,,,,,,,,,,,,,,,,,,,,,,,,,,,,,,,,,,,,,,,,,,,,,,,,,,,,,,,,,,,,,,,,,,,,,,,,,,,,,,,,,,,,,,,,,,,,,,,,,,,,,,,,,,,,,,,,,,,,,,,,,,,,,,,,,,,,,,,,,,,,,,,,,,,,,,,,,,,,,,,,,,,,,,,,,,,,,,,,,,,,,,,,,,,,,,,,,,,,,,,,,,,,,,,,,,,,,,,,,,,,,,,,,,,,,,,,,,,,,,,,,,,,,,,,,,,,,,,,,,,,,,,,,,,,,,,,,,,,,,,,,,,,,,,,,,,,,,,,,,,,,,,,,,,,,,,,,,,,,,,,,,,,,,,,,,,,,,,,,,,,,,,,,,,,,,,,,,,,,,,,,,,,,,,,,,,,,,,,,,,,,,,,,,,,,,,,,,,,,,,,,,,,,,,,,,,,,,,,,,,,,,,,,,,,,,,,,,,,,,,,,,,,,,,,,,,,,,,,,,,,,,,,,,,,,,,,,,,,,,,,,,,,,,,,,,,,,,,,,,,,,,,,,,,,,,,,,,,,,,,,,,,,,,,,,,,,,,,,,,,,,,,,,,,,,,,,,,,,,,,,,,,,,,,,,,,,,,,,,,,,,,,,,,,,,,,,,,,,,,,,,,,,,,,,,,,,,,,,,,,,,,,,,,,,,,,,,,,,,,,,,,,,,,,,,,,,,,,,,,,,,,,,,,,,,,,,,,,,,,,,,,,,,,,,,,,,,,,,,,,,,,,,,,,,,,,,,,,,,,,,,,,,,,,,,,,,,,,,,,,,,,,,,,,,,,,,,,,,,,,,,,,,,,,,,,,,,,,,,,,,,,,,,,,,,,,,,,,,
215,state,ia,ia,1,"(1, ('e', 0, 2, 2))","(2, ('e', 3, 4, 1))","(1, ('e', 4, 3, 2))","(2, ('a', 3, 4))","(1, ('e', 0, 2, 2))","(2, ('e', 2, 4, 1))","(1, ('e', 0, 2, 2))","(2, ('e', 3, 4, 1))","(1, ('e', 0, 2, 2))","(2, ('e', 4, 1, 3))","(1, ('a', 0, 2))","(2, ('a', 3, 4))","(1, ('e', 0, 2, 2))","(2, ('e', 3, 4, 1))","(1, ('a', 0, 2))","(2, ('a', 3, 4))","(1, ('e', 0, 2, 2))","(2, ('e', 3, 4, 1))","(1, ('a', 0, 2))","(2, ('a', 3, 4))","(1, ('e', 0, 2, 2))","(2, ('e', 3, 4, 1))","(1, ('a', 0, 2))","(2, ('a', 3, 4))","(1, ('e', 4, 0, 2))","(2, ('e', 3, 4, 1))","(1, ('m', 3, 2, 2))",,,,,,,,,,,,,,,,,,,,,,,,,,,,,,,,,,,,,,,,,,,,,,,,,,,,,,,,,,,,,,,,,,,,,,,,,,,,,,,,,,,,,,,,,,,,,,,,,,,,,,,,,,,,,,,,,,,,,,,,,,,,,,,,,,,,,,,,,,,,,,,,,,,,,,,,,,,,,,,,,,,,,,,,,,,,,,,,,,,,,,,,,,,,,,,,,,,,,,,,,,,,,,,,,,,,,,,,,,,,,,,,,,,,,,,,,,,,,,,,,,,,,,,,,,,,,,,,,,,,,,,,,,,,,,,,,,,,,,,,,,,,,,,,,,,,,,,,,,,,,,,,,,,,,,,,,,,,,,,,,,,,,,,,,,,,,,,,,,,,,,,,,,,,,,,,,,,,,,,,,,,,,,,,,,,,,,,,,,,,,,,,,,,,,,,,,,,,,,,,,,,,,,,,,,,,,,,,,,,,,,,,,,,,,,,,,,,,,,,,,,,,,,,,,,,,,,,,,,,,,,,,,,,,,,,,,,,,,,,,,,,,,,,,,,,,,,,,,,,,,,,,,,,,,,,,,,,,,,,,,,,,,,,,,,,,,,,,,,,,,,,,,,,,,,,,,,,,,,,,,,,,,,,,,,,,,,,,,,,,,,,,,,,,,,,,,,,,,,,,,,,,,,,,,,,,,,,,,,,,,,,,,,,,,,,,,,,,,,,,,,,,,,,,,,,,,,,,,,,,,,,,,,,,,,,,,,,,,,,,,,,,,,,,,,,,,,,,,,,,,,,,,,,,,,,,,,,,,,,,,,,,,,,,,,,,,,,,,,,,,,,,,,,,,,,,,,,,,,,,,,,,,,,,,,,,,,,,,,,,,,,,,,,,,,,,,,,,,,,,,,,,,,,,,,,,,,,,,,,,,,,,,,,,,,,,,,,,,,,,,,,,,,,,,,,,,,,,,,,,,,,,,,,,,,,,,,,,,,,,,,,,,,,,,,,,,,,,,,,,,,,,,,,,,,,,,,,,,,,,,,,,,,,,,,,,,,,,,,,,,,,,,,,,,,,,,,,,,,,,,,,,,,,,,
216,move,ia,ia,1,"[[0, 0, (1, 2), 0, 0], [0, 0, 0, 0, 0], [0, (0, -1), (0, -1), (0, -1), 0], [0, 0, 0, 0, 0], [0, 0, 0, 0, 0]]","[[0, 0, (1, 2), 0, 0], [0, 0, 0, 0, 0], [0, (0, -1), (0, -1), (0, -1), 0], [0, 0, 0, 0, (2, 1)], [0, 0, 0, 0, 0]]","[[0, 0, (1, 2), 0, 0], [0, 0, 0, 0, 0], [0, (0, -1), (0, -1), (0, -1), 0], [0, 0, 0, 0, (2, 1)], [0, 0, 0, (1, 2), 0]]","[[0, 0, (1, 2), 0, 0], [0, 0, 0, 0, 0], [0, (0, -1), (0, -1), (0, -1), 0], [0, 0, 0, 0, 0], [0, 0, 0, (1, 2), 0]]","[[0, 0, (1, 2), 0, 0], [0, 0, (1, 2), 0, 0], [0, (0, -1), (0, -1), (0, -1), 0], [0, 0, 0, 0, 0], [0, 0, 0, (1, 2), 0]]","[[0, 0, (1, 2), 0, 0], [0, 0, (1, 2), 0, 0], [0, (0, -1), (0, -1), (0, -1), (2, 1)], [0, 0, 0, 0, 0], [0, 0, 0, (1, 2), 0]]","[[0, 0, (1, 2), 0, 0], [0, 0, (1, 2), 0, 0], [0, (0, -1), (1, 2), (0, -1), (2, 1)], [0, 0, (0, -1), 0, 0], [0, 0, 0, (1, 2), 0]]","[[0, 0, (1, 2), 0, 0], [0, 0, (1, 2), 0, 0], [0, (0, -1), (1, 2), (0, -1), (2, 1)], [0, 0, (0, -1), 0, (2, 1)], [0, 0, 0, (1, 2), 0]]","[[0, 0, (1, 2), 0, 0], [0, 0, (1, 2), 0, 0], [0, (0, -1), (1, 2), (0, -1), (2, 1)], [0, 0, (1, 2), 0, (2, 1)], [0, 0, (0, -1), (1, 2), 0]]","[[0, 0, (1, 2), 0, 0], [0, 0, (1, 2), 0, 0], [0, (0, -1), (1, 2), (0, -1), (2, 1)], [0, 0, (1, 2), 0, (2, 1)], [0, (2, 3), (0, -1), (1, 2), 0]]","[[0, 0, 0, 0, 0], [0, 0, (1, 2), 0, 0], [0, (0, -1), (1, 2), (0, -1), (2, 1)], [0, 0, (1, 2), 0, (2, 1)], [0, (2, 3), (0, -1), (1, 2), 0]]","[[0, 0, 0, 0, 0], [0, 0, (1, 2), 0, 0], [0, (0, -1), (1, 2), (0, -1), (2, 1)], [0, 0, (1, 2), 0, 0], [0, (2, 3), (0, -1), (1, 2), 0]]","[[0, 0, (1, 2), 0, 0], [0, 0, (1, 2), 0, 0], [0, (0, -1), (1, 2), (0, -1), (2, 1)], [0, 0, (1, 2), 0, 0], [0, (2, 3), (0, -1), (1, 2), 0]]","[[0, 0, (1, 2), 0, 0], [0, 0, (1, 2), 0, 0], [0, (0, -1), (1, 2), (0, -1), (2, 1)], [0, 0, (1, 2), 0, (2, 1)], [0, (2, 3), (0, -1), (1, 2), 0]]","[[0, 0, 0, 0, 0], [0, 0, (1, 2), 0, 0], [0, (0, -1), (1, 2), (0, -1), (2, 1)], [0, 0, (1, 2), 0, (2, 1)], [0, (2, 3), (0, -1), (1, 2), 0]]","[[0, 0, 0, 0, 0], [0, 0, (1, 2), 0, 0], [0, (0, -1), (1, 2), (0, -1), (2, 1)], [0, 0, (1, 2), 0, 0], [0, (2, 3), (0, -1), (1, 2), 0]]","[[0, 0, (1, 2), 0, 0], [0, 0, (1, 2), 0, 0], [0, (0, -1), (1, 2), (0, -1), (2, 1)], [0, 0, (1, 2), 0, 0], [0, (2, 3), (0, -1), (1, 2), 0]]","[[0, 0, (1, 2), 0, 0], [0, 0, (1, 2), 0, 0], [0, (0, -1), (1, 2), (0, -1), (2, 1)], [0, 0, (1, 2), 0, (2, 1)], [0, (2, 3), (0, -1), (1, 2), 0]]","[[0, 0, 0, 0, 0], [0, 0, (1, 2), 0, 0], [0, (0, -1), (1, 2), (0, -1), (2, 1)], [0, 0, (1, 2), 0, (2, 1)], [0, (2, 3), (0, -1), (1, 2), 0]]","[[0, 0, 0, 0, 0], [0, 0, (1, 2), 0, 0], [0, (0, -1), (1, 2), (0, -1), (2, 1)], [0, 0, (1, 2), 0, 0], [0, (2, 3), (0, -1), (1, 2), 0]]","[[0, 0, (1, 2), 0, 0], [0, 0, (1, 2), 0, 0], [0, (0, -1), (1, 2), (0, -1), (2, 1)], [0, 0, (1, 2), 0, 0], [0, (2, 3), (0, -1), (1, 2), 0]]","[[0, 0, (1, 2), 0, 0], [0, 0, (1, 2), 0, 0], [0, (0, -1), (1, 2), (0, -1), (2, 1)], [0, 0, (1, 2), 0, (2, 1)], [0, (2, 3), (0, -1), (1, 2), 0]]","[[0, 0, 0, 0, 0], [0, 0, (1, 2), 0, 0], [0, (0, -1), (1, 2), (0, -1), (2, 1)], [0, 0, (1, 2), 0, (2, 1)], [0, (2, 3), (0, -1), (1, 2), 0]]","[[0, 0, 0, 0, 0], [0, 0, (1, 2), 0, 0], [0, (0, -1), (1, 2), (0, -1), (2, 1)], [0, 0, (1, 2), 0, 0], [0, (2, 3), (0, -1), (1, 2), 0]]","[[0, 0, 0, 0, 0], [0, 0, (1, 2), 0, 0], [0, (0, -1), (1, 2), (0, -1), (2, 1)], [0, 0, (1, 2), 0, 0], [(1, 2), (2, 3), (0, -1), (1, 2), 0]]","[[0, 0, 0, 0, 0], [0, 0, (1, 2), 0, 0], [0, (0, -1), (1, 2), (0, -1), (2, 1)], [0, 0, (1, 2), 0, (2, 1)], [(1, 2), (2, 3), (0, -1), (1, 2), 0]]","[[0, 0, 0, 0, 0], [0, 0, (1, 2), 0, 0], [0, (0, -1), (1, 2), (0, -1), (2, 1)], [0, 0, 0, 0, (2, 1)], [(1, 2), (2, 3), (1, 2), (1, 2), 0]]",,,,,,,,,,,,,,,,,,,,,,,,,,,,,,,,,,,,,,,,,,,,,,,,,,,,,,,,,,,,,,,,,,,,,,,,,,,,,,,,,,,,,,,,,,,,,,,,,,,,,,,,,,,,,,,,,,,,,,,,,,,,,,,,,,,,,,,,,,,,,,,,,,,,,,,,,,,,,,,,,,,,,,,,,,,,,,,,,,,,,,,,,,,,,,,,,,,,,,,,,,,,,,,,,,,,,,,,,,,,,,,,,,,,,,,,,,,,,,,,,,,,,,,,,,,,,,,,,,,,,,,,,,,,,,,,,,,,,,,,,,,,,,,,,,,,,,,,,,,,,,,,,,,,,,,,,,,,,,,,,,,,,,,,,,,,,,,,,,,,,,,,,,,,,,,,,,,,,,,,,,,,,,,,,,,,,,,,,,,,,,,,,,,,,,,,,,,,,,,,,,,,,,,,,,,,,,,,,,,,,,,,,,,,,,,,,,,,,,,,,,,,,,,,,,,,,,,,,,,,,,,,,,,,,,,,,,,,,,,,,,,,,,,,,,,,,,,,,,,,,,,,,,,,,,,,,,,,,,,,,,,,,,,,,,,,,,,,,,,,,,,,,,,,,,,,,,,,,,,,,,,,,,,,,,,,,,,,,,,,,,,,,,,,,,,,,,,,,,,,,,,,,,,,,,,,,,,,,,,,,,,,,,,,,,,,,,,,,,,,,,,,,,,,,,,,,,,,,,,,,,,,,,,,,,,,,,,,,,,,,,,,,,,,,,,,,,,,,,,,,,,,,,,,,,,,,,,,,,,,,,,,,,,,,,,,,,,,,,,,,,,,,,,,,,,,,,,,,,,,,,,,,,,,,,,,,,,,,,,,,,,,,,,,,,,,,,,,,,,,,,,,,,,,,,,,,,,,,,,,,,,,,,,,,,,,,,,,,,,,,,,,,,,,,,,,,,,,,,,,,,,,,,,,,,,,,,,,,,,,,,,,,,,,,,,,,,,,,,,,,,,,,,,,,,,,,,,,,,,,,,,,,,,,,,,,,,,,,,,,,,,,,,,,,,,,,,,,,,,,,,,,,,,,,
217,state,ia,ia,3,"(1, ('e', 1, 0, 0))","(2, ('e', 3, 4, 1))","(1, ('e', 0, 2, 2))","(2, ('a', 3, 4))","(1, ('e', 0, 2, 2))","(2, ('e', 3, 4, 1))","(1, ('e', 4, 2, 1))","(2, ('a', 3, 4))","(1, ('e', 0, 2, 2))","(2, ('e', 3, 4, 1))","(1, ('a', 0, 2))","(2, ('a', 3, 4))","(1, ('e', 0, 2, 2))","(2, ('e', 3, 4, 1))","(1, ('a', 0, 2))","(2, ('a', 3, 4))","(1, ('e', 0, 2, 2))","(2, ('e', 2, 0, 1))","(1, ('a', 0, 2))","(2, ('e', 3, 4, 1))","(1, ('t', 2, 2, 1))","(2, ('e', 4, 0, 3))","(1, ('e', 0, 2, 2))","(2, ('a', 3, 4))","(1, ('m', 0, 2, 1))","(2, ('e', 3, 4, 1))","(1, ('m', 1, 2, 0))","(2, ('e', 1, 4, 3))","(1, ('m', 0, 2, 2))","(2, ('a', 3, 4))","(1, ('m', 1, 2, 0))","(2, ('e', 3, 4, 1))","(1, ('a', 0, 2))","(2, ('a', 3, 4))","(1, ('e', 0, 2, 2))","(2, ('e', 4, 4, 1))","(1, ('a', 0, 2))","(2, ('e', 3, 4, 1))","(1, ('e', 0, 2, 2))","(2, ('a', 3, 4))","(1, ('a', 0, 2))","(2, ('e', 3, 4, 2))","(1, ('e', 0, 2, 2))","(2, ('t', 1, 4, 1))","(1, ('a', 0, 2))","(2, ('a', 3, 4))","(1, ('e', 0, 2, 2))","(2, ('e', 3, 4, 1))","(1, ('a', 0, 2))",,,,,,,,,,,,,,,,,,,,,,,,,,,,,,,,,,,,,,,,,,,,,,,,,,,,,,,,,,,,,,,,,,,,,,,,,,,,,,,,,,,,,,,,,,,,,,,,,,,,,,,,,,,,,,,,,,,,,,,,,,,,,,,,,,,,,,,,,,,,,,,,,,,,,,,,,,,,,,,,,,,,,,,,,,,,,,,,,,,,,,,,,,,,,,,,,,,,,,,,,,,,,,,,,,,,,,,,,,,,,,,,,,,,,,,,,,,,,,,,,,,,,,,,,,,,,,,,,,,,,,,,,,,,,,,,,,,,,,,,,,,,,,,,,,,,,,,,,,,,,,,,,,,,,,,,,,,,,,,,,,,,,,,,,,,,,,,,,,,,,,,,,,,,,,,,,,,,,,,,,,,,,,,,,,,,,,,,,,,,,,,,,,,,,,,,,,,,,,,,,,,,,,,,,,,,,,,,,,,,,,,,,,,,,,,,,,,,,,,,,,,,,,,,,,,,,,,,,,,,,,,,,,,,,,,,,,,,,,,,,,,,,,,,,,,,,,,,,,,,,,,,,,,,,,,,,,,,,,,,,,,,,,,,,,,,,,,,,,,,,,,,,,,,,,,,,,,,,,,,,,,,,,,,,,,,,,,,,,,,,,,,,,,,,,,,,,,,,,,,,,,,,,,,,,,,,,,,,,,,,,,,,,,,,,,,,,,,,,,,,,,,,,,,,,,,,,,,,,,,,,,,,,,,,,,,,,,,,,,,,,,,,,,,,,,,,,,,,,,,,,,,,,,,,,,,,,,,,,,,,,,,,,,,,,,,,,,,,,,,,,,,,,,,,,,,,,,,,,,,,,,,,,,,,,,,,,,,,,,,,,,,,,,,,,,,,,,,,,,,,,,,,,,,,,,,,,,,,,,,,,,,,,,,,,,,,,,,,,,,,,,,,,,,,,,,,,,,,,,,,,,,,,,,,,,,,,,,,,,,,,,,,,,,,,,,,,,,,,,,,,,,,,,,,,,,,,,,,,,,,,,,,,,,,,,,,,,,,,,,,,,,,,,
218,move,ia,ia,3,"[[0, 0, 0, 0, 0], [(1, 0), 0, 0, 0, 0], [0, (0, -1), (0, -1), (0, -1), 0], [0, 0, 0, 0, 0], [0, 0, 0, 0, 0]]","[[0, 0, 0, 0, 0], [(1, 0), 0, 0, 0, 0], [0, (0, -1), (0, -1), (0, -1), 0], [0, 0, 0, 0, (2, 1)], [0, 0, 0, 0, 0]]","[[0, 0, (1, 2), 0, 0], [(1, 0), 0, 0, 0, 0], [0, (0, -1), (0, -1), (0, -1), 0], [0, 0, 0, 0, (2, 1)], [0, 0, 0, 0, 0]]","[[0, 0, (1, 2), 0, 0], [(1, 0), 0, 0, 0, 0], [0, (0, -1), (0, -1), (0, -1), 0], [0, 0, 0, 0, 0], [0, 0, 0, 0, 0]]","[[0, 0, (1, 2), 0, 0], [(1, 0), 0, (1, 2), 0, 0], [0, (0, -1), (0, -1), (0, -1), 0], [0, 0, 0, 0, 0], [0, 0, 0, 0, 0]]","[[0, 0, (1, 2), 0, 0], [(1, 0), 0, (1, 2), 0, 0], [0, (0, -1), (0, -1), (0, -1), 0], [0, 0, 0, 0, (2, 1)], [0, 0, 0, 0, 0]]","[[0, 0, (1, 2), 0, 0], [(1, 0), 0, (1, 2), 0, 0], [0, (0, -1), (0, -1), (0, -1), 0], [0, 0, 0, 0, (2, 1)], [0, 0, (1, 1), 0, 0]]","[[0, 0, (1, 2), 0, 0], [(1, 0), 0, (1, 2), 0, 0], [0, (0, -1), (0, -1), (0, -1), 0], [0, 0, 0, 0, 0], [0, 0, (1, 1), 0, 0]]","[[0, 0, (1, 2), 0, 0], [(1, 0), 0, (1, 2), 0, 0], [0, (0, -1), (1, 2), (0, -1), 0], [0, 0, (0, -1), 0, 0], [0, 0, (1, 1), 0, 0]]","[[0, 0, (1, 2), 0, 0], [(1, 0), 0, (1, 2), 0, 0], [0, (0, -1), (1, 2), (0, -1), 0], [0, 0, (0, -1), 0, (2, 1)], [0, 0, (1, 1), 0, 0]]","[[0, 0, 0, 0, 0], [(1, 0), 0, (1, 2), 0, 0], [0, (0, -1), (1, 2), (0, -1), 0], [0, 0, (0, -1), 0, (2, 1)], [0, 0, (1, 1), 0, 0]]","[[0, 0, 0, 0, 0], [(1, 0), 0, (1, 2), 0, 0], [0, (0, -1), (1, 2), (0, -1), 0], [0, 0, (0, -1), 0, 0], [0, 0, (1, 1), 0, 0]]","[[0, 0, (1, 2), 0, 0], [(1, 0), 0, (1, 2), 0, 0], [0, (0, -1), (1, 2), (0, -1), 0], [0, 0, (0, -1), 0, 0], [0, 0, (1, 1), 0, 0]]","[[0, 0, (1, 2), 0, 0], [(1, 0), 0, (1, 2), 0, 0], [0, (0, -1), (1, 2), (0, -1), 0], [0, 0, (0, -1), 0, (2, 1)], [0, 0, (1, 1), 0, 0]]","[[0, 0, 0, 0, 0], [(1, 0), 0, (1, 2), 0, 0], [0, (0, -1), (1, 2), (0, -1), 0], [0, 0, (0, -1), 0, (2, 1)], [0, 0, (1, 1), 0, 0]]","[[0, 0, 0, 0, 0], [(1, 0), 0, (1, 2), 0, 0], [0, (0, -1), (1, 2), (0, -1), 0], [0, 0, (0, -1), 0, 0], [0, 0, (1, 1), 0, 0]]","[[0, 0, (1, 2), 0, 0], [(1, 0), 0, (1, 2), 0, 0], [0, (0, -1), (1, 2), (0, -1), 0], [0, 0, (0, -1), 0, 0], [0, 0, (1, 1), 0, 0]]","[[0, 0, (1, 2), 0, 0], [(1, 0), 0, (1, 2), 0, 0], [(2, 1), (0, -1), (1, 2), (0, -1), 0], [0, 0, (0, -1), 0, 0], [0, 0, (1, 1), 0, 0]]","[[0, 0, 0, 0, 0], [(1, 0), 0, (1, 2), 0, 0], [(2, 1), (0, -1), (1, 2), (0, -1), 0], [0, 0, (0, -1), 0, 0], [0, 0, (1, 1), 0, 0]]","[[0, 0, 0, 0, 0], [(1, 0), 0, (1, 2), 0, 0], [(2, 1), (0, -1), (1, 2), (0, -1), 0], [0, 0, (0, -1), 0, (2, 1)], [0, 0, (1, 1), 0, 0]]","[[0, 0, 0, 0, 0], [(1, 0), 0, (1, 2), 0, 0], [(2, 1), (0, -1), (1, 1), (0, -1), 0], [0, 0, (0, -1), 0, (2, 1)], [0, 0, (1, 1), 0, 0]]","[[0, 0, 0, 0, 0], [(1, 0), 0, (1, 2), 0, 0], [(2, 1), (0, -1), (1, 1), (0, -1), 0], [0, 0, (0, -1), 0, (2, 1)], [(2, 3), 0, (1, 1), 0, 0]]","[[0, 0, (1, 2), 0, 0], [(1, 0), 0, (1, 2), 0, 0], [(2, 1), (0, -1), (1, 1), (0, -1), 0], [0, 0, (0, -1), 0, (2, 1)], [(2, 3), 0, (1, 1), 0, 0]]","[[0, 0, (1, 2), 0, 0], [(1, 0), 0, (1, 2), 0, 0], [(2, 1), (0, -1), (1, 1), (0, -1), 0], [0, 0, (0, -1), 0, 0], [(2, 3), 0, (1, 1), 0, 0]]","[[0, 0, 0, (1, 2), 0], [(1, 0), 0, (1, 2), 0, 0], [(2, 1), (0, -1), (1, 1), (0, -1), 0], [0, 0, (0, -1), 0, 0], [(2, 3), 0, (1, 1), 0, 0]]","[[0, 0, 0, (1, 2), 0], [(1, 0), 0, (1, 2), 0, 0], [(2, 1), (0, -1), (1, 1), (0, -1), 0], [0, 0, (0, -1), 0, (2, 1)], [(2, 3), 0, (1, 1), 0, 0]]","[[0, 0, (1, 2), (1, 2), 0], [(1, 0), 0, 0, 0, 0], [(2, 1), (0, -1), (1, 1), (0, -1), 0], [0, 0, (0, -1), 0, (2, 1)], [(2, 3), 0, (1, 1), 0, 0]]","[[0, 0, (1, 2), (1, 2), 0], [(1, 0), 0, 0, 0, (2, 3)], [(2, 1), (0, -1), (1, 1), (0, -1), 0], [0, 0, (0, -1), 0, (2, 1)], [(2, 3), 0, (1, 1), 0, 0]]","[[0, 0, 0, (1, 2), 0], [(1, 0), 0, (1, 2), 0, (2, 3)], [(2, 1), (0, -1), (1, 1), (0, -1), 0], [0, 0, (0, -1), 0, (2, 1)], [(2, 3), 0, (1, 1), 0, 0]]","[[0, 0, 0, (1, 2), 0], [(1, 0), 0, (1, 2), 0, (2, 3)], [(2, 1), (0, -1), (1, 1), (0, -1), 0], [0, 0, (0, -1), 0, 0], [(2, 3), 0, (1, 1), 0, 0]]","[[0, 0, (1, 2), (1, 2), 0], [(1, 0), 0, 0, 0, (2, 3)], [(2, 1), (0, -1), (1, 1), (0, -1), 0], [0, 0, (0, -1), 0, 0], [(2, 3), 0, (1, 1), 0, 0]]","[[0, 0, (1, 2), (1, 2), 0], [(1, 0), 0, 0, 0, (2, 3)], [(2, 1), (0, -1), (1, 1), (0, -1), 0], [0, 0, (0, -1), 0, (2, 1)], [(2, 3), 0, (1, 1), 0, 0]]","[[0, 0, 0, (1, 2), 0], [(1, 0), 0, 0, 0, (2, 3)], [(2, 1), (0, -1), (1, 1), (0, -1), 0], [0, 0, (0, -1), 0, (2, 1)], [(2, 3), 0, (1, 1), 0, 0]]","[[0, 0, 0, (1, 2), 0], [(1, 0), 0, 0, 0, (2, 3)], [(2, 1), (0, -1), (1, 1), (0, -1), 0], [0, 0, (0, -1), 0, 0], [(2, 3), 0, (1, 1), 0, 0]]","[[0, 0, (1, 2), (1, 2), 0], [(1, 0), 0, 0, 0, (2, 3)], [(2, 1), (0, -1), (1, 1), (0, -1), 0], [0, 0, (0, -1), 0, 0], [(2, 3), 0, (1, 1), 0, 0]]","[[0, 0, (1, 2), (1, 2), 0], [(1, 0), 0, 0, 0, (2, 3)], [(2, 1), (0, -1), (1, 1), (0, -1), 0], [0, 0, (0, -1), 0, 0], [(2, 3), 0, (1, 1), 0, (2, 1)]]","[[0, 0, 0, (1, 2), 0], [(1, 0), 0, 0, 0, (2, 3)], [(2, 1), (0, -1), (1, 1), (0, -1), 0], [0, 0, (0, -1), 0, 0], [(2, 3), 0, (1, 1), 0, (2, 1)]]","[[0, 0, 0, (1, 2), 0], [(1, 0), 0, 0, 0, (2, 3)], [(2, 1), (0, -1), (1, 1), (0, -1), 0], [0, 0, (0, -1), 0, (2, 1)], [(2, 3), 0, (1, 1), 0, (2, 1)]]","[[0, 0, (1, 2), (1, 2), 0], [(1, 0), 0, 0, 0, (2, 3)], [(2, 1), (0, -1), (1, 1), (0, -1), 0], [0, 0, (0, -1), 0, (2, 1)], [(2, 3), 0, (1, 1), 0, (2, 1)]]","[[0, 0, (1, 2), (1, 2), 0], [(1, 0), 0, 0, 0, (2, 3)], [(2, 1), (0, -1), (1, 1), (0, -1), 0], [0, 0, (0, -1), 0, 0], [(2, 3), 0, (1, 1), 0, (2, 1)]]","[[0, 0, 0, (1, 2), 0], [(1, 0), 0, 0, 0, (2, 3)], [(2, 1), (0, -1), (1, 1), (0, -1), 0], [0, 0, (0, -1), 0, 0], [(2, 3), 0, (1, 1), 0, (2, 1)]]","[[0, 0, 0, (1, 2), 0], [(1, 0), 0, 0, 0, (2, 3)], [(2, 1), (0, -1), (1, 1), (0, -1), 0], [0, 0, (0, -1), 0, (2, 2)], [(2, 3), 0, (1, 1), 0, (2, 1)]]","[[0, 0, (1, 2), (1, 2), 0], [(1, 0), 0, 0, 0, (2, 3)], [(2, 1), (0, -1), (1, 1), (0, -1), 0], [0, 0, (0, -1), 0, (2, 2)], [(2, 3), 0, (1, 1), 0, (2, 1)]]","[[0, 0, (1, 2), (1, 2), 0], [(1, 0), 0, 0, 0, (2, 1)], [(2, 1), (0, -1), (1, 1), (0, -1), 0], [0, 0, (0, -1), 0, (2, 2)], [(2, 3), 0, (1, 1), 0, (2, 1)]]","[[0, 0, 0, (1, 2), 0], [(1, 0), 0, 0, 0, (2, 1)], [(2, 1), (0, -1), (1, 1), (0, -1), 0], [0, 0, (0, -1), 0, (2, 2)], [(2, 3), 0, (1, 1), 0, (2, 1)]]","[[0, 0, 0, (1, 2), 0], [(1, 0), 0, 0, 0, (2, 1)], [(2, 1), (0, -1), (1, 1), (0, -1), 0], [0, 0, (0, -1), 0, 0], [(2, 3), 0, (1, 1), 0, (2, 1)]]","[[0, 0, (1, 2), (1, 2), 0], [(1, 0), 0, 0, 0, (2, 1)], [(2, 1), (0, -1), (1, 1), (0, -1), 0], [0, 0, (0, -1), 0, 0], [(2, 3), 0, (1, 1), 0, (2, 1)]]","[[0, 0, (1, 2), (1, 2), 0], [(1, 0), 0, 0, 0, (2, 1)], [(2, 1), (0, -1), (1, 1), (0, -1), 0], [0, 0, (0, -1), 0, (2, 1)], [(2, 3), 0, (1, 1), 0, (2, 1)]]","[[0, 0, 0, (1, 2), 0], [(1, 0), 0, 0, 0, (2, 1)], [(2, 1), (0, -1), (1, 1), (0, -1), 0], [0, 0, (0, -1), 0, (2, 1)], [(2, 3), 0, (1, 1), 0, (2, 1)]]",,,,,,,,,,,,,,,,,,,,,,,,,,,,,,,,,,,,,,,,,,,,,,,,,,,,,,,,,,,,,,,,,,,,,,,,,,,,,,,,,,,,,,,,,,,,,,,,,,,,,,,,,,,,,,,,,,,,,,,,,,,,,,,,,,,,,,,,,,,,,,,,,,,,,,,,,,,,,,,,,,,,,,,,,,,,,,,,,,,,,,,,,,,,,,,,,,,,,,,,,,,,,,,,,,,,,,,,,,,,,,,,,,,,,,,,,,,,,,,,,,,,,,,,,,,,,,,,,,,,,,,,,,,,,,,,,,,,,,,,,,,,,,,,,,,,,,,,,,,,,,,,,,,,,,,,,,,,,,,,,,,,,,,,,,,,,,,,,,,,,,,,,,,,,,,,,,,,,,,,,,,,,,,,,,,,,,,,,,,,,,,,,,,,,,,,,,,,,,,,,,,,,,,,,,,,,,,,,,,,,,,,,,,,,,,,,,,,,,,,,,,,,,,,,,,,,,,,,,,,,,,,,,,,,,,,,,,,,,,,,,,,,,,,,,,,,,,,,,,,,,,,,,,,,,,,,,,,,,,,,,,,,,,,,,,,,,,,,,,,,,,,,,,,,,,,,,,,,,,,,,,,,,,,,,,,,,,,,,,,,,,,,,,,,,,,,,,,,,,,,,,,,,,,,,,,,,,,,,,,,,,,,,,,,,,,,,,,,,,,,,,,,,,,,,,,,,,,,,,,,,,,,,,,,,,,,,,,,,,,,,,,,,,,,,,,,,,,,,,,,,,,,,,,,,,,,,,,,,,,,,,,,,,,,,,,,,,,,,,,,,,,,,,,,,,,,,,,,,,,,,,,,,,,,,,,,,,,,,,,,,,,,,,,,,,,,,,,,,,,,,,,,,,,,,,,,,,,,,,,,,,,,,,,,,,,,,,,,,,,,,,,,,,,,,,,,,,,,,,,,,,,,,,,,,,,,,,,,,,,,,,,,,,,,,,,,,,,,,,,,,,,,,,,,,,,,,,,,,,,,,,,,,,,,,,,,,,,,,,,,,,,,,,
219,state,ia,ia,1,"(1, ('e', 0, 2, 2))","(2, ('e', 3, 4, 1))","(1, ('e', 0, 2, 2))","(2, ('a', 3, 4))","(1, ('e', 0, 2, 2))","(2, ('e', 3, 4, 1))","(1, ('e', 0, 2, 2))","(2, ('a', 3, 4))","(1, ('e', 0, 2, 2))",,,,,,,,,,,,,,,,,,,,,,,,,,,,,,,,,,,,,,,,,,,,,,,,,,,,,,,,,,,,,,,,,,,,,,,,,,,,,,,,,,,,,,,,,,,,,,,,,,,,,,,,,,,,,,,,,,,,,,,,,,,,,,,,,,,,,,,,,,,,,,,,,,,,,,,,,,,,,,,,,,,,,,,,,,,,,,,,,,,,,,,,,,,,,,,,,,,,,,,,,,,,,,,,,,,,,,,,,,,,,,,,,,,,,,,,,,,,,,,,,,,,,,,,,,,,,,,,,,,,,,,,,,,,,,,,,,,,,,,,,,,,,,,,,,,,,,,,,,,,,,,,,,,,,,,,,,,,,,,,,,,,,,,,,,,,,,,,,,,,,,,,,,,,,,,,,,,,,,,,,,,,,,,,,,,,,,,,,,,,,,,,,,,,,,,,,,,,,,,,,,,,,,,,,,,,,,,,,,,,,,,,,,,,,,,,,,,,,,,,,,,,,,,,,,,,,,,,,,,,,,,,,,,,,,,,,,,,,,,,,,,,,,,,,,,,,,,,,,,,,,,,,,,,,,,,,,,,,,,,,,,,,,,,,,,,,,,,,,,,,,,,,,,,,,,,,,,,,,,,,,,,,,,,,,,,,,,,,,,,,,,,,,,,,,,,,,,,,,,,,,,,,,,,,,,,,,,,,,,,,,,,,,,,,,,,,,,,,,,,,,,,,,,,,,,,,,,,,,,,,,,,,,,,,,,,,,,,,,,,,,,,,,,,,,,,,,,,,,,,,,,,,,,,,,,,,,,,,,,,,,,,,,,,,,,,,,,,,,,,,,,,,,,,,,,,,,,,,,,,,,,,,,,,,,,,,,,,,,,,,,,,,,,,,,,,,,,,,,,,,,,,,,,,,,,,,,,,,,,,,,,,,,,,,,,,,,,,,,,,,,,,,,,,,,,,,,,,,,,,,,,,,,,,,,,,,,,,,,,,,,,,,,,,,,,,,,,,,,,,,,,,,,,,,,,,,,,,,,,,,,,,,,,,,,,,,,,,,,,,,,,,,,,,,,,,,,,,,,,,,,,,,,,,,,,,,,,,,,,,,,,,,,,
220,move,ia,ia,1,"[[0, 0, (1, 2), 0, 0], [0, 0, 0, 0, 0], [0, (0, -1), (0, -1), (0, -1), 0], [0, 0, 0, 0, 0], [0, 0, 0, 0, 0]]","[[0, 0, (1, 2), 0, 0], [0, 0, 0, 0, 0], [0, (0, -1), (0, -1), (0, -1), 0], [0, 0, 0, 0, (2, 1)], [0, 0, 0, 0, 0]]","[[0, 0, (1, 2), 0, 0], [0, 0, (1, 2), 0, 0], [0, (0, -1), (0, -1), (0, -1), 0], [0, 0, 0, 0, (2, 1)], [0, 0, 0, 0, 0]]","[[0, 0, (1, 2), 0, 0], [0, 0, (1, 2), 0, 0], [0, (0, -1), (0, -1), (0, -1), 0], [0, 0, 0, 0, 0], [0, 0, 0, 0, 0]]","[[0, 0, (1, 2), 0, 0], [0, 0, (1, 2), 0, 0], [0, (0, -1), (1, 2), (0, -1), 0], [0, 0, (0, -1), 0, 0], [0, 0, 0, 0, 0]]","[[0, 0, (1, 2), 0, 0], [0, 0, (1, 2), 0, 0], [0, (0, -1), (1, 2), (0, -1), 0], [0, 0, (0, -1), 0, (2, 1)], [0, 0, 0, 0, 0]]","[[0, 0, (1, 2), 0, 0], [0, 0, (1, 2), 0, 0], [0, (0, -1), (1, 2), (0, -1), 0], [0, 0, (1, 2), 0, (2, 1)], [0, 0, (0, -1), 0, 0]]","[[0, 0, (1, 2), 0, 0], [0, 0, (1, 2), 0, 0], [0, (0, -1), (1, 2), (0, -1), 0], [0, 0, (1, 2), 0, 0], [0, 0, (0, -1), 0, 0]]","[[0, 0, (1, 2), 0, 0], [0, 0, (1, 2), 0, 0], [0, (0, -1), (1, 2), (0, -1), 0], [0, 0, (1, 2), 0, 0], [0, 0, (1, 2), 0, 0]]",,,,,,,,,,,,,,,,,,,,,,,,,,,,,,,,,,,,,,,,,,,,,,,,,,,,,,,,,,,,,,,,,,,,,,,,,,,,,,,,,,,,,,,,,,,,,,,,,,,,,,,,,,,,,,,,,,,,,,,,,,,,,,,,,,,,,,,,,,,,,,,,,,,,,,,,,,,,,,,,,,,,,,,,,,,,,,,,,,,,,,,,,,,,,,,,,,,,,,,,,,,,,,,,,,,,,,,,,,,,,,,,,,,,,,,,,,,,,,,,,,,,,,,,,,,,,,,,,,,,,,,,,,,,,,,,,,,,,,,,,,,,,,,,,,,,,,,,,,,,,,,,,,,,,,,,,,,,,,,,,,,,,,,,,,,,,,,,,,,,,,,,,,,,,,,,,,,,,,,,,,,,,,,,,,,,,,,,,,,,,,,,,,,,,,,,,,,,,,,,,,,,,,,,,,,,,,,,,,,,,,,,,,,,,,,,,,,,,,,,,,,,,,,,,,,,,,,,,,,,,,,,,,,,,,,,,,,,,,,,,,,,,,,,,,,,,,,,,,,,,,,,,,,,,,,,,,,,,,,,,,,,,,,,,,,,,,,,,,,,,,,,,,,,,,,,,,,,,,,,,,,,,,,,,,,,,,,,,,,,,,,,,,,,,,,,,,,,,,,,,,,,,,,,,,,,,,,,,,,,,,,,,,,,,,,,,,,,,,,,,,,,,,,,,,,,,,,,,,,,,,,,,,,,,,,,,,,,,,,,,,,,,,,,,,,,,,,,,,,,,,,,,,,,,,,,,,,,,,,,,,,,,,,,,,,,,,,,,,,,,,,,,,,,,,,,,,,,,,,,,,,,,,,,,,,,,,,,,,,,,,,,,,,,,,,,,,,,,,,,,,,,,,,,,,,,,,,,,,,,,,,,,,,,,,,,,,,,,,,,,,,,,,,,,,,,,,,,,,,,,,,,,,,,,,,,,,,,,,,,,,,,,,,,,,,,,,,,,,,,,,,,,,,,,,,,,,,,,,,,,,,,,,,,,,,,,,,,,,,,,,,,,,,,,,,,,,,,,,,,,,,,,,,,,,,,,,,,,,,,,,,,,,,
221,state,ia,ia,1,"(1, ('e', 0, 2, 2))","(2, ('e', 3, 4, 1))","(1, ('e', 0, 2, 2))","(2, ('a', 3, 4))","(1, ('e', 0, 2, 2))","(2, ('e', 3, 4, 1))","(1, ('e', 0, 2, 2))","(2, ('a', 3, 4))","(1, ('e', 0, 2, 2))",,,,,,,,,,,,,,,,,,,,,,,,,,,,,,,,,,,,,,,,,,,,,,,,,,,,,,,,,,,,,,,,,,,,,,,,,,,,,,,,,,,,,,,,,,,,,,,,,,,,,,,,,,,,,,,,,,,,,,,,,,,,,,,,,,,,,,,,,,,,,,,,,,,,,,,,,,,,,,,,,,,,,,,,,,,,,,,,,,,,,,,,,,,,,,,,,,,,,,,,,,,,,,,,,,,,,,,,,,,,,,,,,,,,,,,,,,,,,,,,,,,,,,,,,,,,,,,,,,,,,,,,,,,,,,,,,,,,,,,,,,,,,,,,,,,,,,,,,,,,,,,,,,,,,,,,,,,,,,,,,,,,,,,,,,,,,,,,,,,,,,,,,,,,,,,,,,,,,,,,,,,,,,,,,,,,,,,,,,,,,,,,,,,,,,,,,,,,,,,,,,,,,,,,,,,,,,,,,,,,,,,,,,,,,,,,,,,,,,,,,,,,,,,,,,,,,,,,,,,,,,,,,,,,,,,,,,,,,,,,,,,,,,,,,,,,,,,,,,,,,,,,,,,,,,,,,,,,,,,,,,,,,,,,,,,,,,,,,,,,,,,,,,,,,,,,,,,,,,,,,,,,,,,,,,,,,,,,,,,,,,,,,,,,,,,,,,,,,,,,,,,,,,,,,,,,,,,,,,,,,,,,,,,,,,,,,,,,,,,,,,,,,,,,,,,,,,,,,,,,,,,,,,,,,,,,,,,,,,,,,,,,,,,,,,,,,,,,,,,,,,,,,,,,,,,,,,,,,,,,,,,,,,,,,,,,,,,,,,,,,,,,,,,,,,,,,,,,,,,,,,,,,,,,,,,,,,,,,,,,,,,,,,,,,,,,,,,,,,,,,,,,,,,,,,,,,,,,,,,,,,,,,,,,,,,,,,,,,,,,,,,,,,,,,,,,,,,,,,,,,,,,,,,,,,,,,,,,,,,,,,,,,,,,,,,,,,,,,,,,,,,,,,,,,,,,,,,,,,,,,,,,,,,,,,,,,,,,,,,,,,,,,,,,,,,,,,,,,,,,,,,,,,,,,,,,,,,,,,,,,,,,,,,
222,move,ia,ia,1,"[[0, 0, (1, 2), 0, 0], [0, 0, 0, 0, 0], [0, (0, -1), (0, -1), (0, -1), 0], [0, 0, 0, 0, 0], [0, 0, 0, 0, 0]]","[[0, 0, (1, 2), 0, 0], [0, 0, 0, 0, 0], [0, (0, -1), (0, -1), (0, -1), 0], [0, 0, 0, 0, (2, 1)], [0, 0, 0, 0, 0]]","[[0, 0, (1, 2), 0, 0], [0, 0, (1, 2), 0, 0], [0, (0, -1), (0, -1), (0, -1), 0], [0, 0, 0, 0, (2, 1)], [0, 0, 0, 0, 0]]","[[0, 0, (1, 2), 0, 0], [0, 0, (1, 2), 0, 0], [0, (0, -1), (0, -1), (0, -1), 0], [0, 0, 0, 0, 0], [0, 0, 0, 0, 0]]","[[0, 0, (1, 2), 0, 0], [0, 0, (1, 2), 0, 0], [0, (0, -1), (1, 2), (0, -1), 0], [0, 0, (0, -1), 0, 0], [0, 0, 0, 0, 0]]","[[0, 0, (1, 2), 0, 0], [0, 0, (1, 2), 0, 0], [0, (0, -1), (1, 2), (0, -1), 0], [0, 0, (0, -1), 0, (2, 1)], [0, 0, 0, 0, 0]]","[[0, 0, (1, 2), 0, 0], [0, 0, (1, 2), 0, 0], [0, (0, -1), (1, 2), (0, -1), 0], [0, 0, (1, 2), 0, (2, 1)], [0, 0, (0, -1), 0, 0]]","[[0, 0, (1, 2), 0, 0], [0, 0, (1, 2), 0, 0], [0, (0, -1), (1, 2), (0, -1), 0], [0, 0, (1, 2), 0, 0], [0, 0, (0, -1), 0, 0]]","[[0, 0, (1, 2), 0, 0], [0, 0, (1, 2), 0, 0], [0, (0, -1), (1, 2), (0, -1), 0], [0, 0, (1, 2), 0, 0], [0, 0, (1, 2), 0, 0]]",,,,,,,,,,,,,,,,,,,,,,,,,,,,,,,,,,,,,,,,,,,,,,,,,,,,,,,,,,,,,,,,,,,,,,,,,,,,,,,,,,,,,,,,,,,,,,,,,,,,,,,,,,,,,,,,,,,,,,,,,,,,,,,,,,,,,,,,,,,,,,,,,,,,,,,,,,,,,,,,,,,,,,,,,,,,,,,,,,,,,,,,,,,,,,,,,,,,,,,,,,,,,,,,,,,,,,,,,,,,,,,,,,,,,,,,,,,,,,,,,,,,,,,,,,,,,,,,,,,,,,,,,,,,,,,,,,,,,,,,,,,,,,,,,,,,,,,,,,,,,,,,,,,,,,,,,,,,,,,,,,,,,,,,,,,,,,,,,,,,,,,,,,,,,,,,,,,,,,,,,,,,,,,,,,,,,,,,,,,,,,,,,,,,,,,,,,,,,,,,,,,,,,,,,,,,,,,,,,,,,,,,,,,,,,,,,,,,,,,,,,,,,,,,,,,,,,,,,,,,,,,,,,,,,,,,,,,,,,,,,,,,,,,,,,,,,,,,,,,,,,,,,,,,,,,,,,,,,,,,,,,,,,,,,,,,,,,,,,,,,,,,,,,,,,,,,,,,,,,,,,,,,,,,,,,,,,,,,,,,,,,,,,,,,,,,,,,,,,,,,,,,,,,,,,,,,,,,,,,,,,,,,,,,,,,,,,,,,,,,,,,,,,,,,,,,,,,,,,,,,,,,,,,,,,,,,,,,,,,,,,,,,,,,,,,,,,,,,,,,,,,,,,,,,,,,,,,,,,,,,,,,,,,,,,,,,,,,,,,,,,,,,,,,,,,,,,,,,,,,,,,,,,,,,,,,,,,,,,,,,,,,,,,,,,,,,,,,,,,,,,,,,,,,,,,,,,,,,,,,,,,,,,,,,,,,,,,,,,,,,,,,,,,,,,,,,,,,,,,,,,,,,,,,,,,,,,,,,,,,,,,,,,,,,,,,,,,,,,,,,,,,,,,,,,,,,,,,,,,,,,,,,,,,,,,,,,,,,,,,,,,,,,,,,,,,,,,,,,,,,,,,,,,,,,,,,,,,,,,,,,,,,,,
223,state,ia,ia,1,"(1, ('e', 0, 2, 2))","(2, ('e', 3, 4, 1))","(1, ('e', 0, 2, 2))","(2, ('a', 3, 4))","(1, ('e', 0, 2, 2))","(2, ('e', 3, 4, 1))","(1, ('e', 0, 2, 2))","(2, ('a', 3, 4))","(1, ('e', 0, 2, 2))",,,,,,,,,,,,,,,,,,,,,,,,,,,,,,,,,,,,,,,,,,,,,,,,,,,,,,,,,,,,,,,,,,,,,,,,,,,,,,,,,,,,,,,,,,,,,,,,,,,,,,,,,,,,,,,,,,,,,,,,,,,,,,,,,,,,,,,,,,,,,,,,,,,,,,,,,,,,,,,,,,,,,,,,,,,,,,,,,,,,,,,,,,,,,,,,,,,,,,,,,,,,,,,,,,,,,,,,,,,,,,,,,,,,,,,,,,,,,,,,,,,,,,,,,,,,,,,,,,,,,,,,,,,,,,,,,,,,,,,,,,,,,,,,,,,,,,,,,,,,,,,,,,,,,,,,,,,,,,,,,,,,,,,,,,,,,,,,,,,,,,,,,,,,,,,,,,,,,,,,,,,,,,,,,,,,,,,,,,,,,,,,,,,,,,,,,,,,,,,,,,,,,,,,,,,,,,,,,,,,,,,,,,,,,,,,,,,,,,,,,,,,,,,,,,,,,,,,,,,,,,,,,,,,,,,,,,,,,,,,,,,,,,,,,,,,,,,,,,,,,,,,,,,,,,,,,,,,,,,,,,,,,,,,,,,,,,,,,,,,,,,,,,,,,,,,,,,,,,,,,,,,,,,,,,,,,,,,,,,,,,,,,,,,,,,,,,,,,,,,,,,,,,,,,,,,,,,,,,,,,,,,,,,,,,,,,,,,,,,,,,,,,,,,,,,,,,,,,,,,,,,,,,,,,,,,,,,,,,,,,,,,,,,,,,,,,,,,,,,,,,,,,,,,,,,,,,,,,,,,,,,,,,,,,,,,,,,,,,,,,,,,,,,,,,,,,,,,,,,,,,,,,,,,,,,,,,,,,,,,,,,,,,,,,,,,,,,,,,,,,,,,,,,,,,,,,,,,,,,,,,,,,,,,,,,,,,,,,,,,,,,,,,,,,,,,,,,,,,,,,,,,,,,,,,,,,,,,,,,,,,,,,,,,,,,,,,,,,,,,,,,,,,,,,,,,,,,,,,,,,,,,,,,,,,,,,,,,,,,,,,,,,,,,,,,,,,,,,,,,,,,,,,,,,,,,,,,,,,,,,,,,,,,
224,move,ia,ia,1,"[[0, 0, (1, 2), 0, 0], [0, 0, 0, 0, 0], [0, (0, -1), (0, -1), (0, -1), 0], [0, 0, 0, 0, 0], [0, 0, 0, 0, 0]]","[[0, 0, (1, 2), 0, 0], [0, 0, 0, 0, 0], [0, (0, -1), (0, -1), (0, -1), 0], [0, 0, 0, 0, (2, 1)], [0, 0, 0, 0, 0]]","[[0, 0, (1, 2), 0, 0], [0, 0, (1, 2), 0, 0], [0, (0, -1), (0, -1), (0, -1), 0], [0, 0, 0, 0, (2, 1)], [0, 0, 0, 0, 0]]","[[0, 0, (1, 2), 0, 0], [0, 0, (1, 2), 0, 0], [0, (0, -1), (0, -1), (0, -1), 0], [0, 0, 0, 0, 0], [0, 0, 0, 0, 0]]","[[0, 0, (1, 2), 0, 0], [0, 0, (1, 2), 0, 0], [0, (0, -1), (1, 2), (0, -1), 0], [0, 0, (0, -1), 0, 0], [0, 0, 0, 0, 0]]","[[0, 0, (1, 2), 0, 0], [0, 0, (1, 2), 0, 0], [0, (0, -1), (1, 2), (0, -1), 0], [0, 0, (0, -1), 0, (2, 1)], [0, 0, 0, 0, 0]]","[[0, 0, (1, 2), 0, 0], [0, 0, (1, 2), 0, 0], [0, (0, -1), (1, 2), (0, -1), 0], [0, 0, (1, 2), 0, (2, 1)], [0, 0, (0, -1), 0, 0]]","[[0, 0, (1, 2), 0, 0], [0, 0, (1, 2), 0, 0], [0, (0, -1), (1, 2), (0, -1), 0], [0, 0, (1, 2), 0, 0], [0, 0, (0, -1), 0, 0]]","[[0, 0, (1, 2), 0, 0], [0, 0, (1, 2), 0, 0], [0, (0, -1), (1, 2), (0, -1), 0], [0, 0, (1, 2), 0, 0], [0, 0, (1, 2), 0, 0]]",,,,,,,,,,,,,,,,,,,,,,,,,,,,,,,,,,,,,,,,,,,,,,,,,,,,,,,,,,,,,,,,,,,,,,,,,,,,,,,,,,,,,,,,,,,,,,,,,,,,,,,,,,,,,,,,,,,,,,,,,,,,,,,,,,,,,,,,,,,,,,,,,,,,,,,,,,,,,,,,,,,,,,,,,,,,,,,,,,,,,,,,,,,,,,,,,,,,,,,,,,,,,,,,,,,,,,,,,,,,,,,,,,,,,,,,,,,,,,,,,,,,,,,,,,,,,,,,,,,,,,,,,,,,,,,,,,,,,,,,,,,,,,,,,,,,,,,,,,,,,,,,,,,,,,,,,,,,,,,,,,,,,,,,,,,,,,,,,,,,,,,,,,,,,,,,,,,,,,,,,,,,,,,,,,,,,,,,,,,,,,,,,,,,,,,,,,,,,,,,,,,,,,,,,,,,,,,,,,,,,,,,,,,,,,,,,,,,,,,,,,,,,,,,,,,,,,,,,,,,,,,,,,,,,,,,,,,,,,,,,,,,,,,,,,,,,,,,,,,,,,,,,,,,,,,,,,,,,,,,,,,,,,,,,,,,,,,,,,,,,,,,,,,,,,,,,,,,,,,,,,,,,,,,,,,,,,,,,,,,,,,,,,,,,,,,,,,,,,,,,,,,,,,,,,,,,,,,,,,,,,,,,,,,,,,,,,,,,,,,,,,,,,,,,,,,,,,,,,,,,,,,,,,,,,,,,,,,,,,,,,,,,,,,,,,,,,,,,,,,,,,,,,,,,,,,,,,,,,,,,,,,,,,,,,,,,,,,,,,,,,,,,,,,,,,,,,,,,,,,,,,,,,,,,,,,,,,,,,,,,,,,,,,,,,,,,,,,,,,,,,,,,,,,,,,,,,,,,,,,,,,,,,,,,,,,,,,,,,,,,,,,,,,,,,,,,,,,,,,,,,,,,,,,,,,,,,,,,,,,,,,,,,,,,,,,,,,,,,,,,,,,,,,,,,,,,,,,,,,,,,,,,,,,,,,,,,,,,,,,,,,,,,,,,,,,,,,,,,,,,,,,,,,,,,,,,,,,,,,,,,,,,,,
225,state,ia,ia,1,"(1, ('e', 0, 2, 2))","(2, ('e', 3, 4, 1))","(1, ('e', 0, 2, 2))","(2, ('a', 3, 4))","(1, ('e', 0, 2, 2))","(2, ('e', 3, 4, 1))","(1, ('e', 0, 2, 2))","(2, ('e', 0, 4, 1))","(1, ('e', 0, 2, 2))",,,,,,,,,,,,,,,,,,,,,,,,,,,,,,,,,,,,,,,,,,,,,,,,,,,,,,,,,,,,,,,,,,,,,,,,,,,,,,,,,,,,,,,,,,,,,,,,,,,,,,,,,,,,,,,,,,,,,,,,,,,,,,,,,,,,,,,,,,,,,,,,,,,,,,,,,,,,,,,,,,,,,,,,,,,,,,,,,,,,,,,,,,,,,,,,,,,,,,,,,,,,,,,,,,,,,,,,,,,,,,,,,,,,,,,,,,,,,,,,,,,,,,,,,,,,,,,,,,,,,,,,,,,,,,,,,,,,,,,,,,,,,,,,,,,,,,,,,,,,,,,,,,,,,,,,,,,,,,,,,,,,,,,,,,,,,,,,,,,,,,,,,,,,,,,,,,,,,,,,,,,,,,,,,,,,,,,,,,,,,,,,,,,,,,,,,,,,,,,,,,,,,,,,,,,,,,,,,,,,,,,,,,,,,,,,,,,,,,,,,,,,,,,,,,,,,,,,,,,,,,,,,,,,,,,,,,,,,,,,,,,,,,,,,,,,,,,,,,,,,,,,,,,,,,,,,,,,,,,,,,,,,,,,,,,,,,,,,,,,,,,,,,,,,,,,,,,,,,,,,,,,,,,,,,,,,,,,,,,,,,,,,,,,,,,,,,,,,,,,,,,,,,,,,,,,,,,,,,,,,,,,,,,,,,,,,,,,,,,,,,,,,,,,,,,,,,,,,,,,,,,,,,,,,,,,,,,,,,,,,,,,,,,,,,,,,,,,,,,,,,,,,,,,,,,,,,,,,,,,,,,,,,,,,,,,,,,,,,,,,,,,,,,,,,,,,,,,,,,,,,,,,,,,,,,,,,,,,,,,,,,,,,,,,,,,,,,,,,,,,,,,,,,,,,,,,,,,,,,,,,,,,,,,,,,,,,,,,,,,,,,,,,,,,,,,,,,,,,,,,,,,,,,,,,,,,,,,,,,,,,,,,,,,,,,,,,,,,,,,,,,,,,,,,,,,,,,,,,,,,,,,,,,,,,,,,,,,,,,,,,,,,,,,,,,,,,,,,,,,,,,,,,,,,,,,,,,,,,,,,,,,,,,
226,move,ia,ia,1,"[[0, 0, (1, 2), 0, 0], [0, 0, 0, 0, 0], [0, (0, -1), (0, -1), (0, -1), 0], [0, 0, 0, 0, 0], [0, 0, 0, 0, 0]]","[[0, 0, (1, 2), 0, 0], [0, 0, 0, 0, 0], [0, (0, -1), (0, -1), (0, -1), 0], [0, 0, 0, 0, (2, 1)], [0, 0, 0, 0, 0]]","[[0, 0, (1, 2), 0, 0], [0, 0, (1, 2), 0, 0], [0, (0, -1), (0, -1), (0, -1), 0], [0, 0, 0, 0, (2, 1)], [0, 0, 0, 0, 0]]","[[0, 0, (1, 2), 0, 0], [0, 0, (1, 2), 0, 0], [0, (0, -1), (0, -1), (0, -1), 0], [0, 0, 0, 0, 0], [0, 0, 0, 0, 0]]","[[0, 0, (1, 2), 0, 0], [0, 0, (1, 2), 0, 0], [0, (0, -1), (1, 2), (0, -1), 0], [0, 0, (0, -1), 0, 0], [0, 0, 0, 0, 0]]","[[0, 0, (1, 2), 0, 0], [0, 0, (1, 2), 0, 0], [0, (0, -1), (1, 2), (0, -1), 0], [0, 0, (0, -1), 0, (2, 1)], [0, 0, 0, 0, 0]]","[[0, 0, (1, 2), 0, 0], [0, 0, (1, 2), 0, 0], [0, (0, -1), (1, 2), (0, -1), 0], [0, 0, (1, 2), 0, (2, 1)], [0, 0, (0, -1), 0, 0]]","[[0, 0, (1, 2), 0, (2, 1)], [0, 0, (1, 2), 0, 0], [0, (0, -1), (1, 2), (0, -1), 0], [0, 0, (1, 2), 0, (2, 1)], [0, 0, (0, -1), 0, 0]]","[[0, 0, (1, 2), 0, (2, 1)], [0, 0, (1, 2), 0, 0], [0, (0, -1), (1, 2), (0, -1), 0], [0, 0, (1, 2), 0, (2, 1)], [0, 0, (1, 2), 0, 0]]",,,,,,,,,,,,,,,,,,,,,,,,,,,,,,,,,,,,,,,,,,,,,,,,,,,,,,,,,,,,,,,,,,,,,,,,,,,,,,,,,,,,,,,,,,,,,,,,,,,,,,,,,,,,,,,,,,,,,,,,,,,,,,,,,,,,,,,,,,,,,,,,,,,,,,,,,,,,,,,,,,,,,,,,,,,,,,,,,,,,,,,,,,,,,,,,,,,,,,,,,,,,,,,,,,,,,,,,,,,,,,,,,,,,,,,,,,,,,,,,,,,,,,,,,,,,,,,,,,,,,,,,,,,,,,,,,,,,,,,,,,,,,,,,,,,,,,,,,,,,,,,,,,,,,,,,,,,,,,,,,,,,,,,,,,,,,,,,,,,,,,,,,,,,,,,,,,,,,,,,,,,,,,,,,,,,,,,,,,,,,,,,,,,,,,,,,,,,,,,,,,,,,,,,,,,,,,,,,,,,,,,,,,,,,,,,,,,,,,,,,,,,,,,,,,,,,,,,,,,,,,,,,,,,,,,,,,,,,,,,,,,,,,,,,,,,,,,,,,,,,,,,,,,,,,,,,,,,,,,,,,,,,,,,,,,,,,,,,,,,,,,,,,,,,,,,,,,,,,,,,,,,,,,,,,,,,,,,,,,,,,,,,,,,,,,,,,,,,,,,,,,,,,,,,,,,,,,,,,,,,,,,,,,,,,,,,,,,,,,,,,,,,,,,,,,,,,,,,,,,,,,,,,,,,,,,,,,,,,,,,,,,,,,,,,,,,,,,,,,,,,,,,,,,,,,,,,,,,,,,,,,,,,,,,,,,,,,,,,,,,,,,,,,,,,,,,,,,,,,,,,,,,,,,,,,,,,,,,,,,,,,,,,,,,,,,,,,,,,,,,,,,,,,,,,,,,,,,,,,,,,,,,,,,,,,,,,,,,,,,,,,,,,,,,,,,,,,,,,,,,,,,,,,,,,,,,,,,,,,,,,,,,,,,,,,,,,,,,,,,,,,,,,,,,,,,,,,,,,,,,,,,,,,,,,,,,,,,,,,,,,,,,,,,,,,,,,,,,,,,,,,,,,,,,,,,,,,,,,,,,,,,,,,
227,state,ia,ia,3,"(1, ('e', 0, 2, 2))","(2, ('e', 1, 4, 1))","(1, ('e', 0, 2, 2))","(2, ('e', 3, 4, 1))","(1, ('e', 0, 2, 2))","(2, ('m', 1, 4, 2))","(1, ('e', 0, 2, 2))","(2, ('a', 3, 4))","(1, ('e', 3, 0, 3))","(2, ('e', 3, 4, 1))","(1, ('a', 0, 2))","(2, ('a', 3, 4))","(1, ('e', 0, 2, 2))","(2, ('e', 3, 4, 1))","(1, ('a', 0, 2))","(2, ('a', 3, 4))","(1, ('e', 0, 2, 2))","(2, ('e', 1, 4, 0))","(1, ('a', 0, 2))","(2, ('e', 3, 4, 1))","(1, ('e', 0, 2, 2))","(2, ('a', 3, 4))","(1, ('t', 3, 2, 1))","(2, ('e', 3, 4, 1))","(1, ('a', 0, 2))","(2, ('a', 3, 4))","(1, ('e', 0, 2, 2))","(2, ('e', 3, 4, 1))","(1, ('a', 0, 2))","(2, ('a', 3, 4))","(1, ('e', 0, 2, 2))","(2, ('e', 3, 4, 1))","(1, ('a', 0, 2))","(2, ('a', 3, 4))","(1, ('e', 0, 2, 2))","(2, ('e', 3, 4, 1))","(1, ('a', 0, 2))","(2, ('a', 3, 4))","(1, ('e', 0, 2, 2))","(2, ('e', 3, 4, 1))","(1, ('a', 0, 2))","(2, ('a', 3, 4))","(1, ('e', 0, 2, 2))","(2, ('e', 3, 4, 1))","(1, ('a', 0, 2))","(2, ('a', 3, 4))","(1, ('e', 0, 2, 2))",,,,,,,,,,,,,,,,,,,,,,,,,,,,,,,,,,,,,,,,,,,,,,,,,,,,,,,,,,,,,,,,,,,,,,,,,,,,,,,,,,,,,,,,,,,,,,,,,,,,,,,,,,,,,,,,,,,,,,,,,,,,,,,,,,,,,,,,,,,,,,,,,,,,,,,,,,,,,,,,,,,,,,,,,,,,,,,,,,,,,,,,,,,,,,,,,,,,,,,,,,,,,,,,,,,,,,,,,,,,,,,,,,,,,,,,,,,,,,,,,,,,,,,,,,,,,,,,,,,,,,,,,,,,,,,,,,,,,,,,,,,,,,,,,,,,,,,,,,,,,,,,,,,,,,,,,,,,,,,,,,,,,,,,,,,,,,,,,,,,,,,,,,,,,,,,,,,,,,,,,,,,,,,,,,,,,,,,,,,,,,,,,,,,,,,,,,,,,,,,,,,,,,,,,,,,,,,,,,,,,,,,,,,,,,,,,,,,,,,,,,,,,,,,,,,,,,,,,,,,,,,,,,,,,,,,,,,,,,,,,,,,,,,,,,,,,,,,,,,,,,,,,,,,,,,,,,,,,,,,,,,,,,,,,,,,,,,,,,,,,,,,,,,,,,,,,,,,,,,,,,,,,,,,,,,,,,,,,,,,,,,,,,,,,,,,,,,,,,,,,,,,,,,,,,,,,,,,,,,,,,,,,,,,,,,,,,,,,,,,,,,,,,,,,,,,,,,,,,,,,,,,,,,,,,,,,,,,,,,,,,,,,,,,,,,,,,,,,,,,,,,,,,,,,,,,,,,,,,,,,,,,,,,,,,,,,,,,,,,,,,,,,,,,,,,,,,,,,,,,,,,,,,,,,,,,,,,,,,,,,,,,,,,,,,,,,,,,,,,,,,,,,,,,,,,,,,,,,,,,,,,,,,,,,,,,,,,,,,,,,,,,,,,,,,,,,,,,,,,,,,,,,,,,,,,,,,,,,,,,,,,,,,,,,,,,,,,,,,,,,,,,,,,,,,,,,,,,,,,,,,,,,,,,,,,,,,,,,,,,,,,,,,,,,
228,move,ia,ia,3,"[[0, 0, (1, 2), 0, 0], [0, 0, 0, 0, 0], [0, (0, -1), (0, -1), (0, -1), 0], [0, 0, 0, 0, 0], [0, 0, 0, 0, 0]]","[[0, 0, (1, 2), 0, 0], [0, 0, 0, 0, (2, 1)], [0, (0, -1), (0, -1), (0, -1), 0], [0, 0, 0, 0, 0], [0, 0, 0, 0, 0]]","[[0, 0, (1, 2), 0, 0], [0, 0, (1, 2), 0, (2, 1)], [0, (0, -1), (0, -1), (0, -1), 0], [0, 0, 0, 0, 0], [0, 0, 0, 0, 0]]","[[0, 0, (1, 2), 0, 0], [0, 0, (1, 2), 0, (2, 1)], [0, (0, -1), (0, -1), (0, -1), 0], [0, 0, 0, 0, (2, 1)], [0, 0, 0, 0, 0]]","[[0, 0, (1, 2), 0, 0], [0, 0, (1, 2), 0, (2, 1)], [0, (0, -1), (1, 2), (0, -1), 0], [0, 0, (0, -1), 0, (2, 1)], [0, 0, 0, 0, 0]]","[[0, 0, (1, 2), 0, 0], [0, 0, (1, 2), 0, 0], [0, (0, -1), (1, 2), (0, -1), (2, 1)], [0, 0, (0, -1), 0, (2, 1)], [0, 0, 0, 0, 0]]","[[0, 0, (1, 2), 0, 0], [0, 0, (1, 2), 0, 0], [0, (0, -1), (1, 2), (0, -1), (2, 1)], [0, 0, (1, 2), 0, (2, 1)], [0, 0, (0, -1), 0, 0]]","[[0, 0, (1, 2), 0, 0], [0, 0, (1, 2), 0, 0], [0, (0, -1), (1, 2), (0, -1), (2, 1)], [0, 0, (1, 2), 0, 0], [0, 0, (0, -1), 0, 0]]","[[0, 0, (1, 2), 0, 0], [0, 0, (1, 2), 0, 0], [0, (0, -1), (1, 2), (0, -1), (2, 1)], [(1, 3), 0, (1, 2), 0, 0], [0, 0, (0, -1), 0, 0]]","[[0, 0, (1, 2), 0, 0], [0, 0, (1, 2), 0, 0], [0, (0, -1), (1, 2), (0, -1), (2, 1)], [(1, 3), 0, (1, 2), 0, (2, 1)], [0, 0, (0, -1), 0, 0]]","[[0, 0, 0, 0, 0], [0, 0, (1, 2), 0, 0], [0, (0, -1), (1, 2), (0, -1), (2, 1)], [(1, 3), 0, (1, 2), 0, (2, 1)], [0, 0, (0, -1), 0, 0]]","[[0, 0, 0, 0, 0], [0, 0, (1, 2), 0, 0], [0, (0, -1), (1, 2), (0, -1), (2, 1)], [(1, 3), 0, (1, 2), 0, 0], [0, 0, (0, -1), 0, 0]]","[[0, 0, (1, 2), 0, 0], [0, 0, (1, 2), 0, 0], [0, (0, -1), (1, 2), (0, -1), (2, 1)], [(1, 3), 0, (1, 2), 0, 0], [0, 0, (0, -1), 0, 0]]","[[0, 0, (1, 2), 0, 0], [0, 0, (1, 2), 0, 0], [0, (0, -1), (1, 2), (0, -1), (2, 1)], [(1, 3), 0, (1, 2), 0, (2, 1)], [0, 0, (0, -1), 0, 0]]","[[0, 0, 0, 0, 0], [0, 0, (1, 2), 0, 0], [0, (0, -1), (1, 2), (0, -1), (2, 1)], [(1, 3), 0, (1, 2), 0, (2, 1)], [0, 0, (0, -1), 0, 0]]","[[0, 0, 0, 0, 0], [0, 0, (1, 2), 0, 0], [0, (0, -1), (1, 2), (0, -1), (2, 1)], [(1, 3), 0, (1, 2), 0, 0], [0, 0, (0, -1), 0, 0]]","[[0, 0, (1, 2), 0, 0], [0, 0, (1, 2), 0, 0], [0, (0, -1), (1, 2), (0, -1), (2, 1)], [(1, 3), 0, (1, 2), 0, 0], [0, 0, (0, -1), 0, 0]]","[[0, 0, (1, 2), 0, 0], [0, 0, (1, 2), 0, (2, 0)], [0, (0, -1), (1, 2), (0, -1), (2, 1)], [(1, 3), 0, (1, 2), 0, 0], [0, 0, (0, -1), 0, 0]]","[[0, 0, 0, 0, 0], [0, 0, (1, 2), 0, (2, 0)], [0, (0, -1), (1, 2), (0, -1), (2, 1)], [(1, 3), 0, (1, 2), 0, 0], [0, 0, (0, -1), 0, 0]]","[[0, 0, 0, 0, 0], [0, 0, (1, 2), 0, (2, 0)], [0, (0, -1), (1, 2), (0, -1), (2, 1)], [(1, 3), 0, (1, 2), 0, (2, 1)], [0, 0, (0, -1), 0, 0]]","[[0, 0, (1, 2), 0, 0], [0, 0, (1, 2), 0, (2, 0)], [0, (0, -1), (1, 2), (0, -1), (2, 1)], [(1, 3), 0, (1, 2), 0, (2, 1)], [0, 0, (0, -1), 0, 0]]","[[0, 0, (1, 2), 0, 0], [0, 0, (1, 2), 0, (2, 0)], [0, (0, -1), (1, 2), (0, -1), (2, 1)], [(1, 3), 0, (1, 2), 0, 0], [0, 0, (0, -1), 0, 0]]","[[0, 0, (1, 2), 0, 0], [0, 0, (1, 2), 0, (2, 0)], [0, (0, -1), (1, 2), (0, -1), (2, 1)], [(1, 3), 0, (1, 1), 0, 0], [0, 0, (0, -1), 0, 0]]","[[0, 0, (1, 2), 0, 0], [0, 0, (1, 2), 0, (2, 0)], [0, (0, -1), (1, 2), (0, -1), (2, 1)], [(1, 3), 0, (1, 1), 0, (2, 1)], [0, 0, (0, -1), 0, 0]]","[[0, 0, 0, 0, 0], [0, 0, (1, 2), 0, (2, 0)], [0, (0, -1), (1, 2), (0, -1), (2, 1)], [(1, 3), 0, (1, 1), 0, (2, 1)], [0, 0, (0, -1), 0, 0]]","[[0, 0, 0, 0, 0], [0, 0, (1, 2), 0, (2, 0)], [0, (0, -1), (1, 2), (0, -1), (2, 1)], [(1, 3), 0, (1, 1), 0, 0], [0, 0, (0, -1), 0, 0]]","[[0, 0, (1, 2), 0, 0], [0, 0, (1, 2), 0, (2, 0)], [0, (0, -1), (1, 2), (0, -1), (2, 1)], [(1, 3), 0, (1, 1), 0, 0], [0, 0, (0, -1), 0, 0]]","[[0, 0, (1, 2), 0, 0], [0, 0, (1, 2), 0, (2, 0)], [0, (0, -1), (1, 2), (0, -1), (2, 1)], [(1, 3), 0, (1, 1), 0, (2, 1)], [0, 0, (0, -1), 0, 0]]","[[0, 0, 0, 0, 0], [0, 0, (1, 2), 0, (2, 0)], [0, (0, -1), (1, 2), (0, -1), (2, 1)], [(1, 3), 0, (1, 1), 0, (2, 1)], [0, 0, (0, -1), 0, 0]]","[[0, 0, 0, 0, 0], [0, 0, (1, 2), 0, (2, 0)], [0, (0, -1), (1, 2), (0, -1), (2, 1)], [(1, 3), 0, (1, 1), 0, 0], [0, 0, (0, -1), 0, 0]]","[[0, 0, (1, 2), 0, 0], [0, 0, (1, 2), 0, (2, 0)], [0, (0, -1), (1, 2), (0, -1), (2, 1)], [(1, 3), 0, (1, 1), 0, 0], [0, 0, (0, -1), 0, 0]]","[[0, 0, (1, 2), 0, 0], [0, 0, (1, 2), 0, (2, 0)], [0, (0, -1), (1, 2), (0, -1), (2, 1)], [(1, 3), 0, (1, 1), 0, (2, 1)], [0, 0, (0, -1), 0, 0]]","[[0, 0, 0, 0, 0], [0, 0, (1, 2), 0, (2, 0)], [0, (0, -1), (1, 2), (0, -1), (2, 1)], [(1, 3), 0, (1, 1), 0, (2, 1)], [0, 0, (0, -1), 0, 0]]","[[0, 0, 0, 0, 0], [0, 0, (1, 2), 0, (2, 0)], [0, (0, -1), (1, 2), (0, -1), (2, 1)], [(1, 3), 0, (1, 1), 0, 0], [0, 0, (0, -1), 0, 0]]","[[0, 0, (1, 2), 0, 0], [0, 0, (1, 2), 0, (2, 0)], [0, (0, -1), (1, 2), (0, -1), (2, 1)], [(1, 3), 0, (1, 1), 0, 0], [0, 0, (0, -1), 0, 0]]","[[0, 0, (1, 2), 0, 0], [0, 0, (1, 2), 0, (2, 0)], [0, (0, -1), (1, 2), (0, -1), (2, 1)], [(1, 3), 0, (1, 1), 0, (2, 1)], [0, 0, (0, -1), 0, 0]]","[[0, 0, 0, 0, 0], [0, 0, (1, 2), 0, (2, 0)], [0, (0, -1), (1, 2), (0, -1), (2, 1)], [(1, 3), 0, (1, 1), 0, (2, 1)], [0, 0, (0, -1), 0, 0]]","[[0, 0, 0, 0, 0], [0, 0, (1, 2), 0, (2, 0)], [0, (0, -1), (1, 2), (0, -1), (2, 1)], [(1, 3), 0, (1, 1), 0, 0], [0, 0, (0, -1), 0, 0]]","[[0, 0, (1, 2), 0, 0], [0, 0, (1, 2), 0, (2, 0)], [0, (0, -1), (1, 2), (0, -1), (2, 1)], [(1, 3), 0, (1, 1), 0, 0], [0, 0, (0, -1), 0, 0]]","[[0, 0, (1, 2), 0, 0], [0, 0, (1, 2), 0, (2, 0)], [0, (0, -1), (1, 2), (0, -1), (2, 1)], [(1, 3), 0, (1, 1), 0, (2, 1)], [0, 0, (0, -1), 0, 0]]","[[0, 0, 0, 0, 0], [0, 0, (1, 2), 0, (2, 0)], [0, (0, -1), (1, 2), (0, -1), (2, 1)], [(1, 3), 0, (1, 1), 0, (2, 1)], [0, 0, (0, -1), 0, 0]]","[[0, 0, 0, 0, 0], [0, 0, (1, 2), 0, (2, 0)], [0, (0, -1), (1, 2), (0, -1), (2, 1)], [(1, 3), 0, (1, 1), 0, 0], [0, 0, (0, -1), 0, 0]]","[[0, 0, (1, 2), 0, 0], [0, 0, (1, 2), 0, (2, 0)], [0, (0, -1), (1, 2), (0, -1), (2, 1)], [(1, 3), 0, (1, 1), 0, 0], [0, 0, (0, -1), 0, 0]]","[[0, 0, (1, 2), 0, 0], [0, 0, (1, 2), 0, (2, 0)], [0, (0, -1), (1, 2), (0, -1), (2, 1)], [(1, 3), 0, (1, 1), 0, (2, 1)], [0, 0, (0, -1), 0, 0]]","[[0, 0, 0, 0, 0], [0, 0, (1, 2), 0, (2, 0)], [0, (0, -1), (1, 2), (0, -1), (2, 1)], [(1, 3), 0, (1, 1), 0, (2, 1)], [0, 0, (0, -1), 0, 0]]","[[0, 0, 0, 0, 0], [0, 0, (1, 2), 0, (2, 0)], [0, (0, -1), (1, 2), (0, -1), (2, 1)], [(1, 3), 0, (1, 1), 0, 0], [0, 0, (0, -1), 0, 0]]","[[0, 0, (1, 2), 0, 0], [0, 0, (1, 2), 0, (2, 0)], [0, (0, -1), (1, 2), (0, -1), (2, 1)], [(1, 3), 0, (1, 1), 0, 0], [0, 0, (0, -1), 0, 0]]",,,,,,,,,,,,,,,,,,,,,,,,,,,,,,,,,,,,,,,,,,,,,,,,,,,,,,,,,,,,,,,,,,,,,,,,,,,,,,,,,,,,,,,,,,,,,,,,,,,,,,,,,,,,,,,,,,,,,,,,,,,,,,,,,,,,,,,,,,,,,,,,,,,,,,,,,,,,,,,,,,,,,,,,,,,,,,,,,,,,,,,,,,,,,,,,,,,,,,,,,,,,,,,,,,,,,,,,,,,,,,,,,,,,,,,,,,,,,,,,,,,,,,,,,,,,,,,,,,,,,,,,,,,,,,,,,,,,,,,,,,,,,,,,,,,,,,,,,,,,,,,,,,,,,,,,,,,,,,,,,,,,,,,,,,,,,,,,,,,,,,,,,,,,,,,,,,,,,,,,,,,,,,,,,,,,,,,,,,,,,,,,,,,,,,,,,,,,,,,,,,,,,,,,,,,,,,,,,,,,,,,,,,,,,,,,,,,,,,,,,,,,,,,,,,,,,,,,,,,,,,,,,,,,,,,,,,,,,,,,,,,,,,,,,,,,,,,,,,,,,,,,,,,,,,,,,,,,,,,,,,,,,,,,,,,,,,,,,,,,,,,,,,,,,,,,,,,,,,,,,,,,,,,,,,,,,,,,,,,,,,,,,,,,,,,,,,,,,,,,,,,,,,,,,,,,,,,,,,,,,,,,,,,,,,,,,,,,,,,,,,,,,,,,,,,,,,,,,,,,,,,,,,,,,,,,,,,,,,,,,,,,,,,,,,,,,,,,,,,,,,,,,,,,,,,,,,,,,,,,,,,,,,,,,,,,,,,,,,,,,,,,,,,,,,,,,,,,,,,,,,,,,,,,,,,,,,,,,,,,,,,,,,,,,,,,,,,,,,,,,,,,,,,,,,,,,,,,,,,,,,,,,,,,,,,,,,,,,,,,,,,,,,,,,,,,,,,,,,,,,,,,,,,,,,,,,,,,,,,,,,,,,,,,,,,,,,,,,,,,,,,,,,,,,,,,,,,,,,,,,,,,,,,,,,,,,,,,,,,,,,,,,,,,,
229,state,ia,ia,1,"(1, ('e', 0, 2, 2))","(2, ('e', 3, 4, 1))","(1, ('e', 0, 2, 2))","(2, ('a', 3, 4))","(1, ('e', 0, 2, 2))","(2, ('e', 3, 4, 1))","(1, ('e', 0, 2, 2))","(2, ('a', 3, 4))","(1, ('e', 0, 2, 2))",,,,,,,,,,,,,,,,,,,,,,,,,,,,,,,,,,,,,,,,,,,,,,,,,,,,,,,,,,,,,,,,,,,,,,,,,,,,,,,,,,,,,,,,,,,,,,,,,,,,,,,,,,,,,,,,,,,,,,,,,,,,,,,,,,,,,,,,,,,,,,,,,,,,,,,,,,,,,,,,,,,,,,,,,,,,,,,,,,,,,,,,,,,,,,,,,,,,,,,,,,,,,,,,,,,,,,,,,,,,,,,,,,,,,,,,,,,,,,,,,,,,,,,,,,,,,,,,,,,,,,,,,,,,,,,,,,,,,,,,,,,,,,,,,,,,,,,,,,,,,,,,,,,,,,,,,,,,,,,,,,,,,,,,,,,,,,,,,,,,,,,,,,,,,,,,,,,,,,,,,,,,,,,,,,,,,,,,,,,,,,,,,,,,,,,,,,,,,,,,,,,,,,,,,,,,,,,,,,,,,,,,,,,,,,,,,,,,,,,,,,,,,,,,,,,,,,,,,,,,,,,,,,,,,,,,,,,,,,,,,,,,,,,,,,,,,,,,,,,,,,,,,,,,,,,,,,,,,,,,,,,,,,,,,,,,,,,,,,,,,,,,,,,,,,,,,,,,,,,,,,,,,,,,,,,,,,,,,,,,,,,,,,,,,,,,,,,,,,,,,,,,,,,,,,,,,,,,,,,,,,,,,,,,,,,,,,,,,,,,,,,,,,,,,,,,,,,,,,,,,,,,,,,,,,,,,,,,,,,,,,,,,,,,,,,,,,,,,,,,,,,,,,,,,,,,,,,,,,,,,,,,,,,,,,,,,,,,,,,,,,,,,,,,,,,,,,,,,,,,,,,,,,,,,,,,,,,,,,,,,,,,,,,,,,,,,,,,,,,,,,,,,,,,,,,,,,,,,,,,,,,,,,,,,,,,,,,,,,,,,,,,,,,,,,,,,,,,,,,,,,,,,,,,,,,,,,,,,,,,,,,,,,,,,,,,,,,,,,,,,,,,,,,,,,,,,,,,,,,,,,,,,,,,,,,,,,,,,,,,,,,,,,,,,,,,,,,,,,,,,,,,,,,,,,,,,,,,,,,,,,,,,,,
230,move,ia,ia,1,"[[0, 0, (1, 2), 0, 0], [0, 0, 0, 0, 0], [0, (0, -1), (0, -1), (0, -1), 0], [0, 0, 0, 0, 0], [0, 0, 0, 0, 0]]","[[0, 0, (1, 2), 0, 0], [0, 0, 0, 0, 0], [0, (0, -1), (0, -1), (0, -1), 0], [0, 0, 0, 0, (2, 1)], [0, 0, 0, 0, 0]]","[[0, 0, (1, 2), 0, 0], [0, 0, (1, 2), 0, 0], [0, (0, -1), (0, -1), (0, -1), 0], [0, 0, 0, 0, (2, 1)], [0, 0, 0, 0, 0]]","[[0, 0, (1, 2), 0, 0], [0, 0, (1, 2), 0, 0], [0, (0, -1), (0, -1), (0, -1), 0], [0, 0, 0, 0, 0], [0, 0, 0, 0, 0]]","[[0, 0, (1, 2), 0, 0], [0, 0, (1, 2), 0, 0], [0, (0, -1), (1, 2), (0, -1), 0], [0, 0, (0, -1), 0, 0], [0, 0, 0, 0, 0]]","[[0, 0, (1, 2), 0, 0], [0, 0, (1, 2), 0, 0], [0, (0, -1), (1, 2), (0, -1), 0], [0, 0, (0, -1), 0, (2, 1)], [0, 0, 0, 0, 0]]","[[0, 0, (1, 2), 0, 0], [0, 0, (1, 2), 0, 0], [0, (0, -1), (1, 2), (0, -1), 0], [0, 0, (1, 2), 0, (2, 1)], [0, 0, (0, -1), 0, 0]]","[[0, 0, (1, 2), 0, 0], [0, 0, (1, 2), 0, 0], [0, (0, -1), (1, 2), (0, -1), 0], [0, 0, (1, 2), 0, 0], [0, 0, (0, -1), 0, 0]]","[[0, 0, (1, 2), 0, 0], [0, 0, (1, 2), 0, 0], [0, (0, -1), (1, 2), (0, -1), 0], [0, 0, (1, 2), 0, 0], [0, 0, (1, 2), 0, 0]]",,,,,,,,,,,,,,,,,,,,,,,,,,,,,,,,,,,,,,,,,,,,,,,,,,,,,,,,,,,,,,,,,,,,,,,,,,,,,,,,,,,,,,,,,,,,,,,,,,,,,,,,,,,,,,,,,,,,,,,,,,,,,,,,,,,,,,,,,,,,,,,,,,,,,,,,,,,,,,,,,,,,,,,,,,,,,,,,,,,,,,,,,,,,,,,,,,,,,,,,,,,,,,,,,,,,,,,,,,,,,,,,,,,,,,,,,,,,,,,,,,,,,,,,,,,,,,,,,,,,,,,,,,,,,,,,,,,,,,,,,,,,,,,,,,,,,,,,,,,,,,,,,,,,,,,,,,,,,,,,,,,,,,,,,,,,,,,,,,,,,,,,,,,,,,,,,,,,,,,,,,,,,,,,,,,,,,,,,,,,,,,,,,,,,,,,,,,,,,,,,,,,,,,,,,,,,,,,,,,,,,,,,,,,,,,,,,,,,,,,,,,,,,,,,,,,,,,,,,,,,,,,,,,,,,,,,,,,,,,,,,,,,,,,,,,,,,,,,,,,,,,,,,,,,,,,,,,,,,,,,,,,,,,,,,,,,,,,,,,,,,,,,,,,,,,,,,,,,,,,,,,,,,,,,,,,,,,,,,,,,,,,,,,,,,,,,,,,,,,,,,,,,,,,,,,,,,,,,,,,,,,,,,,,,,,,,,,,,,,,,,,,,,,,,,,,,,,,,,,,,,,,,,,,,,,,,,,,,,,,,,,,,,,,,,,,,,,,,,,,,,,,,,,,,,,,,,,,,,,,,,,,,,,,,,,,,,,,,,,,,,,,,,,,,,,,,,,,,,,,,,,,,,,,,,,,,,,,,,,,,,,,,,,,,,,,,,,,,,,,,,,,,,,,,,,,,,,,,,,,,,,,,,,,,,,,,,,,,,,,,,,,,,,,,,,,,,,,,,,,,,,,,,,,,,,,,,,,,,,,,,,,,,,,,,,,,,,,,,,,,,,,,,,,,,,,,,,,,,,,,,,,,,,,,,,,,,,,,,,,,,,,,,,,,,,,,,,,,,,,,,,,,,,,,,,,,,,,,,,,,,,,,,,
231,state,ia,ia,1,"(1, ('e', 0, 2, 2))","(2, ('e', 3, 4, 1))","(1, ('e', 0, 2, 2))","(2, ('a', 3, 4))","(1, ('e', 0, 2, 2))","(2, ('e', 3, 4, 1))","(1, ('e', 0, 2, 2))","(2, ('a', 3, 4))","(1, ('e', 0, 2, 2))",,,,,,,,,,,,,,,,,,,,,,,,,,,,,,,,,,,,,,,,,,,,,,,,,,,,,,,,,,,,,,,,,,,,,,,,,,,,,,,,,,,,,,,,,,,,,,,,,,,,,,,,,,,,,,,,,,,,,,,,,,,,,,,,,,,,,,,,,,,,,,,,,,,,,,,,,,,,,,,,,,,,,,,,,,,,,,,,,,,,,,,,,,,,,,,,,,,,,,,,,,,,,,,,,,,,,,,,,,,,,,,,,,,,,,,,,,,,,,,,,,,,,,,,,,,,,,,,,,,,,,,,,,,,,,,,,,,,,,,,,,,,,,,,,,,,,,,,,,,,,,,,,,,,,,,,,,,,,,,,,,,,,,,,,,,,,,,,,,,,,,,,,,,,,,,,,,,,,,,,,,,,,,,,,,,,,,,,,,,,,,,,,,,,,,,,,,,,,,,,,,,,,,,,,,,,,,,,,,,,,,,,,,,,,,,,,,,,,,,,,,,,,,,,,,,,,,,,,,,,,,,,,,,,,,,,,,,,,,,,,,,,,,,,,,,,,,,,,,,,,,,,,,,,,,,,,,,,,,,,,,,,,,,,,,,,,,,,,,,,,,,,,,,,,,,,,,,,,,,,,,,,,,,,,,,,,,,,,,,,,,,,,,,,,,,,,,,,,,,,,,,,,,,,,,,,,,,,,,,,,,,,,,,,,,,,,,,,,,,,,,,,,,,,,,,,,,,,,,,,,,,,,,,,,,,,,,,,,,,,,,,,,,,,,,,,,,,,,,,,,,,,,,,,,,,,,,,,,,,,,,,,,,,,,,,,,,,,,,,,,,,,,,,,,,,,,,,,,,,,,,,,,,,,,,,,,,,,,,,,,,,,,,,,,,,,,,,,,,,,,,,,,,,,,,,,,,,,,,,,,,,,,,,,,,,,,,,,,,,,,,,,,,,,,,,,,,,,,,,,,,,,,,,,,,,,,,,,,,,,,,,,,,,,,,,,,,,,,,,,,,,,,,,,,,,,,,,,,,,,,,,,,,,,,,,,,,,,,,,,,,,,,,,,,,,,,,,,,,,,,,,,,,,,,,,,,,,,,,,,,,,,,,,
232,move,ia,ia,1,"[[0, 0, (1, 2), 0, 0], [0, 0, 0, 0, 0], [0, (0, -1), (0, -1), (0, -1), 0], [0, 0, 0, 0, 0], [0, 0, 0, 0, 0]]","[[0, 0, (1, 2), 0, 0], [0, 0, 0, 0, 0], [0, (0, -1), (0, -1), (0, -1), 0], [0, 0, 0, 0, (2, 1)], [0, 0, 0, 0, 0]]","[[0, 0, (1, 2), 0, 0], [0, 0, (1, 2), 0, 0], [0, (0, -1), (0, -1), (0, -1), 0], [0, 0, 0, 0, (2, 1)], [0, 0, 0, 0, 0]]","[[0, 0, (1, 2), 0, 0], [0, 0, (1, 2), 0, 0], [0, (0, -1), (0, -1), (0, -1), 0], [0, 0, 0, 0, 0], [0, 0, 0, 0, 0]]","[[0, 0, (1, 2), 0, 0], [0, 0, (1, 2), 0, 0], [0, (0, -1), (1, 2), (0, -1), 0], [0, 0, (0, -1), 0, 0], [0, 0, 0, 0, 0]]","[[0, 0, (1, 2), 0, 0], [0, 0, (1, 2), 0, 0], [0, (0, -1), (1, 2), (0, -1), 0], [0, 0, (0, -1), 0, (2, 1)], [0, 0, 0, 0, 0]]","[[0, 0, (1, 2), 0, 0], [0, 0, (1, 2), 0, 0], [0, (0, -1), (1, 2), (0, -1), 0], [0, 0, (1, 2), 0, (2, 1)], [0, 0, (0, -1), 0, 0]]","[[0, 0, (1, 2), 0, 0], [0, 0, (1, 2), 0, 0], [0, (0, -1), (1, 2), (0, -1), 0], [0, 0, (1, 2), 0, 0], [0, 0, (0, -1), 0, 0]]","[[0, 0, (1, 2), 0, 0], [0, 0, (1, 2), 0, 0], [0, (0, -1), (1, 2), (0, -1), 0], [0, 0, (1, 2), 0, 0], [0, 0, (1, 2), 0, 0]]",,,,,,,,,,,,,,,,,,,,,,,,,,,,,,,,,,,,,,,,,,,,,,,,,,,,,,,,,,,,,,,,,,,,,,,,,,,,,,,,,,,,,,,,,,,,,,,,,,,,,,,,,,,,,,,,,,,,,,,,,,,,,,,,,,,,,,,,,,,,,,,,,,,,,,,,,,,,,,,,,,,,,,,,,,,,,,,,,,,,,,,,,,,,,,,,,,,,,,,,,,,,,,,,,,,,,,,,,,,,,,,,,,,,,,,,,,,,,,,,,,,,,,,,,,,,,,,,,,,,,,,,,,,,,,,,,,,,,,,,,,,,,,,,,,,,,,,,,,,,,,,,,,,,,,,,,,,,,,,,,,,,,,,,,,,,,,,,,,,,,,,,,,,,,,,,,,,,,,,,,,,,,,,,,,,,,,,,,,,,,,,,,,,,,,,,,,,,,,,,,,,,,,,,,,,,,,,,,,,,,,,,,,,,,,,,,,,,,,,,,,,,,,,,,,,,,,,,,,,,,,,,,,,,,,,,,,,,,,,,,,,,,,,,,,,,,,,,,,,,,,,,,,,,,,,,,,,,,,,,,,,,,,,,,,,,,,,,,,,,,,,,,,,,,,,,,,,,,,,,,,,,,,,,,,,,,,,,,,,,,,,,,,,,,,,,,,,,,,,,,,,,,,,,,,,,,,,,,,,,,,,,,,,,,,,,,,,,,,,,,,,,,,,,,,,,,,,,,,,,,,,,,,,,,,,,,,,,,,,,,,,,,,,,,,,,,,,,,,,,,,,,,,,,,,,,,,,,,,,,,,,,,,,,,,,,,,,,,,,,,,,,,,,,,,,,,,,,,,,,,,,,,,,,,,,,,,,,,,,,,,,,,,,,,,,,,,,,,,,,,,,,,,,,,,,,,,,,,,,,,,,,,,,,,,,,,,,,,,,,,,,,,,,,,,,,,,,,,,,,,,,,,,,,,,,,,,,,,,,,,,,,,,,,,,,,,,,,,,,,,,,,,,,,,,,,,,,,,,,,,,,,,,,,,,,,,,,,,,,,,,,,,,,,,,,,,,,,,,,,,,,,,,,,,,,,,,,,,,,,,,,,,,,
233,state,ia,ia,1,"(1, ('e', 0, 2, 2))","(2, ('e', 3, 4, 1))","(1, ('e', 0, 2, 2))","(2, ('a', 3, 4))","(1, ('e', 0, 2, 2))","(2, ('e', 3, 4, 1))","(1, ('e', 0, 2, 2))","(2, ('a', 3, 4))","(1, ('e', 0, 2, 2))",,,,,,,,,,,,,,,,,,,,,,,,,,,,,,,,,,,,,,,,,,,,,,,,,,,,,,,,,,,,,,,,,,,,,,,,,,,,,,,,,,,,,,,,,,,,,,,,,,,,,,,,,,,,,,,,,,,,,,,,,,,,,,,,,,,,,,,,,,,,,,,,,,,,,,,,,,,,,,,,,,,,,,,,,,,,,,,,,,,,,,,,,,,,,,,,,,,,,,,,,,,,,,,,,,,,,,,,,,,,,,,,,,,,,,,,,,,,,,,,,,,,,,,,,,,,,,,,,,,,,,,,,,,,,,,,,,,,,,,,,,,,,,,,,,,,,,,,,,,,,,,,,,,,,,,,,,,,,,,,,,,,,,,,,,,,,,,,,,,,,,,,,,,,,,,,,,,,,,,,,,,,,,,,,,,,,,,,,,,,,,,,,,,,,,,,,,,,,,,,,,,,,,,,,,,,,,,,,,,,,,,,,,,,,,,,,,,,,,,,,,,,,,,,,,,,,,,,,,,,,,,,,,,,,,,,,,,,,,,,,,,,,,,,,,,,,,,,,,,,,,,,,,,,,,,,,,,,,,,,,,,,,,,,,,,,,,,,,,,,,,,,,,,,,,,,,,,,,,,,,,,,,,,,,,,,,,,,,,,,,,,,,,,,,,,,,,,,,,,,,,,,,,,,,,,,,,,,,,,,,,,,,,,,,,,,,,,,,,,,,,,,,,,,,,,,,,,,,,,,,,,,,,,,,,,,,,,,,,,,,,,,,,,,,,,,,,,,,,,,,,,,,,,,,,,,,,,,,,,,,,,,,,,,,,,,,,,,,,,,,,,,,,,,,,,,,,,,,,,,,,,,,,,,,,,,,,,,,,,,,,,,,,,,,,,,,,,,,,,,,,,,,,,,,,,,,,,,,,,,,,,,,,,,,,,,,,,,,,,,,,,,,,,,,,,,,,,,,,,,,,,,,,,,,,,,,,,,,,,,,,,,,,,,,,,,,,,,,,,,,,,,,,,,,,,,,,,,,,,,,,,,,,,,,,,,,,,,,,,,,,,,,,,,,,,,,,,,,,,,,,,,,,,,,,,,,,,,,,,,,,,,,,,
234,move,ia,ia,1,"[[0, 0, (1, 2), 0, 0], [0, 0, 0, 0, 0], [0, (0, -1), (0, -1), (0, -1), 0], [0, 0, 0, 0, 0], [0, 0, 0, 0, 0]]","[[0, 0, (1, 2), 0, 0], [0, 0, 0, 0, 0], [0, (0, -1), (0, -1), (0, -1), 0], [0, 0, 0, 0, (2, 1)], [0, 0, 0, 0, 0]]","[[0, 0, (1, 2), 0, 0], [0, 0, (1, 2), 0, 0], [0, (0, -1), (0, -1), (0, -1), 0], [0, 0, 0, 0, (2, 1)], [0, 0, 0, 0, 0]]","[[0, 0, (1, 2), 0, 0], [0, 0, (1, 2), 0, 0], [0, (0, -1), (0, -1), (0, -1), 0], [0, 0, 0, 0, 0], [0, 0, 0, 0, 0]]","[[0, 0, (1, 2), 0, 0], [0, 0, (1, 2), 0, 0], [0, (0, -1), (1, 2), (0, -1), 0], [0, 0, (0, -1), 0, 0], [0, 0, 0, 0, 0]]","[[0, 0, (1, 2), 0, 0], [0, 0, (1, 2), 0, 0], [0, (0, -1), (1, 2), (0, -1), 0], [0, 0, (0, -1), 0, (2, 1)], [0, 0, 0, 0, 0]]","[[0, 0, (1, 2), 0, 0], [0, 0, (1, 2), 0, 0], [0, (0, -1), (1, 2), (0, -1), 0], [0, 0, (1, 2), 0, (2, 1)], [0, 0, (0, -1), 0, 0]]","[[0, 0, (1, 2), 0, 0], [0, 0, (1, 2), 0, 0], [0, (0, -1), (1, 2), (0, -1), 0], [0, 0, (1, 2), 0, 0], [0, 0, (0, -1), 0, 0]]","[[0, 0, (1, 2), 0, 0], [0, 0, (1, 2), 0, 0], [0, (0, -1), (1, 2), (0, -1), 0], [0, 0, (1, 2), 0, 0], [0, 0, (1, 2), 0, 0]]",,,,,,,,,,,,,,,,,,,,,,,,,,,,,,,,,,,,,,,,,,,,,,,,,,,,,,,,,,,,,,,,,,,,,,,,,,,,,,,,,,,,,,,,,,,,,,,,,,,,,,,,,,,,,,,,,,,,,,,,,,,,,,,,,,,,,,,,,,,,,,,,,,,,,,,,,,,,,,,,,,,,,,,,,,,,,,,,,,,,,,,,,,,,,,,,,,,,,,,,,,,,,,,,,,,,,,,,,,,,,,,,,,,,,,,,,,,,,,,,,,,,,,,,,,,,,,,,,,,,,,,,,,,,,,,,,,,,,,,,,,,,,,,,,,,,,,,,,,,,,,,,,,,,,,,,,,,,,,,,,,,,,,,,,,,,,,,,,,,,,,,,,,,,,,,,,,,,,,,,,,,,,,,,,,,,,,,,,,,,,,,,,,,,,,,,,,,,,,,,,,,,,,,,,,,,,,,,,,,,,,,,,,,,,,,,,,,,,,,,,,,,,,,,,,,,,,,,,,,,,,,,,,,,,,,,,,,,,,,,,,,,,,,,,,,,,,,,,,,,,,,,,,,,,,,,,,,,,,,,,,,,,,,,,,,,,,,,,,,,,,,,,,,,,,,,,,,,,,,,,,,,,,,,,,,,,,,,,,,,,,,,,,,,,,,,,,,,,,,,,,,,,,,,,,,,,,,,,,,,,,,,,,,,,,,,,,,,,,,,,,,,,,,,,,,,,,,,,,,,,,,,,,,,,,,,,,,,,,,,,,,,,,,,,,,,,,,,,,,,,,,,,,,,,,,,,,,,,,,,,,,,,,,,,,,,,,,,,,,,,,,,,,,,,,,,,,,,,,,,,,,,,,,,,,,,,,,,,,,,,,,,,,,,,,,,,,,,,,,,,,,,,,,,,,,,,,,,,,,,,,,,,,,,,,,,,,,,,,,,,,,,,,,,,,,,,,,,,,,,,,,,,,,,,,,,,,,,,,,,,,,,,,,,,,,,,,,,,,,,,,,,,,,,,,,,,,,,,,,,,,,,,,,,,,,,,,,,,,,,,,,,,,,,,,,,,,,,,,,,,,,,,,,,,,,,,,,,,,,,,,,,,,,
235,state,ia,ia,1,"(1, ('e', 0, 3, 2))","(2, ('e', 3, 4, 1))","(1, ('e', 2, 0, 2))","(2, ('a', 3, 4))","(1, ('e', 0, 2, 2))","(2, ('e', 0, 2, 2))","(1, ('e', 0, 2, 2))","(2, ('e', 3, 4, 1))","(1, ('e', 0, 2, 2))","(2, ('a', 3, 4))","(1, ('a', 0, 2))","(2, ('e', 1, 0, 0))","(1, ('e', 0, 2, 2))","(2, ('e', 3, 4, 1))","(1, ('a', 0, 2))","(2, ('a', 3, 4))","(1, ('e', 0, 2, 2))","(2, ('e', 3, 4, 1))","(1, ('a', 0, 2))","(2, ('a', 3, 4))","(1, ('e', 0, 0, 1))","(2, ('e', 3, 4, 1))","(1, ('m', 1, 2, 3))","(2, ('e', 3, 0, 2))","(1, ('m', 3, 2, 2))",,,,,,,,,,,,,,,,,,,,,,,,,,,,,,,,,,,,,,,,,,,,,,,,,,,,,,,,,,,,,,,,,,,,,,,,,,,,,,,,,,,,,,,,,,,,,,,,,,,,,,,,,,,,,,,,,,,,,,,,,,,,,,,,,,,,,,,,,,,,,,,,,,,,,,,,,,,,,,,,,,,,,,,,,,,,,,,,,,,,,,,,,,,,,,,,,,,,,,,,,,,,,,,,,,,,,,,,,,,,,,,,,,,,,,,,,,,,,,,,,,,,,,,,,,,,,,,,,,,,,,,,,,,,,,,,,,,,,,,,,,,,,,,,,,,,,,,,,,,,,,,,,,,,,,,,,,,,,,,,,,,,,,,,,,,,,,,,,,,,,,,,,,,,,,,,,,,,,,,,,,,,,,,,,,,,,,,,,,,,,,,,,,,,,,,,,,,,,,,,,,,,,,,,,,,,,,,,,,,,,,,,,,,,,,,,,,,,,,,,,,,,,,,,,,,,,,,,,,,,,,,,,,,,,,,,,,,,,,,,,,,,,,,,,,,,,,,,,,,,,,,,,,,,,,,,,,,,,,,,,,,,,,,,,,,,,,,,,,,,,,,,,,,,,,,,,,,,,,,,,,,,,,,,,,,,,,,,,,,,,,,,,,,,,,,,,,,,,,,,,,,,,,,,,,,,,,,,,,,,,,,,,,,,,,,,,,,,,,,,,,,,,,,,,,,,,,,,,,,,,,,,,,,,,,,,,,,,,,,,,,,,,,,,,,,,,,,,,,,,,,,,,,,,,,,,,,,,,,,,,,,,,,,,,,,,,,,,,,,,,,,,,,,,,,,,,,,,,,,,,,,,,,,,,,,,,,,,,,,,,,,,,,,,,,,,,,,,,,,,,,,,,,,,,,,,,,,,,,,,,,,,,,,,,,,,,,,,,,,,,,,,,,,,,,,,,,,,,,,,,,,,,,,,,,,,,,,,,,,,,,,,,,,,,,,,,,,,,,,,,,,,,,,,,,,,,,,,,,,,,,,,,,,,,,,,,,,,,,,,,,,,,,,,,,,,,,,,,,,,,,,,,,,,,,,
236,move,ia,ia,1,"[[0, 0, 0, (1, 2), 0], [0, 0, 0, 0, 0], [0, (0, -1), (0, -1), (0, -1), 0], [0, 0, 0, 0, 0], [0, 0, 0, 0, 0]]","[[0, 0, 0, (1, 2), 0], [0, 0, 0, 0, 0], [0, (0, -1), (0, -1), (0, -1), 0], [0, 0, 0, 0, (2, 1)], [0, 0, 0, 0, 0]]","[[0, 0, 0, (1, 2), 0], [0, 0, 0, 0, 0], [(1, 2), (0, -1), (0, -1), (0, -1), 0], [0, 0, 0, 0, (2, 1)], [0, 0, 0, 0, 0]]","[[0, 0, 0, (1, 2), 0], [0, 0, 0, 0, 0], [(1, 2), (0, -1), (0, -1), (0, -1), 0], [0, 0, 0, 0, 0], [0, 0, 0, 0, 0]]","[[0, 0, (1, 2), (1, 2), 0], [0, 0, 0, 0, 0], [(1, 2), (0, -1), (0, -1), (0, -1), 0], [0, 0, 0, 0, 0], [0, 0, 0, 0, 0]]","[[0, 0, (2, 2), (1, 2), 0], [0, 0, (1, 2), 0, 0], [(1, 2), (0, -1), (0, -1), (0, -1), 0], [0, 0, 0, 0, 0], [0, 0, 0, 0, 0]]","[[0, 0, (1, 2), (1, 2), 0], [0, 0, (2, 2), 0, 0], [(1, 2), (0, -1), (1, 2), (0, -1), 0], [0, 0, (0, -1), 0, 0], [0, 0, 0, 0, 0]]","[[0, 0, (1, 2), (1, 2), 0], [0, 0, (2, 2), 0, 0], [(1, 2), (0, -1), (1, 2), (0, -1), 0], [0, 0, (0, -1), 0, (2, 1)], [0, 0, 0, 0, 0]]","[[0, 0, (1, 2), (1, 2), 0], [0, 0, (1, 2), 0, 0], [(1, 2), (0, -1), (2, 2), (0, -1), 0], [0, 0, (1, 2), 0, (2, 1)], [0, 0, (0, -1), 0, 0]]","[[0, 0, (1, 2), (1, 2), 0], [0, 0, (1, 2), 0, 0], [(1, 2), (0, -1), (2, 2), (0, -1), 0], [0, 0, (1, 2), 0, 0], [0, 0, (0, -1), 0, 0]]","[[0, 0, 0, (1, 2), 0], [0, 0, (1, 2), 0, 0], [(1, 2), (0, -1), (2, 2), (0, -1), 0], [0, 0, (1, 2), 0, 0], [0, 0, (0, -1), 0, 0]]","[[0, 0, 0, (1, 2), 0], [(2, 0), 0, (1, 2), 0, 0], [(1, 2), (0, -1), (2, 2), (0, -1), 0], [0, 0, (1, 2), 0, 0], [0, 0, (0, -1), 0, 0]]","[[0, 0, (1, 2), (1, 2), 0], [(2, 0), 0, (1, 2), 0, 0], [(1, 2), (0, -1), (2, 2), (0, -1), 0], [0, 0, (1, 2), 0, 0], [0, 0, (0, -1), 0, 0]]","[[0, 0, (1, 2), (1, 2), 0], [(2, 0), 0, (1, 2), 0, 0], [(1, 2), (0, -1), (2, 2), (0, -1), 0], [0, 0, (1, 2), 0, (2, 1)], [0, 0, (0, -1), 0, 0]]","[[0, 0, 0, (1, 2), 0], [(2, 0), 0, (1, 2), 0, 0], [(1, 2), (0, -1), (2, 2), (0, -1), 0], [0, 0, (1, 2), 0, (2, 1)], [0, 0, (0, -1), 0, 0]]","[[0, 0, 0, (1, 2), 0], [(2, 0), 0, (1, 2), 0, 0], [(1, 2), (0, -1), (2, 2), (0, -1), 0], [0, 0, (1, 2), 0, 0], [0, 0, (0, -1), 0, 0]]","[[0, 0, (1, 2), (1, 2), 0], [(2, 0), 0, (1, 2), 0, 0], [(1, 2), (0, -1), (2, 2), (0, -1), 0], [0, 0, (1, 2), 0, 0], [0, 0, (0, -1), 0, 0]]","[[0, 0, (1, 2), (1, 2), 0], [(2, 0), 0, (1, 2), 0, 0], [(1, 2), (0, -1), (2, 2), (0, -1), 0], [0, 0, (1, 2), 0, (2, 1)], [0, 0, (0, -1), 0, 0]]","[[0, 0, 0, (1, 2), 0], [(2, 0), 0, (1, 2), 0, 0], [(1, 2), (0, -1), (2, 2), (0, -1), 0], [0, 0, (1, 2), 0, (2, 1)], [0, 0, (0, -1), 0, 0]]","[[0, 0, 0, (1, 2), 0], [(2, 0), 0, (1, 2), 0, 0], [(1, 2), (0, -1), (2, 2), (0, -1), 0], [0, 0, (1, 2), 0, 0], [0, 0, (0, -1), 0, 0]]","[[(1, 1), 0, 0, (1, 2), 0], [(2, 0), 0, (1, 2), 0, 0], [(1, 2), (0, -1), (2, 2), (0, -1), 0], [0, 0, (1, 2), 0, 0], [0, 0, (0, -1), 0, 0]]","[[(1, 1), 0, 0, (1, 2), 0], [(2, 0), 0, (1, 2), 0, 0], [(1, 2), (0, -1), (2, 2), (0, -1), 0], [0, 0, (1, 2), 0, (2, 1)], [0, 0, (0, -1), 0, 0]]","[[(1, 1), 0, 0, (1, 2), 0], [(2, 0), (1, 2), 0, 0, 0], [(1, 2), (0, -1), (2, 2), (0, -1), 0], [0, 0, (1, 2), 0, (2, 1)], [0, 0, (0, -1), 0, 0]]","[[(1, 1), 0, 0, (1, 2), 0], [(2, 0), (1, 2), 0, 0, 0], [(1, 2), (0, -1), (2, 2), (0, -1), 0], [(2, 2), 0, (1, 2), 0, (2, 1)], [0, 0, (0, -1), 0, 0]]","[[(1, 1), 0, 0, (1, 2), 0], [(2, 0), (1, 2), 0, 0, 0], [(1, 2), (0, -1), (2, 2), (0, -1), 0], [(2, 2), 0, 0, 0, (2, 1)], [0, 0, (1, 2), 0, 0]]",,,,,,,,,,,,,,,,,,,,,,,,,,,,,,,,,,,,,,,,,,,,,,,,,,,,,,,,,,,,,,,,,,,,,,,,,,,,,,,,,,,,,,,,,,,,,,,,,,,,,,,,,,,,,,,,,,,,,,,,,,,,,,,,,,,,,,,,,,,,,,,,,,,,,,,,,,,,,,,,,,,,,,,,,,,,,,,,,,,,,,,,,,,,,,,,,,,,,,,,,,,,,,,,,,,,,,,,,,,,,,,,,,,,,,,,,,,,,,,,,,,,,,,,,,,,,,,,,,,,,,,,,,,,,,,,,,,,,,,,,,,,,,,,,,,,,,,,,,,,,,,,,,,,,,,,,,,,,,,,,,,,,,,,,,,,,,,,,,,,,,,,,,,,,,,,,,,,,,,,,,,,,,,,,,,,,,,,,,,,,,,,,,,,,,,,,,,,,,,,,,,,,,,,,,,,,,,,,,,,,,,,,,,,,,,,,,,,,,,,,,,,,,,,,,,,,,,,,,,,,,,,,,,,,,,,,,,,,,,,,,,,,,,,,,,,,,,,,,,,,,,,,,,,,,,,,,,,,,,,,,,,,,,,,,,,,,,,,,,,,,,,,,,,,,,,,,,,,,,,,,,,,,,,,,,,,,,,,,,,,,,,,,,,,,,,,,,,,,,,,,,,,,,,,,,,,,,,,,,,,,,,,,,,,,,,,,,,,,,,,,,,,,,,,,,,,,,,,,,,,,,,,,,,,,,,,,,,,,,,,,,,,,,,,,,,,,,,,,,,,,,,,,,,,,,,,,,,,,,,,,,,,,,,,,,,,,,,,,,,,,,,,,,,,,,,,,,,,,,,,,,,,,,,,,,,,,,,,,,,,,,,,,,,,,,,,,,,,,,,,,,,,,,,,,,,,,,,,,,,,,,,,,,,,,,,,,,,,,,,,,,,,,,,,,,,,,,,,,,,,,,,,,,,,,,,,,,,,,,,,,,,,,,,,,,,,,,,,,,,,,,,,,,,,,,,,,,,,,,,,,,,,,,,,,,,,,,,,,,,,,,,,,,,,,,,,,,,,,,,,,,,,,,,,,,
237,state,ia,ia,1,"(1, ('e', 0, 2, 2))","(2, ('e', 3, 4, 1))","(1, ('e', 2, 0, 1))","(2, ('a', 3, 4))","(1, ('e', 0, 2, 2))","(2, ('e', 3, 4, 1))","(1, ('e', 0, 2, 2))","(2, ('a', 3, 4))","(1, ('e', 0, 2, 2))","(2, ('e', 3, 4, 1))","(1, ('t', 2, 2, 1))","(2, ('a', 3, 4))","(1, ('a', 0, 2))","(2, ('e', 3, 4, 1))","(1, ('e', 0, 2, 2))","(2, ('a', 3, 4))","(1, ('a', 0, 2))","(2, ('e', 3, 4, 1))","(1, ('e', 0, 2, 2))","(2, ('a', 3, 4))","(1, ('a', 0, 2))","(2, ('e', 3, 4, 1))","(1, ('e', 0, 2, 2))","(2, ('a', 3, 4))","(1, ('a', 0, 2))","(2, ('e', 3, 4, 1))","(1, ('e', 0, 2, 2))","(2, ('a', 3, 4))","(1, ('a', 0, 2))","(2, ('e', 3, 4, 1))","(1, ('e', 0, 2, 2))","(2, ('a', 3, 4))","(1, ('m', 0, 2, 3))","(2, ('e', 3, 4, 1))","(1, ('m', 3, 2, 2))",,,,,,,,,,,,,,,,,,,,,,,,,,,,,,,,,,,,,,,,,,,,,,,,,,,,,,,,,,,,,,,,,,,,,,,,,,,,,,,,,,,,,,,,,,,,,,,,,,,,,,,,,,,,,,,,,,,,,,,,,,,,,,,,,,,,,,,,,,,,,,,,,,,,,,,,,,,,,,,,,,,,,,,,,,,,,,,,,,,,,,,,,,,,,,,,,,,,,,,,,,,,,,,,,,,,,,,,,,,,,,,,,,,,,,,,,,,,,,,,,,,,,,,,,,,,,,,,,,,,,,,,,,,,,,,,,,,,,,,,,,,,,,,,,,,,,,,,,,,,,,,,,,,,,,,,,,,,,,,,,,,,,,,,,,,,,,,,,,,,,,,,,,,,,,,,,,,,,,,,,,,,,,,,,,,,,,,,,,,,,,,,,,,,,,,,,,,,,,,,,,,,,,,,,,,,,,,,,,,,,,,,,,,,,,,,,,,,,,,,,,,,,,,,,,,,,,,,,,,,,,,,,,,,,,,,,,,,,,,,,,,,,,,,,,,,,,,,,,,,,,,,,,,,,,,,,,,,,,,,,,,,,,,,,,,,,,,,,,,,,,,,,,,,,,,,,,,,,,,,,,,,,,,,,,,,,,,,,,,,,,,,,,,,,,,,,,,,,,,,,,,,,,,,,,,,,,,,,,,,,,,,,,,,,,,,,,,,,,,,,,,,,,,,,,,,,,,,,,,,,,,,,,,,,,,,,,,,,,,,,,,,,,,,,,,,,,,,,,,,,,,,,,,,,,,,,,,,,,,,,,,,,,,,,,,,,,,,,,,,,,,,,,,,,,,,,,,,,,,,,,,,,,,,,,,,,,,,,,,,,,,,,,,,,,,,,,,,,,,,,,,,,,,,,,,,,,,,,,,,,,,,,,,,,,,,,,,,,,,,,,,,,,,,,,,,,,,,,,,,,,,,,,,,,,,,,,,,,,,,,,,,,,,,,,,,,,,,,,,,,,,,,,,,,,,,,,,,,,,,,,,,,,,,,,,,,,,,,,,,,,,,,,,,,,,,,,,,,,,,,
238,move,ia,ia,1,"[[0, 0, (1, 2), 0, 0], [0, 0, 0, 0, 0], [0, (0, -1), (0, -1), (0, -1), 0], [0, 0, 0, 0, 0], [0, 0, 0, 0, 0]]","[[0, 0, (1, 2), 0, 0], [0, 0, 0, 0, 0], [0, (0, -1), (0, -1), (0, -1), 0], [0, 0, 0, 0, (2, 1)], [0, 0, 0, 0, 0]]","[[0, 0, (1, 2), 0, 0], [0, 0, 0, 0, 0], [(1, 1), (0, -1), (0, -1), (0, -1), 0], [0, 0, 0, 0, (2, 1)], [0, 0, 0, 0, 0]]","[[0, 0, (1, 2), 0, 0], [0, 0, 0, 0, 0], [(1, 1), (0, -1), (0, -1), (0, -1), 0], [0, 0, 0, 0, 0], [0, 0, 0, 0, 0]]","[[0, 0, (1, 2), 0, 0], [0, 0, (1, 2), 0, 0], [(1, 1), (0, -1), (0, -1), (0, -1), 0], [0, 0, 0, 0, 0], [0, 0, 0, 0, 0]]","[[0, 0, (1, 2), 0, 0], [0, 0, (1, 2), 0, 0], [(1, 1), (0, -1), (0, -1), (0, -1), 0], [0, 0, 0, 0, (2, 1)], [0, 0, 0, 0, 0]]","[[0, 0, (1, 2), 0, 0], [0, 0, (1, 2), 0, 0], [(1, 1), (0, -1), (1, 2), (0, -1), 0], [0, 0, (0, -1), 0, (2, 1)], [0, 0, 0, 0, 0]]","[[0, 0, (1, 2), 0, 0], [0, 0, (1, 2), 0, 0], [(1, 1), (0, -1), (1, 2), (0, -1), 0], [0, 0, (0, -1), 0, 0], [0, 0, 0, 0, 0]]","[[0, 0, (1, 2), 0, 0], [0, 0, (1, 2), 0, 0], [(1, 1), (0, -1), (1, 2), (0, -1), 0], [0, 0, (1, 2), 0, 0], [0, 0, (0, -1), 0, 0]]","[[0, 0, (1, 2), 0, 0], [0, 0, (1, 2), 0, 0], [(1, 1), (0, -1), (1, 2), (0, -1), 0], [0, 0, (1, 2), 0, (2, 1)], [0, 0, (0, -1), 0, 0]]","[[0, 0, (1, 2), 0, 0], [0, 0, (1, 2), 0, 0], [(1, 1), (0, -1), (1, 1), (0, -1), 0], [0, 0, (1, 2), 0, (2, 1)], [0, 0, (0, -1), 0, 0]]","[[0, 0, (1, 2), 0, 0], [0, 0, (1, 2), 0, 0], [(1, 1), (0, -1), (1, 1), (0, -1), 0], [0, 0, (1, 2), 0, 0], [0, 0, (0, -1), 0, 0]]","[[0, 0, 0, 0, 0], [0, 0, (1, 2), 0, 0], [(1, 1), (0, -1), (1, 1), (0, -1), 0], [0, 0, (1, 2), 0, 0], [0, 0, (0, -1), 0, 0]]","[[0, 0, 0, 0, 0], [0, 0, (1, 2), 0, 0], [(1, 1), (0, -1), (1, 1), (0, -1), 0], [0, 0, (1, 2), 0, (2, 1)], [0, 0, (0, -1), 0, 0]]","[[0, 0, (1, 2), 0, 0], [0, 0, (1, 2), 0, 0], [(1, 1), (0, -1), (1, 1), (0, -1), 0], [0, 0, (1, 2), 0, (2, 1)], [0, 0, (0, -1), 0, 0]]","[[0, 0, (1, 2), 0, 0], [0, 0, (1, 2), 0, 0], [(1, 1), (0, -1), (1, 1), (0, -1), 0], [0, 0, (1, 2), 0, 0], [0, 0, (0, -1), 0, 0]]","[[0, 0, 0, 0, 0], [0, 0, (1, 2), 0, 0], [(1, 1), (0, -1), (1, 1), (0, -1), 0], [0, 0, (1, 2), 0, 0], [0, 0, (0, -1), 0, 0]]","[[0, 0, 0, 0, 0], [0, 0, (1, 2), 0, 0], [(1, 1), (0, -1), (1, 1), (0, -1), 0], [0, 0, (1, 2), 0, (2, 1)], [0, 0, (0, -1), 0, 0]]","[[0, 0, (1, 2), 0, 0], [0, 0, (1, 2), 0, 0], [(1, 1), (0, -1), (1, 1), (0, -1), 0], [0, 0, (1, 2), 0, (2, 1)], [0, 0, (0, -1), 0, 0]]","[[0, 0, (1, 2), 0, 0], [0, 0, (1, 2), 0, 0], [(1, 1), (0, -1), (1, 1), (0, -1), 0], [0, 0, (1, 2), 0, 0], [0, 0, (0, -1), 0, 0]]","[[0, 0, 0, 0, 0], [0, 0, (1, 2), 0, 0], [(1, 1), (0, -1), (1, 1), (0, -1), 0], [0, 0, (1, 2), 0, 0], [0, 0, (0, -1), 0, 0]]","[[0, 0, 0, 0, 0], [0, 0, (1, 2), 0, 0], [(1, 1), (0, -1), (1, 1), (0, -1), 0], [0, 0, (1, 2), 0, (2, 1)], [0, 0, (0, -1), 0, 0]]","[[0, 0, (1, 2), 0, 0], [0, 0, (1, 2), 0, 0], [(1, 1), (0, -1), (1, 1), (0, -1), 0], [0, 0, (1, 2), 0, (2, 1)], [0, 0, (0, -1), 0, 0]]","[[0, 0, (1, 2), 0, 0], [0, 0, (1, 2), 0, 0], [(1, 1), (0, -1), (1, 1), (0, -1), 0], [0, 0, (1, 2), 0, 0], [0, 0, (0, -1), 0, 0]]","[[0, 0, 0, 0, 0], [0, 0, (1, 2), 0, 0], [(1, 1), (0, -1), (1, 1), (0, -1), 0], [0, 0, (1, 2), 0, 0], [0, 0, (0, -1), 0, 0]]","[[0, 0, 0, 0, 0], [0, 0, (1, 2), 0, 0], [(1, 1), (0, -1), (1, 1), (0, -1), 0], [0, 0, (1, 2), 0, (2, 1)], [0, 0, (0, -1), 0, 0]]","[[0, 0, (1, 2), 0, 0], [0, 0, (1, 2), 0, 0], [(1, 1), (0, -1), (1, 1), (0, -1), 0], [0, 0, (1, 2), 0, (2, 1)], [0, 0, (0, -1), 0, 0]]","[[0, 0, (1, 2), 0, 0], [0, 0, (1, 2), 0, 0], [(1, 1), (0, -1), (1, 1), (0, -1), 0], [0, 0, (1, 2), 0, 0], [0, 0, (0, -1), 0, 0]]","[[0, 0, 0, 0, 0], [0, 0, (1, 2), 0, 0], [(1, 1), (0, -1), (1, 1), (0, -1), 0], [0, 0, (1, 2), 0, 0], [0, 0, (0, -1), 0, 0]]","[[0, 0, 0, 0, 0], [0, 0, (1, 2), 0, 0], [(1, 1), (0, -1), (1, 1), (0, -1), 0], [0, 0, (1, 2), 0, (2, 1)], [0, 0, (0, -1), 0, 0]]","[[0, 0, (1, 2), 0, 0], [0, 0, (1, 2), 0, 0], [(1, 1), (0, -1), (1, 1), (0, -1), 0], [0, 0, (1, 2), 0, (2, 1)], [0, 0, (0, -1), 0, 0]]","[[0, 0, (1, 2), 0, 0], [0, 0, (1, 2), 0, 0], [(1, 1), (0, -1), (1, 1), (0, -1), 0], [0, 0, (1, 2), 0, 0], [0, 0, (0, -1), 0, 0]]","[[0, (1, 2), 0, 0, 0], [0, 0, (1, 2), 0, 0], [(1, 1), (0, -1), (1, 1), (0, -1), 0], [0, 0, (1, 2), 0, 0], [0, 0, (0, -1), 0, 0]]","[[0, (1, 2), 0, 0, 0], [0, 0, (1, 2), 0, 0], [(1, 1), (0, -1), (1, 1), (0, -1), 0], [0, 0, (1, 2), 0, (2, 1)], [0, 0, (0, -1), 0, 0]]","[[0, (1, 2), 0, 0, 0], [0, 0, (1, 2), 0, 0], [(1, 1), (0, -1), (1, 1), (0, -1), 0], [0, 0, 0, 0, (2, 1)], [0, 0, (1, 2), 0, 0]]",,,,,,,,,,,,,,,,,,,,,,,,,,,,,,,,,,,,,,,,,,,,,,,,,,,,,,,,,,,,,,,,,,,,,,,,,,,,,,,,,,,,,,,,,,,,,,,,,,,,,,,,,,,,,,,,,,,,,,,,,,,,,,,,,,,,,,,,,,,,,,,,,,,,,,,,,,,,,,,,,,,,,,,,,,,,,,,,,,,,,,,,,,,,,,,,,,,,,,,,,,,,,,,,,,,,,,,,,,,,,,,,,,,,,,,,,,,,,,,,,,,,,,,,,,,,,,,,,,,,,,,,,,,,,,,,,,,,,,,,,,,,,,,,,,,,,,,,,,,,,,,,,,,,,,,,,,,,,,,,,,,,,,,,,,,,,,,,,,,,,,,,,,,,,,,,,,,,,,,,,,,,,,,,,,,,,,,,,,,,,,,,,,,,,,,,,,,,,,,,,,,,,,,,,,,,,,,,,,,,,,,,,,,,,,,,,,,,,,,,,,,,,,,,,,,,,,,,,,,,,,,,,,,,,,,,,,,,,,,,,,,,,,,,,,,,,,,,,,,,,,,,,,,,,,,,,,,,,,,,,,,,,,,,,,,,,,,,,,,,,,,,,,,,,,,,,,,,,,,,,,,,,,,,,,,,,,,,,,,,,,,,,,,,,,,,,,,,,,,,,,,,,,,,,,,,,,,,,,,,,,,,,,,,,,,,,,,,,,,,,,,,,,,,,,,,,,,,,,,,,,,,,,,,,,,,,,,,,,,,,,,,,,,,,,,,,,,,,,,,,,,,,,,,,,,,,,,,,,,,,,,,,,,,,,,,,,,,,,,,,,,,,,,,,,,,,,,,,,,,,,,,,,,,,,,,,,,,,,,,,,,,,,,,,,,,,,,,,,,,,,,,,,,,,,,,,,,,,,,,,,,,,,,,,,,,,,,,,,,,,,,,,,,,,,,,,,,,,,,,,,,,,,,,,,,,,,,,,,,,,,,,,,,,,,,,,,,,,,,,,,,,,,,,,,,,,,,,,,,,,,,,,,,,,,,,,,,,,,,,,,,,,,,,,,,,,,,,,,,,,
239,state,ia,ia,1,"(1, ('e', 0, 2, 2))","(2, ('e', 3, 4, 1))","(1, ('e', 0, 2, 2))","(2, ('e', 0, 1, 2))","(1, ('e', 0, 2, 2))","(2, ('a', 3, 4))","(1, ('e', 0, 2, 2))","(2, ('e', 3, 4, 1))","(1, ('e', 0, 2, 2))",,,,,,,,,,,,,,,,,,,,,,,,,,,,,,,,,,,,,,,,,,,,,,,,,,,,,,,,,,,,,,,,,,,,,,,,,,,,,,,,,,,,,,,,,,,,,,,,,,,,,,,,,,,,,,,,,,,,,,,,,,,,,,,,,,,,,,,,,,,,,,,,,,,,,,,,,,,,,,,,,,,,,,,,,,,,,,,,,,,,,,,,,,,,,,,,,,,,,,,,,,,,,,,,,,,,,,,,,,,,,,,,,,,,,,,,,,,,,,,,,,,,,,,,,,,,,,,,,,,,,,,,,,,,,,,,,,,,,,,,,,,,,,,,,,,,,,,,,,,,,,,,,,,,,,,,,,,,,,,,,,,,,,,,,,,,,,,,,,,,,,,,,,,,,,,,,,,,,,,,,,,,,,,,,,,,,,,,,,,,,,,,,,,,,,,,,,,,,,,,,,,,,,,,,,,,,,,,,,,,,,,,,,,,,,,,,,,,,,,,,,,,,,,,,,,,,,,,,,,,,,,,,,,,,,,,,,,,,,,,,,,,,,,,,,,,,,,,,,,,,,,,,,,,,,,,,,,,,,,,,,,,,,,,,,,,,,,,,,,,,,,,,,,,,,,,,,,,,,,,,,,,,,,,,,,,,,,,,,,,,,,,,,,,,,,,,,,,,,,,,,,,,,,,,,,,,,,,,,,,,,,,,,,,,,,,,,,,,,,,,,,,,,,,,,,,,,,,,,,,,,,,,,,,,,,,,,,,,,,,,,,,,,,,,,,,,,,,,,,,,,,,,,,,,,,,,,,,,,,,,,,,,,,,,,,,,,,,,,,,,,,,,,,,,,,,,,,,,,,,,,,,,,,,,,,,,,,,,,,,,,,,,,,,,,,,,,,,,,,,,,,,,,,,,,,,,,,,,,,,,,,,,,,,,,,,,,,,,,,,,,,,,,,,,,,,,,,,,,,,,,,,,,,,,,,,,,,,,,,,,,,,,,,,,,,,,,,,,,,,,,,,,,,,,,,,,,,,,,,,,,,,,,,,,,,,,,,,,,,,,,,,,,,,,,,,,,,,,,,,,,,,,,,,,,,,,,,,,,,,,,,,,,,
240,move,ia,ia,1,"[[0, 0, (1, 2), 0, 0], [0, 0, 0, 0, 0], [0, (0, -1), (0, -1), (0, -1), 0], [0, 0, 0, 0, 0], [0, 0, 0, 0, 0]]","[[0, 0, (1, 2), 0, 0], [0, 0, 0, 0, 0], [0, (0, -1), (0, -1), (0, -1), 0], [0, 0, 0, 0, (2, 1)], [0, 0, 0, 0, 0]]","[[0, 0, (1, 2), 0, 0], [0, 0, (1, 2), 0, 0], [0, (0, -1), (0, -1), (0, -1), 0], [0, 0, 0, 0, (2, 1)], [0, 0, 0, 0, 0]]","[[0, (2, 2), (1, 2), 0, 0], [0, 0, (1, 2), 0, 0], [0, (0, -1), (0, -1), (0, -1), 0], [0, 0, 0, 0, (2, 1)], [0, 0, 0, 0, 0]]","[[0, (2, 2), (1, 2), 0, 0], [0, 0, (1, 2), 0, 0], [0, (0, -1), (1, 2), (0, -1), 0], [0, 0, (0, -1), 0, (2, 1)], [0, 0, 0, 0, 0]]","[[0, (2, 2), (1, 2), 0, 0], [0, 0, (1, 2), 0, 0], [0, (0, -1), (1, 2), (0, -1), 0], [0, 0, (0, -1), 0, 0], [0, 0, 0, 0, 0]]","[[0, (2, 2), (1, 2), 0, 0], [0, 0, (1, 2), 0, 0], [0, (0, -1), (1, 2), (0, -1), 0], [0, 0, (1, 2), 0, 0], [0, 0, (0, -1), 0, 0]]","[[0, (2, 2), (1, 2), 0, 0], [0, 0, (1, 2), 0, 0], [0, (0, -1), (1, 2), (0, -1), 0], [0, 0, (1, 2), 0, (2, 1)], [0, 0, (0, -1), 0, 0]]","[[0, (2, 2), (1, 2), 0, 0], [0, 0, (1, 2), 0, 0], [0, (0, -1), (1, 2), (0, -1), 0], [0, 0, (1, 2), 0, (2, 1)], [0, 0, (1, 2), 0, 0]]",,,,,,,,,,,,,,,,,,,,,,,,,,,,,,,,,,,,,,,,,,,,,,,,,,,,,,,,,,,,,,,,,,,,,,,,,,,,,,,,,,,,,,,,,,,,,,,,,,,,,,,,,,,,,,,,,,,,,,,,,,,,,,,,,,,,,,,,,,,,,,,,,,,,,,,,,,,,,,,,,,,,,,,,,,,,,,,,,,,,,,,,,,,,,,,,,,,,,,,,,,,,,,,,,,,,,,,,,,,,,,,,,,,,,,,,,,,,,,,,,,,,,,,,,,,,,,,,,,,,,,,,,,,,,,,,,,,,,,,,,,,,,,,,,,,,,,,,,,,,,,,,,,,,,,,,,,,,,,,,,,,,,,,,,,,,,,,,,,,,,,,,,,,,,,,,,,,,,,,,,,,,,,,,,,,,,,,,,,,,,,,,,,,,,,,,,,,,,,,,,,,,,,,,,,,,,,,,,,,,,,,,,,,,,,,,,,,,,,,,,,,,,,,,,,,,,,,,,,,,,,,,,,,,,,,,,,,,,,,,,,,,,,,,,,,,,,,,,,,,,,,,,,,,,,,,,,,,,,,,,,,,,,,,,,,,,,,,,,,,,,,,,,,,,,,,,,,,,,,,,,,,,,,,,,,,,,,,,,,,,,,,,,,,,,,,,,,,,,,,,,,,,,,,,,,,,,,,,,,,,,,,,,,,,,,,,,,,,,,,,,,,,,,,,,,,,,,,,,,,,,,,,,,,,,,,,,,,,,,,,,,,,,,,,,,,,,,,,,,,,,,,,,,,,,,,,,,,,,,,,,,,,,,,,,,,,,,,,,,,,,,,,,,,,,,,,,,,,,,,,,,,,,,,,,,,,,,,,,,,,,,,,,,,,,,,,,,,,,,,,,,,,,,,,,,,,,,,,,,,,,,,,,,,,,,,,,,,,,,,,,,,,,,,,,,,,,,,,,,,,,,,,,,,,,,,,,,,,,,,,,,,,,,,,,,,,,,,,,,,,,,,,,,,,,,,,,,,,,,,,,,,,,,,,,,,,,,,,,,,,,,,,,,,,,,,,,,,,,,,,,,,,,,,,,,,,,,,,,,,,,,,,,,
241,state,ia,ia,1,"(1, ('e', 0, 2, 2))","(2, ('e', 3, 4, 1))","(1, ('e', 0, 2, 2))","(2, ('a', 3, 4))","(1, ('e', 0, 2, 2))","(2, ('e', 0, 0, 1))","(1, ('e', 0, 2, 2))","(2, ('e', 3, 4, 1))","(1, ('e', 0, 2, 2))",,,,,,,,,,,,,,,,,,,,,,,,,,,,,,,,,,,,,,,,,,,,,,,,,,,,,,,,,,,,,,,,,,,,,,,,,,,,,,,,,,,,,,,,,,,,,,,,,,,,,,,,,,,,,,,,,,,,,,,,,,,,,,,,,,,,,,,,,,,,,,,,,,,,,,,,,,,,,,,,,,,,,,,,,,,,,,,,,,,,,,,,,,,,,,,,,,,,,,,,,,,,,,,,,,,,,,,,,,,,,,,,,,,,,,,,,,,,,,,,,,,,,,,,,,,,,,,,,,,,,,,,,,,,,,,,,,,,,,,,,,,,,,,,,,,,,,,,,,,,,,,,,,,,,,,,,,,,,,,,,,,,,,,,,,,,,,,,,,,,,,,,,,,,,,,,,,,,,,,,,,,,,,,,,,,,,,,,,,,,,,,,,,,,,,,,,,,,,,,,,,,,,,,,,,,,,,,,,,,,,,,,,,,,,,,,,,,,,,,,,,,,,,,,,,,,,,,,,,,,,,,,,,,,,,,,,,,,,,,,,,,,,,,,,,,,,,,,,,,,,,,,,,,,,,,,,,,,,,,,,,,,,,,,,,,,,,,,,,,,,,,,,,,,,,,,,,,,,,,,,,,,,,,,,,,,,,,,,,,,,,,,,,,,,,,,,,,,,,,,,,,,,,,,,,,,,,,,,,,,,,,,,,,,,,,,,,,,,,,,,,,,,,,,,,,,,,,,,,,,,,,,,,,,,,,,,,,,,,,,,,,,,,,,,,,,,,,,,,,,,,,,,,,,,,,,,,,,,,,,,,,,,,,,,,,,,,,,,,,,,,,,,,,,,,,,,,,,,,,,,,,,,,,,,,,,,,,,,,,,,,,,,,,,,,,,,,,,,,,,,,,,,,,,,,,,,,,,,,,,,,,,,,,,,,,,,,,,,,,,,,,,,,,,,,,,,,,,,,,,,,,,,,,,,,,,,,,,,,,,,,,,,,,,,,,,,,,,,,,,,,,,,,,,,,,,,,,,,,,,,,,,,,,,,,,,,,,,,,,,,,,,,,,,,,,,,,,,,,,,,,,,,,,,,,,,,,,,,,,,,,,,,,,
242,move,ia,ia,1,"[[0, 0, (1, 2), 0, 0], [0, 0, 0, 0, 0], [0, (0, -1), (0, -1), (0, -1), 0], [0, 0, 0, 0, 0], [0, 0, 0, 0, 0]]","[[0, 0, (1, 2), 0, 0], [0, 0, 0, 0, 0], [0, (0, -1), (0, -1), (0, -1), 0], [0, 0, 0, 0, (2, 1)], [0, 0, 0, 0, 0]]","[[0, 0, (1, 2), 0, 0], [0, 0, (1, 2), 0, 0], [0, (0, -1), (0, -1), (0, -1), 0], [0, 0, 0, 0, (2, 1)], [0, 0, 0, 0, 0]]","[[0, 0, (1, 2), 0, 0], [0, 0, (1, 2), 0, 0], [0, (0, -1), (0, -1), (0, -1), 0], [0, 0, 0, 0, 0], [0, 0, 0, 0, 0]]","[[0, 0, (1, 2), 0, 0], [0, 0, (1, 2), 0, 0], [0, (0, -1), (1, 2), (0, -1), 0], [0, 0, (0, -1), 0, 0], [0, 0, 0, 0, 0]]","[[(2, 1), 0, (1, 2), 0, 0], [0, 0, (1, 2), 0, 0], [0, (0, -1), (1, 2), (0, -1), 0], [0, 0, (0, -1), 0, 0], [0, 0, 0, 0, 0]]","[[(2, 1), 0, (1, 2), 0, 0], [0, 0, (1, 2), 0, 0], [0, (0, -1), (1, 2), (0, -1), 0], [0, 0, (1, 2), 0, 0], [0, 0, (0, -1), 0, 0]]","[[(2, 1), 0, (1, 2), 0, 0], [0, 0, (1, 2), 0, 0], [0, (0, -1), (1, 2), (0, -1), 0], [0, 0, (1, 2), 0, (2, 1)], [0, 0, (0, -1), 0, 0]]","[[(2, 1), 0, (1, 2), 0, 0], [0, 0, (1, 2), 0, 0], [0, (0, -1), (1, 2), (0, -1), 0], [0, 0, (1, 2), 0, (2, 1)], [0, 0, (1, 2), 0, 0]]",,,,,,,,,,,,,,,,,,,,,,,,,,,,,,,,,,,,,,,,,,,,,,,,,,,,,,,,,,,,,,,,,,,,,,,,,,,,,,,,,,,,,,,,,,,,,,,,,,,,,,,,,,,,,,,,,,,,,,,,,,,,,,,,,,,,,,,,,,,,,,,,,,,,,,,,,,,,,,,,,,,,,,,,,,,,,,,,,,,,,,,,,,,,,,,,,,,,,,,,,,,,,,,,,,,,,,,,,,,,,,,,,,,,,,,,,,,,,,,,,,,,,,,,,,,,,,,,,,,,,,,,,,,,,,,,,,,,,,,,,,,,,,,,,,,,,,,,,,,,,,,,,,,,,,,,,,,,,,,,,,,,,,,,,,,,,,,,,,,,,,,,,,,,,,,,,,,,,,,,,,,,,,,,,,,,,,,,,,,,,,,,,,,,,,,,,,,,,,,,,,,,,,,,,,,,,,,,,,,,,,,,,,,,,,,,,,,,,,,,,,,,,,,,,,,,,,,,,,,,,,,,,,,,,,,,,,,,,,,,,,,,,,,,,,,,,,,,,,,,,,,,,,,,,,,,,,,,,,,,,,,,,,,,,,,,,,,,,,,,,,,,,,,,,,,,,,,,,,,,,,,,,,,,,,,,,,,,,,,,,,,,,,,,,,,,,,,,,,,,,,,,,,,,,,,,,,,,,,,,,,,,,,,,,,,,,,,,,,,,,,,,,,,,,,,,,,,,,,,,,,,,,,,,,,,,,,,,,,,,,,,,,,,,,,,,,,,,,,,,,,,,,,,,,,,,,,,,,,,,,,,,,,,,,,,,,,,,,,,,,,,,,,,,,,,,,,,,,,,,,,,,,,,,,,,,,,,,,,,,,,,,,,,,,,,,,,,,,,,,,,,,,,,,,,,,,,,,,,,,,,,,,,,,,,,,,,,,,,,,,,,,,,,,,,,,,,,,,,,,,,,,,,,,,,,,,,,,,,,,,,,,,,,,,,,,,,,,,,,,,,,,,,,,,,,,,,,,,,,,,,,,,,,,,,,,,,,,,,,,,,,,,,,,,,,,,,,,,,,,,,,,,,,,,,,,,,,,,,,,,,,,,,,
243,state,ia,ia,1,"(1, ('e', 0, 2, 2))","(2, ('e', 3, 4, 1))","(1, ('e', 0, 2, 2))","(2, ('a', 3, 4))","(1, ('e', 0, 2, 2))","(2, ('e', 3, 4, 1))","(1, ('e', 0, 2, 2))","(2, ('a', 3, 4))","(1, ('e', 0, 2, 2))",,,,,,,,,,,,,,,,,,,,,,,,,,,,,,,,,,,,,,,,,,,,,,,,,,,,,,,,,,,,,,,,,,,,,,,,,,,,,,,,,,,,,,,,,,,,,,,,,,,,,,,,,,,,,,,,,,,,,,,,,,,,,,,,,,,,,,,,,,,,,,,,,,,,,,,,,,,,,,,,,,,,,,,,,,,,,,,,,,,,,,,,,,,,,,,,,,,,,,,,,,,,,,,,,,,,,,,,,,,,,,,,,,,,,,,,,,,,,,,,,,,,,,,,,,,,,,,,,,,,,,,,,,,,,,,,,,,,,,,,,,,,,,,,,,,,,,,,,,,,,,,,,,,,,,,,,,,,,,,,,,,,,,,,,,,,,,,,,,,,,,,,,,,,,,,,,,,,,,,,,,,,,,,,,,,,,,,,,,,,,,,,,,,,,,,,,,,,,,,,,,,,,,,,,,,,,,,,,,,,,,,,,,,,,,,,,,,,,,,,,,,,,,,,,,,,,,,,,,,,,,,,,,,,,,,,,,,,,,,,,,,,,,,,,,,,,,,,,,,,,,,,,,,,,,,,,,,,,,,,,,,,,,,,,,,,,,,,,,,,,,,,,,,,,,,,,,,,,,,,,,,,,,,,,,,,,,,,,,,,,,,,,,,,,,,,,,,,,,,,,,,,,,,,,,,,,,,,,,,,,,,,,,,,,,,,,,,,,,,,,,,,,,,,,,,,,,,,,,,,,,,,,,,,,,,,,,,,,,,,,,,,,,,,,,,,,,,,,,,,,,,,,,,,,,,,,,,,,,,,,,,,,,,,,,,,,,,,,,,,,,,,,,,,,,,,,,,,,,,,,,,,,,,,,,,,,,,,,,,,,,,,,,,,,,,,,,,,,,,,,,,,,,,,,,,,,,,,,,,,,,,,,,,,,,,,,,,,,,,,,,,,,,,,,,,,,,,,,,,,,,,,,,,,,,,,,,,,,,,,,,,,,,,,,,,,,,,,,,,,,,,,,,,,,,,,,,,,,,,,,,,,,,,,,,,,,,,,,,,,,,,,,,,,,,,,,,,,,,,,,,,,,,,,,,,,,,,,,,,,,,,,,,,
244,move,ia,ia,1,"[[0, 0, (1, 2), 0, 0], [0, 0, 0, 0, 0], [0, (0, -1), (0, -1), (0, -1), 0], [0, 0, 0, 0, 0], [0, 0, 0, 0, 0]]","[[0, 0, (1, 2), 0, 0], [0, 0, 0, 0, 0], [0, (0, -1), (0, -1), (0, -1), 0], [0, 0, 0, 0, (2, 1)], [0, 0, 0, 0, 0]]","[[0, 0, (1, 2), 0, 0], [0, 0, (1, 2), 0, 0], [0, (0, -1), (0, -1), (0, -1), 0], [0, 0, 0, 0, (2, 1)], [0, 0, 0, 0, 0]]","[[0, 0, (1, 2), 0, 0], [0, 0, (1, 2), 0, 0], [0, (0, -1), (0, -1), (0, -1), 0], [0, 0, 0, 0, 0], [0, 0, 0, 0, 0]]","[[0, 0, (1, 2), 0, 0], [0, 0, (1, 2), 0, 0], [0, (0, -1), (1, 2), (0, -1), 0], [0, 0, (0, -1), 0, 0], [0, 0, 0, 0, 0]]","[[0, 0, (1, 2), 0, 0], [0, 0, (1, 2), 0, 0], [0, (0, -1), (1, 2), (0, -1), 0], [0, 0, (0, -1), 0, (2, 1)], [0, 0, 0, 0, 0]]","[[0, 0, (1, 2), 0, 0], [0, 0, (1, 2), 0, 0], [0, (0, -1), (1, 2), (0, -1), 0], [0, 0, (1, 2), 0, (2, 1)], [0, 0, (0, -1), 0, 0]]","[[0, 0, (1, 2), 0, 0], [0, 0, (1, 2), 0, 0], [0, (0, -1), (1, 2), (0, -1), 0], [0, 0, (1, 2), 0, 0], [0, 0, (0, -1), 0, 0]]","[[0, 0, (1, 2), 0, 0], [0, 0, (1, 2), 0, 0], [0, (0, -1), (1, 2), (0, -1), 0], [0, 0, (1, 2), 0, 0], [0, 0, (1, 2), 0, 0]]",,,,,,,,,,,,,,,,,,,,,,,,,,,,,,,,,,,,,,,,,,,,,,,,,,,,,,,,,,,,,,,,,,,,,,,,,,,,,,,,,,,,,,,,,,,,,,,,,,,,,,,,,,,,,,,,,,,,,,,,,,,,,,,,,,,,,,,,,,,,,,,,,,,,,,,,,,,,,,,,,,,,,,,,,,,,,,,,,,,,,,,,,,,,,,,,,,,,,,,,,,,,,,,,,,,,,,,,,,,,,,,,,,,,,,,,,,,,,,,,,,,,,,,,,,,,,,,,,,,,,,,,,,,,,,,,,,,,,,,,,,,,,,,,,,,,,,,,,,,,,,,,,,,,,,,,,,,,,,,,,,,,,,,,,,,,,,,,,,,,,,,,,,,,,,,,,,,,,,,,,,,,,,,,,,,,,,,,,,,,,,,,,,,,,,,,,,,,,,,,,,,,,,,,,,,,,,,,,,,,,,,,,,,,,,,,,,,,,,,,,,,,,,,,,,,,,,,,,,,,,,,,,,,,,,,,,,,,,,,,,,,,,,,,,,,,,,,,,,,,,,,,,,,,,,,,,,,,,,,,,,,,,,,,,,,,,,,,,,,,,,,,,,,,,,,,,,,,,,,,,,,,,,,,,,,,,,,,,,,,,,,,,,,,,,,,,,,,,,,,,,,,,,,,,,,,,,,,,,,,,,,,,,,,,,,,,,,,,,,,,,,,,,,,,,,,,,,,,,,,,,,,,,,,,,,,,,,,,,,,,,,,,,,,,,,,,,,,,,,,,,,,,,,,,,,,,,,,,,,,,,,,,,,,,,,,,,,,,,,,,,,,,,,,,,,,,,,,,,,,,,,,,,,,,,,,,,,,,,,,,,,,,,,,,,,,,,,,,,,,,,,,,,,,,,,,,,,,,,,,,,,,,,,,,,,,,,,,,,,,,,,,,,,,,,,,,,,,,,,,,,,,,,,,,,,,,,,,,,,,,,,,,,,,,,,,,,,,,,,,,,,,,,,,,,,,,,,,,,,,,,,,,,,,,,,,,,,,,,,,,,,,,,,,,,,,,,,,,,,,,,,,,,,,,,,,,,,,,,,,,,,,,,,
245,state,ia,ia,1,"(1, ('e', 0, 2, 2))","(2, ('e', 3, 4, 1))","(1, ('e', 0, 2, 2))","(2, ('a', 3, 4))","(1, ('e', 0, 2, 2))","(2, ('e', 3, 4, 1))","(1, ('e', 0, 2, 2))","(2, ('a', 3, 4))","(1, ('e', 0, 2, 2))",,,,,,,,,,,,,,,,,,,,,,,,,,,,,,,,,,,,,,,,,,,,,,,,,,,,,,,,,,,,,,,,,,,,,,,,,,,,,,,,,,,,,,,,,,,,,,,,,,,,,,,,,,,,,,,,,,,,,,,,,,,,,,,,,,,,,,,,,,,,,,,,,,,,,,,,,,,,,,,,,,,,,,,,,,,,,,,,,,,,,,,,,,,,,,,,,,,,,,,,,,,,,,,,,,,,,,,,,,,,,,,,,,,,,,,,,,,,,,,,,,,,,,,,,,,,,,,,,,,,,,,,,,,,,,,,,,,,,,,,,,,,,,,,,,,,,,,,,,,,,,,,,,,,,,,,,,,,,,,,,,,,,,,,,,,,,,,,,,,,,,,,,,,,,,,,,,,,,,,,,,,,,,,,,,,,,,,,,,,,,,,,,,,,,,,,,,,,,,,,,,,,,,,,,,,,,,,,,,,,,,,,,,,,,,,,,,,,,,,,,,,,,,,,,,,,,,,,,,,,,,,,,,,,,,,,,,,,,,,,,,,,,,,,,,,,,,,,,,,,,,,,,,,,,,,,,,,,,,,,,,,,,,,,,,,,,,,,,,,,,,,,,,,,,,,,,,,,,,,,,,,,,,,,,,,,,,,,,,,,,,,,,,,,,,,,,,,,,,,,,,,,,,,,,,,,,,,,,,,,,,,,,,,,,,,,,,,,,,,,,,,,,,,,,,,,,,,,,,,,,,,,,,,,,,,,,,,,,,,,,,,,,,,,,,,,,,,,,,,,,,,,,,,,,,,,,,,,,,,,,,,,,,,,,,,,,,,,,,,,,,,,,,,,,,,,,,,,,,,,,,,,,,,,,,,,,,,,,,,,,,,,,,,,,,,,,,,,,,,,,,,,,,,,,,,,,,,,,,,,,,,,,,,,,,,,,,,,,,,,,,,,,,,,,,,,,,,,,,,,,,,,,,,,,,,,,,,,,,,,,,,,,,,,,,,,,,,,,,,,,,,,,,,,,,,,,,,,,,,,,,,,,,,,,,,,,,,,,,,,,,,,,,,,,,,,,,,,,,,,,,,,,,,,,,,,,,,,,,,,,,,,,,,
246,move,ia,ia,1,"[[0, 0, (1, 2), 0, 0], [0, 0, 0, 0, 0], [0, (0, -1), (0, -1), (0, -1), 0], [0, 0, 0, 0, 0], [0, 0, 0, 0, 0]]","[[0, 0, (1, 2), 0, 0], [0, 0, 0, 0, 0], [0, (0, -1), (0, -1), (0, -1), 0], [0, 0, 0, 0, (2, 1)], [0, 0, 0, 0, 0]]","[[0, 0, (1, 2), 0, 0], [0, 0, (1, 2), 0, 0], [0, (0, -1), (0, -1), (0, -1), 0], [0, 0, 0, 0, (2, 1)], [0, 0, 0, 0, 0]]","[[0, 0, (1, 2), 0, 0], [0, 0, (1, 2), 0, 0], [0, (0, -1), (0, -1), (0, -1), 0], [0, 0, 0, 0, 0], [0, 0, 0, 0, 0]]","[[0, 0, (1, 2), 0, 0], [0, 0, (1, 2), 0, 0], [0, (0, -1), (1, 2), (0, -1), 0], [0, 0, (0, -1), 0, 0], [0, 0, 0, 0, 0]]","[[0, 0, (1, 2), 0, 0], [0, 0, (1, 2), 0, 0], [0, (0, -1), (1, 2), (0, -1), 0], [0, 0, (0, -1), 0, (2, 1)], [0, 0, 0, 0, 0]]","[[0, 0, (1, 2), 0, 0], [0, 0, (1, 2), 0, 0], [0, (0, -1), (1, 2), (0, -1), 0], [0, 0, (1, 2), 0, (2, 1)], [0, 0, (0, -1), 0, 0]]","[[0, 0, (1, 2), 0, 0], [0, 0, (1, 2), 0, 0], [0, (0, -1), (1, 2), (0, -1), 0], [0, 0, (1, 2), 0, 0], [0, 0, (0, -1), 0, 0]]","[[0, 0, (1, 2), 0, 0], [0, 0, (1, 2), 0, 0], [0, (0, -1), (1, 2), (0, -1), 0], [0, 0, (1, 2), 0, 0], [0, 0, (1, 2), 0, 0]]",,,,,,,,,,,,,,,,,,,,,,,,,,,,,,,,,,,,,,,,,,,,,,,,,,,,,,,,,,,,,,,,,,,,,,,,,,,,,,,,,,,,,,,,,,,,,,,,,,,,,,,,,,,,,,,,,,,,,,,,,,,,,,,,,,,,,,,,,,,,,,,,,,,,,,,,,,,,,,,,,,,,,,,,,,,,,,,,,,,,,,,,,,,,,,,,,,,,,,,,,,,,,,,,,,,,,,,,,,,,,,,,,,,,,,,,,,,,,,,,,,,,,,,,,,,,,,,,,,,,,,,,,,,,,,,,,,,,,,,,,,,,,,,,,,,,,,,,,,,,,,,,,,,,,,,,,,,,,,,,,,,,,,,,,,,,,,,,,,,,,,,,,,,,,,,,,,,,,,,,,,,,,,,,,,,,,,,,,,,,,,,,,,,,,,,,,,,,,,,,,,,,,,,,,,,,,,,,,,,,,,,,,,,,,,,,,,,,,,,,,,,,,,,,,,,,,,,,,,,,,,,,,,,,,,,,,,,,,,,,,,,,,,,,,,,,,,,,,,,,,,,,,,,,,,,,,,,,,,,,,,,,,,,,,,,,,,,,,,,,,,,,,,,,,,,,,,,,,,,,,,,,,,,,,,,,,,,,,,,,,,,,,,,,,,,,,,,,,,,,,,,,,,,,,,,,,,,,,,,,,,,,,,,,,,,,,,,,,,,,,,,,,,,,,,,,,,,,,,,,,,,,,,,,,,,,,,,,,,,,,,,,,,,,,,,,,,,,,,,,,,,,,,,,,,,,,,,,,,,,,,,,,,,,,,,,,,,,,,,,,,,,,,,,,,,,,,,,,,,,,,,,,,,,,,,,,,,,,,,,,,,,,,,,,,,,,,,,,,,,,,,,,,,,,,,,,,,,,,,,,,,,,,,,,,,,,,,,,,,,,,,,,,,,,,,,,,,,,,,,,,,,,,,,,,,,,,,,,,,,,,,,,,,,,,,,,,,,,,,,,,,,,,,,,,,,,,,,,,,,,,,,,,,,,,,,,,,,,,,,,,,,,,,,,,,,,,,,,,,,,,,,,,,,,,,,,,,,,,,,,,,,,,,
247,state,ia,ia,1,"(1, ('e', 0, 2, 2))","(2, ('e', 3, 4, 1))","(1, ('e', 0, 2, 2))","(2, ('a', 3, 4))","(1, ('e', 0, 2, 2))","(2, ('e', 3, 4, 1))","(1, ('e', 0, 2, 2))","(2, ('a', 3, 4))","(1, ('e', 0, 2, 2))",,,,,,,,,,,,,,,,,,,,,,,,,,,,,,,,,,,,,,,,,,,,,,,,,,,,,,,,,,,,,,,,,,,,,,,,,,,,,,,,,,,,,,,,,,,,,,,,,,,,,,,,,,,,,,,,,,,,,,,,,,,,,,,,,,,,,,,,,,,,,,,,,,,,,,,,,,,,,,,,,,,,,,,,,,,,,,,,,,,,,,,,,,,,,,,,,,,,,,,,,,,,,,,,,,,,,,,,,,,,,,,,,,,,,,,,,,,,,,,,,,,,,,,,,,,,,,,,,,,,,,,,,,,,,,,,,,,,,,,,,,,,,,,,,,,,,,,,,,,,,,,,,,,,,,,,,,,,,,,,,,,,,,,,,,,,,,,,,,,,,,,,,,,,,,,,,,,,,,,,,,,,,,,,,,,,,,,,,,,,,,,,,,,,,,,,,,,,,,,,,,,,,,,,,,,,,,,,,,,,,,,,,,,,,,,,,,,,,,,,,,,,,,,,,,,,,,,,,,,,,,,,,,,,,,,,,,,,,,,,,,,,,,,,,,,,,,,,,,,,,,,,,,,,,,,,,,,,,,,,,,,,,,,,,,,,,,,,,,,,,,,,,,,,,,,,,,,,,,,,,,,,,,,,,,,,,,,,,,,,,,,,,,,,,,,,,,,,,,,,,,,,,,,,,,,,,,,,,,,,,,,,,,,,,,,,,,,,,,,,,,,,,,,,,,,,,,,,,,,,,,,,,,,,,,,,,,,,,,,,,,,,,,,,,,,,,,,,,,,,,,,,,,,,,,,,,,,,,,,,,,,,,,,,,,,,,,,,,,,,,,,,,,,,,,,,,,,,,,,,,,,,,,,,,,,,,,,,,,,,,,,,,,,,,,,,,,,,,,,,,,,,,,,,,,,,,,,,,,,,,,,,,,,,,,,,,,,,,,,,,,,,,,,,,,,,,,,,,,,,,,,,,,,,,,,,,,,,,,,,,,,,,,,,,,,,,,,,,,,,,,,,,,,,,,,,,,,,,,,,,,,,,,,,,,,,,,,,,,,,,,,,,,,,,,,,,,,,,,,,,,,,,,,,,,,,,,,,,,,,,,,,,,,
248,move,ia,ia,1,"[[0, 0, (1, 2), 0, 0], [0, 0, 0, 0, 0], [0, (0, -1), (0, -1), (0, -1), 0], [0, 0, 0, 0, 0], [0, 0, 0, 0, 0]]","[[0, 0, (1, 2), 0, 0], [0, 0, 0, 0, 0], [0, (0, -1), (0, -1), (0, -1), 0], [0, 0, 0, 0, (2, 1)], [0, 0, 0, 0, 0]]","[[0, 0, (1, 2), 0, 0], [0, 0, (1, 2), 0, 0], [0, (0, -1), (0, -1), (0, -1), 0], [0, 0, 0, 0, (2, 1)], [0, 0, 0, 0, 0]]","[[0, 0, (1, 2), 0, 0], [0, 0, (1, 2), 0, 0], [0, (0, -1), (0, -1), (0, -1), 0], [0, 0, 0, 0, 0], [0, 0, 0, 0, 0]]","[[0, 0, (1, 2), 0, 0], [0, 0, (1, 2), 0, 0], [0, (0, -1), (1, 2), (0, -1), 0], [0, 0, (0, -1), 0, 0], [0, 0, 0, 0, 0]]","[[0, 0, (1, 2), 0, 0], [0, 0, (1, 2), 0, 0], [0, (0, -1), (1, 2), (0, -1), 0], [0, 0, (0, -1), 0, (2, 1)], [0, 0, 0, 0, 0]]","[[0, 0, (1, 2), 0, 0], [0, 0, (1, 2), 0, 0], [0, (0, -1), (1, 2), (0, -1), 0], [0, 0, (1, 2), 0, (2, 1)], [0, 0, (0, -1), 0, 0]]","[[0, 0, (1, 2), 0, 0], [0, 0, (1, 2), 0, 0], [0, (0, -1), (1, 2), (0, -1), 0], [0, 0, (1, 2), 0, 0], [0, 0, (0, -1), 0, 0]]","[[0, 0, (1, 2), 0, 0], [0, 0, (1, 2), 0, 0], [0, (0, -1), (1, 2), (0, -1), 0], [0, 0, (1, 2), 0, 0], [0, 0, (1, 2), 0, 0]]",,,,,,,,,,,,,,,,,,,,,,,,,,,,,,,,,,,,,,,,,,,,,,,,,,,,,,,,,,,,,,,,,,,,,,,,,,,,,,,,,,,,,,,,,,,,,,,,,,,,,,,,,,,,,,,,,,,,,,,,,,,,,,,,,,,,,,,,,,,,,,,,,,,,,,,,,,,,,,,,,,,,,,,,,,,,,,,,,,,,,,,,,,,,,,,,,,,,,,,,,,,,,,,,,,,,,,,,,,,,,,,,,,,,,,,,,,,,,,,,,,,,,,,,,,,,,,,,,,,,,,,,,,,,,,,,,,,,,,,,,,,,,,,,,,,,,,,,,,,,,,,,,,,,,,,,,,,,,,,,,,,,,,,,,,,,,,,,,,,,,,,,,,,,,,,,,,,,,,,,,,,,,,,,,,,,,,,,,,,,,,,,,,,,,,,,,,,,,,,,,,,,,,,,,,,,,,,,,,,,,,,,,,,,,,,,,,,,,,,,,,,,,,,,,,,,,,,,,,,,,,,,,,,,,,,,,,,,,,,,,,,,,,,,,,,,,,,,,,,,,,,,,,,,,,,,,,,,,,,,,,,,,,,,,,,,,,,,,,,,,,,,,,,,,,,,,,,,,,,,,,,,,,,,,,,,,,,,,,,,,,,,,,,,,,,,,,,,,,,,,,,,,,,,,,,,,,,,,,,,,,,,,,,,,,,,,,,,,,,,,,,,,,,,,,,,,,,,,,,,,,,,,,,,,,,,,,,,,,,,,,,,,,,,,,,,,,,,,,,,,,,,,,,,,,,,,,,,,,,,,,,,,,,,,,,,,,,,,,,,,,,,,,,,,,,,,,,,,,,,,,,,,,,,,,,,,,,,,,,,,,,,,,,,,,,,,,,,,,,,,,,,,,,,,,,,,,,,,,,,,,,,,,,,,,,,,,,,,,,,,,,,,,,,,,,,,,,,,,,,,,,,,,,,,,,,,,,,,,,,,,,,,,,,,,,,,,,,,,,,,,,,,,,,,,,,,,,,,,,,,,,,,,,,,,,,,,,,,,,,,,,,,,,,,,,,,,,,,,,,,,,,,,,,,,,,,,,,,,,,,,,,,,,
249,state,ia,ia,1,"(1, ('e', 0, 2, 2))","(2, ('e', 3, 4, 1))","(1, ('e', 0, 2, 2))","(2, ('a', 3, 4))","(1, ('e', 0, 2, 2))","(2, ('e', 3, 4, 1))","(1, ('e', 0, 2, 2))","(2, ('a', 3, 4))","(1, ('e', 0, 2, 2))",,,,,,,,,,,,,,,,,,,,,,,,,,,,,,,,,,,,,,,,,,,,,,,,,,,,,,,,,,,,,,,,,,,,,,,,,,,,,,,,,,,,,,,,,,,,,,,,,,,,,,,,,,,,,,,,,,,,,,,,,,,,,,,,,,,,,,,,,,,,,,,,,,,,,,,,,,,,,,,,,,,,,,,,,,,,,,,,,,,,,,,,,,,,,,,,,,,,,,,,,,,,,,,,,,,,,,,,,,,,,,,,,,,,,,,,,,,,,,,,,,,,,,,,,,,,,,,,,,,,,,,,,,,,,,,,,,,,,,,,,,,,,,,,,,,,,,,,,,,,,,,,,,,,,,,,,,,,,,,,,,,,,,,,,,,,,,,,,,,,,,,,,,,,,,,,,,,,,,,,,,,,,,,,,,,,,,,,,,,,,,,,,,,,,,,,,,,,,,,,,,,,,,,,,,,,,,,,,,,,,,,,,,,,,,,,,,,,,,,,,,,,,,,,,,,,,,,,,,,,,,,,,,,,,,,,,,,,,,,,,,,,,,,,,,,,,,,,,,,,,,,,,,,,,,,,,,,,,,,,,,,,,,,,,,,,,,,,,,,,,,,,,,,,,,,,,,,,,,,,,,,,,,,,,,,,,,,,,,,,,,,,,,,,,,,,,,,,,,,,,,,,,,,,,,,,,,,,,,,,,,,,,,,,,,,,,,,,,,,,,,,,,,,,,,,,,,,,,,,,,,,,,,,,,,,,,,,,,,,,,,,,,,,,,,,,,,,,,,,,,,,,,,,,,,,,,,,,,,,,,,,,,,,,,,,,,,,,,,,,,,,,,,,,,,,,,,,,,,,,,,,,,,,,,,,,,,,,,,,,,,,,,,,,,,,,,,,,,,,,,,,,,,,,,,,,,,,,,,,,,,,,,,,,,,,,,,,,,,,,,,,,,,,,,,,,,,,,,,,,,,,,,,,,,,,,,,,,,,,,,,,,,,,,,,,,,,,,,,,,,,,,,,,,,,,,,,,,,,,,,,,,,,,,,,,,,,,,,,,,,,,,,,,,,,,,,,,,,,,,,,,,,,,,,,,,,,,,,,,,,,,,,,,
250,move,ia,ia,1,"[[0, 0, (1, 2), 0, 0], [0, 0, 0, 0, 0], [0, (0, -1), (0, -1), (0, -1), 0], [0, 0, 0, 0, 0], [0, 0, 0, 0, 0]]","[[0, 0, (1, 2), 0, 0], [0, 0, 0, 0, 0], [0, (0, -1), (0, -1), (0, -1), 0], [0, 0, 0, 0, (2, 1)], [0, 0, 0, 0, 0]]","[[0, 0, (1, 2), 0, 0], [0, 0, (1, 2), 0, 0], [0, (0, -1), (0, -1), (0, -1), 0], [0, 0, 0, 0, (2, 1)], [0, 0, 0, 0, 0]]","[[0, 0, (1, 2), 0, 0], [0, 0, (1, 2), 0, 0], [0, (0, -1), (0, -1), (0, -1), 0], [0, 0, 0, 0, 0], [0, 0, 0, 0, 0]]","[[0, 0, (1, 2), 0, 0], [0, 0, (1, 2), 0, 0], [0, (0, -1), (1, 2), (0, -1), 0], [0, 0, (0, -1), 0, 0], [0, 0, 0, 0, 0]]","[[0, 0, (1, 2), 0, 0], [0, 0, (1, 2), 0, 0], [0, (0, -1), (1, 2), (0, -1), 0], [0, 0, (0, -1), 0, (2, 1)], [0, 0, 0, 0, 0]]","[[0, 0, (1, 2), 0, 0], [0, 0, (1, 2), 0, 0], [0, (0, -1), (1, 2), (0, -1), 0], [0, 0, (1, 2), 0, (2, 1)], [0, 0, (0, -1), 0, 0]]","[[0, 0, (1, 2), 0, 0], [0, 0, (1, 2), 0, 0], [0, (0, -1), (1, 2), (0, -1), 0], [0, 0, (1, 2), 0, 0], [0, 0, (0, -1), 0, 0]]","[[0, 0, (1, 2), 0, 0], [0, 0, (1, 2), 0, 0], [0, (0, -1), (1, 2), (0, -1), 0], [0, 0, (1, 2), 0, 0], [0, 0, (1, 2), 0, 0]]",,,,,,,,,,,,,,,,,,,,,,,,,,,,,,,,,,,,,,,,,,,,,,,,,,,,,,,,,,,,,,,,,,,,,,,,,,,,,,,,,,,,,,,,,,,,,,,,,,,,,,,,,,,,,,,,,,,,,,,,,,,,,,,,,,,,,,,,,,,,,,,,,,,,,,,,,,,,,,,,,,,,,,,,,,,,,,,,,,,,,,,,,,,,,,,,,,,,,,,,,,,,,,,,,,,,,,,,,,,,,,,,,,,,,,,,,,,,,,,,,,,,,,,,,,,,,,,,,,,,,,,,,,,,,,,,,,,,,,,,,,,,,,,,,,,,,,,,,,,,,,,,,,,,,,,,,,,,,,,,,,,,,,,,,,,,,,,,,,,,,,,,,,,,,,,,,,,,,,,,,,,,,,,,,,,,,,,,,,,,,,,,,,,,,,,,,,,,,,,,,,,,,,,,,,,,,,,,,,,,,,,,,,,,,,,,,,,,,,,,,,,,,,,,,,,,,,,,,,,,,,,,,,,,,,,,,,,,,,,,,,,,,,,,,,,,,,,,,,,,,,,,,,,,,,,,,,,,,,,,,,,,,,,,,,,,,,,,,,,,,,,,,,,,,,,,,,,,,,,,,,,,,,,,,,,,,,,,,,,,,,,,,,,,,,,,,,,,,,,,,,,,,,,,,,,,,,,,,,,,,,,,,,,,,,,,,,,,,,,,,,,,,,,,,,,,,,,,,,,,,,,,,,,,,,,,,,,,,,,,,,,,,,,,,,,,,,,,,,,,,,,,,,,,,,,,,,,,,,,,,,,,,,,,,,,,,,,,,,,,,,,,,,,,,,,,,,,,,,,,,,,,,,,,,,,,,,,,,,,,,,,,,,,,,,,,,,,,,,,,,,,,,,,,,,,,,,,,,,,,,,,,,,,,,,,,,,,,,,,,,,,,,,,,,,,,,,,,,,,,,,,,,,,,,,,,,,,,,,,,,,,,,,,,,,,,,,,,,,,,,,,,,,,,,,,,,,,,,,,,,,,,,,,,,,,,,,,,,,,,,,,,,,,,,,,,,,,,,,,,,,,,,,,,,,,,,,,,,,,,,,,,,,,
251,state,ia,ia,1,"(1, ('e', 0, 2, 2))","(2, ('e', 3, 4, 1))","(1, ('e', 4, 0, 0))","(2, ('a', 3, 4))","(1, ('e', 0, 2, 2))","(2, ('e', 3, 4, 1))","(1, ('e', 0, 2, 2))","(2, ('a', 3, 4))","(1, ('e', 0, 2, 2))","(2, ('e', 3, 4, 1))","(1, ('a', 0, 2))","(2, ('a', 3, 4))","(1, ('e', 0, 2, 0))","(2, ('e', 1, 4, 0))","(1, ('a', 0, 2))","(2, ('e', 3, 4, 1))","(1, ('e', 0, 2, 2))","(2, ('a', 3, 4))","(1, ('a', 0, 2))","(2, ('e', 3, 4, 1))","(1, ('e', 2, 4, 1))","(2, ('a', 3, 4))","(1, ('m', 3, 2, 2))",,,,,,,,,,,,,,,,,,,,,,,,,,,,,,,,,,,,,,,,,,,,,,,,,,,,,,,,,,,,,,,,,,,,,,,,,,,,,,,,,,,,,,,,,,,,,,,,,,,,,,,,,,,,,,,,,,,,,,,,,,,,,,,,,,,,,,,,,,,,,,,,,,,,,,,,,,,,,,,,,,,,,,,,,,,,,,,,,,,,,,,,,,,,,,,,,,,,,,,,,,,,,,,,,,,,,,,,,,,,,,,,,,,,,,,,,,,,,,,,,,,,,,,,,,,,,,,,,,,,,,,,,,,,,,,,,,,,,,,,,,,,,,,,,,,,,,,,,,,,,,,,,,,,,,,,,,,,,,,,,,,,,,,,,,,,,,,,,,,,,,,,,,,,,,,,,,,,,,,,,,,,,,,,,,,,,,,,,,,,,,,,,,,,,,,,,,,,,,,,,,,,,,,,,,,,,,,,,,,,,,,,,,,,,,,,,,,,,,,,,,,,,,,,,,,,,,,,,,,,,,,,,,,,,,,,,,,,,,,,,,,,,,,,,,,,,,,,,,,,,,,,,,,,,,,,,,,,,,,,,,,,,,,,,,,,,,,,,,,,,,,,,,,,,,,,,,,,,,,,,,,,,,,,,,,,,,,,,,,,,,,,,,,,,,,,,,,,,,,,,,,,,,,,,,,,,,,,,,,,,,,,,,,,,,,,,,,,,,,,,,,,,,,,,,,,,,,,,,,,,,,,,,,,,,,,,,,,,,,,,,,,,,,,,,,,,,,,,,,,,,,,,,,,,,,,,,,,,,,,,,,,,,,,,,,,,,,,,,,,,,,,,,,,,,,,,,,,,,,,,,,,,,,,,,,,,,,,,,,,,,,,,,,,,,,,,,,,,,,,,,,,,,,,,,,,,,,,,,,,,,,,,,,,,,,,,,,,,,,,,,,,,,,,,,,,,,,,,,,,,,,,,,,,,,,,,,,,,,,,,,,,,,,,,,,,,,,,,,,,,,,,,,,,,,,,,,,,,,,,,,,,,,,,,,,,,,,,,,,,,,,,,,,,,,,,,,,,,,,,,,,,,,,,,,,,,
252,move,ia,ia,1,"[[0, 0, (1, 2), 0, 0], [0, 0, 0, 0, 0], [0, (0, -1), (0, -1), (0, -1), 0], [0, 0, 0, 0, 0], [0, 0, 0, 0, 0]]","[[0, 0, (1, 2), 0, 0], [0, 0, 0, 0, 0], [0, (0, -1), (0, -1), (0, -1), 0], [0, 0, 0, 0, (2, 1)], [0, 0, 0, 0, 0]]","[[0, 0, (1, 2), 0, 0], [0, 0, 0, 0, 0], [0, (0, -1), (0, -1), (0, -1), 0], [0, 0, 0, 0, (2, 1)], [(1, 0), 0, 0, 0, 0]]","[[0, 0, (1, 2), 0, 0], [0, 0, 0, 0, 0], [0, (0, -1), (0, -1), (0, -1), 0], [0, 0, 0, 0, 0], [(1, 0), 0, 0, 0, 0]]","[[0, 0, (1, 2), 0, 0], [0, 0, (1, 2), 0, 0], [0, (0, -1), (0, -1), (0, -1), 0], [0, 0, 0, 0, 0], [(1, 0), 0, 0, 0, 0]]","[[0, 0, (1, 2), 0, 0], [0, 0, (1, 2), 0, 0], [0, (0, -1), (0, -1), (0, -1), 0], [0, 0, 0, 0, (2, 1)], [(1, 0), 0, 0, 0, 0]]","[[0, 0, (1, 2), 0, 0], [0, 0, (1, 2), 0, 0], [0, (0, -1), (1, 2), (0, -1), 0], [0, 0, (0, -1), 0, (2, 1)], [(1, 0), 0, 0, 0, 0]]","[[0, 0, (1, 2), 0, 0], [0, 0, (1, 2), 0, 0], [0, (0, -1), (1, 2), (0, -1), 0], [0, 0, (0, -1), 0, 0], [(1, 0), 0, 0, 0, 0]]","[[0, 0, (1, 2), 0, 0], [0, 0, (1, 2), 0, 0], [0, (0, -1), (1, 2), (0, -1), 0], [0, 0, (1, 2), 0, 0], [(1, 0), 0, (0, -1), 0, 0]]","[[0, 0, (1, 2), 0, 0], [0, 0, (1, 2), 0, 0], [0, (0, -1), (1, 2), (0, -1), 0], [0, 0, (1, 2), 0, (2, 1)], [(1, 0), 0, (0, -1), 0, 0]]","[[0, 0, 0, 0, 0], [0, 0, (1, 2), 0, 0], [0, (0, -1), (1, 2), (0, -1), 0], [0, 0, (1, 2), 0, (2, 1)], [(1, 0), 0, (0, -1), 0, 0]]","[[0, 0, 0, 0, 0], [0, 0, (1, 2), 0, 0], [0, (0, -1), (1, 2), (0, -1), 0], [0, 0, (1, 2), 0, 0], [(1, 0), 0, (0, -1), 0, 0]]","[[0, 0, (1, 0), 0, 0], [0, 0, (1, 2), 0, 0], [0, (0, -1), (1, 2), (0, -1), 0], [0, 0, (1, 2), 0, 0], [(1, 0), 0, (0, -1), 0, 0]]","[[0, 0, (1, 0), 0, 0], [0, 0, (1, 2), 0, (2, 0)], [0, (0, -1), (1, 2), (0, -1), 0], [0, 0, (1, 2), 0, 0], [(1, 0), 0, (0, -1), 0, 0]]","[[0, 0, 0, 0, 0], [0, 0, (1, 2), 0, (2, 0)], [0, (0, -1), (1, 2), (0, -1), 0], [0, 0, (1, 2), 0, 0], [(1, 0), 0, (0, -1), 0, 0]]","[[0, 0, 0, 0, 0], [0, 0, (1, 2), 0, (2, 0)], [0, (0, -1), (1, 2), (0, -1), 0], [0, 0, (1, 2), 0, (2, 1)], [(1, 0), 0, (0, -1), 0, 0]]","[[0, 0, (1, 2), 0, 0], [0, 0, (1, 2), 0, (2, 0)], [0, (0, -1), (1, 2), (0, -1), 0], [0, 0, (1, 2), 0, (2, 1)], [(1, 0), 0, (0, -1), 0, 0]]","[[0, 0, (1, 2), 0, 0], [0, 0, (1, 2), 0, (2, 0)], [0, (0, -1), (1, 2), (0, -1), 0], [0, 0, (1, 2), 0, 0], [(1, 0), 0, (0, -1), 0, 0]]","[[0, 0, 0, 0, 0], [0, 0, (1, 2), 0, (2, 0)], [0, (0, -1), (1, 2), (0, -1), 0], [0, 0, (1, 2), 0, 0], [(1, 0), 0, (0, -1), 0, 0]]","[[0, 0, 0, 0, 0], [0, 0, (1, 2), 0, (2, 0)], [0, (0, -1), (1, 2), (0, -1), 0], [0, 0, (1, 2), 0, (2, 1)], [(1, 0), 0, (0, -1), 0, 0]]","[[0, 0, 0, 0, 0], [0, 0, (1, 2), 0, (2, 0)], [0, (0, -1), (1, 2), (0, -1), (1, 1)], [0, 0, (1, 2), 0, (2, 1)], [(1, 0), 0, (0, -1), 0, 0]]","[[0, 0, 0, 0, 0], [0, 0, (1, 2), 0, (2, 0)], [0, (0, -1), (1, 2), (0, -1), (1, 1)], [0, 0, (1, 2), 0, 0], [(1, 0), 0, (0, -1), 0, 0]]","[[0, 0, 0, 0, 0], [0, 0, (1, 2), 0, (2, 0)], [0, (0, -1), (1, 2), (0, -1), (1, 1)], [0, 0, 0, 0, 0], [(1, 0), 0, (1, 2), 0, 0]]",,,,,,,,,,,,,,,,,,,,,,,,,,,,,,,,,,,,,,,,,,,,,,,,,,,,,,,,,,,,,,,,,,,,,,,,,,,,,,,,,,,,,,,,,,,,,,,,,,,,,,,,,,,,,,,,,,,,,,,,,,,,,,,,,,,,,,,,,,,,,,,,,,,,,,,,,,,,,,,,,,,,,,,,,,,,,,,,,,,,,,,,,,,,,,,,,,,,,,,,,,,,,,,,,,,,,,,,,,,,,,,,,,,,,,,,,,,,,,,,,,,,,,,,,,,,,,,,,,,,,,,,,,,,,,,,,,,,,,,,,,,,,,,,,,,,,,,,,,,,,,,,,,,,,,,,,,,,,,,,,,,,,,,,,,,,,,,,,,,,,,,,,,,,,,,,,,,,,,,,,,,,,,,,,,,,,,,,,,,,,,,,,,,,,,,,,,,,,,,,,,,,,,,,,,,,,,,,,,,,,,,,,,,,,,,,,,,,,,,,,,,,,,,,,,,,,,,,,,,,,,,,,,,,,,,,,,,,,,,,,,,,,,,,,,,,,,,,,,,,,,,,,,,,,,,,,,,,,,,,,,,,,,,,,,,,,,,,,,,,,,,,,,,,,,,,,,,,,,,,,,,,,,,,,,,,,,,,,,,,,,,,,,,,,,,,,,,,,,,,,,,,,,,,,,,,,,,,,,,,,,,,,,,,,,,,,,,,,,,,,,,,,,,,,,,,,,,,,,,,,,,,,,,,,,,,,,,,,,,,,,,,,,,,,,,,,,,,,,,,,,,,,,,,,,,,,,,,,,,,,,,,,,,,,,,,,,,,,,,,,,,,,,,,,,,,,,,,,,,,,,,,,,,,,,,,,,,,,,,,,,,,,,,,,,,,,,,,,,,,,,,,,,,,,,,,,,,,,,,,,,,,,,,,,,,,,,,,,,,,,,,,,,,,,,,,,,,,,,,,,,,,,,,,,,,,,,,,,,,,,,,,,,,,,,,,,,,,,,,,,,,,,,,,,,,,,,,,,,,,,,,,,,,,,,,,,,,,,,,,,,,,,,,,,,,,,,,,,,,,,,,,,,,,,,,,,
253,state,ia,ia,1,"(1, ('e', 0, 2, 2))","(2, ('e', 3, 4, 1))","(1, ('e', 0, 2, 2))","(2, ('a', 3, 4))","(1, ('e', 0, 2, 2))","(2, ('e', 3, 4, 1))","(1, ('e', 0, 2, 2))","(2, ('e', 0, 0, 1))","(1, ('e', 0, 2, 2))",,,,,,,,,,,,,,,,,,,,,,,,,,,,,,,,,,,,,,,,,,,,,,,,,,,,,,,,,,,,,,,,,,,,,,,,,,,,,,,,,,,,,,,,,,,,,,,,,,,,,,,,,,,,,,,,,,,,,,,,,,,,,,,,,,,,,,,,,,,,,,,,,,,,,,,,,,,,,,,,,,,,,,,,,,,,,,,,,,,,,,,,,,,,,,,,,,,,,,,,,,,,,,,,,,,,,,,,,,,,,,,,,,,,,,,,,,,,,,,,,,,,,,,,,,,,,,,,,,,,,,,,,,,,,,,,,,,,,,,,,,,,,,,,,,,,,,,,,,,,,,,,,,,,,,,,,,,,,,,,,,,,,,,,,,,,,,,,,,,,,,,,,,,,,,,,,,,,,,,,,,,,,,,,,,,,,,,,,,,,,,,,,,,,,,,,,,,,,,,,,,,,,,,,,,,,,,,,,,,,,,,,,,,,,,,,,,,,,,,,,,,,,,,,,,,,,,,,,,,,,,,,,,,,,,,,,,,,,,,,,,,,,,,,,,,,,,,,,,,,,,,,,,,,,,,,,,,,,,,,,,,,,,,,,,,,,,,,,,,,,,,,,,,,,,,,,,,,,,,,,,,,,,,,,,,,,,,,,,,,,,,,,,,,,,,,,,,,,,,,,,,,,,,,,,,,,,,,,,,,,,,,,,,,,,,,,,,,,,,,,,,,,,,,,,,,,,,,,,,,,,,,,,,,,,,,,,,,,,,,,,,,,,,,,,,,,,,,,,,,,,,,,,,,,,,,,,,,,,,,,,,,,,,,,,,,,,,,,,,,,,,,,,,,,,,,,,,,,,,,,,,,,,,,,,,,,,,,,,,,,,,,,,,,,,,,,,,,,,,,,,,,,,,,,,,,,,,,,,,,,,,,,,,,,,,,,,,,,,,,,,,,,,,,,,,,,,,,,,,,,,,,,,,,,,,,,,,,,,,,,,,,,,,,,,,,,,,,,,,,,,,,,,,,,,,,,,,,,,,,,,,,,,,,,,,,,,,,,,,,,,,,,,,,,,,,,,,,,,,,,,,,,,,,,,,,,,,,,,,,,,,,,,,
254,move,ia,ia,1,"[[0, 0, (1, 2), 0, 0], [0, 0, 0, 0, 0], [0, (0, -1), (0, -1), (0, -1), 0], [0, 0, 0, 0, 0], [0, 0, 0, 0, 0]]","[[0, 0, (1, 2), 0, 0], [0, 0, 0, 0, 0], [0, (0, -1), (0, -1), (0, -1), 0], [0, 0, 0, 0, (2, 1)], [0, 0, 0, 0, 0]]","[[0, 0, (1, 2), 0, 0], [0, 0, (1, 2), 0, 0], [0, (0, -1), (0, -1), (0, -1), 0], [0, 0, 0, 0, (2, 1)], [0, 0, 0, 0, 0]]","[[0, 0, (1, 2), 0, 0], [0, 0, (1, 2), 0, 0], [0, (0, -1), (0, -1), (0, -1), 0], [0, 0, 0, 0, 0], [0, 0, 0, 0, 0]]","[[0, 0, (1, 2), 0, 0], [0, 0, (1, 2), 0, 0], [0, (0, -1), (1, 2), (0, -1), 0], [0, 0, (0, -1), 0, 0], [0, 0, 0, 0, 0]]","[[0, 0, (1, 2), 0, 0], [0, 0, (1, 2), 0, 0], [0, (0, -1), (1, 2), (0, -1), 0], [0, 0, (0, -1), 0, (2, 1)], [0, 0, 0, 0, 0]]","[[0, 0, (1, 2), 0, 0], [0, 0, (1, 2), 0, 0], [0, (0, -1), (1, 2), (0, -1), 0], [0, 0, (1, 2), 0, (2, 1)], [0, 0, (0, -1), 0, 0]]","[[(2, 1), 0, (1, 2), 0, 0], [0, 0, (1, 2), 0, 0], [0, (0, -1), (1, 2), (0, -1), 0], [0, 0, (1, 2), 0, (2, 1)], [0, 0, (0, -1), 0, 0]]","[[(2, 1), 0, (1, 2), 0, 0], [0, 0, (1, 2), 0, 0], [0, (0, -1), (1, 2), (0, -1), 0], [0, 0, (1, 2), 0, (2, 1)], [0, 0, (1, 2), 0, 0]]",,,,,,,,,,,,,,,,,,,,,,,,,,,,,,,,,,,,,,,,,,,,,,,,,,,,,,,,,,,,,,,,,,,,,,,,,,,,,,,,,,,,,,,,,,,,,,,,,,,,,,,,,,,,,,,,,,,,,,,,,,,,,,,,,,,,,,,,,,,,,,,,,,,,,,,,,,,,,,,,,,,,,,,,,,,,,,,,,,,,,,,,,,,,,,,,,,,,,,,,,,,,,,,,,,,,,,,,,,,,,,,,,,,,,,,,,,,,,,,,,,,,,,,,,,,,,,,,,,,,,,,,,,,,,,,,,,,,,,,,,,,,,,,,,,,,,,,,,,,,,,,,,,,,,,,,,,,,,,,,,,,,,,,,,,,,,,,,,,,,,,,,,,,,,,,,,,,,,,,,,,,,,,,,,,,,,,,,,,,,,,,,,,,,,,,,,,,,,,,,,,,,,,,,,,,,,,,,,,,,,,,,,,,,,,,,,,,,,,,,,,,,,,,,,,,,,,,,,,,,,,,,,,,,,,,,,,,,,,,,,,,,,,,,,,,,,,,,,,,,,,,,,,,,,,,,,,,,,,,,,,,,,,,,,,,,,,,,,,,,,,,,,,,,,,,,,,,,,,,,,,,,,,,,,,,,,,,,,,,,,,,,,,,,,,,,,,,,,,,,,,,,,,,,,,,,,,,,,,,,,,,,,,,,,,,,,,,,,,,,,,,,,,,,,,,,,,,,,,,,,,,,,,,,,,,,,,,,,,,,,,,,,,,,,,,,,,,,,,,,,,,,,,,,,,,,,,,,,,,,,,,,,,,,,,,,,,,,,,,,,,,,,,,,,,,,,,,,,,,,,,,,,,,,,,,,,,,,,,,,,,,,,,,,,,,,,,,,,,,,,,,,,,,,,,,,,,,,,,,,,,,,,,,,,,,,,,,,,,,,,,,,,,,,,,,,,,,,,,,,,,,,,,,,,,,,,,,,,,,,,,,,,,,,,,,,,,,,,,,,,,,,,,,,,,,,,,,,,,,,,,,,,,,,,,,,,,,,,,,,,,,,,,,,,,,,,,,,,,,,,,,,,,,,,,,,,,,,,,,,,,,,,,,
255,state,ia,ia,1,"(1, ('e', 0, 2, 2))","(2, ('e', 3, 4, 1))","(1, ('e', 0, 2, 2))","(2, ('a', 3, 4))","(1, ('e', 0, 2, 2))","(2, ('e', 3, 4, 1))","(1, ('e', 0, 2, 2))","(2, ('e', 3, 0, 0))","(1, ('e', 0, 2, 2))",,,,,,,,,,,,,,,,,,,,,,,,,,,,,,,,,,,,,,,,,,,,,,,,,,,,,,,,,,,,,,,,,,,,,,,,,,,,,,,,,,,,,,,,,,,,,,,,,,,,,,,,,,,,,,,,,,,,,,,,,,,,,,,,,,,,,,,,,,,,,,,,,,,,,,,,,,,,,,,,,,,,,,,,,,,,,,,,,,,,,,,,,,,,,,,,,,,,,,,,,,,,,,,,,,,,,,,,,,,,,,,,,,,,,,,,,,,,,,,,,,,,,,,,,,,,,,,,,,,,,,,,,,,,,,,,,,,,,,,,,,,,,,,,,,,,,,,,,,,,,,,,,,,,,,,,,,,,,,,,,,,,,,,,,,,,,,,,,,,,,,,,,,,,,,,,,,,,,,,,,,,,,,,,,,,,,,,,,,,,,,,,,,,,,,,,,,,,,,,,,,,,,,,,,,,,,,,,,,,,,,,,,,,,,,,,,,,,,,,,,,,,,,,,,,,,,,,,,,,,,,,,,,,,,,,,,,,,,,,,,,,,,,,,,,,,,,,,,,,,,,,,,,,,,,,,,,,,,,,,,,,,,,,,,,,,,,,,,,,,,,,,,,,,,,,,,,,,,,,,,,,,,,,,,,,,,,,,,,,,,,,,,,,,,,,,,,,,,,,,,,,,,,,,,,,,,,,,,,,,,,,,,,,,,,,,,,,,,,,,,,,,,,,,,,,,,,,,,,,,,,,,,,,,,,,,,,,,,,,,,,,,,,,,,,,,,,,,,,,,,,,,,,,,,,,,,,,,,,,,,,,,,,,,,,,,,,,,,,,,,,,,,,,,,,,,,,,,,,,,,,,,,,,,,,,,,,,,,,,,,,,,,,,,,,,,,,,,,,,,,,,,,,,,,,,,,,,,,,,,,,,,,,,,,,,,,,,,,,,,,,,,,,,,,,,,,,,,,,,,,,,,,,,,,,,,,,,,,,,,,,,,,,,,,,,,,,,,,,,,,,,,,,,,,,,,,,,,,,,,,,,,,,,,,,,,,,,,,,,,,,,,,,,,,,,,,,,,,,,,,,,,,,,,,,,,,,,,,,,,,,,,,,,
256,move,ia,ia,1,"[[0, 0, (1, 2), 0, 0], [0, 0, 0, 0, 0], [0, (0, -1), (0, -1), (0, -1), 0], [0, 0, 0, 0, 0], [0, 0, 0, 0, 0]]","[[0, 0, (1, 2), 0, 0], [0, 0, 0, 0, 0], [0, (0, -1), (0, -1), (0, -1), 0], [0, 0, 0, 0, (2, 1)], [0, 0, 0, 0, 0]]","[[0, 0, (1, 2), 0, 0], [0, 0, (1, 2), 0, 0], [0, (0, -1), (0, -1), (0, -1), 0], [0, 0, 0, 0, (2, 1)], [0, 0, 0, 0, 0]]","[[0, 0, (1, 2), 0, 0], [0, 0, (1, 2), 0, 0], [0, (0, -1), (0, -1), (0, -1), 0], [0, 0, 0, 0, 0], [0, 0, 0, 0, 0]]","[[0, 0, (1, 2), 0, 0], [0, 0, (1, 2), 0, 0], [0, (0, -1), (1, 2), (0, -1), 0], [0, 0, (0, -1), 0, 0], [0, 0, 0, 0, 0]]","[[0, 0, (1, 2), 0, 0], [0, 0, (1, 2), 0, 0], [0, (0, -1), (1, 2), (0, -1), 0], [0, 0, (0, -1), 0, (2, 1)], [0, 0, 0, 0, 0]]","[[0, 0, (1, 2), 0, 0], [0, 0, (1, 2), 0, 0], [0, (0, -1), (1, 2), (0, -1), 0], [0, 0, (1, 2), 0, (2, 1)], [0, 0, (0, -1), 0, 0]]","[[0, 0, (1, 2), 0, 0], [0, 0, (1, 2), 0, 0], [0, (0, -1), (1, 2), (0, -1), 0], [(2, 0), 0, (1, 2), 0, (2, 1)], [0, 0, (0, -1), 0, 0]]","[[0, 0, (1, 2), 0, 0], [0, 0, (1, 2), 0, 0], [0, (0, -1), (1, 2), (0, -1), 0], [(2, 0), 0, (1, 2), 0, (2, 1)], [0, 0, (1, 2), 0, 0]]",,,,,,,,,,,,,,,,,,,,,,,,,,,,,,,,,,,,,,,,,,,,,,,,,,,,,,,,,,,,,,,,,,,,,,,,,,,,,,,,,,,,,,,,,,,,,,,,,,,,,,,,,,,,,,,,,,,,,,,,,,,,,,,,,,,,,,,,,,,,,,,,,,,,,,,,,,,,,,,,,,,,,,,,,,,,,,,,,,,,,,,,,,,,,,,,,,,,,,,,,,,,,,,,,,,,,,,,,,,,,,,,,,,,,,,,,,,,,,,,,,,,,,,,,,,,,,,,,,,,,,,,,,,,,,,,,,,,,,,,,,,,,,,,,,,,,,,,,,,,,,,,,,,,,,,,,,,,,,,,,,,,,,,,,,,,,,,,,,,,,,,,,,,,,,,,,,,,,,,,,,,,,,,,,,,,,,,,,,,,,,,,,,,,,,,,,,,,,,,,,,,,,,,,,,,,,,,,,,,,,,,,,,,,,,,,,,,,,,,,,,,,,,,,,,,,,,,,,,,,,,,,,,,,,,,,,,,,,,,,,,,,,,,,,,,,,,,,,,,,,,,,,,,,,,,,,,,,,,,,,,,,,,,,,,,,,,,,,,,,,,,,,,,,,,,,,,,,,,,,,,,,,,,,,,,,,,,,,,,,,,,,,,,,,,,,,,,,,,,,,,,,,,,,,,,,,,,,,,,,,,,,,,,,,,,,,,,,,,,,,,,,,,,,,,,,,,,,,,,,,,,,,,,,,,,,,,,,,,,,,,,,,,,,,,,,,,,,,,,,,,,,,,,,,,,,,,,,,,,,,,,,,,,,,,,,,,,,,,,,,,,,,,,,,,,,,,,,,,,,,,,,,,,,,,,,,,,,,,,,,,,,,,,,,,,,,,,,,,,,,,,,,,,,,,,,,,,,,,,,,,,,,,,,,,,,,,,,,,,,,,,,,,,,,,,,,,,,,,,,,,,,,,,,,,,,,,,,,,,,,,,,,,,,,,,,,,,,,,,,,,,,,,,,,,,,,,,,,,,,,,,,,,,,,,,,,,,,,,,,,,,,,,,,,,,,,,,,,,,,,,,,,,,,,,,,,,,,,,,,,,,,,,,
257,state,ia,ia,1,"(1, ('e', 0, 2, 2))","(2, ('e', 3, 4, 1))","(1, ('e', 0, 2, 2))","(2, ('a', 3, 4))","(1, ('e', 0, 2, 2))","(2, ('e', 3, 4, 1))","(1, ('e', 0, 2, 2))","(2, ('e', 1, 0, 3))","(1, ('e', 0, 2, 2))",,,,,,,,,,,,,,,,,,,,,,,,,,,,,,,,,,,,,,,,,,,,,,,,,,,,,,,,,,,,,,,,,,,,,,,,,,,,,,,,,,,,,,,,,,,,,,,,,,,,,,,,,,,,,,,,,,,,,,,,,,,,,,,,,,,,,,,,,,,,,,,,,,,,,,,,,,,,,,,,,,,,,,,,,,,,,,,,,,,,,,,,,,,,,,,,,,,,,,,,,,,,,,,,,,,,,,,,,,,,,,,,,,,,,,,,,,,,,,,,,,,,,,,,,,,,,,,,,,,,,,,,,,,,,,,,,,,,,,,,,,,,,,,,,,,,,,,,,,,,,,,,,,,,,,,,,,,,,,,,,,,,,,,,,,,,,,,,,,,,,,,,,,,,,,,,,,,,,,,,,,,,,,,,,,,,,,,,,,,,,,,,,,,,,,,,,,,,,,,,,,,,,,,,,,,,,,,,,,,,,,,,,,,,,,,,,,,,,,,,,,,,,,,,,,,,,,,,,,,,,,,,,,,,,,,,,,,,,,,,,,,,,,,,,,,,,,,,,,,,,,,,,,,,,,,,,,,,,,,,,,,,,,,,,,,,,,,,,,,,,,,,,,,,,,,,,,,,,,,,,,,,,,,,,,,,,,,,,,,,,,,,,,,,,,,,,,,,,,,,,,,,,,,,,,,,,,,,,,,,,,,,,,,,,,,,,,,,,,,,,,,,,,,,,,,,,,,,,,,,,,,,,,,,,,,,,,,,,,,,,,,,,,,,,,,,,,,,,,,,,,,,,,,,,,,,,,,,,,,,,,,,,,,,,,,,,,,,,,,,,,,,,,,,,,,,,,,,,,,,,,,,,,,,,,,,,,,,,,,,,,,,,,,,,,,,,,,,,,,,,,,,,,,,,,,,,,,,,,,,,,,,,,,,,,,,,,,,,,,,,,,,,,,,,,,,,,,,,,,,,,,,,,,,,,,,,,,,,,,,,,,,,,,,,,,,,,,,,,,,,,,,,,,,,,,,,,,,,,,,,,,,,,,,,,,,,,,,,,,,,,,,,,,,,,,,,,,,,,,,,,,,,,,,,,,,,,,,,,,,,,,,,,,
258,move,ia,ia,1,"[[0, 0, (1, 2), 0, 0], [0, 0, 0, 0, 0], [0, (0, -1), (0, -1), (0, -1), 0], [0, 0, 0, 0, 0], [0, 0, 0, 0, 0]]","[[0, 0, (1, 2), 0, 0], [0, 0, 0, 0, 0], [0, (0, -1), (0, -1), (0, -1), 0], [0, 0, 0, 0, (2, 1)], [0, 0, 0, 0, 0]]","[[0, 0, (1, 2), 0, 0], [0, 0, (1, 2), 0, 0], [0, (0, -1), (0, -1), (0, -1), 0], [0, 0, 0, 0, (2, 1)], [0, 0, 0, 0, 0]]","[[0, 0, (1, 2), 0, 0], [0, 0, (1, 2), 0, 0], [0, (0, -1), (0, -1), (0, -1), 0], [0, 0, 0, 0, 0], [0, 0, 0, 0, 0]]","[[0, 0, (1, 2), 0, 0], [0, 0, (1, 2), 0, 0], [0, (0, -1), (1, 2), (0, -1), 0], [0, 0, (0, -1), 0, 0], [0, 0, 0, 0, 0]]","[[0, 0, (1, 2), 0, 0], [0, 0, (1, 2), 0, 0], [0, (0, -1), (1, 2), (0, -1), 0], [0, 0, (0, -1), 0, (2, 1)], [0, 0, 0, 0, 0]]","[[0, 0, (1, 2), 0, 0], [0, 0, (1, 2), 0, 0], [0, (0, -1), (1, 2), (0, -1), 0], [0, 0, (1, 2), 0, (2, 1)], [0, 0, (0, -1), 0, 0]]","[[0, 0, (1, 2), 0, 0], [(2, 3), 0, (1, 2), 0, 0], [0, (0, -1), (1, 2), (0, -1), 0], [0, 0, (1, 2), 0, (2, 1)], [0, 0, (0, -1), 0, 0]]","[[0, 0, (1, 2), 0, 0], [(2, 3), 0, (1, 2), 0, 0], [0, (0, -1), (1, 2), (0, -1), 0], [0, 0, (1, 2), 0, (2, 1)], [0, 0, (1, 2), 0, 0]]",,,,,,,,,,,,,,,,,,,,,,,,,,,,,,,,,,,,,,,,,,,,,,,,,,,,,,,,,,,,,,,,,,,,,,,,,,,,,,,,,,,,,,,,,,,,,,,,,,,,,,,,,,,,,,,,,,,,,,,,,,,,,,,,,,,,,,,,,,,,,,,,,,,,,,,,,,,,,,,,,,,,,,,,,,,,,,,,,,,,,,,,,,,,,,,,,,,,,,,,,,,,,,,,,,,,,,,,,,,,,,,,,,,,,,,,,,,,,,,,,,,,,,,,,,,,,,,,,,,,,,,,,,,,,,,,,,,,,,,,,,,,,,,,,,,,,,,,,,,,,,,,,,,,,,,,,,,,,,,,,,,,,,,,,,,,,,,,,,,,,,,,,,,,,,,,,,,,,,,,,,,,,,,,,,,,,,,,,,,,,,,,,,,,,,,,,,,,,,,,,,,,,,,,,,,,,,,,,,,,,,,,,,,,,,,,,,,,,,,,,,,,,,,,,,,,,,,,,,,,,,,,,,,,,,,,,,,,,,,,,,,,,,,,,,,,,,,,,,,,,,,,,,,,,,,,,,,,,,,,,,,,,,,,,,,,,,,,,,,,,,,,,,,,,,,,,,,,,,,,,,,,,,,,,,,,,,,,,,,,,,,,,,,,,,,,,,,,,,,,,,,,,,,,,,,,,,,,,,,,,,,,,,,,,,,,,,,,,,,,,,,,,,,,,,,,,,,,,,,,,,,,,,,,,,,,,,,,,,,,,,,,,,,,,,,,,,,,,,,,,,,,,,,,,,,,,,,,,,,,,,,,,,,,,,,,,,,,,,,,,,,,,,,,,,,,,,,,,,,,,,,,,,,,,,,,,,,,,,,,,,,,,,,,,,,,,,,,,,,,,,,,,,,,,,,,,,,,,,,,,,,,,,,,,,,,,,,,,,,,,,,,,,,,,,,,,,,,,,,,,,,,,,,,,,,,,,,,,,,,,,,,,,,,,,,,,,,,,,,,,,,,,,,,,,,,,,,,,,,,,,,,,,,,,,,,,,,,,,,,,,,,,,,,,,,,,,,,,,,,,,,,,,,,,,,,,,,,,,,,,,,,,,,
259,state,ia,ia,1,"(1, ('e', 0, 2, 2))","(2, ('e', 3, 4, 1))","(1, ('e', 0, 2, 2))","(2, ('a', 3, 4))","(1, ('e', 0, 2, 2))","(2, ('e', 3, 4, 1))","(1, ('e', 0, 2, 2))","(2, ('a', 3, 4))","(1, ('e', 0, 2, 2))",,,,,,,,,,,,,,,,,,,,,,,,,,,,,,,,,,,,,,,,,,,,,,,,,,,,,,,,,,,,,,,,,,,,,,,,,,,,,,,,,,,,,,,,,,,,,,,,,,,,,,,,,,,,,,,,,,,,,,,,,,,,,,,,,,,,,,,,,,,,,,,,,,,,,,,,,,,,,,,,,,,,,,,,,,,,,,,,,,,,,,,,,,,,,,,,,,,,,,,,,,,,,,,,,,,,,,,,,,,,,,,,,,,,,,,,,,,,,,,,,,,,,,,,,,,,,,,,,,,,,,,,,,,,,,,,,,,,,,,,,,,,,,,,,,,,,,,,,,,,,,,,,,,,,,,,,,,,,,,,,,,,,,,,,,,,,,,,,,,,,,,,,,,,,,,,,,,,,,,,,,,,,,,,,,,,,,,,,,,,,,,,,,,,,,,,,,,,,,,,,,,,,,,,,,,,,,,,,,,,,,,,,,,,,,,,,,,,,,,,,,,,,,,,,,,,,,,,,,,,,,,,,,,,,,,,,,,,,,,,,,,,,,,,,,,,,,,,,,,,,,,,,,,,,,,,,,,,,,,,,,,,,,,,,,,,,,,,,,,,,,,,,,,,,,,,,,,,,,,,,,,,,,,,,,,,,,,,,,,,,,,,,,,,,,,,,,,,,,,,,,,,,,,,,,,,,,,,,,,,,,,,,,,,,,,,,,,,,,,,,,,,,,,,,,,,,,,,,,,,,,,,,,,,,,,,,,,,,,,,,,,,,,,,,,,,,,,,,,,,,,,,,,,,,,,,,,,,,,,,,,,,,,,,,,,,,,,,,,,,,,,,,,,,,,,,,,,,,,,,,,,,,,,,,,,,,,,,,,,,,,,,,,,,,,,,,,,,,,,,,,,,,,,,,,,,,,,,,,,,,,,,,,,,,,,,,,,,,,,,,,,,,,,,,,,,,,,,,,,,,,,,,,,,,,,,,,,,,,,,,,,,,,,,,,,,,,,,,,,,,,,,,,,,,,,,,,,,,,,,,,,,,,,,,,,,,,,,,,,,,,,,,,,,,,,,,,,,,,,,,,,,,,,,,,,,,,,,,,,,,,,,,,,
260,move,ia,ia,1,"[[0, 0, (1, 2), 0, 0], [0, 0, 0, 0, 0], [0, (0, -1), (0, -1), (0, -1), 0], [0, 0, 0, 0, 0], [0, 0, 0, 0, 0]]","[[0, 0, (1, 2), 0, 0], [0, 0, 0, 0, 0], [0, (0, -1), (0, -1), (0, -1), 0], [0, 0, 0, 0, (2, 1)], [0, 0, 0, 0, 0]]","[[0, 0, (1, 2), 0, 0], [0, 0, (1, 2), 0, 0], [0, (0, -1), (0, -1), (0, -1), 0], [0, 0, 0, 0, (2, 1)], [0, 0, 0, 0, 0]]","[[0, 0, (1, 2), 0, 0], [0, 0, (1, 2), 0, 0], [0, (0, -1), (0, -1), (0, -1), 0], [0, 0, 0, 0, 0], [0, 0, 0, 0, 0]]","[[0, 0, (1, 2), 0, 0], [0, 0, (1, 2), 0, 0], [0, (0, -1), (1, 2), (0, -1), 0], [0, 0, (0, -1), 0, 0], [0, 0, 0, 0, 0]]","[[0, 0, (1, 2), 0, 0], [0, 0, (1, 2), 0, 0], [0, (0, -1), (1, 2), (0, -1), 0], [0, 0, (0, -1), 0, (2, 1)], [0, 0, 0, 0, 0]]","[[0, 0, (1, 2), 0, 0], [0, 0, (1, 2), 0, 0], [0, (0, -1), (1, 2), (0, -1), 0], [0, 0, (1, 2), 0, (2, 1)], [0, 0, (0, -1), 0, 0]]","[[0, 0, (1, 2), 0, 0], [0, 0, (1, 2), 0, 0], [0, (0, -1), (1, 2), (0, -1), 0], [0, 0, (1, 2), 0, 0], [0, 0, (0, -1), 0, 0]]","[[0, 0, (1, 2), 0, 0], [0, 0, (1, 2), 0, 0], [0, (0, -1), (1, 2), (0, -1), 0], [0, 0, (1, 2), 0, 0], [0, 0, (1, 2), 0, 0]]",,,,,,,,,,,,,,,,,,,,,,,,,,,,,,,,,,,,,,,,,,,,,,,,,,,,,,,,,,,,,,,,,,,,,,,,,,,,,,,,,,,,,,,,,,,,,,,,,,,,,,,,,,,,,,,,,,,,,,,,,,,,,,,,,,,,,,,,,,,,,,,,,,,,,,,,,,,,,,,,,,,,,,,,,,,,,,,,,,,,,,,,,,,,,,,,,,,,,,,,,,,,,,,,,,,,,,,,,,,,,,,,,,,,,,,,,,,,,,,,,,,,,,,,,,,,,,,,,,,,,,,,,,,,,,,,,,,,,,,,,,,,,,,,,,,,,,,,,,,,,,,,,,,,,,,,,,,,,,,,,,,,,,,,,,,,,,,,,,,,,,,,,,,,,,,,,,,,,,,,,,,,,,,,,,,,,,,,,,,,,,,,,,,,,,,,,,,,,,,,,,,,,,,,,,,,,,,,,,,,,,,,,,,,,,,,,,,,,,,,,,,,,,,,,,,,,,,,,,,,,,,,,,,,,,,,,,,,,,,,,,,,,,,,,,,,,,,,,,,,,,,,,,,,,,,,,,,,,,,,,,,,,,,,,,,,,,,,,,,,,,,,,,,,,,,,,,,,,,,,,,,,,,,,,,,,,,,,,,,,,,,,,,,,,,,,,,,,,,,,,,,,,,,,,,,,,,,,,,,,,,,,,,,,,,,,,,,,,,,,,,,,,,,,,,,,,,,,,,,,,,,,,,,,,,,,,,,,,,,,,,,,,,,,,,,,,,,,,,,,,,,,,,,,,,,,,,,,,,,,,,,,,,,,,,,,,,,,,,,,,,,,,,,,,,,,,,,,,,,,,,,,,,,,,,,,,,,,,,,,,,,,,,,,,,,,,,,,,,,,,,,,,,,,,,,,,,,,,,,,,,,,,,,,,,,,,,,,,,,,,,,,,,,,,,,,,,,,,,,,,,,,,,,,,,,,,,,,,,,,,,,,,,,,,,,,,,,,,,,,,,,,,,,,,,,,,,,,,,,,,,,,,,,,,,,,,,,,,,,,,,,,,,,,,,,,,,,,,,,,,,,,,,,,,,,,,,,,,,,,,,,,,,,
261,state,ia,ia,3,"(1, ('e', 0, 4, 3))","(2, ('e', 3, 4, 1))","(1, ('e', 0, 2, 2))","(2, ('a', 3, 4))","(1, ('e', 0, 2, 2))","(2, ('e', 3, 4, 1))","(1, ('e', 2, 0, 1))","(2, ('a', 3, 4))","(1, ('e', 0, 2, 2))","(2, ('e', 3, 4, 1))","(1, ('a', 0, 2))","(2, ('a', 3, 4))","(1, ('e', 0, 2, 2))","(2, ('e', 3, 4, 1))","(1, ('a', 0, 2))","(2, ('a', 3, 4))","(1, ('e', 0, 2, 2))","(2, ('e', 3, 4, 1))","(1, ('t', 1, 2, 3))","(2, ('a', 3, 4))","(1, ('a', 0, 2))","(2, ('e', 3, 4, 1))","(1, ('e', 0, 2, 2))","(2, ('a', 3, 4))","(1, ('a', 0, 2))","(2, ('e', 3, 4, 1))","(1, ('e', 0, 2, 2))","(2, ('a', 3, 4))","(1, ('m', 2, 0, 2))","(2, ('e', 3, 4, 1))","(1, ('t', 0, 2, 0))","(2, ('a', 3, 4))","(1, ('t', 3, 0, 3))","(2, ('e', 3, 4, 1))","(1, ('a', 0, 2))","(2, ('a', 3, 4))","(1, ('e', 0, 2, 2))","(2, ('e', 3, 4, 1))","(1, ('a', 0, 2))","(2, ('a', 3, 4))","(1, ('e', 0, 2, 2))","(2, ('e', 3, 4, 1))","(1, ('a', 0, 2))","(2, ('a', 3, 4))","(1, ('e', 0, 2, 2))","(2, ('e', 3, 4, 1))","(1, ('a', 0, 2))","(2, ('a', 3, 4))","(1, ('e', 0, 2, 2))",,,,,,,,,,,,,,,,,,,,,,,,,,,,,,,,,,,,,,,,,,,,,,,,,,,,,,,,,,,,,,,,,,,,,,,,,,,,,,,,,,,,,,,,,,,,,,,,,,,,,,,,,,,,,,,,,,,,,,,,,,,,,,,,,,,,,,,,,,,,,,,,,,,,,,,,,,,,,,,,,,,,,,,,,,,,,,,,,,,,,,,,,,,,,,,,,,,,,,,,,,,,,,,,,,,,,,,,,,,,,,,,,,,,,,,,,,,,,,,,,,,,,,,,,,,,,,,,,,,,,,,,,,,,,,,,,,,,,,,,,,,,,,,,,,,,,,,,,,,,,,,,,,,,,,,,,,,,,,,,,,,,,,,,,,,,,,,,,,,,,,,,,,,,,,,,,,,,,,,,,,,,,,,,,,,,,,,,,,,,,,,,,,,,,,,,,,,,,,,,,,,,,,,,,,,,,,,,,,,,,,,,,,,,,,,,,,,,,,,,,,,,,,,,,,,,,,,,,,,,,,,,,,,,,,,,,,,,,,,,,,,,,,,,,,,,,,,,,,,,,,,,,,,,,,,,,,,,,,,,,,,,,,,,,,,,,,,,,,,,,,,,,,,,,,,,,,,,,,,,,,,,,,,,,,,,,,,,,,,,,,,,,,,,,,,,,,,,,,,,,,,,,,,,,,,,,,,,,,,,,,,,,,,,,,,,,,,,,,,,,,,,,,,,,,,,,,,,,,,,,,,,,,,,,,,,,,,,,,,,,,,,,,,,,,,,,,,,,,,,,,,,,,,,,,,,,,,,,,,,,,,,,,,,,,,,,,,,,,,,,,,,,,,,,,,,,,,,,,,,,,,,,,,,,,,,,,,,,,,,,,,,,,,,,,,,,,,,,,,,,,,,,,,,,,,,,,,,,,,,,,,,,,,,,,,,,,,,,,,,,,,,,,,,,,,,,,,,,,,,,,,,,,,,,,,,,,,,,,,,,,,,,,,,,,,,,,,,,,,,,,,,,,,,,,,,,,,,,,,,,,,,,,,,,,,,,,,,,,,,,,,,,,,
262,move,ia,ia,3,"[[0, 0, 0, 0, (1, 3)], [0, 0, 0, 0, 0], [0, (0, -1), (0, -1), (0, -1), 0], [0, 0, 0, 0, 0], [0, 0, 0, 0, 0]]","[[0, 0, 0, 0, (1, 3)], [0, 0, 0, 0, 0], [0, (0, -1), (0, -1), (0, -1), 0], [0, 0, 0, 0, (2, 1)], [0, 0, 0, 0, 0]]","[[0, 0, (1, 2), 0, (1, 3)], [0, 0, 0, 0, 0], [0, (0, -1), (0, -1), (0, -1), 0], [0, 0, 0, 0, (2, 1)], [0, 0, 0, 0, 0]]","[[0, 0, (1, 2), 0, (1, 3)], [0, 0, 0, 0, 0], [0, (0, -1), (0, -1), (0, -1), 0], [0, 0, 0, 0, 0], [0, 0, 0, 0, 0]]","[[0, 0, (1, 2), 0, (1, 3)], [0, 0, (1, 2), 0, 0], [0, (0, -1), (0, -1), (0, -1), 0], [0, 0, 0, 0, 0], [0, 0, 0, 0, 0]]","[[0, 0, (1, 2), 0, (1, 3)], [0, 0, (1, 2), 0, 0], [0, (0, -1), (0, -1), (0, -1), 0], [0, 0, 0, 0, (2, 1)], [0, 0, 0, 0, 0]]","[[0, 0, (1, 2), 0, (1, 3)], [0, 0, (1, 2), 0, 0], [(1, 1), (0, -1), (0, -1), (0, -1), 0], [0, 0, 0, 0, (2, 1)], [0, 0, 0, 0, 0]]","[[0, 0, (1, 2), 0, (1, 3)], [0, 0, (1, 2), 0, 0], [(1, 1), (0, -1), (0, -1), (0, -1), 0], [0, 0, 0, 0, 0], [0, 0, 0, 0, 0]]","[[0, 0, (1, 2), 0, (1, 3)], [0, 0, (1, 2), 0, 0], [(1, 1), (0, -1), (1, 2), (0, -1), 0], [0, 0, (0, -1), 0, 0], [0, 0, 0, 0, 0]]","[[0, 0, (1, 2), 0, (1, 3)], [0, 0, (1, 2), 0, 0], [(1, 1), (0, -1), (1, 2), (0, -1), 0], [0, 0, (0, -1), 0, (2, 1)], [0, 0, 0, 0, 0]]","[[0, 0, 0, 0, (1, 3)], [0, 0, (1, 2), 0, 0], [(1, 1), (0, -1), (1, 2), (0, -1), 0], [0, 0, (0, -1), 0, (2, 1)], [0, 0, 0, 0, 0]]","[[0, 0, 0, 0, (1, 3)], [0, 0, (1, 2), 0, 0], [(1, 1), (0, -1), (1, 2), (0, -1), 0], [0, 0, (0, -1), 0, 0], [0, 0, 0, 0, 0]]","[[0, 0, (1, 2), 0, (1, 3)], [0, 0, (1, 2), 0, 0], [(1, 1), (0, -1), (1, 2), (0, -1), 0], [0, 0, (0, -1), 0, 0], [0, 0, 0, 0, 0]]","[[0, 0, (1, 2), 0, (1, 3)], [0, 0, (1, 2), 0, 0], [(1, 1), (0, -1), (1, 2), (0, -1), 0], [0, 0, (0, -1), 0, (2, 1)], [0, 0, 0, 0, 0]]","[[0, 0, 0, 0, (1, 3)], [0, 0, (1, 2), 0, 0], [(1, 1), (0, -1), (1, 2), (0, -1), 0], [0, 0, (0, -1), 0, (2, 1)], [0, 0, 0, 0, 0]]","[[0, 0, 0, 0, (1, 3)], [0, 0, (1, 2), 0, 0], [(1, 1), (0, -1), (1, 2), (0, -1), 0], [0, 0, (0, -1), 0, 0], [0, 0, 0, 0, 0]]","[[0, 0, (1, 2), 0, (1, 3)], [0, 0, (1, 2), 0, 0], [(1, 1), (0, -1), (1, 2), (0, -1), 0], [0, 0, (0, -1), 0, 0], [0, 0, 0, 0, 0]]","[[0, 0, (1, 2), 0, (1, 3)], [0, 0, (1, 2), 0, 0], [(1, 1), (0, -1), (1, 2), (0, -1), 0], [0, 0, (0, -1), 0, (2, 1)], [0, 0, 0, 0, 0]]","[[0, 0, (1, 2), 0, (1, 3)], [0, 0, (1, 3), 0, 0], [(1, 1), (0, -1), (1, 2), (0, -1), 0], [0, 0, (0, -1), 0, (2, 1)], [0, 0, 0, 0, 0]]","[[0, 0, (1, 2), 0, (1, 3)], [0, 0, (1, 3), 0, 0], [(1, 1), (0, -1), (1, 2), (0, -1), 0], [0, 0, (0, -1), 0, 0], [0, 0, 0, 0, 0]]","[[0, 0, 0, 0, (1, 3)], [0, 0, (1, 3), 0, 0], [(1, 1), (0, -1), (1, 2), (0, -1), 0], [0, 0, (0, -1), 0, 0], [0, 0, 0, 0, 0]]","[[0, 0, 0, 0, (1, 3)], [0, 0, (1, 3), 0, 0], [(1, 1), (0, -1), (1, 2), (0, -1), 0], [0, 0, (0, -1), 0, (2, 1)], [0, 0, 0, 0, 0]]","[[0, 0, (1, 2), 0, (1, 3)], [0, 0, (1, 3), 0, 0], [(1, 1), (0, -1), (1, 2), (0, -1), 0], [0, 0, (0, -1), 0, (2, 1)], [0, 0, 0, 0, 0]]","[[0, 0, (1, 2), 0, (1, 3)], [0, 0, (1, 3), 0, 0], [(1, 1), (0, -1), (1, 2), (0, -1), 0], [0, 0, (0, -1), 0, 0], [0, 0, 0, 0, 0]]","[[0, 0, 0, 0, (1, 3)], [0, 0, (1, 3), 0, 0], [(1, 1), (0, -1), (1, 2), (0, -1), 0], [0, 0, (0, -1), 0, 0], [0, 0, 0, 0, 0]]","[[0, 0, 0, 0, (1, 3)], [0, 0, (1, 3), 0, 0], [(1, 1), (0, -1), (1, 2), (0, -1), 0], [0, 0, (0, -1), 0, (2, 1)], [0, 0, 0, 0, 0]]","[[0, 0, (1, 2), 0, (1, 3)], [0, 0, (1, 3), 0, 0], [(1, 1), (0, -1), (1, 2), (0, -1), 0], [0, 0, (0, -1), 0, (2, 1)], [0, 0, 0, 0, 0]]","[[0, 0, (1, 2), 0, (1, 3)], [0, 0, (1, 3), 0, 0], [(1, 1), (0, -1), (1, 2), (0, -1), 0], [0, 0, (0, -1), 0, 0], [0, 0, 0, 0, 0]]","[[0, 0, (1, 2), 0, (1, 3)], [0, 0, (1, 3), 0, 0], [0, (0, -1), (1, 2), (0, -1), 0], [(1, 1), 0, (0, -1), 0, 0], [0, 0, 0, 0, 0]]","[[0, 0, (1, 2), 0, (1, 3)], [0, 0, (1, 3), 0, 0], [0, (0, -1), (1, 2), (0, -1), 0], [(1, 1), 0, (0, -1), 0, (2, 1)], [0, 0, 0, 0, 0]]","[[0, 0, (1, 0), 0, (1, 3)], [0, 0, (1, 3), 0, 0], [0, (0, -1), (1, 2), (0, -1), 0], [(1, 1), 0, (0, -1), 0, (2, 1)], [0, 0, 0, 0, 0]]","[[0, 0, (1, 0), 0, (1, 3)], [0, 0, (1, 3), 0, 0], [0, (0, -1), (1, 2), (0, -1), 0], [(1, 1), 0, (0, -1), 0, 0], [0, 0, 0, 0, 0]]","[[0, 0, (1, 0), 0, (1, 3)], [0, 0, (1, 3), 0, 0], [0, (0, -1), (1, 2), (0, -1), 0], [(1, 3), 0, (0, -1), 0, 0], [0, 0, 0, 0, 0]]","[[0, 0, (1, 0), 0, (1, 3)], [0, 0, (1, 3), 0, 0], [0, (0, -1), (1, 2), (0, -1), 0], [(1, 3), 0, (0, -1), 0, (2, 1)], [0, 0, 0, 0, 0]]","[[0, 0, 0, 0, (1, 3)], [0, 0, (1, 3), 0, 0], [0, (0, -1), (1, 2), (0, -1), 0], [(1, 3), 0, (0, -1), 0, (2, 1)], [0, 0, 0, 0, 0]]","[[0, 0, 0, 0, (1, 3)], [0, 0, (1, 3), 0, 0], [0, (0, -1), (1, 2), (0, -1), 0], [(1, 3), 0, (0, -1), 0, 0], [0, 0, 0, 0, 0]]","[[0, 0, (1, 2), 0, (1, 3)], [0, 0, (1, 3), 0, 0], [0, (0, -1), (1, 2), (0, -1), 0], [(1, 3), 0, (0, -1), 0, 0], [0, 0, 0, 0, 0]]","[[0, 0, (1, 2), 0, (1, 3)], [0, 0, (1, 3), 0, 0], [0, (0, -1), (1, 2), (0, -1), 0], [(1, 3), 0, (0, -1), 0, (2, 1)], [0, 0, 0, 0, 0]]","[[0, 0, 0, 0, (1, 3)], [0, 0, (1, 3), 0, 0], [0, (0, -1), (1, 2), (0, -1), 0], [(1, 3), 0, (0, -1), 0, (2, 1)], [0, 0, 0, 0, 0]]","[[0, 0, 0, 0, (1, 3)], [0, 0, (1, 3), 0, 0], [0, (0, -1), (1, 2), (0, -1), 0], [(1, 3), 0, (0, -1), 0, 0], [0, 0, 0, 0, 0]]","[[0, 0, (1, 2), 0, (1, 3)], [0, 0, (1, 3), 0, 0], [0, (0, -1), (1, 2), (0, -1), 0], [(1, 3), 0, (0, -1), 0, 0], [0, 0, 0, 0, 0]]","[[0, 0, (1, 2), 0, (1, 3)], [0, 0, (1, 3), 0, 0], [0, (0, -1), (1, 2), (0, -1), 0], [(1, 3), 0, (0, -1), 0, (2, 1)], [0, 0, 0, 0, 0]]","[[0, 0, 0, 0, (1, 3)], [0, 0, (1, 3), 0, 0], [0, (0, -1), (1, 2), (0, -1), 0], [(1, 3), 0, (0, -1), 0, (2, 1)], [0, 0, 0, 0, 0]]","[[0, 0, 0, 0, (1, 3)], [0, 0, (1, 3), 0, 0], [0, (0, -1), (1, 2), (0, -1), 0], [(1, 3), 0, (0, -1), 0, 0], [0, 0, 0, 0, 0]]","[[0, 0, (1, 2), 0, (1, 3)], [0, 0, (1, 3), 0, 0], [0, (0, -1), (1, 2), (0, -1), 0], [(1, 3), 0, (0, -1), 0, 0], [0, 0, 0, 0, 0]]","[[0, 0, (1, 2), 0, (1, 3)], [0, 0, (1, 3), 0, 0], [0, (0, -1), (1, 2), (0, -1), 0], [(1, 3), 0, (0, -1), 0, (2, 1)], [0, 0, 0, 0, 0]]","[[0, 0, 0, 0, (1, 3)], [0, 0, (1, 3), 0, 0], [0, (0, -1), (1, 2), (0, -1), 0], [(1, 3), 0, (0, -1), 0, (2, 1)], [0, 0, 0, 0, 0]]","[[0, 0, 0, 0, (1, 3)], [0, 0, (1, 3), 0, 0], [0, (0, -1), (1, 2), (0, -1), 0], [(1, 3), 0, (0, -1), 0, 0], [0, 0, 0, 0, 0]]","[[0, 0, (1, 2), 0, (1, 3)], [0, 0, (1, 3), 0, 0], [0, (0, -1), (1, 2), (0, -1), 0], [(1, 3), 0, (0, -1), 0, 0], [0, 0, 0, 0, 0]]",,,,,,,,,,,,,,,,,,,,,,,,,,,,,,,,,,,,,,,,,,,,,,,,,,,,,,,,,,,,,,,,,,,,,,,,,,,,,,,,,,,,,,,,,,,,,,,,,,,,,,,,,,,,,,,,,,,,,,,,,,,,,,,,,,,,,,,,,,,,,,,,,,,,,,,,,,,,,,,,,,,,,,,,,,,,,,,,,,,,,,,,,,,,,,,,,,,,,,,,,,,,,,,,,,,,,,,,,,,,,,,,,,,,,,,,,,,,,,,,,,,,,,,,,,,,,,,,,,,,,,,,,,,,,,,,,,,,,,,,,,,,,,,,,,,,,,,,,,,,,,,,,,,,,,,,,,,,,,,,,,,,,,,,,,,,,,,,,,,,,,,,,,,,,,,,,,,,,,,,,,,,,,,,,,,,,,,,,,,,,,,,,,,,,,,,,,,,,,,,,,,,,,,,,,,,,,,,,,,,,,,,,,,,,,,,,,,,,,,,,,,,,,,,,,,,,,,,,,,,,,,,,,,,,,,,,,,,,,,,,,,,,,,,,,,,,,,,,,,,,,,,,,,,,,,,,,,,,,,,,,,,,,,,,,,,,,,,,,,,,,,,,,,,,,,,,,,,,,,,,,,,,,,,,,,,,,,,,,,,,,,,,,,,,,,,,,,,,,,,,,,,,,,,,,,,,,,,,,,,,,,,,,,,,,,,,,,,,,,,,,,,,,,,,,,,,,,,,,,,,,,,,,,,,,,,,,,,,,,,,,,,,,,,,,,,,,,,,,,,,,,,,,,,,,,,,,,,,,,,,,,,,,,,,,,,,,,,,,,,,,,,,,,,,,,,,,,,,,,,,,,,,,,,,,,,,,,,,,,,,,,,,,,,,,,,,,,,,,,,,,,,,,,,,,,,,,,,,,,,,,,,,,,,,,,,,,,,,,,,,,,,,,,,,,,,,,,,,,,,,,,,,,,,,,,,,,,,,,,,,,,,,,,,,,,,,,,,,,,,,,,,,,,,,,,,,,,,,,,,,,,,,,,,,,,,,,,,,,,,,,,,,,,
263,state,ia,ia,1,"(1, ('e', 0, 2, 2))","(2, ('e', 3, 4, 1))","(1, ('e', 0, 2, 2))","(2, ('a', 3, 4))","(1, ('e', 0, 2, 2))","(2, ('e', 3, 4, 1))","(1, ('e', 0, 2, 2))","(2, ('a', 3, 4))","(1, ('e', 0, 2, 2))",,,,,,,,,,,,,,,,,,,,,,,,,,,,,,,,,,,,,,,,,,,,,,,,,,,,,,,,,,,,,,,,,,,,,,,,,,,,,,,,,,,,,,,,,,,,,,,,,,,,,,,,,,,,,,,,,,,,,,,,,,,,,,,,,,,,,,,,,,,,,,,,,,,,,,,,,,,,,,,,,,,,,,,,,,,,,,,,,,,,,,,,,,,,,,,,,,,,,,,,,,,,,,,,,,,,,,,,,,,,,,,,,,,,,,,,,,,,,,,,,,,,,,,,,,,,,,,,,,,,,,,,,,,,,,,,,,,,,,,,,,,,,,,,,,,,,,,,,,,,,,,,,,,,,,,,,,,,,,,,,,,,,,,,,,,,,,,,,,,,,,,,,,,,,,,,,,,,,,,,,,,,,,,,,,,,,,,,,,,,,,,,,,,,,,,,,,,,,,,,,,,,,,,,,,,,,,,,,,,,,,,,,,,,,,,,,,,,,,,,,,,,,,,,,,,,,,,,,,,,,,,,,,,,,,,,,,,,,,,,,,,,,,,,,,,,,,,,,,,,,,,,,,,,,,,,,,,,,,,,,,,,,,,,,,,,,,,,,,,,,,,,,,,,,,,,,,,,,,,,,,,,,,,,,,,,,,,,,,,,,,,,,,,,,,,,,,,,,,,,,,,,,,,,,,,,,,,,,,,,,,,,,,,,,,,,,,,,,,,,,,,,,,,,,,,,,,,,,,,,,,,,,,,,,,,,,,,,,,,,,,,,,,,,,,,,,,,,,,,,,,,,,,,,,,,,,,,,,,,,,,,,,,,,,,,,,,,,,,,,,,,,,,,,,,,,,,,,,,,,,,,,,,,,,,,,,,,,,,,,,,,,,,,,,,,,,,,,,,,,,,,,,,,,,,,,,,,,,,,,,,,,,,,,,,,,,,,,,,,,,,,,,,,,,,,,,,,,,,,,,,,,,,,,,,,,,,,,,,,,,,,,,,,,,,,,,,,,,,,,,,,,,,,,,,,,,,,,,,,,,,,,,,,,,,,,,,,,,,,,,,,,,,,,,,,,,,,,,,,,,,,,,,,,,,,,,,,,,,,,,,,,,,,
264,move,ia,ia,1,"[[0, 0, (1, 2), 0, 0], [0, 0, 0, 0, 0], [0, (0, -1), (0, -1), (0, -1), 0], [0, 0, 0, 0, 0], [0, 0, 0, 0, 0]]","[[0, 0, (1, 2), 0, 0], [0, 0, 0, 0, 0], [0, (0, -1), (0, -1), (0, -1), 0], [0, 0, 0, 0, (2, 1)], [0, 0, 0, 0, 0]]","[[0, 0, (1, 2), 0, 0], [0, 0, (1, 2), 0, 0], [0, (0, -1), (0, -1), (0, -1), 0], [0, 0, 0, 0, (2, 1)], [0, 0, 0, 0, 0]]","[[0, 0, (1, 2), 0, 0], [0, 0, (1, 2), 0, 0], [0, (0, -1), (0, -1), (0, -1), 0], [0, 0, 0, 0, 0], [0, 0, 0, 0, 0]]","[[0, 0, (1, 2), 0, 0], [0, 0, (1, 2), 0, 0], [0, (0, -1), (1, 2), (0, -1), 0], [0, 0, (0, -1), 0, 0], [0, 0, 0, 0, 0]]","[[0, 0, (1, 2), 0, 0], [0, 0, (1, 2), 0, 0], [0, (0, -1), (1, 2), (0, -1), 0], [0, 0, (0, -1), 0, (2, 1)], [0, 0, 0, 0, 0]]","[[0, 0, (1, 2), 0, 0], [0, 0, (1, 2), 0, 0], [0, (0, -1), (1, 2), (0, -1), 0], [0, 0, (1, 2), 0, (2, 1)], [0, 0, (0, -1), 0, 0]]","[[0, 0, (1, 2), 0, 0], [0, 0, (1, 2), 0, 0], [0, (0, -1), (1, 2), (0, -1), 0], [0, 0, (1, 2), 0, 0], [0, 0, (0, -1), 0, 0]]","[[0, 0, (1, 2), 0, 0], [0, 0, (1, 2), 0, 0], [0, (0, -1), (1, 2), (0, -1), 0], [0, 0, (1, 2), 0, 0], [0, 0, (1, 2), 0, 0]]",,,,,,,,,,,,,,,,,,,,,,,,,,,,,,,,,,,,,,,,,,,,,,,,,,,,,,,,,,,,,,,,,,,,,,,,,,,,,,,,,,,,,,,,,,,,,,,,,,,,,,,,,,,,,,,,,,,,,,,,,,,,,,,,,,,,,,,,,,,,,,,,,,,,,,,,,,,,,,,,,,,,,,,,,,,,,,,,,,,,,,,,,,,,,,,,,,,,,,,,,,,,,,,,,,,,,,,,,,,,,,,,,,,,,,,,,,,,,,,,,,,,,,,,,,,,,,,,,,,,,,,,,,,,,,,,,,,,,,,,,,,,,,,,,,,,,,,,,,,,,,,,,,,,,,,,,,,,,,,,,,,,,,,,,,,,,,,,,,,,,,,,,,,,,,,,,,,,,,,,,,,,,,,,,,,,,,,,,,,,,,,,,,,,,,,,,,,,,,,,,,,,,,,,,,,,,,,,,,,,,,,,,,,,,,,,,,,,,,,,,,,,,,,,,,,,,,,,,,,,,,,,,,,,,,,,,,,,,,,,,,,,,,,,,,,,,,,,,,,,,,,,,,,,,,,,,,,,,,,,,,,,,,,,,,,,,,,,,,,,,,,,,,,,,,,,,,,,,,,,,,,,,,,,,,,,,,,,,,,,,,,,,,,,,,,,,,,,,,,,,,,,,,,,,,,,,,,,,,,,,,,,,,,,,,,,,,,,,,,,,,,,,,,,,,,,,,,,,,,,,,,,,,,,,,,,,,,,,,,,,,,,,,,,,,,,,,,,,,,,,,,,,,,,,,,,,,,,,,,,,,,,,,,,,,,,,,,,,,,,,,,,,,,,,,,,,,,,,,,,,,,,,,,,,,,,,,,,,,,,,,,,,,,,,,,,,,,,,,,,,,,,,,,,,,,,,,,,,,,,,,,,,,,,,,,,,,,,,,,,,,,,,,,,,,,,,,,,,,,,,,,,,,,,,,,,,,,,,,,,,,,,,,,,,,,,,,,,,,,,,,,,,,,,,,,,,,,,,,,,,,,,,,,,,,,,,,,,,,,,,,,,,,,,,,,,,,,,,,,,,,,,,,,,,,,,,,,,,,,,,,,,,,,
265,state,ia,ia,1,"(1, ('e', 0, 2, 2))","(2, ('e', 3, 4, 1))","(1, ('e', 0, 2, 2))","(2, ('a', 3, 4))","(1, ('e', 0, 2, 2))","(2, ('e', 3, 4, 1))","(1, ('e', 0, 2, 2))","(2, ('a', 3, 4))","(1, ('e', 0, 0, 3))","(2, ('e', 3, 4, 1))","(1, ('a', 0, 2))","(2, ('a', 3, 4))","(1, ('e', 0, 2, 2))","(2, ('e', 3, 4, 1))","(1, ('a', 0, 2))","(2, ('a', 3, 4))","(1, ('e', 3, 0, 3))","(2, ('e', 1, 0, 2))","(1, ('m', 3, 2, 2))",,,,,,,,,,,,,,,,,,,,,,,,,,,,,,,,,,,,,,,,,,,,,,,,,,,,,,,,,,,,,,,,,,,,,,,,,,,,,,,,,,,,,,,,,,,,,,,,,,,,,,,,,,,,,,,,,,,,,,,,,,,,,,,,,,,,,,,,,,,,,,,,,,,,,,,,,,,,,,,,,,,,,,,,,,,,,,,,,,,,,,,,,,,,,,,,,,,,,,,,,,,,,,,,,,,,,,,,,,,,,,,,,,,,,,,,,,,,,,,,,,,,,,,,,,,,,,,,,,,,,,,,,,,,,,,,,,,,,,,,,,,,,,,,,,,,,,,,,,,,,,,,,,,,,,,,,,,,,,,,,,,,,,,,,,,,,,,,,,,,,,,,,,,,,,,,,,,,,,,,,,,,,,,,,,,,,,,,,,,,,,,,,,,,,,,,,,,,,,,,,,,,,,,,,,,,,,,,,,,,,,,,,,,,,,,,,,,,,,,,,,,,,,,,,,,,,,,,,,,,,,,,,,,,,,,,,,,,,,,,,,,,,,,,,,,,,,,,,,,,,,,,,,,,,,,,,,,,,,,,,,,,,,,,,,,,,,,,,,,,,,,,,,,,,,,,,,,,,,,,,,,,,,,,,,,,,,,,,,,,,,,,,,,,,,,,,,,,,,,,,,,,,,,,,,,,,,,,,,,,,,,,,,,,,,,,,,,,,,,,,,,,,,,,,,,,,,,,,,,,,,,,,,,,,,,,,,,,,,,,,,,,,,,,,,,,,,,,,,,,,,,,,,,,,,,,,,,,,,,,,,,,,,,,,,,,,,,,,,,,,,,,,,,,,,,,,,,,,,,,,,,,,,,,,,,,,,,,,,,,,,,,,,,,,,,,,,,,,,,,,,,,,,,,,,,,,,,,,,,,,,,,,,,,,,,,,,,,,,,,,,,,,,,,,,,,,,,,,,,,,,,,,,,,,,,,,,,,,,,,,,,,,,,,,,,,,,,,,,,,,,,,,,,,,,,,,,,,,,,,,,,,,,,,,,,,,,,,,,,,,,,,,,,,,,,,,,,,,,,,,,,,,,,,,,,,,,,,,
266,move,ia,ia,1,"[[0, 0, (1, 2), 0, 0], [0, 0, 0, 0, 0], [0, (0, -1), (0, -1), (0, -1), 0], [0, 0, 0, 0, 0], [0, 0, 0, 0, 0]]","[[0, 0, (1, 2), 0, 0], [0, 0, 0, 0, 0], [0, (0, -1), (0, -1), (0, -1), 0], [0, 0, 0, 0, (2, 1)], [0, 0, 0, 0, 0]]","[[0, 0, (1, 2), 0, 0], [0, 0, (1, 2), 0, 0], [0, (0, -1), (0, -1), (0, -1), 0], [0, 0, 0, 0, (2, 1)], [0, 0, 0, 0, 0]]","[[0, 0, (1, 2), 0, 0], [0, 0, (1, 2), 0, 0], [0, (0, -1), (0, -1), (0, -1), 0], [0, 0, 0, 0, 0], [0, 0, 0, 0, 0]]","[[0, 0, (1, 2), 0, 0], [0, 0, (1, 2), 0, 0], [0, (0, -1), (1, 2), (0, -1), 0], [0, 0, (0, -1), 0, 0], [0, 0, 0, 0, 0]]","[[0, 0, (1, 2), 0, 0], [0, 0, (1, 2), 0, 0], [0, (0, -1), (1, 2), (0, -1), 0], [0, 0, (0, -1), 0, (2, 1)], [0, 0, 0, 0, 0]]","[[0, 0, (1, 2), 0, 0], [0, 0, (1, 2), 0, 0], [0, (0, -1), (1, 2), (0, -1), 0], [0, 0, (1, 2), 0, (2, 1)], [0, 0, (0, -1), 0, 0]]","[[0, 0, (1, 2), 0, 0], [0, 0, (1, 2), 0, 0], [0, (0, -1), (1, 2), (0, -1), 0], [0, 0, (1, 2), 0, 0], [0, 0, (0, -1), 0, 0]]","[[(1, 3), 0, (1, 2), 0, 0], [0, 0, (1, 2), 0, 0], [0, (0, -1), (1, 2), (0, -1), 0], [0, 0, (1, 2), 0, 0], [0, 0, (0, -1), 0, 0]]","[[(1, 3), 0, (1, 2), 0, 0], [0, 0, (1, 2), 0, 0], [0, (0, -1), (1, 2), (0, -1), 0], [0, 0, (1, 2), 0, (2, 1)], [0, 0, (0, -1), 0, 0]]","[[(1, 3), 0, 0, 0, 0], [0, 0, (1, 2), 0, 0], [0, (0, -1), (1, 2), (0, -1), 0], [0, 0, (1, 2), 0, (2, 1)], [0, 0, (0, -1), 0, 0]]","[[(1, 3), 0, 0, 0, 0], [0, 0, (1, 2), 0, 0], [0, (0, -1), (1, 2), (0, -1), 0], [0, 0, (1, 2), 0, 0], [0, 0, (0, -1), 0, 0]]","[[(1, 3), 0, (1, 2), 0, 0], [0, 0, (1, 2), 0, 0], [0, (0, -1), (1, 2), (0, -1), 0], [0, 0, (1, 2), 0, 0], [0, 0, (0, -1), 0, 0]]","[[(1, 3), 0, (1, 2), 0, 0], [0, 0, (1, 2), 0, 0], [0, (0, -1), (1, 2), (0, -1), 0], [0, 0, (1, 2), 0, (2, 1)], [0, 0, (0, -1), 0, 0]]","[[(1, 3), 0, 0, 0, 0], [0, 0, (1, 2), 0, 0], [0, (0, -1), (1, 2), (0, -1), 0], [0, 0, (1, 2), 0, (2, 1)], [0, 0, (0, -1), 0, 0]]","[[(1, 3), 0, 0, 0, 0], [0, 0, (1, 2), 0, 0], [0, (0, -1), (1, 2), (0, -1), 0], [0, 0, (1, 2), 0, 0], [0, 0, (0, -1), 0, 0]]","[[(1, 3), 0, 0, 0, 0], [0, 0, (1, 2), 0, 0], [0, (0, -1), (1, 2), (0, -1), 0], [(1, 3), 0, (1, 2), 0, 0], [0, 0, (0, -1), 0, 0]]","[[(1, 3), 0, 0, 0, 0], [(2, 2), 0, (1, 2), 0, 0], [0, (0, -1), (1, 2), (0, -1), 0], [(1, 3), 0, (1, 2), 0, 0], [0, 0, (0, -1), 0, 0]]","[[(1, 3), 0, 0, 0, 0], [(2, 2), 0, (1, 2), 0, 0], [0, (0, -1), (1, 2), (0, -1), 0], [(1, 3), 0, 0, 0, 0], [0, 0, (1, 2), 0, 0]]",,,,,,,,,,,,,,,,,,,,,,,,,,,,,,,,,,,,,,,,,,,,,,,,,,,,,,,,,,,,,,,,,,,,,,,,,,,,,,,,,,,,,,,,,,,,,,,,,,,,,,,,,,,,,,,,,,,,,,,,,,,,,,,,,,,,,,,,,,,,,,,,,,,,,,,,,,,,,,,,,,,,,,,,,,,,,,,,,,,,,,,,,,,,,,,,,,,,,,,,,,,,,,,,,,,,,,,,,,,,,,,,,,,,,,,,,,,,,,,,,,,,,,,,,,,,,,,,,,,,,,,,,,,,,,,,,,,,,,,,,,,,,,,,,,,,,,,,,,,,,,,,,,,,,,,,,,,,,,,,,,,,,,,,,,,,,,,,,,,,,,,,,,,,,,,,,,,,,,,,,,,,,,,,,,,,,,,,,,,,,,,,,,,,,,,,,,,,,,,,,,,,,,,,,,,,,,,,,,,,,,,,,,,,,,,,,,,,,,,,,,,,,,,,,,,,,,,,,,,,,,,,,,,,,,,,,,,,,,,,,,,,,,,,,,,,,,,,,,,,,,,,,,,,,,,,,,,,,,,,,,,,,,,,,,,,,,,,,,,,,,,,,,,,,,,,,,,,,,,,,,,,,,,,,,,,,,,,,,,,,,,,,,,,,,,,,,,,,,,,,,,,,,,,,,,,,,,,,,,,,,,,,,,,,,,,,,,,,,,,,,,,,,,,,,,,,,,,,,,,,,,,,,,,,,,,,,,,,,,,,,,,,,,,,,,,,,,,,,,,,,,,,,,,,,,,,,,,,,,,,,,,,,,,,,,,,,,,,,,,,,,,,,,,,,,,,,,,,,,,,,,,,,,,,,,,,,,,,,,,,,,,,,,,,,,,,,,,,,,,,,,,,,,,,,,,,,,,,,,,,,,,,,,,,,,,,,,,,,,,,,,,,,,,,,,,,,,,,,,,,,,,,,,,,,,,,,,,,,,,,,,,,,,,,,,,,,,,,,,,,,,,,,,,,,,,,,,,,,,,,,,,,,,,,,,,,,,,,,,,,,,,,,,,,,,,,,,,,,,,,,,,,,,,,,,,,,,,,
267,state,ia,ia,1,"(1, ('e', 0, 2, 2))","(2, ('e', 3, 4, 1))","(1, ('e', 0, 2, 2))","(2, ('a', 3, 4))","(1, ('e', 0, 2, 2))","(2, ('e', 3, 4, 1))","(1, ('e', 0, 2, 2))","(2, ('a', 3, 4))","(1, ('e', 0, 2, 2))",,,,,,,,,,,,,,,,,,,,,,,,,,,,,,,,,,,,,,,,,,,,,,,,,,,,,,,,,,,,,,,,,,,,,,,,,,,,,,,,,,,,,,,,,,,,,,,,,,,,,,,,,,,,,,,,,,,,,,,,,,,,,,,,,,,,,,,,,,,,,,,,,,,,,,,,,,,,,,,,,,,,,,,,,,,,,,,,,,,,,,,,,,,,,,,,,,,,,,,,,,,,,,,,,,,,,,,,,,,,,,,,,,,,,,,,,,,,,,,,,,,,,,,,,,,,,,,,,,,,,,,,,,,,,,,,,,,,,,,,,,,,,,,,,,,,,,,,,,,,,,,,,,,,,,,,,,,,,,,,,,,,,,,,,,,,,,,,,,,,,,,,,,,,,,,,,,,,,,,,,,,,,,,,,,,,,,,,,,,,,,,,,,,,,,,,,,,,,,,,,,,,,,,,,,,,,,,,,,,,,,,,,,,,,,,,,,,,,,,,,,,,,,,,,,,,,,,,,,,,,,,,,,,,,,,,,,,,,,,,,,,,,,,,,,,,,,,,,,,,,,,,,,,,,,,,,,,,,,,,,,,,,,,,,,,,,,,,,,,,,,,,,,,,,,,,,,,,,,,,,,,,,,,,,,,,,,,,,,,,,,,,,,,,,,,,,,,,,,,,,,,,,,,,,,,,,,,,,,,,,,,,,,,,,,,,,,,,,,,,,,,,,,,,,,,,,,,,,,,,,,,,,,,,,,,,,,,,,,,,,,,,,,,,,,,,,,,,,,,,,,,,,,,,,,,,,,,,,,,,,,,,,,,,,,,,,,,,,,,,,,,,,,,,,,,,,,,,,,,,,,,,,,,,,,,,,,,,,,,,,,,,,,,,,,,,,,,,,,,,,,,,,,,,,,,,,,,,,,,,,,,,,,,,,,,,,,,,,,,,,,,,,,,,,,,,,,,,,,,,,,,,,,,,,,,,,,,,,,,,,,,,,,,,,,,,,,,,,,,,,,,,,,,,,,,,,,,,,,,,,,,,,,,,,,,,,,,,,,,,,,,,,,,,,,,,,,,,,,,,,,,,,,,,,,,,,,,,,,,,,,,,,,,
268,move,ia,ia,1,"[[0, 0, (1, 2), 0, 0], [0, 0, 0, 0, 0], [0, (0, -1), (0, -1), (0, -1), 0], [0, 0, 0, 0, 0], [0, 0, 0, 0, 0]]","[[0, 0, (1, 2), 0, 0], [0, 0, 0, 0, 0], [0, (0, -1), (0, -1), (0, -1), 0], [0, 0, 0, 0, (2, 1)], [0, 0, 0, 0, 0]]","[[0, 0, (1, 2), 0, 0], [0, 0, (1, 2), 0, 0], [0, (0, -1), (0, -1), (0, -1), 0], [0, 0, 0, 0, (2, 1)], [0, 0, 0, 0, 0]]","[[0, 0, (1, 2), 0, 0], [0, 0, (1, 2), 0, 0], [0, (0, -1), (0, -1), (0, -1), 0], [0, 0, 0, 0, 0], [0, 0, 0, 0, 0]]","[[0, 0, (1, 2), 0, 0], [0, 0, (1, 2), 0, 0], [0, (0, -1), (1, 2), (0, -1), 0], [0, 0, (0, -1), 0, 0], [0, 0, 0, 0, 0]]","[[0, 0, (1, 2), 0, 0], [0, 0, (1, 2), 0, 0], [0, (0, -1), (1, 2), (0, -1), 0], [0, 0, (0, -1), 0, (2, 1)], [0, 0, 0, 0, 0]]","[[0, 0, (1, 2), 0, 0], [0, 0, (1, 2), 0, 0], [0, (0, -1), (1, 2), (0, -1), 0], [0, 0, (1, 2), 0, (2, 1)], [0, 0, (0, -1), 0, 0]]","[[0, 0, (1, 2), 0, 0], [0, 0, (1, 2), 0, 0], [0, (0, -1), (1, 2), (0, -1), 0], [0, 0, (1, 2), 0, 0], [0, 0, (0, -1), 0, 0]]","[[0, 0, (1, 2), 0, 0], [0, 0, (1, 2), 0, 0], [0, (0, -1), (1, 2), (0, -1), 0], [0, 0, (1, 2), 0, 0], [0, 0, (1, 2), 0, 0]]",,,,,,,,,,,,,,,,,,,,,,,,,,,,,,,,,,,,,,,,,,,,,,,,,,,,,,,,,,,,,,,,,,,,,,,,,,,,,,,,,,,,,,,,,,,,,,,,,,,,,,,,,,,,,,,,,,,,,,,,,,,,,,,,,,,,,,,,,,,,,,,,,,,,,,,,,,,,,,,,,,,,,,,,,,,,,,,,,,,,,,,,,,,,,,,,,,,,,,,,,,,,,,,,,,,,,,,,,,,,,,,,,,,,,,,,,,,,,,,,,,,,,,,,,,,,,,,,,,,,,,,,,,,,,,,,,,,,,,,,,,,,,,,,,,,,,,,,,,,,,,,,,,,,,,,,,,,,,,,,,,,,,,,,,,,,,,,,,,,,,,,,,,,,,,,,,,,,,,,,,,,,,,,,,,,,,,,,,,,,,,,,,,,,,,,,,,,,,,,,,,,,,,,,,,,,,,,,,,,,,,,,,,,,,,,,,,,,,,,,,,,,,,,,,,,,,,,,,,,,,,,,,,,,,,,,,,,,,,,,,,,,,,,,,,,,,,,,,,,,,,,,,,,,,,,,,,,,,,,,,,,,,,,,,,,,,,,,,,,,,,,,,,,,,,,,,,,,,,,,,,,,,,,,,,,,,,,,,,,,,,,,,,,,,,,,,,,,,,,,,,,,,,,,,,,,,,,,,,,,,,,,,,,,,,,,,,,,,,,,,,,,,,,,,,,,,,,,,,,,,,,,,,,,,,,,,,,,,,,,,,,,,,,,,,,,,,,,,,,,,,,,,,,,,,,,,,,,,,,,,,,,,,,,,,,,,,,,,,,,,,,,,,,,,,,,,,,,,,,,,,,,,,,,,,,,,,,,,,,,,,,,,,,,,,,,,,,,,,,,,,,,,,,,,,,,,,,,,,,,,,,,,,,,,,,,,,,,,,,,,,,,,,,,,,,,,,,,,,,,,,,,,,,,,,,,,,,,,,,,,,,,,,,,,,,,,,,,,,,,,,,,,,,,,,,,,,,,,,,,,,,,,,,,,,,,,,,,,,,,,,,,,,,,,,,,,,,,,,,,,,,,,,,,,,,,,,,,,,,,,,,,,,,
269,state,ia,ia,1,"(1, ('e', 0, 2, 2))","(2, ('e', 3, 4, 1))","(1, ('e', 0, 2, 2))","(2, ('a', 3, 4))","(1, ('e', 0, 2, 2))","(2, ('e', 3, 4, 1))","(1, ('e', 0, 2, 2))","(2, ('a', 3, 4))","(1, ('e', 0, 2, 2))",,,,,,,,,,,,,,,,,,,,,,,,,,,,,,,,,,,,,,,,,,,,,,,,,,,,,,,,,,,,,,,,,,,,,,,,,,,,,,,,,,,,,,,,,,,,,,,,,,,,,,,,,,,,,,,,,,,,,,,,,,,,,,,,,,,,,,,,,,,,,,,,,,,,,,,,,,,,,,,,,,,,,,,,,,,,,,,,,,,,,,,,,,,,,,,,,,,,,,,,,,,,,,,,,,,,,,,,,,,,,,,,,,,,,,,,,,,,,,,,,,,,,,,,,,,,,,,,,,,,,,,,,,,,,,,,,,,,,,,,,,,,,,,,,,,,,,,,,,,,,,,,,,,,,,,,,,,,,,,,,,,,,,,,,,,,,,,,,,,,,,,,,,,,,,,,,,,,,,,,,,,,,,,,,,,,,,,,,,,,,,,,,,,,,,,,,,,,,,,,,,,,,,,,,,,,,,,,,,,,,,,,,,,,,,,,,,,,,,,,,,,,,,,,,,,,,,,,,,,,,,,,,,,,,,,,,,,,,,,,,,,,,,,,,,,,,,,,,,,,,,,,,,,,,,,,,,,,,,,,,,,,,,,,,,,,,,,,,,,,,,,,,,,,,,,,,,,,,,,,,,,,,,,,,,,,,,,,,,,,,,,,,,,,,,,,,,,,,,,,,,,,,,,,,,,,,,,,,,,,,,,,,,,,,,,,,,,,,,,,,,,,,,,,,,,,,,,,,,,,,,,,,,,,,,,,,,,,,,,,,,,,,,,,,,,,,,,,,,,,,,,,,,,,,,,,,,,,,,,,,,,,,,,,,,,,,,,,,,,,,,,,,,,,,,,,,,,,,,,,,,,,,,,,,,,,,,,,,,,,,,,,,,,,,,,,,,,,,,,,,,,,,,,,,,,,,,,,,,,,,,,,,,,,,,,,,,,,,,,,,,,,,,,,,,,,,,,,,,,,,,,,,,,,,,,,,,,,,,,,,,,,,,,,,,,,,,,,,,,,,,,,,,,,,,,,,,,,,,,,,,,,,,,,,,,,,,,,,,,,,,,,,,,,,,,,,,,,,,,,,,,,,,,,,,,,,,,,,,,,,,,,,,,
270,move,ia,ia,1,"[[0, 0, (1, 2), 0, 0], [0, 0, 0, 0, 0], [0, (0, -1), (0, -1), (0, -1), 0], [0, 0, 0, 0, 0], [0, 0, 0, 0, 0]]","[[0, 0, (1, 2), 0, 0], [0, 0, 0, 0, 0], [0, (0, -1), (0, -1), (0, -1), 0], [0, 0, 0, 0, (2, 1)], [0, 0, 0, 0, 0]]","[[0, 0, (1, 2), 0, 0], [0, 0, (1, 2), 0, 0], [0, (0, -1), (0, -1), (0, -1), 0], [0, 0, 0, 0, (2, 1)], [0, 0, 0, 0, 0]]","[[0, 0, (1, 2), 0, 0], [0, 0, (1, 2), 0, 0], [0, (0, -1), (0, -1), (0, -1), 0], [0, 0, 0, 0, 0], [0, 0, 0, 0, 0]]","[[0, 0, (1, 2), 0, 0], [0, 0, (1, 2), 0, 0], [0, (0, -1), (1, 2), (0, -1), 0], [0, 0, (0, -1), 0, 0], [0, 0, 0, 0, 0]]","[[0, 0, (1, 2), 0, 0], [0, 0, (1, 2), 0, 0], [0, (0, -1), (1, 2), (0, -1), 0], [0, 0, (0, -1), 0, (2, 1)], [0, 0, 0, 0, 0]]","[[0, 0, (1, 2), 0, 0], [0, 0, (1, 2), 0, 0], [0, (0, -1), (1, 2), (0, -1), 0], [0, 0, (1, 2), 0, (2, 1)], [0, 0, (0, -1), 0, 0]]","[[0, 0, (1, 2), 0, 0], [0, 0, (1, 2), 0, 0], [0, (0, -1), (1, 2), (0, -1), 0], [0, 0, (1, 2), 0, 0], [0, 0, (0, -1), 0, 0]]","[[0, 0, (1, 2), 0, 0], [0, 0, (1, 2), 0, 0], [0, (0, -1), (1, 2), (0, -1), 0], [0, 0, (1, 2), 0, 0], [0, 0, (1, 2), 0, 0]]",,,,,,,,,,,,,,,,,,,,,,,,,,,,,,,,,,,,,,,,,,,,,,,,,,,,,,,,,,,,,,,,,,,,,,,,,,,,,,,,,,,,,,,,,,,,,,,,,,,,,,,,,,,,,,,,,,,,,,,,,,,,,,,,,,,,,,,,,,,,,,,,,,,,,,,,,,,,,,,,,,,,,,,,,,,,,,,,,,,,,,,,,,,,,,,,,,,,,,,,,,,,,,,,,,,,,,,,,,,,,,,,,,,,,,,,,,,,,,,,,,,,,,,,,,,,,,,,,,,,,,,,,,,,,,,,,,,,,,,,,,,,,,,,,,,,,,,,,,,,,,,,,,,,,,,,,,,,,,,,,,,,,,,,,,,,,,,,,,,,,,,,,,,,,,,,,,,,,,,,,,,,,,,,,,,,,,,,,,,,,,,,,,,,,,,,,,,,,,,,,,,,,,,,,,,,,,,,,,,,,,,,,,,,,,,,,,,,,,,,,,,,,,,,,,,,,,,,,,,,,,,,,,,,,,,,,,,,,,,,,,,,,,,,,,,,,,,,,,,,,,,,,,,,,,,,,,,,,,,,,,,,,,,,,,,,,,,,,,,,,,,,,,,,,,,,,,,,,,,,,,,,,,,,,,,,,,,,,,,,,,,,,,,,,,,,,,,,,,,,,,,,,,,,,,,,,,,,,,,,,,,,,,,,,,,,,,,,,,,,,,,,,,,,,,,,,,,,,,,,,,,,,,,,,,,,,,,,,,,,,,,,,,,,,,,,,,,,,,,,,,,,,,,,,,,,,,,,,,,,,,,,,,,,,,,,,,,,,,,,,,,,,,,,,,,,,,,,,,,,,,,,,,,,,,,,,,,,,,,,,,,,,,,,,,,,,,,,,,,,,,,,,,,,,,,,,,,,,,,,,,,,,,,,,,,,,,,,,,,,,,,,,,,,,,,,,,,,,,,,,,,,,,,,,,,,,,,,,,,,,,,,,,,,,,,,,,,,,,,,,,,,,,,,,,,,,,,,,,,,,,,,,,,,,,,,,,,,,,,,,,,,,,,,,,,,,,,,,,,,,,,,,,,,,,,,,,,,,,,,,,,,,,,
271,state,ia,ia,3,"(1, ('e', 0, 2, 2))","(2, ('e', 3, 4, 1))","(1, ('e', 0, 2, 2))","(2, ('a', 3, 4))","(1, ('e', 0, 2, 2))","(2, ('e', 3, 4, 1))","(1, ('e', 1, 4, 2))","(2, ('a', 3, 4))","(1, ('e', 0, 2, 2))","(2, ('e', 3, 4, 1))","(1, ('a', 0, 2))","(2, ('a', 3, 4))","(1, ('e', 0, 2, 2))","(2, ('e', 3, 4, 1))","(1, ('a', 0, 2))","(2, ('a', 3, 4))","(1, ('e', 0, 2, 2))","(2, ('e', 3, 4, 1))","(1, ('a', 0, 2))","(2, ('a', 3, 4))","(1, ('e', 0, 2, 2))","(2, ('e', 2, 0, 2))","(1, ('a', 0, 2))","(2, ('e', 3, 4, 1))","(1, ('e', 0, 2, 2))","(2, ('a', 3, 4))","(1, ('a', 0, 2))","(2, ('e', 3, 4, 1))","(1, ('e', 0, 2, 2))","(2, ('a', 3, 4))","(1, ('a', 0, 2))","(2, ('e', 3, 4, 1))","(1, ('e', 0, 2, 2))","(2, ('a', 3, 4))","(1, ('a', 0, 2))","(2, ('e', 3, 4, 1))","(1, ('e', 0, 2, 2))","(2, ('a', 3, 4))","(1, ('a', 0, 2))","(2, ('e', 4, 0, 2))","(1, ('e', 0, 2, 2))","(2, ('e', 3, 4, 1))","(1, ('a', 0, 2))","(2, ('a', 3, 4))","(1, ('e', 0, 2, 2))","(2, ('e', 3, 4, 1))","(1, ('a', 0, 2))","(2, ('a', 3, 4))","(1, ('e', 0, 2, 2))",,,,,,,,,,,,,,,,,,,,,,,,,,,,,,,,,,,,,,,,,,,,,,,,,,,,,,,,,,,,,,,,,,,,,,,,,,,,,,,,,,,,,,,,,,,,,,,,,,,,,,,,,,,,,,,,,,,,,,,,,,,,,,,,,,,,,,,,,,,,,,,,,,,,,,,,,,,,,,,,,,,,,,,,,,,,,,,,,,,,,,,,,,,,,,,,,,,,,,,,,,,,,,,,,,,,,,,,,,,,,,,,,,,,,,,,,,,,,,,,,,,,,,,,,,,,,,,,,,,,,,,,,,,,,,,,,,,,,,,,,,,,,,,,,,,,,,,,,,,,,,,,,,,,,,,,,,,,,,,,,,,,,,,,,,,,,,,,,,,,,,,,,,,,,,,,,,,,,,,,,,,,,,,,,,,,,,,,,,,,,,,,,,,,,,,,,,,,,,,,,,,,,,,,,,,,,,,,,,,,,,,,,,,,,,,,,,,,,,,,,,,,,,,,,,,,,,,,,,,,,,,,,,,,,,,,,,,,,,,,,,,,,,,,,,,,,,,,,,,,,,,,,,,,,,,,,,,,,,,,,,,,,,,,,,,,,,,,,,,,,,,,,,,,,,,,,,,,,,,,,,,,,,,,,,,,,,,,,,,,,,,,,,,,,,,,,,,,,,,,,,,,,,,,,,,,,,,,,,,,,,,,,,,,,,,,,,,,,,,,,,,,,,,,,,,,,,,,,,,,,,,,,,,,,,,,,,,,,,,,,,,,,,,,,,,,,,,,,,,,,,,,,,,,,,,,,,,,,,,,,,,,,,,,,,,,,,,,,,,,,,,,,,,,,,,,,,,,,,,,,,,,,,,,,,,,,,,,,,,,,,,,,,,,,,,,,,,,,,,,,,,,,,,,,,,,,,,,,,,,,,,,,,,,,,,,,,,,,,,,,,,,,,,,,,,,,,,,,,,,,,,,,,,,,,,,,,,,,,,,,,,,,,,,,,,,,,,,,,,,,,,,,,,,,,,,,,,,,,,,,,,,,,,,,,,,,,,,,,,,,,,,,,,
272,move,ia,ia,3,"[[0, 0, (1, 2), 0, 0], [0, 0, 0, 0, 0], [0, (0, -1), (0, -1), (0, -1), 0], [0, 0, 0, 0, 0], [0, 0, 0, 0, 0]]","[[0, 0, (1, 2), 0, 0], [0, 0, 0, 0, 0], [0, (0, -1), (0, -1), (0, -1), 0], [0, 0, 0, 0, (2, 1)], [0, 0, 0, 0, 0]]","[[0, 0, (1, 2), 0, 0], [0, 0, (1, 2), 0, 0], [0, (0, -1), (0, -1), (0, -1), 0], [0, 0, 0, 0, (2, 1)], [0, 0, 0, 0, 0]]","[[0, 0, (1, 2), 0, 0], [0, 0, (1, 2), 0, 0], [0, (0, -1), (0, -1), (0, -1), 0], [0, 0, 0, 0, 0], [0, 0, 0, 0, 0]]","[[0, 0, (1, 2), 0, 0], [0, 0, (1, 2), 0, 0], [0, (0, -1), (1, 2), (0, -1), 0], [0, 0, (0, -1), 0, 0], [0, 0, 0, 0, 0]]","[[0, 0, (1, 2), 0, 0], [0, 0, (1, 2), 0, 0], [0, (0, -1), (1, 2), (0, -1), 0], [0, 0, (0, -1), 0, (2, 1)], [0, 0, 0, 0, 0]]","[[0, 0, (1, 2), 0, 0], [0, 0, (1, 2), 0, (1, 2)], [0, (0, -1), (1, 2), (0, -1), 0], [0, 0, (0, -1), 0, (2, 1)], [0, 0, 0, 0, 0]]","[[0, 0, (1, 2), 0, 0], [0, 0, (1, 2), 0, (1, 2)], [0, (0, -1), (1, 2), (0, -1), 0], [0, 0, (0, -1), 0, 0], [0, 0, 0, 0, 0]]","[[0, 0, (1, 2), 0, 0], [0, 0, (1, 2), 0, (1, 2)], [0, (0, -1), (1, 2), (0, -1), 0], [0, 0, (1, 2), 0, 0], [0, 0, (0, -1), 0, 0]]","[[0, 0, (1, 2), 0, 0], [0, 0, (1, 2), 0, (1, 2)], [0, (0, -1), (1, 2), (0, -1), 0], [0, 0, (1, 2), 0, (2, 1)], [0, 0, (0, -1), 0, 0]]","[[0, 0, 0, 0, 0], [0, 0, (1, 2), 0, (1, 2)], [0, (0, -1), (1, 2), (0, -1), 0], [0, 0, (1, 2), 0, (2, 1)], [0, 0, (0, -1), 0, 0]]","[[0, 0, 0, 0, 0], [0, 0, (1, 2), 0, (1, 2)], [0, (0, -1), (1, 2), (0, -1), 0], [0, 0, (1, 2), 0, 0], [0, 0, (0, -1), 0, 0]]","[[0, 0, (1, 2), 0, 0], [0, 0, (1, 2), 0, (1, 2)], [0, (0, -1), (1, 2), (0, -1), 0], [0, 0, (1, 2), 0, 0], [0, 0, (0, -1), 0, 0]]","[[0, 0, (1, 2), 0, 0], [0, 0, (1, 2), 0, (1, 2)], [0, (0, -1), (1, 2), (0, -1), 0], [0, 0, (1, 2), 0, (2, 1)], [0, 0, (0, -1), 0, 0]]","[[0, 0, 0, 0, 0], [0, 0, (1, 2), 0, (1, 2)], [0, (0, -1), (1, 2), (0, -1), 0], [0, 0, (1, 2), 0, (2, 1)], [0, 0, (0, -1), 0, 0]]","[[0, 0, 0, 0, 0], [0, 0, (1, 2), 0, (1, 2)], [0, (0, -1), (1, 2), (0, -1), 0], [0, 0, (1, 2), 0, 0], [0, 0, (0, -1), 0, 0]]","[[0, 0, (1, 2), 0, 0], [0, 0, (1, 2), 0, (1, 2)], [0, (0, -1), (1, 2), (0, -1), 0], [0, 0, (1, 2), 0, 0], [0, 0, (0, -1), 0, 0]]","[[0, 0, (1, 2), 0, 0], [0, 0, (1, 2), 0, (1, 2)], [0, (0, -1), (1, 2), (0, -1), 0], [0, 0, (1, 2), 0, (2, 1)], [0, 0, (0, -1), 0, 0]]","[[0, 0, 0, 0, 0], [0, 0, (1, 2), 0, (1, 2)], [0, (0, -1), (1, 2), (0, -1), 0], [0, 0, (1, 2), 0, (2, 1)], [0, 0, (0, -1), 0, 0]]","[[0, 0, 0, 0, 0], [0, 0, (1, 2), 0, (1, 2)], [0, (0, -1), (1, 2), (0, -1), 0], [0, 0, (1, 2), 0, 0], [0, 0, (0, -1), 0, 0]]","[[0, 0, (1, 2), 0, 0], [0, 0, (1, 2), 0, (1, 2)], [0, (0, -1), (1, 2), (0, -1), 0], [0, 0, (1, 2), 0, 0], [0, 0, (0, -1), 0, 0]]","[[0, 0, (1, 2), 0, 0], [0, 0, (1, 2), 0, (1, 2)], [(2, 2), (0, -1), (1, 2), (0, -1), 0], [0, 0, (1, 2), 0, 0], [0, 0, (0, -1), 0, 0]]","[[0, 0, 0, 0, 0], [0, 0, (1, 2), 0, (1, 2)], [(2, 2), (0, -1), (1, 2), (0, -1), 0], [0, 0, (1, 2), 0, 0], [0, 0, (0, -1), 0, 0]]","[[0, 0, 0, 0, 0], [0, 0, (1, 2), 0, (1, 2)], [(2, 2), (0, -1), (1, 2), (0, -1), 0], [0, 0, (1, 2), 0, (2, 1)], [0, 0, (0, -1), 0, 0]]","[[0, 0, (1, 2), 0, 0], [0, 0, (1, 2), 0, (1, 2)], [(2, 2), (0, -1), (1, 2), (0, -1), 0], [0, 0, (1, 2), 0, (2, 1)], [0, 0, (0, -1), 0, 0]]","[[0, 0, (1, 2), 0, 0], [0, 0, (1, 2), 0, (1, 2)], [(2, 2), (0, -1), (1, 2), (0, -1), 0], [0, 0, (1, 2), 0, 0], [0, 0, (0, -1), 0, 0]]","[[0, 0, 0, 0, 0], [0, 0, (1, 2), 0, (1, 2)], [(2, 2), (0, -1), (1, 2), (0, -1), 0], [0, 0, (1, 2), 0, 0], [0, 0, (0, -1), 0, 0]]","[[0, 0, 0, 0, 0], [0, 0, (1, 2), 0, (1, 2)], [(2, 2), (0, -1), (1, 2), (0, -1), 0], [0, 0, (1, 2), 0, (2, 1)], [0, 0, (0, -1), 0, 0]]","[[0, 0, (1, 2), 0, 0], [0, 0, (1, 2), 0, (1, 2)], [(2, 2), (0, -1), (1, 2), (0, -1), 0], [0, 0, (1, 2), 0, (2, 1)], [0, 0, (0, -1), 0, 0]]","[[0, 0, (1, 2), 0, 0], [0, 0, (1, 2), 0, (1, 2)], [(2, 2), (0, -1), (1, 2), (0, -1), 0], [0, 0, (1, 2), 0, 0], [0, 0, (0, -1), 0, 0]]","[[0, 0, 0, 0, 0], [0, 0, (1, 2), 0, (1, 2)], [(2, 2), (0, -1), (1, 2), (0, -1), 0], [0, 0, (1, 2), 0, 0], [0, 0, (0, -1), 0, 0]]","[[0, 0, 0, 0, 0], [0, 0, (1, 2), 0, (1, 2)], [(2, 2), (0, -1), (1, 2), (0, -1), 0], [0, 0, (1, 2), 0, (2, 1)], [0, 0, (0, -1), 0, 0]]","[[0, 0, (1, 2), 0, 0], [0, 0, (1, 2), 0, (1, 2)], [(2, 2), (0, -1), (1, 2), (0, -1), 0], [0, 0, (1, 2), 0, (2, 1)], [0, 0, (0, -1), 0, 0]]","[[0, 0, (1, 2), 0, 0], [0, 0, (1, 2), 0, (1, 2)], [(2, 2), (0, -1), (1, 2), (0, -1), 0], [0, 0, (1, 2), 0, 0], [0, 0, (0, -1), 0, 0]]","[[0, 0, 0, 0, 0], [0, 0, (1, 2), 0, (1, 2)], [(2, 2), (0, -1), (1, 2), (0, -1), 0], [0, 0, (1, 2), 0, 0], [0, 0, (0, -1), 0, 0]]","[[0, 0, 0, 0, 0], [0, 0, (1, 2), 0, (1, 2)], [(2, 2), (0, -1), (1, 2), (0, -1), 0], [0, 0, (1, 2), 0, (2, 1)], [0, 0, (0, -1), 0, 0]]","[[0, 0, (1, 2), 0, 0], [0, 0, (1, 2), 0, (1, 2)], [(2, 2), (0, -1), (1, 2), (0, -1), 0], [0, 0, (1, 2), 0, (2, 1)], [0, 0, (0, -1), 0, 0]]","[[0, 0, (1, 2), 0, 0], [0, 0, (1, 2), 0, (1, 2)], [(2, 2), (0, -1), (1, 2), (0, -1), 0], [0, 0, (1, 2), 0, 0], [0, 0, (0, -1), 0, 0]]","[[0, 0, 0, 0, 0], [0, 0, (1, 2), 0, (1, 2)], [(2, 2), (0, -1), (1, 2), (0, -1), 0], [0, 0, (1, 2), 0, 0], [0, 0, (0, -1), 0, 0]]","[[0, 0, 0, 0, 0], [0, 0, (1, 2), 0, (1, 2)], [(2, 2), (0, -1), (1, 2), (0, -1), 0], [0, 0, (1, 2), 0, 0], [(2, 2), 0, (0, -1), 0, 0]]","[[0, 0, (1, 2), 0, 0], [0, 0, (1, 2), 0, (1, 2)], [(2, 2), (0, -1), (1, 2), (0, -1), 0], [0, 0, (1, 2), 0, 0], [(2, 2), 0, (0, -1), 0, 0]]","[[0, 0, (1, 2), 0, 0], [0, 0, (1, 2), 0, (1, 2)], [(2, 2), (0, -1), (1, 2), (0, -1), 0], [0, 0, (1, 2), 0, (2, 1)], [(2, 2), 0, (0, -1), 0, 0]]","[[0, 0, 0, 0, 0], [0, 0, (1, 2), 0, (1, 2)], [(2, 2), (0, -1), (1, 2), (0, -1), 0], [0, 0, (1, 2), 0, (2, 1)], [(2, 2), 0, (0, -1), 0, 0]]","[[0, 0, 0, 0, 0], [0, 0, (1, 2), 0, (1, 2)], [(2, 2), (0, -1), (1, 2), (0, -1), 0], [0, 0, (1, 2), 0, 0], [(2, 2), 0, (0, -1), 0, 0]]","[[0, 0, (1, 2), 0, 0], [0, 0, (1, 2), 0, (1, 2)], [(2, 2), (0, -1), (1, 2), (0, -1), 0], [0, 0, (1, 2), 0, 0], [(2, 2), 0, (0, -1), 0, 0]]","[[0, 0, (1, 2), 0, 0], [0, 0, (1, 2), 0, (1, 2)], [(2, 2), (0, -1), (1, 2), (0, -1), 0], [0, 0, (1, 2), 0, (2, 1)], [(2, 2), 0, (0, -1), 0, 0]]","[[0, 0, 0, 0, 0], [0, 0, (1, 2), 0, (1, 2)], [(2, 2), (0, -1), (1, 2), (0, -1), 0], [0, 0, (1, 2), 0, (2, 1)], [(2, 2), 0, (0, -1), 0, 0]]","[[0, 0, 0, 0, 0], [0, 0, (1, 2), 0, (1, 2)], [(2, 2), (0, -1), (1, 2), (0, -1), 0], [0, 0, (1, 2), 0, 0], [(2, 2), 0, (0, -1), 0, 0]]","[[0, 0, (1, 2), 0, 0], [0, 0, (1, 2), 0, (1, 2)], [(2, 2), (0, -1), (1, 2), (0, -1), 0], [0, 0, (1, 2), 0, 0], [(2, 2), 0, (0, -1), 0, 0]]",,,,,,,,,,,,,,,,,,,,,,,,,,,,,,,,,,,,,,,,,,,,,,,,,,,,,,,,,,,,,,,,,,,,,,,,,,,,,,,,,,,,,,,,,,,,,,,,,,,,,,,,,,,,,,,,,,,,,,,,,,,,,,,,,,,,,,,,,,,,,,,,,,,,,,,,,,,,,,,,,,,,,,,,,,,,,,,,,,,,,,,,,,,,,,,,,,,,,,,,,,,,,,,,,,,,,,,,,,,,,,,,,,,,,,,,,,,,,,,,,,,,,,,,,,,,,,,,,,,,,,,,,,,,,,,,,,,,,,,,,,,,,,,,,,,,,,,,,,,,,,,,,,,,,,,,,,,,,,,,,,,,,,,,,,,,,,,,,,,,,,,,,,,,,,,,,,,,,,,,,,,,,,,,,,,,,,,,,,,,,,,,,,,,,,,,,,,,,,,,,,,,,,,,,,,,,,,,,,,,,,,,,,,,,,,,,,,,,,,,,,,,,,,,,,,,,,,,,,,,,,,,,,,,,,,,,,,,,,,,,,,,,,,,,,,,,,,,,,,,,,,,,,,,,,,,,,,,,,,,,,,,,,,,,,,,,,,,,,,,,,,,,,,,,,,,,,,,,,,,,,,,,,,,,,,,,,,,,,,,,,,,,,,,,,,,,,,,,,,,,,,,,,,,,,,,,,,,,,,,,,,,,,,,,,,,,,,,,,,,,,,,,,,,,,,,,,,,,,,,,,,,,,,,,,,,,,,,,,,,,,,,,,,,,,,,,,,,,,,,,,,,,,,,,,,,,,,,,,,,,,,,,,,,,,,,,,,,,,,,,,,,,,,,,,,,,,,,,,,,,,,,,,,,,,,,,,,,,,,,,,,,,,,,,,,,,,,,,,,,,,,,,,,,,,,,,,,,,,,,,,,,,,,,,,,,,,,,,,,,,,,,,,,,,,,,,,,,,,,,,,,,,,,,,,,,,,,,,,,,,,,,,,,,,,,,,,,,,,,,,,,,,,,,,,,,,,,,,,,,,,,,,,,,,,,,,,,,,,,,,,,,,,,
273,state,ia,ia,3,"(1, ('e', 0, 2, 2))","(2, ('e', 3, 4, 1))","(1, ('e', 2, 0, 0))","(2, ('a', 3, 4))","(1, ('e', 1, 4, 0))","(2, ('e', 3, 4, 1))","(1, ('e', 4, 0, 1))","(2, ('a', 3, 4))","(1, ('e', 0, 2, 2))","(2, ('e', 3, 4, 1))","(1, ('a', 0, 2))","(2, ('a', 3, 4))","(1, ('e', 0, 2, 2))","(2, ('e', 3, 4, 1))","(1, ('a', 0, 2))","(2, ('a', 3, 4))","(1, ('e', 0, 2, 2))","(2, ('e', 3, 4, 1))","(1, ('a', 0, 2))","(2, ('a', 3, 4))","(1, ('e', 3, 0, 3))","(2, ('e', 3, 4, 1))","(1, ('m', 1, 2, 3))","(2, ('a', 3, 4))","(1, ('t', 1, 4, 2))","(2, ('e', 3, 4, 1))","(1, ('t', 1, 4, 0))","(2, ('a', 3, 4))","(1, ('t', 2, 0, 1))","(2, ('e', 3, 4, 1))","(1, ('m', 3, 0, 1))","(2, ('a', 3, 4))","(1, ('t', 1, 1, 0))","(2, ('e', 3, 4, 1))","(1, ('t', 1, 4, 2))","(2, ('a', 3, 4))","(1, ('t', 1, 4, 0))","(2, ('e', 3, 4, 1))","(1, ('t', 3, 1, 0))","(2, ('a', 3, 4))",,,,,,,,,,,,,,,,,,,,,,,,,,,,,,,,,,,,,,,,,,,,,,,,,,,,,,,,,,,,,,,,,,,,,,,,,,,,,,,,,,,,,,,,,,,,,,,,,,,,,,,,,,,,,,,,,,,,,,,,,,,,,,,,,,,,,,,,,,,,,,,,,,,,,,,,,,,,,,,,,,,,,,,,,,,,,,,,,,,,,,,,,,,,,,,,,,,,,,,,,,,,,,,,,,,,,,,,,,,,,,,,,,,,,,,,,,,,,,,,,,,,,,,,,,,,,,,,,,,,,,,,,,,,,,,,,,,,,,,,,,,,,,,,,,,,,,,,,,,,,,,,,,,,,,,,,,,,,,,,,,,,,,,,,,,,,,,,,,,,,,,,,,,,,,,,,,,,,,,,,,,,,,,,,,,,,,,,,,,,,,,,,,,,,,,,,,,,,,,,,,,,,,,,,,,,,,,,,,,,,,,,,,,,,,,,,,,,,,,,,,,,,,,,,,,,,,,,,,,,,,,,,,,,,,,,,,,,,,,,,,,,,,,,,,,,,,,,,,,,,,,,,,,,,,,,,,,,,,,,,,,,,,,,,,,,,,,,,,,,,,,,,,,,,,,,,,,,,,,,,,,,,,,,,,,,,,,,,,,,,,,,,,,,,,,,,,,,,,,,,,,,,,,,,,,,,,,,,,,,,,,,,,,,,,,,,,,,,,,,,,,,,,,,,,,,,,,,,,,,,,,,,,,,,,,,,,,,,,,,,,,,,,,,,,,,,,,,,,,,,,,,,,,,,,,,,,,,,,,,,,,,,,,,,,,,,,,,,,,,,,,,,,,,,,,,,,,,,,,,,,,,,,,,,,,,,,,,,,,,,,,,,,,,,,,,,,,,,,,,,,,,,,,,,,,,,,,,,,,,,,,,,,,,,,,,,,,,,,,,,,,,,,,,,,,,,,,,,,,,,,,,,,,,,,,,,,,,,,,,,,,,,,,,,,,,,,,,,,,,,,,,,,,,,,,,,,,,,,,,,,,,,,,,,,,,,,,,,,,,,,,,,,,,,,,,,,,,
274,move,ia,ia,3,"[[0, 0, (1, 2), 0, 0], [0, 0, 0, 0, 0], [0, (0, -1), (0, -1), (0, -1), 0], [0, 0, 0, 0, 0], [0, 0, 0, 0, 0]]","[[0, 0, (1, 2), 0, 0], [0, 0, 0, 0, 0], [0, (0, -1), (0, -1), (0, -1), 0], [0, 0, 0, 0, (2, 1)], [0, 0, 0, 0, 0]]","[[0, 0, (1, 2), 0, 0], [0, 0, 0, 0, 0], [(1, 0), (0, -1), (0, -1), (0, -1), 0], [0, 0, 0, 0, (2, 1)], [0, 0, 0, 0, 0]]","[[0, 0, (1, 2), 0, 0], [0, 0, 0, 0, 0], [(1, 0), (0, -1), (0, -1), (0, -1), 0], [0, 0, 0, 0, 0], [0, 0, 0, 0, 0]]","[[0, 0, (1, 2), 0, 0], [0, 0, 0, 0, (1, 0)], [(1, 0), (0, -1), (0, -1), (0, -1), 0], [0, 0, 0, 0, 0], [0, 0, 0, 0, 0]]","[[0, 0, (1, 2), 0, 0], [0, 0, 0, 0, (1, 0)], [(1, 0), (0, -1), (0, -1), (0, -1), 0], [0, 0, 0, 0, (2, 1)], [0, 0, 0, 0, 0]]","[[0, 0, (1, 2), 0, 0], [0, 0, 0, 0, (1, 0)], [(1, 0), (0, -1), (0, -1), (0, -1), 0], [0, 0, 0, 0, (2, 1)], [(1, 1), 0, 0, 0, 0]]","[[0, 0, (1, 2), 0, 0], [0, 0, 0, 0, (1, 0)], [(1, 0), (0, -1), (0, -1), (0, -1), 0], [0, 0, 0, 0, 0], [(1, 1), 0, 0, 0, 0]]","[[0, 0, (1, 2), 0, 0], [0, 0, (1, 2), 0, (1, 0)], [(1, 0), (0, -1), (0, -1), (0, -1), 0], [0, 0, 0, 0, 0], [(1, 1), 0, 0, 0, 0]]","[[0, 0, (1, 2), 0, 0], [0, 0, (1, 2), 0, (1, 0)], [(1, 0), (0, -1), (0, -1), (0, -1), 0], [0, 0, 0, 0, (2, 1)], [(1, 1), 0, 0, 0, 0]]","[[0, 0, 0, 0, 0], [0, 0, (1, 2), 0, (1, 0)], [(1, 0), (0, -1), (0, -1), (0, -1), 0], [0, 0, 0, 0, (2, 1)], [(1, 1), 0, 0, 0, 0]]","[[0, 0, 0, 0, 0], [0, 0, (1, 2), 0, (1, 0)], [(1, 0), (0, -1), (0, -1), (0, -1), 0], [0, 0, 0, 0, 0], [(1, 1), 0, 0, 0, 0]]","[[0, 0, (1, 2), 0, 0], [0, 0, (1, 2), 0, (1, 0)], [(1, 0), (0, -1), (0, -1), (0, -1), 0], [0, 0, 0, 0, 0], [(1, 1), 0, 0, 0, 0]]","[[0, 0, (1, 2), 0, 0], [0, 0, (1, 2), 0, (1, 0)], [(1, 0), (0, -1), (0, -1), (0, -1), 0], [0, 0, 0, 0, (2, 1)], [(1, 1), 0, 0, 0, 0]]","[[0, 0, 0, 0, 0], [0, 0, (1, 2), 0, (1, 0)], [(1, 0), (0, -1), (0, -1), (0, -1), 0], [0, 0, 0, 0, (2, 1)], [(1, 1), 0, 0, 0, 0]]","[[0, 0, 0, 0, 0], [0, 0, (1, 2), 0, (1, 0)], [(1, 0), (0, -1), (0, -1), (0, -1), 0], [0, 0, 0, 0, 0], [(1, 1), 0, 0, 0, 0]]","[[0, 0, (1, 2), 0, 0], [0, 0, (1, 2), 0, (1, 0)], [(1, 0), (0, -1), (0, -1), (0, -1), 0], [0, 0, 0, 0, 0], [(1, 1), 0, 0, 0, 0]]","[[0, 0, (1, 2), 0, 0], [0, 0, (1, 2), 0, (1, 0)], [(1, 0), (0, -1), (0, -1), (0, -1), 0], [0, 0, 0, 0, (2, 1)], [(1, 1), 0, 0, 0, 0]]","[[0, 0, 0, 0, 0], [0, 0, (1, 2), 0, (1, 0)], [(1, 0), (0, -1), (0, -1), (0, -1), 0], [0, 0, 0, 0, (2, 1)], [(1, 1), 0, 0, 0, 0]]","[[0, 0, 0, 0, 0], [0, 0, (1, 2), 0, (1, 0)], [(1, 0), (0, -1), (0, -1), (0, -1), 0], [0, 0, 0, 0, 0], [(1, 1), 0, 0, 0, 0]]","[[0, 0, 0, 0, 0], [0, 0, (1, 2), 0, (1, 0)], [(1, 0), (0, -1), (0, -1), (0, -1), 0], [(1, 3), 0, 0, 0, 0], [(1, 1), 0, 0, 0, 0]]","[[0, 0, 0, 0, 0], [0, 0, (1, 2), 0, (1, 0)], [(1, 0), (0, -1), (0, -1), (0, -1), 0], [(1, 3), 0, 0, 0, (2, 1)], [(1, 1), 0, 0, 0, 0]]","[[0, 0, 0, 0, 0], [0, (1, 2), 0, 0, (1, 0)], [(1, 0), (0, -1), (0, -1), (0, -1), 0], [(1, 3), 0, 0, 0, (2, 1)], [(1, 1), 0, 0, 0, 0]]","[[0, 0, 0, 0, 0], [0, (1, 2), 0, 0, (1, 0)], [(1, 0), (0, -1), (0, -1), (0, -1), 0], [(1, 3), 0, 0, 0, 0], [(1, 1), 0, 0, 0, 0]]","[[0, 0, 0, 0, 0], [0, (1, 2), 0, 0, (1, 2)], [(1, 0), (0, -1), (0, -1), (0, -1), 0], [(1, 3), 0, 0, 0, 0], [(1, 1), 0, 0, 0, 0]]","[[0, 0, 0, 0, 0], [0, (1, 2), 0, 0, (1, 2)], [(1, 0), (0, -1), (0, -1), (0, -1), 0], [(1, 3), 0, 0, 0, (2, 1)], [(1, 1), 0, 0, 0, 0]]","[[0, 0, 0, 0, 0], [0, (1, 2), 0, 0, (1, 0)], [(1, 0), (0, -1), (0, -1), (0, -1), 0], [(1, 3), 0, 0, 0, (2, 1)], [(1, 1), 0, 0, 0, 0]]","[[0, 0, 0, 0, 0], [0, (1, 2), 0, 0, (1, 0)], [(1, 0), (0, -1), (0, -1), (0, -1), 0], [(1, 3), 0, 0, 0, 0], [(1, 1), 0, 0, 0, 0]]","[[0, 0, 0, 0, 0], [0, (1, 2), 0, 0, (1, 0)], [(1, 1), (0, -1), (0, -1), (0, -1), 0], [(1, 3), 0, 0, 0, 0], [(1, 1), 0, 0, 0, 0]]","[[0, 0, 0, 0, 0], [0, (1, 2), 0, 0, (1, 0)], [(1, 1), (0, -1), (0, -1), (0, -1), 0], [(1, 3), 0, 0, 0, (2, 1)], [(1, 1), 0, 0, 0, 0]]","[[0, 0, 0, 0, 0], [0, (1, 2), 0, 0, (1, 0)], [(1, 1), (0, -1), (0, -1), (0, -1), 0], [0, (1, 3), 0, 0, (2, 1)], [(1, 1), 0, 0, 0, 0]]","[[0, 0, 0, 0, 0], [0, (1, 2), 0, 0, (1, 0)], [(1, 1), (0, -1), (0, -1), (0, -1), 0], [0, (1, 3), 0, 0, 0], [(1, 1), 0, 0, 0, 0]]","[[0, 0, 0, 0, 0], [0, (1, 0), 0, 0, (1, 0)], [(1, 1), (0, -1), (0, -1), (0, -1), 0], [0, (1, 3), 0, 0, 0], [(1, 1), 0, 0, 0, 0]]","[[0, 0, 0, 0, 0], [0, (1, 0), 0, 0, (1, 0)], [(1, 1), (0, -1), (0, -1), (0, -1), 0], [0, (1, 3), 0, 0, (2, 1)], [(1, 1), 0, 0, 0, 0]]","[[0, 0, 0, 0, 0], [0, (1, 0), 0, 0, (1, 2)], [(1, 1), (0, -1), (0, -1), (0, -1), 0], [0, (1, 3), 0, 0, (2, 1)], [(1, 1), 0, 0, 0, 0]]","[[0, 0, 0, 0, 0], [0, (1, 0), 0, 0, (1, 2)], [(1, 1), (0, -1), (0, -1), (0, -1), 0], [0, (1, 3), 0, 0, 0], [(1, 1), 0, 0, 0, 0]]","[[0, 0, 0, 0, 0], [0, (1, 0), 0, 0, (1, 0)], [(1, 1), (0, -1), (0, -1), (0, -1), 0], [0, (1, 3), 0, 0, 0], [(1, 1), 0, 0, 0, 0]]","[[0, 0, 0, 0, 0], [0, (1, 0), 0, 0, (1, 0)], [(1, 1), (0, -1), (0, -1), (0, -1), 0], [0, (1, 3), 0, 0, (2, 1)], [(1, 1), 0, 0, 0, 0]]","[[0, 0, 0, 0, 0], [0, (1, 0), 0, 0, (1, 0)], [(1, 1), (0, -1), (0, -1), (0, -1), 0], [0, (1, 0), 0, 0, (2, 1)], [(1, 1), 0, 0, 0, 0]]","[[0, 0, 0, 0, 0], [0, (1, 0), 0, 0, (1, 0)], [(1, 1), (0, -1), (0, -1), (0, -1), 0], [0, (1, 0), 0, 0, 0], [(1, 1), 0, 0, 0, 0]]",,,,,,,,,,,,,,,,,,,,,,,,,,,,,,,,,,,,,,,,,,,,,,,,,,,,,,,,,,,,,,,,,,,,,,,,,,,,,,,,,,,,,,,,,,,,,,,,,,,,,,,,,,,,,,,,,,,,,,,,,,,,,,,,,,,,,,,,,,,,,,,,,,,,,,,,,,,,,,,,,,,,,,,,,,,,,,,,,,,,,,,,,,,,,,,,,,,,,,,,,,,,,,,,,,,,,,,,,,,,,,,,,,,,,,,,,,,,,,,,,,,,,,,,,,,,,,,,,,,,,,,,,,,,,,,,,,,,,,,,,,,,,,,,,,,,,,,,,,,,,,,,,,,,,,,,,,,,,,,,,,,,,,,,,,,,,,,,,,,,,,,,,,,,,,,,,,,,,,,,,,,,,,,,,,,,,,,,,,,,,,,,,,,,,,,,,,,,,,,,,,,,,,,,,,,,,,,,,,,,,,,,,,,,,,,,,,,,,,,,,,,,,,,,,,,,,,,,,,,,,,,,,,,,,,,,,,,,,,,,,,,,,,,,,,,,,,,,,,,,,,,,,,,,,,,,,,,,,,,,,,,,,,,,,,,,,,,,,,,,,,,,,,,,,,,,,,,,,,,,,,,,,,,,,,,,,,,,,,,,,,,,,,,,,,,,,,,,,,,,,,,,,,,,,,,,,,,,,,,,,,,,,,,,,,,,,,,,,,,,,,,,,,,,,,,,,,,,,,,,,,,,,,,,,,,,,,,,,,,,,,,,,,,,,,,,,,,,,,,,,,,,,,,,,,,,,,,,,,,,,,,,,,,,,,,,,,,,,,,,,,,,,,,,,,,,,,,,,,,,,,,,,,,,,,,,,,,,,,,,,,,,,,,,,,,,,,,,,,,,,,,,,,,,,,,,,,,,,,,,,,,,,,,,,,,,,,,,,,,,,,,,,,,,,,,,,,,,,,,,,,,,,,,,,,,,,,,,,,,,,,,,,,,,,,,,,,,,,,,,,,,,,,,,,,,,,,,,,,,,,,,,,,,,,,,,,,,,,,,,,,,,,,,,,,,,,,,,
275,state,ia,ia,1,"(1, ('e', 0, 2, 2))","(2, ('e', 3, 4, 1))","(1, ('e', 0, 2, 2))","(2, ('a', 3, 4))","(1, ('e', 0, 2, 2))","(2, ('e', 3, 4, 1))","(1, ('e', 0, 2, 2))","(2, ('a', 3, 4))","(1, ('e', 0, 2, 2))",,,,,,,,,,,,,,,,,,,,,,,,,,,,,,,,,,,,,,,,,,,,,,,,,,,,,,,,,,,,,,,,,,,,,,,,,,,,,,,,,,,,,,,,,,,,,,,,,,,,,,,,,,,,,,,,,,,,,,,,,,,,,,,,,,,,,,,,,,,,,,,,,,,,,,,,,,,,,,,,,,,,,,,,,,,,,,,,,,,,,,,,,,,,,,,,,,,,,,,,,,,,,,,,,,,,,,,,,,,,,,,,,,,,,,,,,,,,,,,,,,,,,,,,,,,,,,,,,,,,,,,,,,,,,,,,,,,,,,,,,,,,,,,,,,,,,,,,,,,,,,,,,,,,,,,,,,,,,,,,,,,,,,,,,,,,,,,,,,,,,,,,,,,,,,,,,,,,,,,,,,,,,,,,,,,,,,,,,,,,,,,,,,,,,,,,,,,,,,,,,,,,,,,,,,,,,,,,,,,,,,,,,,,,,,,,,,,,,,,,,,,,,,,,,,,,,,,,,,,,,,,,,,,,,,,,,,,,,,,,,,,,,,,,,,,,,,,,,,,,,,,,,,,,,,,,,,,,,,,,,,,,,,,,,,,,,,,,,,,,,,,,,,,,,,,,,,,,,,,,,,,,,,,,,,,,,,,,,,,,,,,,,,,,,,,,,,,,,,,,,,,,,,,,,,,,,,,,,,,,,,,,,,,,,,,,,,,,,,,,,,,,,,,,,,,,,,,,,,,,,,,,,,,,,,,,,,,,,,,,,,,,,,,,,,,,,,,,,,,,,,,,,,,,,,,,,,,,,,,,,,,,,,,,,,,,,,,,,,,,,,,,,,,,,,,,,,,,,,,,,,,,,,,,,,,,,,,,,,,,,,,,,,,,,,,,,,,,,,,,,,,,,,,,,,,,,,,,,,,,,,,,,,,,,,,,,,,,,,,,,,,,,,,,,,,,,,,,,,,,,,,,,,,,,,,,,,,,,,,,,,,,,,,,,,,,,,,,,,,,,,,,,,,,,,,,,,,,,,,,,,,,,,,,,,,,,,,,,,,,,,,,,,,,,,,,,,,,,,,,,,,,,,,,,,,,,,,,,,,,,,,,,,,
276,move,ia,ia,1,"[[0, 0, (1, 2), 0, 0], [0, 0, 0, 0, 0], [0, (0, -1), (0, -1), (0, -1), 0], [0, 0, 0, 0, 0], [0, 0, 0, 0, 0]]","[[0, 0, (1, 2), 0, 0], [0, 0, 0, 0, 0], [0, (0, -1), (0, -1), (0, -1), 0], [0, 0, 0, 0, (2, 1)], [0, 0, 0, 0, 0]]","[[0, 0, (1, 2), 0, 0], [0, 0, (1, 2), 0, 0], [0, (0, -1), (0, -1), (0, -1), 0], [0, 0, 0, 0, (2, 1)], [0, 0, 0, 0, 0]]","[[0, 0, (1, 2), 0, 0], [0, 0, (1, 2), 0, 0], [0, (0, -1), (0, -1), (0, -1), 0], [0, 0, 0, 0, 0], [0, 0, 0, 0, 0]]","[[0, 0, (1, 2), 0, 0], [0, 0, (1, 2), 0, 0], [0, (0, -1), (1, 2), (0, -1), 0], [0, 0, (0, -1), 0, 0], [0, 0, 0, 0, 0]]","[[0, 0, (1, 2), 0, 0], [0, 0, (1, 2), 0, 0], [0, (0, -1), (1, 2), (0, -1), 0], [0, 0, (0, -1), 0, (2, 1)], [0, 0, 0, 0, 0]]","[[0, 0, (1, 2), 0, 0], [0, 0, (1, 2), 0, 0], [0, (0, -1), (1, 2), (0, -1), 0], [0, 0, (1, 2), 0, (2, 1)], [0, 0, (0, -1), 0, 0]]","[[0, 0, (1, 2), 0, 0], [0, 0, (1, 2), 0, 0], [0, (0, -1), (1, 2), (0, -1), 0], [0, 0, (1, 2), 0, 0], [0, 0, (0, -1), 0, 0]]","[[0, 0, (1, 2), 0, 0], [0, 0, (1, 2), 0, 0], [0, (0, -1), (1, 2), (0, -1), 0], [0, 0, (1, 2), 0, 0], [0, 0, (1, 2), 0, 0]]",,,,,,,,,,,,,,,,,,,,,,,,,,,,,,,,,,,,,,,,,,,,,,,,,,,,,,,,,,,,,,,,,,,,,,,,,,,,,,,,,,,,,,,,,,,,,,,,,,,,,,,,,,,,,,,,,,,,,,,,,,,,,,,,,,,,,,,,,,,,,,,,,,,,,,,,,,,,,,,,,,,,,,,,,,,,,,,,,,,,,,,,,,,,,,,,,,,,,,,,,,,,,,,,,,,,,,,,,,,,,,,,,,,,,,,,,,,,,,,,,,,,,,,,,,,,,,,,,,,,,,,,,,,,,,,,,,,,,,,,,,,,,,,,,,,,,,,,,,,,,,,,,,,,,,,,,,,,,,,,,,,,,,,,,,,,,,,,,,,,,,,,,,,,,,,,,,,,,,,,,,,,,,,,,,,,,,,,,,,,,,,,,,,,,,,,,,,,,,,,,,,,,,,,,,,,,,,,,,,,,,,,,,,,,,,,,,,,,,,,,,,,,,,,,,,,,,,,,,,,,,,,,,,,,,,,,,,,,,,,,,,,,,,,,,,,,,,,,,,,,,,,,,,,,,,,,,,,,,,,,,,,,,,,,,,,,,,,,,,,,,,,,,,,,,,,,,,,,,,,,,,,,,,,,,,,,,,,,,,,,,,,,,,,,,,,,,,,,,,,,,,,,,,,,,,,,,,,,,,,,,,,,,,,,,,,,,,,,,,,,,,,,,,,,,,,,,,,,,,,,,,,,,,,,,,,,,,,,,,,,,,,,,,,,,,,,,,,,,,,,,,,,,,,,,,,,,,,,,,,,,,,,,,,,,,,,,,,,,,,,,,,,,,,,,,,,,,,,,,,,,,,,,,,,,,,,,,,,,,,,,,,,,,,,,,,,,,,,,,,,,,,,,,,,,,,,,,,,,,,,,,,,,,,,,,,,,,,,,,,,,,,,,,,,,,,,,,,,,,,,,,,,,,,,,,,,,,,,,,,,,,,,,,,,,,,,,,,,,,,,,,,,,,,,,,,,,,,,,,,,,,,,,,,,,,,,,,,,,,,,,,,,,,,,,,,,,,,,,,,,,,,,,,,,,,,,,,,,,,,,,,,,,,
277,state,ia,ia,1,"(1, ('e', 0, 2, 2))","(2, ('e', 3, 4, 1))","(1, ('e', 0, 2, 2))","(2, ('a', 3, 4))","(1, ('e', 0, 2, 2))","(2, ('e', 3, 4, 1))","(1, ('e', 0, 2, 2))","(2, ('a', 3, 4))","(1, ('e', 0, 0, 0))","(2, ('e', 3, 4, 1))","(1, ('a', 0, 2))","(2, ('a', 3, 4))","(1, ('e', 0, 2, 2))","(2, ('e', 3, 4, 1))","(1, ('a', 0, 2))","(2, ('a', 3, 4))","(1, ('e', 0, 2, 2))","(2, ('e', 3, 4, 1))","(1, ('a', 0, 2))","(2, ('e', 0, 1, 3))","(1, ('e', 0, 2, 2))","(2, ('a', 3, 4))","(1, ('a', 0, 2))","(2, ('e', 3, 4, 1))","(1, ('e', 2, 4, 1))","(2, ('a', 3, 4))","(1, ('m', 3, 2, 2))",,,,,,,,,,,,,,,,,,,,,,,,,,,,,,,,,,,,,,,,,,,,,,,,,,,,,,,,,,,,,,,,,,,,,,,,,,,,,,,,,,,,,,,,,,,,,,,,,,,,,,,,,,,,,,,,,,,,,,,,,,,,,,,,,,,,,,,,,,,,,,,,,,,,,,,,,,,,,,,,,,,,,,,,,,,,,,,,,,,,,,,,,,,,,,,,,,,,,,,,,,,,,,,,,,,,,,,,,,,,,,,,,,,,,,,,,,,,,,,,,,,,,,,,,,,,,,,,,,,,,,,,,,,,,,,,,,,,,,,,,,,,,,,,,,,,,,,,,,,,,,,,,,,,,,,,,,,,,,,,,,,,,,,,,,,,,,,,,,,,,,,,,,,,,,,,,,,,,,,,,,,,,,,,,,,,,,,,,,,,,,,,,,,,,,,,,,,,,,,,,,,,,,,,,,,,,,,,,,,,,,,,,,,,,,,,,,,,,,,,,,,,,,,,,,,,,,,,,,,,,,,,,,,,,,,,,,,,,,,,,,,,,,,,,,,,,,,,,,,,,,,,,,,,,,,,,,,,,,,,,,,,,,,,,,,,,,,,,,,,,,,,,,,,,,,,,,,,,,,,,,,,,,,,,,,,,,,,,,,,,,,,,,,,,,,,,,,,,,,,,,,,,,,,,,,,,,,,,,,,,,,,,,,,,,,,,,,,,,,,,,,,,,,,,,,,,,,,,,,,,,,,,,,,,,,,,,,,,,,,,,,,,,,,,,,,,,,,,,,,,,,,,,,,,,,,,,,,,,,,,,,,,,,,,,,,,,,,,,,,,,,,,,,,,,,,,,,,,,,,,,,,,,,,,,,,,,,,,,,,,,,,,,,,,,,,,,,,,,,,,,,,,,,,,,,,,,,,,,,,,,,,,,,,,,,,,,,,,,,,,,,,,,,,,,,,,,,,,,,,,,,,,,,,,,,,,,,,,,,,,,,,,,,,,,,,,,,,,,,,,,,,,,,,,,,,,,,,,,,,,,,,,,,,,,,,,,,,,,,,,,,,,,,,,,,,,,,,,,,,,,,,,,,,,
278,move,ia,ia,1,"[[0, 0, (1, 2), 0, 0], [0, 0, 0, 0, 0], [0, (0, -1), (0, -1), (0, -1), 0], [0, 0, 0, 0, 0], [0, 0, 0, 0, 0]]","[[0, 0, (1, 2), 0, 0], [0, 0, 0, 0, 0], [0, (0, -1), (0, -1), (0, -1), 0], [0, 0, 0, 0, (2, 1)], [0, 0, 0, 0, 0]]","[[0, 0, (1, 2), 0, 0], [0, 0, (1, 2), 0, 0], [0, (0, -1), (0, -1), (0, -1), 0], [0, 0, 0, 0, (2, 1)], [0, 0, 0, 0, 0]]","[[0, 0, (1, 2), 0, 0], [0, 0, (1, 2), 0, 0], [0, (0, -1), (0, -1), (0, -1), 0], [0, 0, 0, 0, 0], [0, 0, 0, 0, 0]]","[[0, 0, (1, 2), 0, 0], [0, 0, (1, 2), 0, 0], [0, (0, -1), (1, 2), (0, -1), 0], [0, 0, (0, -1), 0, 0], [0, 0, 0, 0, 0]]","[[0, 0, (1, 2), 0, 0], [0, 0, (1, 2), 0, 0], [0, (0, -1), (1, 2), (0, -1), 0], [0, 0, (0, -1), 0, (2, 1)], [0, 0, 0, 0, 0]]","[[0, 0, (1, 2), 0, 0], [0, 0, (1, 2), 0, 0], [0, (0, -1), (1, 2), (0, -1), 0], [0, 0, (1, 2), 0, (2, 1)], [0, 0, (0, -1), 0, 0]]","[[0, 0, (1, 2), 0, 0], [0, 0, (1, 2), 0, 0], [0, (0, -1), (1, 2), (0, -1), 0], [0, 0, (1, 2), 0, 0], [0, 0, (0, -1), 0, 0]]","[[(1, 0), 0, (1, 2), 0, 0], [0, 0, (1, 2), 0, 0], [0, (0, -1), (1, 2), (0, -1), 0], [0, 0, (1, 2), 0, 0], [0, 0, (0, -1), 0, 0]]","[[(1, 0), 0, (1, 2), 0, 0], [0, 0, (1, 2), 0, 0], [0, (0, -1), (1, 2), (0, -1), 0], [0, 0, (1, 2), 0, (2, 1)], [0, 0, (0, -1), 0, 0]]","[[(1, 0), 0, 0, 0, 0], [0, 0, (1, 2), 0, 0], [0, (0, -1), (1, 2), (0, -1), 0], [0, 0, (1, 2), 0, (2, 1)], [0, 0, (0, -1), 0, 0]]","[[(1, 0), 0, 0, 0, 0], [0, 0, (1, 2), 0, 0], [0, (0, -1), (1, 2), (0, -1), 0], [0, 0, (1, 2), 0, 0], [0, 0, (0, -1), 0, 0]]","[[(1, 0), 0, (1, 2), 0, 0], [0, 0, (1, 2), 0, 0], [0, (0, -1), (1, 2), (0, -1), 0], [0, 0, (1, 2), 0, 0], [0, 0, (0, -1), 0, 0]]","[[(1, 0), 0, (1, 2), 0, 0], [0, 0, (1, 2), 0, 0], [0, (0, -1), (1, 2), (0, -1), 0], [0, 0, (1, 2), 0, (2, 1)], [0, 0, (0, -1), 0, 0]]","[[(1, 0), 0, 0, 0, 0], [0, 0, (1, 2), 0, 0], [0, (0, -1), (1, 2), (0, -1), 0], [0, 0, (1, 2), 0, (2, 1)], [0, 0, (0, -1), 0, 0]]","[[(1, 0), 0, 0, 0, 0], [0, 0, (1, 2), 0, 0], [0, (0, -1), (1, 2), (0, -1), 0], [0, 0, (1, 2), 0, 0], [0, 0, (0, -1), 0, 0]]","[[(1, 0), 0, (1, 2), 0, 0], [0, 0, (1, 2), 0, 0], [0, (0, -1), (1, 2), (0, -1), 0], [0, 0, (1, 2), 0, 0], [0, 0, (0, -1), 0, 0]]","[[(1, 0), 0, (1, 2), 0, 0], [0, 0, (1, 2), 0, 0], [0, (0, -1), (1, 2), (0, -1), 0], [0, 0, (1, 2), 0, (2, 1)], [0, 0, (0, -1), 0, 0]]","[[(1, 0), 0, 0, 0, 0], [0, 0, (1, 2), 0, 0], [0, (0, -1), (1, 2), (0, -1), 0], [0, 0, (1, 2), 0, (2, 1)], [0, 0, (0, -1), 0, 0]]","[[(1, 0), (2, 3), 0, 0, 0], [0, 0, (1, 2), 0, 0], [0, (0, -1), (1, 2), (0, -1), 0], [0, 0, (1, 2), 0, (2, 1)], [0, 0, (0, -1), 0, 0]]","[[(1, 0), (2, 3), (1, 2), 0, 0], [0, 0, (1, 2), 0, 0], [0, (0, -1), (1, 2), (0, -1), 0], [0, 0, (1, 2), 0, (2, 1)], [0, 0, (0, -1), 0, 0]]","[[(1, 0), (2, 3), (1, 2), 0, 0], [0, 0, (1, 2), 0, 0], [0, (0, -1), (1, 2), (0, -1), 0], [0, 0, (1, 2), 0, 0], [0, 0, (0, -1), 0, 0]]","[[(1, 0), (2, 3), 0, 0, 0], [0, 0, (1, 2), 0, 0], [0, (0, -1), (1, 2), (0, -1), 0], [0, 0, (1, 2), 0, 0], [0, 0, (0, -1), 0, 0]]","[[(1, 0), (2, 3), 0, 0, 0], [0, 0, (1, 2), 0, 0], [0, (0, -1), (1, 2), (0, -1), 0], [0, 0, (1, 2), 0, (2, 1)], [0, 0, (0, -1), 0, 0]]","[[(1, 0), (2, 3), 0, 0, 0], [0, 0, (1, 2), 0, 0], [0, (0, -1), (1, 2), (0, -1), (1, 1)], [0, 0, (1, 2), 0, (2, 1)], [0, 0, (0, -1), 0, 0]]","[[(1, 0), (2, 3), 0, 0, 0], [0, 0, (1, 2), 0, 0], [0, (0, -1), (1, 2), (0, -1), (1, 1)], [0, 0, (1, 2), 0, 0], [0, 0, (0, -1), 0, 0]]","[[(1, 0), (2, 3), 0, 0, 0], [0, 0, (1, 2), 0, 0], [0, (0, -1), (1, 2), (0, -1), (1, 1)], [0, 0, 0, 0, 0], [0, 0, (1, 2), 0, 0]]",,,,,,,,,,,,,,,,,,,,,,,,,,,,,,,,,,,,,,,,,,,,,,,,,,,,,,,,,,,,,,,,,,,,,,,,,,,,,,,,,,,,,,,,,,,,,,,,,,,,,,,,,,,,,,,,,,,,,,,,,,,,,,,,,,,,,,,,,,,,,,,,,,,,,,,,,,,,,,,,,,,,,,,,,,,,,,,,,,,,,,,,,,,,,,,,,,,,,,,,,,,,,,,,,,,,,,,,,,,,,,,,,,,,,,,,,,,,,,,,,,,,,,,,,,,,,,,,,,,,,,,,,,,,,,,,,,,,,,,,,,,,,,,,,,,,,,,,,,,,,,,,,,,,,,,,,,,,,,,,,,,,,,,,,,,,,,,,,,,,,,,,,,,,,,,,,,,,,,,,,,,,,,,,,,,,,,,,,,,,,,,,,,,,,,,,,,,,,,,,,,,,,,,,,,,,,,,,,,,,,,,,,,,,,,,,,,,,,,,,,,,,,,,,,,,,,,,,,,,,,,,,,,,,,,,,,,,,,,,,,,,,,,,,,,,,,,,,,,,,,,,,,,,,,,,,,,,,,,,,,,,,,,,,,,,,,,,,,,,,,,,,,,,,,,,,,,,,,,,,,,,,,,,,,,,,,,,,,,,,,,,,,,,,,,,,,,,,,,,,,,,,,,,,,,,,,,,,,,,,,,,,,,,,,,,,,,,,,,,,,,,,,,,,,,,,,,,,,,,,,,,,,,,,,,,,,,,,,,,,,,,,,,,,,,,,,,,,,,,,,,,,,,,,,,,,,,,,,,,,,,,,,,,,,,,,,,,,,,,,,,,,,,,,,,,,,,,,,,,,,,,,,,,,,,,,,,,,,,,,,,,,,,,,,,,,,,,,,,,,,,,,,,,,,,,,,,,,,,,,,,,,,,,,,,,,,,,,,,,,,,,,,,,,,,,,,,,,,,,,,,,,,,,,,,,,,,,,,,,,,,,,,,,,,,,,,,,,,,,,,,,,,,,,,,,,,,,,,,,,,,,,,,,,,,,,,,,,,,,,,,,,,,,,,,,,,,,,,,,,,,,,,,,,,
279,state,ia,ia,1,"(1, ('e', 0, 2, 2))","(2, ('e', 3, 4, 1))","(1, ('e', 0, 2, 2))","(2, ('a', 3, 4))","(1, ('e', 0, 4, 2))","(2, ('e', 3, 4, 1))","(1, ('e', 0, 2, 2))","(2, ('a', 3, 4))","(1, ('e', 0, 2, 2))","(2, ('e', 3, 4, 1))","(1, ('a', 0, 2))","(2, ('a', 3, 4))","(1, ('e', 0, 2, 2))","(2, ('e', 3, 4, 1))","(1, ('a', 0, 2))","(2, ('a', 3, 4))","(1, ('e', 0, 2, 2))","(2, ('e', 3, 4, 1))","(1, ('a', 0, 2))","(2, ('a', 3, 4))","(1, ('e', 0, 2, 2))","(2, ('e', 3, 4, 1))","(1, ('m', 0, 2, 1))","(2, ('a', 3, 4))","(1, ('m', 3, 2, 2))",,,,,,,,,,,,,,,,,,,,,,,,,,,,,,,,,,,,,,,,,,,,,,,,,,,,,,,,,,,,,,,,,,,,,,,,,,,,,,,,,,,,,,,,,,,,,,,,,,,,,,,,,,,,,,,,,,,,,,,,,,,,,,,,,,,,,,,,,,,,,,,,,,,,,,,,,,,,,,,,,,,,,,,,,,,,,,,,,,,,,,,,,,,,,,,,,,,,,,,,,,,,,,,,,,,,,,,,,,,,,,,,,,,,,,,,,,,,,,,,,,,,,,,,,,,,,,,,,,,,,,,,,,,,,,,,,,,,,,,,,,,,,,,,,,,,,,,,,,,,,,,,,,,,,,,,,,,,,,,,,,,,,,,,,,,,,,,,,,,,,,,,,,,,,,,,,,,,,,,,,,,,,,,,,,,,,,,,,,,,,,,,,,,,,,,,,,,,,,,,,,,,,,,,,,,,,,,,,,,,,,,,,,,,,,,,,,,,,,,,,,,,,,,,,,,,,,,,,,,,,,,,,,,,,,,,,,,,,,,,,,,,,,,,,,,,,,,,,,,,,,,,,,,,,,,,,,,,,,,,,,,,,,,,,,,,,,,,,,,,,,,,,,,,,,,,,,,,,,,,,,,,,,,,,,,,,,,,,,,,,,,,,,,,,,,,,,,,,,,,,,,,,,,,,,,,,,,,,,,,,,,,,,,,,,,,,,,,,,,,,,,,,,,,,,,,,,,,,,,,,,,,,,,,,,,,,,,,,,,,,,,,,,,,,,,,,,,,,,,,,,,,,,,,,,,,,,,,,,,,,,,,,,,,,,,,,,,,,,,,,,,,,,,,,,,,,,,,,,,,,,,,,,,,,,,,,,,,,,,,,,,,,,,,,,,,,,,,,,,,,,,,,,,,,,,,,,,,,,,,,,,,,,,,,,,,,,,,,,,,,,,,,,,,,,,,,,,,,,,,,,,,,,,,,,,,,,,,,,,,,,,,,,,,,,,,,,,,,,,,,,,,,,,,,,,,,,,,,,,,,,,,,,,,,,,,,,,,,,,,,,,,,,,,,,,,,,,,,,,,,,,,,,,,,,,
280,move,ia,ia,1,"[[0, 0, (1, 2), 0, 0], [0, 0, 0, 0, 0], [0, (0, -1), (0, -1), (0, -1), 0], [0, 0, 0, 0, 0], [0, 0, 0, 0, 0]]","[[0, 0, (1, 2), 0, 0], [0, 0, 0, 0, 0], [0, (0, -1), (0, -1), (0, -1), 0], [0, 0, 0, 0, (2, 1)], [0, 0, 0, 0, 0]]","[[0, 0, (1, 2), 0, 0], [0, 0, (1, 2), 0, 0], [0, (0, -1), (0, -1), (0, -1), 0], [0, 0, 0, 0, (2, 1)], [0, 0, 0, 0, 0]]","[[0, 0, (1, 2), 0, 0], [0, 0, (1, 2), 0, 0], [0, (0, -1), (0, -1), (0, -1), 0], [0, 0, 0, 0, 0], [0, 0, 0, 0, 0]]","[[0, 0, (1, 2), 0, (1, 2)], [0, 0, (1, 2), 0, 0], [0, (0, -1), (0, -1), (0, -1), 0], [0, 0, 0, 0, 0], [0, 0, 0, 0, 0]]","[[0, 0, (1, 2), 0, (1, 2)], [0, 0, (1, 2), 0, 0], [0, (0, -1), (0, -1), (0, -1), 0], [0, 0, 0, 0, (2, 1)], [0, 0, 0, 0, 0]]","[[0, 0, (1, 2), 0, (1, 2)], [0, 0, (1, 2), 0, 0], [0, (0, -1), (1, 2), (0, -1), 0], [0, 0, (0, -1), 0, (2, 1)], [0, 0, 0, 0, 0]]","[[0, 0, (1, 2), 0, (1, 2)], [0, 0, (1, 2), 0, 0], [0, (0, -1), (1, 2), (0, -1), 0], [0, 0, (0, -1), 0, 0], [0, 0, 0, 0, 0]]","[[0, 0, (1, 2), 0, (1, 2)], [0, 0, (1, 2), 0, 0], [0, (0, -1), (1, 2), (0, -1), 0], [0, 0, (1, 2), 0, 0], [0, 0, (0, -1), 0, 0]]","[[0, 0, (1, 2), 0, (1, 2)], [0, 0, (1, 2), 0, 0], [0, (0, -1), (1, 2), (0, -1), 0], [0, 0, (1, 2), 0, (2, 1)], [0, 0, (0, -1), 0, 0]]","[[0, 0, 0, 0, (1, 2)], [0, 0, (1, 2), 0, 0], [0, (0, -1), (1, 2), (0, -1), 0], [0, 0, (1, 2), 0, (2, 1)], [0, 0, (0, -1), 0, 0]]","[[0, 0, 0, 0, (1, 2)], [0, 0, (1, 2), 0, 0], [0, (0, -1), (1, 2), (0, -1), 0], [0, 0, (1, 2), 0, 0], [0, 0, (0, -1), 0, 0]]","[[0, 0, (1, 2), 0, (1, 2)], [0, 0, (1, 2), 0, 0], [0, (0, -1), (1, 2), (0, -1), 0], [0, 0, (1, 2), 0, 0], [0, 0, (0, -1), 0, 0]]","[[0, 0, (1, 2), 0, (1, 2)], [0, 0, (1, 2), 0, 0], [0, (0, -1), (1, 2), (0, -1), 0], [0, 0, (1, 2), 0, (2, 1)], [0, 0, (0, -1), 0, 0]]","[[0, 0, 0, 0, (1, 2)], [0, 0, (1, 2), 0, 0], [0, (0, -1), (1, 2), (0, -1), 0], [0, 0, (1, 2), 0, (2, 1)], [0, 0, (0, -1), 0, 0]]","[[0, 0, 0, 0, (1, 2)], [0, 0, (1, 2), 0, 0], [0, (0, -1), (1, 2), (0, -1), 0], [0, 0, (1, 2), 0, 0], [0, 0, (0, -1), 0, 0]]","[[0, 0, (1, 2), 0, (1, 2)], [0, 0, (1, 2), 0, 0], [0, (0, -1), (1, 2), (0, -1), 0], [0, 0, (1, 2), 0, 0], [0, 0, (0, -1), 0, 0]]","[[0, 0, (1, 2), 0, (1, 2)], [0, 0, (1, 2), 0, 0], [0, (0, -1), (1, 2), (0, -1), 0], [0, 0, (1, 2), 0, (2, 1)], [0, 0, (0, -1), 0, 0]]","[[0, 0, 0, 0, (1, 2)], [0, 0, (1, 2), 0, 0], [0, (0, -1), (1, 2), (0, -1), 0], [0, 0, (1, 2), 0, (2, 1)], [0, 0, (0, -1), 0, 0]]","[[0, 0, 0, 0, (1, 2)], [0, 0, (1, 2), 0, 0], [0, (0, -1), (1, 2), (0, -1), 0], [0, 0, (1, 2), 0, 0], [0, 0, (0, -1), 0, 0]]","[[0, 0, (1, 2), 0, (1, 2)], [0, 0, (1, 2), 0, 0], [0, (0, -1), (1, 2), (0, -1), 0], [0, 0, (1, 2), 0, 0], [0, 0, (0, -1), 0, 0]]","[[0, 0, (1, 2), 0, (1, 2)], [0, 0, (1, 2), 0, 0], [0, (0, -1), (1, 2), (0, -1), 0], [0, 0, (1, 2), 0, (2, 1)], [0, 0, (0, -1), 0, 0]]","[[0, 0, 0, (1, 2), (1, 2)], [0, 0, (1, 2), 0, 0], [0, (0, -1), (1, 2), (0, -1), 0], [0, 0, (1, 2), 0, (2, 1)], [0, 0, (0, -1), 0, 0]]","[[0, 0, 0, (1, 2), (1, 2)], [0, 0, (1, 2), 0, 0], [0, (0, -1), (1, 2), (0, -1), 0], [0, 0, (1, 2), 0, 0], [0, 0, (0, -1), 0, 0]]","[[0, 0, 0, (1, 2), (1, 2)], [0, 0, (1, 2), 0, 0], [0, (0, -1), (1, 2), (0, -1), 0], [0, 0, 0, 0, 0], [0, 0, (1, 2), 0, 0]]",,,,,,,,,,,,,,,,,,,,,,,,,,,,,,,,,,,,,,,,,,,,,,,,,,,,,,,,,,,,,,,,,,,,,,,,,,,,,,,,,,,,,,,,,,,,,,,,,,,,,,,,,,,,,,,,,,,,,,,,,,,,,,,,,,,,,,,,,,,,,,,,,,,,,,,,,,,,,,,,,,,,,,,,,,,,,,,,,,,,,,,,,,,,,,,,,,,,,,,,,,,,,,,,,,,,,,,,,,,,,,,,,,,,,,,,,,,,,,,,,,,,,,,,,,,,,,,,,,,,,,,,,,,,,,,,,,,,,,,,,,,,,,,,,,,,,,,,,,,,,,,,,,,,,,,,,,,,,,,,,,,,,,,,,,,,,,,,,,,,,,,,,,,,,,,,,,,,,,,,,,,,,,,,,,,,,,,,,,,,,,,,,,,,,,,,,,,,,,,,,,,,,,,,,,,,,,,,,,,,,,,,,,,,,,,,,,,,,,,,,,,,,,,,,,,,,,,,,,,,,,,,,,,,,,,,,,,,,,,,,,,,,,,,,,,,,,,,,,,,,,,,,,,,,,,,,,,,,,,,,,,,,,,,,,,,,,,,,,,,,,,,,,,,,,,,,,,,,,,,,,,,,,,,,,,,,,,,,,,,,,,,,,,,,,,,,,,,,,,,,,,,,,,,,,,,,,,,,,,,,,,,,,,,,,,,,,,,,,,,,,,,,,,,,,,,,,,,,,,,,,,,,,,,,,,,,,,,,,,,,,,,,,,,,,,,,,,,,,,,,,,,,,,,,,,,,,,,,,,,,,,,,,,,,,,,,,,,,,,,,,,,,,,,,,,,,,,,,,,,,,,,,,,,,,,,,,,,,,,,,,,,,,,,,,,,,,,,,,,,,,,,,,,,,,,,,,,,,,,,,,,,,,,,,,,,,,,,,,,,,,,,,,,,,,,,,,,,,,,,,,,,,,,,,,,,,,,,,,,,,,,,,,,,,,,,,,,,,,,,,,,,,,,,,,,,,,,,,,,,,,,,,,,,,,,,,,,,,,,,,,,,,,,,,,,,,,,,,,,,,,,,,,,,,,,
281,state,ia,ia,1,"(1, ('e', 0, 2, 2))","(2, ('e', 3, 4, 1))","(1, ('e', 0, 2, 2))","(2, ('a', 3, 4))","(1, ('e', 0, 2, 2))","(2, ('e', 3, 4, 1))","(1, ('t', 1, 2, 1))","(2, ('a', 3, 4))","(1, ('e', 0, 2, 2))","(2, ('e', 3, 4, 1))","(1, ('e', 0, 2, 2))",,,,,,,,,,,,,,,,,,,,,,,,,,,,,,,,,,,,,,,,,,,,,,,,,,,,,,,,,,,,,,,,,,,,,,,,,,,,,,,,,,,,,,,,,,,,,,,,,,,,,,,,,,,,,,,,,,,,,,,,,,,,,,,,,,,,,,,,,,,,,,,,,,,,,,,,,,,,,,,,,,,,,,,,,,,,,,,,,,,,,,,,,,,,,,,,,,,,,,,,,,,,,,,,,,,,,,,,,,,,,,,,,,,,,,,,,,,,,,,,,,,,,,,,,,,,,,,,,,,,,,,,,,,,,,,,,,,,,,,,,,,,,,,,,,,,,,,,,,,,,,,,,,,,,,,,,,,,,,,,,,,,,,,,,,,,,,,,,,,,,,,,,,,,,,,,,,,,,,,,,,,,,,,,,,,,,,,,,,,,,,,,,,,,,,,,,,,,,,,,,,,,,,,,,,,,,,,,,,,,,,,,,,,,,,,,,,,,,,,,,,,,,,,,,,,,,,,,,,,,,,,,,,,,,,,,,,,,,,,,,,,,,,,,,,,,,,,,,,,,,,,,,,,,,,,,,,,,,,,,,,,,,,,,,,,,,,,,,,,,,,,,,,,,,,,,,,,,,,,,,,,,,,,,,,,,,,,,,,,,,,,,,,,,,,,,,,,,,,,,,,,,,,,,,,,,,,,,,,,,,,,,,,,,,,,,,,,,,,,,,,,,,,,,,,,,,,,,,,,,,,,,,,,,,,,,,,,,,,,,,,,,,,,,,,,,,,,,,,,,,,,,,,,,,,,,,,,,,,,,,,,,,,,,,,,,,,,,,,,,,,,,,,,,,,,,,,,,,,,,,,,,,,,,,,,,,,,,,,,,,,,,,,,,,,,,,,,,,,,,,,,,,,,,,,,,,,,,,,,,,,,,,,,,,,,,,,,,,,,,,,,,,,,,,,,,,,,,,,,,,,,,,,,,,,,,,,,,,,,,,,,,,,,,,,,,,,,,,,,,,,,,,,,,,,,,,,,,,,,,,,,,,,,,,,,,,,,,,,,,,,,,,,,,,,,,,,,,,,,,,,,,,,,,,,,,,,,,,,,,,,,,,
282,move,ia,ia,1,"[[0, 0, (1, 2), 0, 0], [0, 0, 0, 0, 0], [0, (0, -1), (0, -1), (0, -1), 0], [0, 0, 0, 0, 0], [0, 0, 0, 0, 0]]","[[0, 0, (1, 2), 0, 0], [0, 0, 0, 0, 0], [0, (0, -1), (0, -1), (0, -1), 0], [0, 0, 0, 0, (2, 1)], [0, 0, 0, 0, 0]]","[[0, 0, (1, 2), 0, 0], [0, 0, (1, 2), 0, 0], [0, (0, -1), (0, -1), (0, -1), 0], [0, 0, 0, 0, (2, 1)], [0, 0, 0, 0, 0]]","[[0, 0, (1, 2), 0, 0], [0, 0, (1, 2), 0, 0], [0, (0, -1), (0, -1), (0, -1), 0], [0, 0, 0, 0, 0], [0, 0, 0, 0, 0]]","[[0, 0, (1, 2), 0, 0], [0, 0, (1, 2), 0, 0], [0, (0, -1), (1, 2), (0, -1), 0], [0, 0, (0, -1), 0, 0], [0, 0, 0, 0, 0]]","[[0, 0, (1, 2), 0, 0], [0, 0, (1, 2), 0, 0], [0, (0, -1), (1, 2), (0, -1), 0], [0, 0, (0, -1), 0, (2, 1)], [0, 0, 0, 0, 0]]","[[0, 0, (1, 2), 0, 0], [0, 0, (1, 1), 0, 0], [0, (0, -1), (1, 2), (0, -1), 0], [0, 0, (0, -1), 0, (2, 1)], [0, 0, 0, 0, 0]]","[[0, 0, (1, 2), 0, 0], [0, 0, (1, 1), 0, 0], [0, (0, -1), (1, 2), (0, -1), 0], [0, 0, (0, -1), 0, 0], [0, 0, 0, 0, 0]]","[[0, 0, (1, 2), 0, 0], [0, 0, (1, 2), 0, 0], [0, (0, -1), (1, 1), (0, -1), 0], [0, 0, (1, 2), 0, 0], [0, 0, (0, -1), 0, 0]]","[[0, 0, (1, 2), 0, 0], [0, 0, (1, 2), 0, 0], [0, (0, -1), (1, 1), (0, -1), 0], [0, 0, (1, 2), 0, (2, 1)], [0, 0, (0, -1), 0, 0]]","[[0, 0, (1, 2), 0, 0], [0, 0, (1, 2), 0, 0], [0, (0, -1), (1, 2), (0, -1), 0], [0, 0, (1, 1), 0, (2, 1)], [0, 0, (1, 2), 0, 0]]",,,,,,,,,,,,,,,,,,,,,,,,,,,,,,,,,,,,,,,,,,,,,,,,,,,,,,,,,,,,,,,,,,,,,,,,,,,,,,,,,,,,,,,,,,,,,,,,,,,,,,,,,,,,,,,,,,,,,,,,,,,,,,,,,,,,,,,,,,,,,,,,,,,,,,,,,,,,,,,,,,,,,,,,,,,,,,,,,,,,,,,,,,,,,,,,,,,,,,,,,,,,,,,,,,,,,,,,,,,,,,,,,,,,,,,,,,,,,,,,,,,,,,,,,,,,,,,,,,,,,,,,,,,,,,,,,,,,,,,,,,,,,,,,,,,,,,,,,,,,,,,,,,,,,,,,,,,,,,,,,,,,,,,,,,,,,,,,,,,,,,,,,,,,,,,,,,,,,,,,,,,,,,,,,,,,,,,,,,,,,,,,,,,,,,,,,,,,,,,,,,,,,,,,,,,,,,,,,,,,,,,,,,,,,,,,,,,,,,,,,,,,,,,,,,,,,,,,,,,,,,,,,,,,,,,,,,,,,,,,,,,,,,,,,,,,,,,,,,,,,,,,,,,,,,,,,,,,,,,,,,,,,,,,,,,,,,,,,,,,,,,,,,,,,,,,,,,,,,,,,,,,,,,,,,,,,,,,,,,,,,,,,,,,,,,,,,,,,,,,,,,,,,,,,,,,,,,,,,,,,,,,,,,,,,,,,,,,,,,,,,,,,,,,,,,,,,,,,,,,,,,,,,,,,,,,,,,,,,,,,,,,,,,,,,,,,,,,,,,,,,,,,,,,,,,,,,,,,,,,,,,,,,,,,,,,,,,,,,,,,,,,,,,,,,,,,,,,,,,,,,,,,,,,,,,,,,,,,,,,,,,,,,,,,,,,,,,,,,,,,,,,,,,,,,,,,,,,,,,,,,,,,,,,,,,,,,,,,,,,,,,,,,,,,,,,,,,,,,,,,,,,,,,,,,,,,,,,,,,,,,,,,,,,,,,,,,,,,,,,,,,,,,,,,,,,,,,,,,,,,,,,,,,,,,,,,,,,,,,,,,,,,,,,,,,,,,,,,,,,,,,,,,,,,,,,,,,,,,,,,,,,,
283,state,ia,ia,3,"(1, ('e', 1, 0, 3))","(2, ('e', 3, 4, 1))","(1, ('e', 0, 2, 2))","(2, ('a', 3, 4))","(1, ('e', 0, 2, 2))","(2, ('e', 3, 4, 1))","(1, ('e', 0, 2, 2))","(2, ('a', 3, 4))","(1, ('e', 0, 2, 2))","(2, ('e', 3, 4, 1))","(1, ('a', 0, 2))","(2, ('a', 3, 4))","(1, ('e', 0, 2, 2))","(2, ('e', 3, 4, 1))","(1, ('a', 0, 2))","(2, ('a', 3, 4))","(1, ('e', 0, 2, 2))","(2, ('e', 3, 4, 1))","(1, ('a', 0, 2))","(2, ('a', 3, 4))","(1, ('e', 0, 2, 2))","(2, ('e', 3, 4, 1))","(1, ('a', 0, 2))","(2, ('a', 3, 4))","(1, ('e', 0, 2, 2))","(2, ('e', 3, 4, 1))","(1, ('t', 3, 2, 1))","(2, ('a', 3, 4))","(1, ('a', 0, 2))","(2, ('e', 3, 4, 1))","(1, ('e', 0, 2, 2))","(2, ('a', 3, 4))","(1, ('a', 0, 2))","(2, ('e', 3, 4, 1))","(1, ('t', 1, 2, 3))","(2, ('a', 3, 4))","(1, ('e', 0, 0, 1))","(2, ('e', 3, 4, 1))","(1, ('m', 1, 2, 3))","(2, ('e', 2, 4, 2))","(1, ('m', 2, 2, 0))","(2, ('a', 3, 4))","(1, ('t', 3, 2, 0))","(2, ('e', 3, 0, 3))","(1, ('t', 1, 2, 1))","(2, ('e', 3, 4, 1))","(1, ('m', 1, 2, 0))","(2, ('a', 3, 4))","(1, ('a', 0, 2))",,,,,,,,,,,,,,,,,,,,,,,,,,,,,,,,,,,,,,,,,,,,,,,,,,,,,,,,,,,,,,,,,,,,,,,,,,,,,,,,,,,,,,,,,,,,,,,,,,,,,,,,,,,,,,,,,,,,,,,,,,,,,,,,,,,,,,,,,,,,,,,,,,,,,,,,,,,,,,,,,,,,,,,,,,,,,,,,,,,,,,,,,,,,,,,,,,,,,,,,,,,,,,,,,,,,,,,,,,,,,,,,,,,,,,,,,,,,,,,,,,,,,,,,,,,,,,,,,,,,,,,,,,,,,,,,,,,,,,,,,,,,,,,,,,,,,,,,,,,,,,,,,,,,,,,,,,,,,,,,,,,,,,,,,,,,,,,,,,,,,,,,,,,,,,,,,,,,,,,,,,,,,,,,,,,,,,,,,,,,,,,,,,,,,,,,,,,,,,,,,,,,,,,,,,,,,,,,,,,,,,,,,,,,,,,,,,,,,,,,,,,,,,,,,,,,,,,,,,,,,,,,,,,,,,,,,,,,,,,,,,,,,,,,,,,,,,,,,,,,,,,,,,,,,,,,,,,,,,,,,,,,,,,,,,,,,,,,,,,,,,,,,,,,,,,,,,,,,,,,,,,,,,,,,,,,,,,,,,,,,,,,,,,,,,,,,,,,,,,,,,,,,,,,,,,,,,,,,,,,,,,,,,,,,,,,,,,,,,,,,,,,,,,,,,,,,,,,,,,,,,,,,,,,,,,,,,,,,,,,,,,,,,,,,,,,,,,,,,,,,,,,,,,,,,,,,,,,,,,,,,,,,,,,,,,,,,,,,,,,,,,,,,,,,,,,,,,,,,,,,,,,,,,,,,,,,,,,,,,,,,,,,,,,,,,,,,,,,,,,,,,,,,,,,,,,,,,,,,,,,,,,,,,,,,,,,,,,,,,,,,,,,,,,,,,,,,,,,,,,,,,,,,,,,,,,,,,,,,,,,,,,,,,,,,,,,,,,,,,,,,,,,,,,,,,,,,,,,,,,,,,,,,,,,,,,,,,,,,,,,,,,,,,
284,move,ia,ia,3,"[[0, 0, 0, 0, 0], [(1, 3), 0, 0, 0, 0], [0, (0, -1), (0, -1), (0, -1), 0], [0, 0, 0, 0, 0], [0, 0, 0, 0, 0]]","[[0, 0, 0, 0, 0], [(1, 3), 0, 0, 0, 0], [0, (0, -1), (0, -1), (0, -1), 0], [0, 0, 0, 0, (2, 1)], [0, 0, 0, 0, 0]]","[[0, 0, (1, 2), 0, 0], [(1, 3), 0, 0, 0, 0], [0, (0, -1), (0, -1), (0, -1), 0], [0, 0, 0, 0, (2, 1)], [0, 0, 0, 0, 0]]","[[0, 0, (1, 2), 0, 0], [(1, 3), 0, 0, 0, 0], [0, (0, -1), (0, -1), (0, -1), 0], [0, 0, 0, 0, 0], [0, 0, 0, 0, 0]]","[[0, 0, (1, 2), 0, 0], [(1, 3), 0, (1, 2), 0, 0], [0, (0, -1), (0, -1), (0, -1), 0], [0, 0, 0, 0, 0], [0, 0, 0, 0, 0]]","[[0, 0, (1, 2), 0, 0], [(1, 3), 0, (1, 2), 0, 0], [0, (0, -1), (0, -1), (0, -1), 0], [0, 0, 0, 0, (2, 1)], [0, 0, 0, 0, 0]]","[[0, 0, (1, 2), 0, 0], [(1, 3), 0, (1, 2), 0, 0], [0, (0, -1), (1, 2), (0, -1), 0], [0, 0, (0, -1), 0, (2, 1)], [0, 0, 0, 0, 0]]","[[0, 0, (1, 2), 0, 0], [(1, 3), 0, (1, 2), 0, 0], [0, (0, -1), (1, 2), (0, -1), 0], [0, 0, (0, -1), 0, 0], [0, 0, 0, 0, 0]]","[[0, 0, (1, 2), 0, 0], [(1, 3), 0, (1, 2), 0, 0], [0, (0, -1), (1, 2), (0, -1), 0], [0, 0, (1, 2), 0, 0], [0, 0, (0, -1), 0, 0]]","[[0, 0, (1, 2), 0, 0], [(1, 3), 0, (1, 2), 0, 0], [0, (0, -1), (1, 2), (0, -1), 0], [0, 0, (1, 2), 0, (2, 1)], [0, 0, (0, -1), 0, 0]]","[[0, 0, 0, 0, 0], [(1, 3), 0, (1, 2), 0, 0], [0, (0, -1), (1, 2), (0, -1), 0], [0, 0, (1, 2), 0, (2, 1)], [0, 0, (0, -1), 0, 0]]","[[0, 0, 0, 0, 0], [(1, 3), 0, (1, 2), 0, 0], [0, (0, -1), (1, 2), (0, -1), 0], [0, 0, (1, 2), 0, 0], [0, 0, (0, -1), 0, 0]]","[[0, 0, (1, 2), 0, 0], [(1, 3), 0, (1, 2), 0, 0], [0, (0, -1), (1, 2), (0, -1), 0], [0, 0, (1, 2), 0, 0], [0, 0, (0, -1), 0, 0]]","[[0, 0, (1, 2), 0, 0], [(1, 3), 0, (1, 2), 0, 0], [0, (0, -1), (1, 2), (0, -1), 0], [0, 0, (1, 2), 0, (2, 1)], [0, 0, (0, -1), 0, 0]]","[[0, 0, 0, 0, 0], [(1, 3), 0, (1, 2), 0, 0], [0, (0, -1), (1, 2), (0, -1), 0], [0, 0, (1, 2), 0, (2, 1)], [0, 0, (0, -1), 0, 0]]","[[0, 0, 0, 0, 0], [(1, 3), 0, (1, 2), 0, 0], [0, (0, -1), (1, 2), (0, -1), 0], [0, 0, (1, 2), 0, 0], [0, 0, (0, -1), 0, 0]]","[[0, 0, (1, 2), 0, 0], [(1, 3), 0, (1, 2), 0, 0], [0, (0, -1), (1, 2), (0, -1), 0], [0, 0, (1, 2), 0, 0], [0, 0, (0, -1), 0, 0]]","[[0, 0, (1, 2), 0, 0], [(1, 3), 0, (1, 2), 0, 0], [0, (0, -1), (1, 2), (0, -1), 0], [0, 0, (1, 2), 0, (2, 1)], [0, 0, (0, -1), 0, 0]]","[[0, 0, 0, 0, 0], [(1, 3), 0, (1, 2), 0, 0], [0, (0, -1), (1, 2), (0, -1), 0], [0, 0, (1, 2), 0, (2, 1)], [0, 0, (0, -1), 0, 0]]","[[0, 0, 0, 0, 0], [(1, 3), 0, (1, 2), 0, 0], [0, (0, -1), (1, 2), (0, -1), 0], [0, 0, (1, 2), 0, 0], [0, 0, (0, -1), 0, 0]]","[[0, 0, (1, 2), 0, 0], [(1, 3), 0, (1, 2), 0, 0], [0, (0, -1), (1, 2), (0, -1), 0], [0, 0, (1, 2), 0, 0], [0, 0, (0, -1), 0, 0]]","[[0, 0, (1, 2), 0, 0], [(1, 3), 0, (1, 2), 0, 0], [0, (0, -1), (1, 2), (0, -1), 0], [0, 0, (1, 2), 0, (2, 1)], [0, 0, (0, -1), 0, 0]]","[[0, 0, 0, 0, 0], [(1, 3), 0, (1, 2), 0, 0], [0, (0, -1), (1, 2), (0, -1), 0], [0, 0, (1, 2), 0, (2, 1)], [0, 0, (0, -1), 0, 0]]","[[0, 0, 0, 0, 0], [(1, 3), 0, (1, 2), 0, 0], [0, (0, -1), (1, 2), (0, -1), 0], [0, 0, (1, 2), 0, 0], [0, 0, (0, -1), 0, 0]]","[[0, 0, (1, 2), 0, 0], [(1, 3), 0, (1, 2), 0, 0], [0, (0, -1), (1, 2), (0, -1), 0], [0, 0, (1, 2), 0, 0], [0, 0, (0, -1), 0, 0]]","[[0, 0, (1, 2), 0, 0], [(1, 3), 0, (1, 2), 0, 0], [0, (0, -1), (1, 2), (0, -1), 0], [0, 0, (1, 2), 0, (2, 1)], [0, 0, (0, -1), 0, 0]]","[[0, 0, (1, 2), 0, 0], [(1, 3), 0, (1, 2), 0, 0], [0, (0, -1), (1, 2), (0, -1), 0], [0, 0, (1, 1), 0, (2, 1)], [0, 0, (0, -1), 0, 0]]","[[0, 0, (1, 2), 0, 0], [(1, 3), 0, (1, 2), 0, 0], [0, (0, -1), (1, 2), (0, -1), 0], [0, 0, (1, 1), 0, 0], [0, 0, (0, -1), 0, 0]]","[[0, 0, 0, 0, 0], [(1, 3), 0, (1, 2), 0, 0], [0, (0, -1), (1, 2), (0, -1), 0], [0, 0, (1, 1), 0, 0], [0, 0, (0, -1), 0, 0]]","[[0, 0, 0, 0, 0], [(1, 3), 0, (1, 2), 0, 0], [0, (0, -1), (1, 2), (0, -1), 0], [0, 0, (1, 1), 0, (2, 1)], [0, 0, (0, -1), 0, 0]]","[[0, 0, (1, 2), 0, 0], [(1, 3), 0, (1, 2), 0, 0], [0, (0, -1), (1, 2), (0, -1), 0], [0, 0, (1, 1), 0, (2, 1)], [0, 0, (0, -1), 0, 0]]","[[0, 0, (1, 2), 0, 0], [(1, 3), 0, (1, 2), 0, 0], [0, (0, -1), (1, 2), (0, -1), 0], [0, 0, (1, 1), 0, 0], [0, 0, (0, -1), 0, 0]]","[[0, 0, 0, 0, 0], [(1, 3), 0, (1, 2), 0, 0], [0, (0, -1), (1, 2), (0, -1), 0], [0, 0, (1, 1), 0, 0], [0, 0, (0, -1), 0, 0]]","[[0, 0, 0, 0, 0], [(1, 3), 0, (1, 2), 0, 0], [0, (0, -1), (1, 2), (0, -1), 0], [0, 0, (1, 1), 0, (2, 1)], [0, 0, (0, -1), 0, 0]]","[[0, 0, 0, 0, 0], [(1, 3), 0, (1, 3), 0, 0], [0, (0, -1), (1, 2), (0, -1), 0], [0, 0, (1, 1), 0, (2, 1)], [0, 0, (0, -1), 0, 0]]","[[0, 0, 0, 0, 0], [(1, 3), 0, (1, 3), 0, 0], [0, (0, -1), (1, 2), (0, -1), 0], [0, 0, (1, 1), 0, 0], [0, 0, (0, -1), 0, 0]]","[[(1, 1), 0, 0, 0, 0], [(1, 3), 0, (1, 3), 0, 0], [0, (0, -1), (1, 2), (0, -1), 0], [0, 0, (1, 1), 0, 0], [0, 0, (0, -1), 0, 0]]","[[(1, 1), 0, 0, 0, 0], [(1, 3), 0, (1, 3), 0, 0], [0, (0, -1), (1, 2), (0, -1), 0], [0, 0, (1, 1), 0, (2, 1)], [0, 0, (0, -1), 0, 0]]","[[(1, 1), 0, 0, 0, 0], [(1, 3), (1, 3), 0, 0, 0], [0, (0, -1), (1, 2), (0, -1), 0], [0, 0, (1, 1), 0, (2, 1)], [0, 0, (0, -1), 0, 0]]","[[(1, 1), 0, 0, 0, 0], [(1, 3), (1, 3), 0, 0, 0], [0, (0, -1), (1, 2), (0, -1), (2, 2)], [0, 0, (1, 1), 0, (2, 1)], [0, 0, (0, -1), 0, 0]]","[[(1, 1), 0, 0, 0, 0], [(1, 3), (1, 3), (1, 2), 0, 0], [0, (0, -1), 0, (0, -1), (2, 2)], [0, 0, (1, 1), 0, (2, 1)], [0, 0, (0, -1), 0, 0]]","[[(1, 1), 0, 0, 0, 0], [(1, 3), (1, 3), (1, 2), 0, 0], [0, (0, -1), 0, (0, -1), (2, 2)], [0, 0, (1, 1), 0, 0], [0, 0, (0, -1), 0, 0]]","[[(1, 1), 0, 0, 0, 0], [(1, 3), (1, 3), (1, 2), 0, 0], [0, (0, -1), 0, (0, -1), (2, 2)], [0, 0, (1, 0), 0, 0], [0, 0, (0, -1), 0, 0]]","[[(1, 1), 0, 0, 0, 0], [(1, 3), (1, 3), (1, 2), 0, 0], [0, (0, -1), 0, (0, -1), (2, 2)], [(2, 3), 0, (1, 0), 0, 0], [0, 0, (0, -1), 0, 0]]","[[(1, 1), 0, 0, 0, 0], [(1, 3), (1, 3), (1, 1), 0, 0], [0, (0, -1), 0, (0, -1), (2, 2)], [(2, 3), 0, (1, 0), 0, 0], [0, 0, (0, -1), 0, 0]]","[[(1, 1), 0, 0, 0, 0], [(1, 3), (1, 3), (1, 1), 0, 0], [0, (0, -1), 0, (0, -1), (2, 2)], [(2, 3), 0, (1, 0), 0, (2, 1)], [0, 0, (0, -1), 0, 0]]","[[(1, 1), 0, (1, 1), 0, 0], [(1, 3), (1, 3), 0, 0, 0], [0, (0, -1), 0, (0, -1), (2, 2)], [(2, 3), 0, (1, 0), 0, (2, 1)], [0, 0, (0, -1), 0, 0]]","[[(1, 1), 0, (1, 1), 0, 0], [(1, 3), (1, 3), 0, 0, 0], [0, (0, -1), 0, (0, -1), (2, 2)], [(2, 3), 0, (1, 0), 0, 0], [0, 0, (0, -1), 0, 0]]","[[(1, 1), 0, 0, 0, 0], [(1, 3), (1, 3), 0, 0, 0], [0, (0, -1), 0, (0, -1), (2, 2)], [(2, 3), 0, (1, 0), 0, 0], [0, 0, (0, -1), 0, 0]]",,,,,,,,,,,,,,,,,,,,,,,,,,,,,,,,,,,,,,,,,,,,,,,,,,,,,,,,,,,,,,,,,,,,,,,,,,,,,,,,,,,,,,,,,,,,,,,,,,,,,,,,,,,,,,,,,,,,,,,,,,,,,,,,,,,,,,,,,,,,,,,,,,,,,,,,,,,,,,,,,,,,,,,,,,,,,,,,,,,,,,,,,,,,,,,,,,,,,,,,,,,,,,,,,,,,,,,,,,,,,,,,,,,,,,,,,,,,,,,,,,,,,,,,,,,,,,,,,,,,,,,,,,,,,,,,,,,,,,,,,,,,,,,,,,,,,,,,,,,,,,,,,,,,,,,,,,,,,,,,,,,,,,,,,,,,,,,,,,,,,,,,,,,,,,,,,,,,,,,,,,,,,,,,,,,,,,,,,,,,,,,,,,,,,,,,,,,,,,,,,,,,,,,,,,,,,,,,,,,,,,,,,,,,,,,,,,,,,,,,,,,,,,,,,,,,,,,,,,,,,,,,,,,,,,,,,,,,,,,,,,,,,,,,,,,,,,,,,,,,,,,,,,,,,,,,,,,,,,,,,,,,,,,,,,,,,,,,,,,,,,,,,,,,,,,,,,,,,,,,,,,,,,,,,,,,,,,,,,,,,,,,,,,,,,,,,,,,,,,,,,,,,,,,,,,,,,,,,,,,,,,,,,,,,,,,,,,,,,,,,,,,,,,,,,,,,,,,,,,,,,,,,,,,,,,,,,,,,,,,,,,,,,,,,,,,,,,,,,,,,,,,,,,,,,,,,,,,,,,,,,,,,,,,,,,,,,,,,,,,,,,,,,,,,,,,,,,,,,,,,,,,,,,,,,,,,,,,,,,,,,,,,,,,,,,,,,,,,,,,,,,,,,,,,,,,,,,,,,,,,,,,,,,,,,,,,,,,,,,,,,,,,,,,,,,,,,,,,,,,,,,,,,,,,,,,,,,,,,,,,,,,,,,,,,,,,,,,,,,,,,,,,,,,,,,,,,,,,,,,,,,,,,,,,,,,,,,,,,,,,,,,,,,
285,state,ia,ia,3,"(1, ('e', 0, 2, 2))","(2, ('e', 3, 4, 1))","(1, ('e', 0, 2, 2))","(2, ('a', 3, 4))","(1, ('e', 0, 2, 2))","(2, ('e', 3, 4, 1))","(1, ('e', 0, 2, 2))","(2, ('a', 3, 4))","(1, ('e', 0, 1, 3))","(2, ('e', 2, 4, 2))","(1, ('a', 0, 2))","(2, ('e', 3, 4, 1))","(1, ('e', 0, 2, 2))","(2, ('a', 3, 4))","(1, ('a', 0, 2))","(2, ('e', 3, 4, 1))","(1, ('e', 0, 2, 2))","(2, ('a', 3, 4))","(1, ('a', 0, 2))","(2, ('e', 3, 4, 1))","(1, ('e', 0, 2, 2))","(2, ('a', 3, 4))","(1, ('a', 0, 2))","(2, ('e', 3, 4, 0))","(1, ('e', 0, 2, 2))","(2, ('a', 3, 4))","(1, ('a', 0, 2))","(2, ('e', 3, 4, 1))","(1, ('e', 0, 2, 2))","(2, ('a', 3, 4))","(1, ('a', 0, 2))","(2, ('e', 3, 4, 1))","(1, ('e', 0, 2, 2))","(2, ('a', 3, 4))","(1, ('a', 0, 2))","(2, ('e', 3, 4, 1))","(1, ('e', 0, 2, 2))","(2, ('a', 3, 4))","(1, ('a', 0, 2))","(2, ('e', 4, 1, 0))","(1, ('e', 0, 2, 2))","(2, ('e', 3, 4, 1))","(1, ('a', 0, 2))","(2, ('e', 1, 4, 3))","(1, ('e', 0, 2, 2))","(2, ('a', 3, 4))","(1, ('m', 0, 2, 1))",,,,,,,,,,,,,,,,,,,,,,,,,,,,,,,,,,,,,,,,,,,,,,,,,,,,,,,,,,,,,,,,,,,,,,,,,,,,,,,,,,,,,,,,,,,,,,,,,,,,,,,,,,,,,,,,,,,,,,,,,,,,,,,,,,,,,,,,,,,,,,,,,,,,,,,,,,,,,,,,,,,,,,,,,,,,,,,,,,,,,,,,,,,,,,,,,,,,,,,,,,,,,,,,,,,,,,,,,,,,,,,,,,,,,,,,,,,,,,,,,,,,,,,,,,,,,,,,,,,,,,,,,,,,,,,,,,,,,,,,,,,,,,,,,,,,,,,,,,,,,,,,,,,,,,,,,,,,,,,,,,,,,,,,,,,,,,,,,,,,,,,,,,,,,,,,,,,,,,,,,,,,,,,,,,,,,,,,,,,,,,,,,,,,,,,,,,,,,,,,,,,,,,,,,,,,,,,,,,,,,,,,,,,,,,,,,,,,,,,,,,,,,,,,,,,,,,,,,,,,,,,,,,,,,,,,,,,,,,,,,,,,,,,,,,,,,,,,,,,,,,,,,,,,,,,,,,,,,,,,,,,,,,,,,,,,,,,,,,,,,,,,,,,,,,,,,,,,,,,,,,,,,,,,,,,,,,,,,,,,,,,,,,,,,,,,,,,,,,,,,,,,,,,,,,,,,,,,,,,,,,,,,,,,,,,,,,,,,,,,,,,,,,,,,,,,,,,,,,,,,,,,,,,,,,,,,,,,,,,,,,,,,,,,,,,,,,,,,,,,,,,,,,,,,,,,,,,,,,,,,,,,,,,,,,,,,,,,,,,,,,,,,,,,,,,,,,,,,,,,,,,,,,,,,,,,,,,,,,,,,,,,,,,,,,,,,,,,,,,,,,,,,,,,,,,,,,,,,,,,,,,,,,,,,,,,,,,,,,,,,,,,,,,,,,,,,,,,,,,,,,,,,,,,,,,,,,,,,,,,,,,,,,,,,,,,,,,,,,,,,,,,,,,,,,,,,,,,,,,,,,,,,,,,,,,,,,,,,,,,,,,,,,,,,
286,move,ia,ia,3,"[[0, 0, (1, 2), 0, 0], [0, 0, 0, 0, 0], [0, (0, -1), (0, -1), (0, -1), 0], [0, 0, 0, 0, 0], [0, 0, 0, 0, 0]]","[[0, 0, (1, 2), 0, 0], [0, 0, 0, 0, 0], [0, (0, -1), (0, -1), (0, -1), 0], [0, 0, 0, 0, (2, 1)], [0, 0, 0, 0, 0]]","[[0, 0, (1, 2), 0, 0], [0, 0, (1, 2), 0, 0], [0, (0, -1), (0, -1), (0, -1), 0], [0, 0, 0, 0, (2, 1)], [0, 0, 0, 0, 0]]","[[0, 0, (1, 2), 0, 0], [0, 0, (1, 2), 0, 0], [0, (0, -1), (0, -1), (0, -1), 0], [0, 0, 0, 0, 0], [0, 0, 0, 0, 0]]","[[0, 0, (1, 2), 0, 0], [0, 0, (1, 2), 0, 0], [0, (0, -1), (1, 2), (0, -1), 0], [0, 0, (0, -1), 0, 0], [0, 0, 0, 0, 0]]","[[0, 0, (1, 2), 0, 0], [0, 0, (1, 2), 0, 0], [0, (0, -1), (1, 2), (0, -1), 0], [0, 0, (0, -1), 0, (2, 1)], [0, 0, 0, 0, 0]]","[[0, 0, (1, 2), 0, 0], [0, 0, (1, 2), 0, 0], [0, (0, -1), (1, 2), (0, -1), 0], [0, 0, (1, 2), 0, (2, 1)], [0, 0, (0, -1), 0, 0]]","[[0, 0, (1, 2), 0, 0], [0, 0, (1, 2), 0, 0], [0, (0, -1), (1, 2), (0, -1), 0], [0, 0, (1, 2), 0, 0], [0, 0, (0, -1), 0, 0]]","[[0, (1, 3), (1, 2), 0, 0], [0, 0, (1, 2), 0, 0], [0, (0, -1), (1, 2), (0, -1), 0], [0, 0, (1, 2), 0, 0], [0, 0, (0, -1), 0, 0]]","[[0, (1, 3), (1, 2), 0, 0], [0, 0, (1, 2), 0, 0], [0, (0, -1), (1, 2), (0, -1), (2, 2)], [0, 0, (1, 2), 0, 0], [0, 0, (0, -1), 0, 0]]","[[0, (1, 3), 0, 0, 0], [0, 0, (1, 2), 0, 0], [0, (0, -1), (1, 2), (0, -1), (2, 2)], [0, 0, (1, 2), 0, 0], [0, 0, (0, -1), 0, 0]]","[[0, (1, 3), 0, 0, 0], [0, 0, (1, 2), 0, 0], [0, (0, -1), (1, 2), (0, -1), (2, 2)], [0, 0, (1, 2), 0, (2, 1)], [0, 0, (0, -1), 0, 0]]","[[0, (1, 3), (1, 2), 0, 0], [0, 0, (1, 2), 0, 0], [0, (0, -1), (1, 2), (0, -1), (2, 2)], [0, 0, (1, 2), 0, (2, 1)], [0, 0, (0, -1), 0, 0]]","[[0, (1, 3), (1, 2), 0, 0], [0, 0, (1, 2), 0, 0], [0, (0, -1), (1, 2), (0, -1), (2, 2)], [0, 0, (1, 2), 0, 0], [0, 0, (0, -1), 0, 0]]","[[0, (1, 3), 0, 0, 0], [0, 0, (1, 2), 0, 0], [0, (0, -1), (1, 2), (0, -1), (2, 2)], [0, 0, (1, 2), 0, 0], [0, 0, (0, -1), 0, 0]]","[[0, (1, 3), 0, 0, 0], [0, 0, (1, 2), 0, 0], [0, (0, -1), (1, 2), (0, -1), (2, 2)], [0, 0, (1, 2), 0, (2, 1)], [0, 0, (0, -1), 0, 0]]","[[0, (1, 3), (1, 2), 0, 0], [0, 0, (1, 2), 0, 0], [0, (0, -1), (1, 2), (0, -1), (2, 2)], [0, 0, (1, 2), 0, (2, 1)], [0, 0, (0, -1), 0, 0]]","[[0, (1, 3), (1, 2), 0, 0], [0, 0, (1, 2), 0, 0], [0, (0, -1), (1, 2), (0, -1), (2, 2)], [0, 0, (1, 2), 0, 0], [0, 0, (0, -1), 0, 0]]","[[0, (1, 3), 0, 0, 0], [0, 0, (1, 2), 0, 0], [0, (0, -1), (1, 2), (0, -1), (2, 2)], [0, 0, (1, 2), 0, 0], [0, 0, (0, -1), 0, 0]]","[[0, (1, 3), 0, 0, 0], [0, 0, (1, 2), 0, 0], [0, (0, -1), (1, 2), (0, -1), (2, 2)], [0, 0, (1, 2), 0, (2, 1)], [0, 0, (0, -1), 0, 0]]","[[0, (1, 3), (1, 2), 0, 0], [0, 0, (1, 2), 0, 0], [0, (0, -1), (1, 2), (0, -1), (2, 2)], [0, 0, (1, 2), 0, (2, 1)], [0, 0, (0, -1), 0, 0]]","[[0, (1, 3), (1, 2), 0, 0], [0, 0, (1, 2), 0, 0], [0, (0, -1), (1, 2), (0, -1), (2, 2)], [0, 0, (1, 2), 0, 0], [0, 0, (0, -1), 0, 0]]","[[0, (1, 3), 0, 0, 0], [0, 0, (1, 2), 0, 0], [0, (0, -1), (1, 2), (0, -1), (2, 2)], [0, 0, (1, 2), 0, 0], [0, 0, (0, -1), 0, 0]]","[[0, (1, 3), 0, 0, 0], [0, 0, (1, 2), 0, 0], [0, (0, -1), (1, 2), (0, -1), (2, 2)], [0, 0, (1, 2), 0, (2, 0)], [0, 0, (0, -1), 0, 0]]","[[0, (1, 3), (1, 2), 0, 0], [0, 0, (1, 2), 0, 0], [0, (0, -1), (1, 2), (0, -1), (2, 2)], [0, 0, (1, 2), 0, (2, 0)], [0, 0, (0, -1), 0, 0]]","[[0, (1, 3), (1, 2), 0, 0], [0, 0, (1, 2), 0, 0], [0, (0, -1), (1, 2), (0, -1), (2, 2)], [0, 0, (1, 2), 0, 0], [0, 0, (0, -1), 0, 0]]","[[0, (1, 3), 0, 0, 0], [0, 0, (1, 2), 0, 0], [0, (0, -1), (1, 2), (0, -1), (2, 2)], [0, 0, (1, 2), 0, 0], [0, 0, (0, -1), 0, 0]]","[[0, (1, 3), 0, 0, 0], [0, 0, (1, 2), 0, 0], [0, (0, -1), (1, 2), (0, -1), (2, 2)], [0, 0, (1, 2), 0, (2, 1)], [0, 0, (0, -1), 0, 0]]","[[0, (1, 3), (1, 2), 0, 0], [0, 0, (1, 2), 0, 0], [0, (0, -1), (1, 2), (0, -1), (2, 2)], [0, 0, (1, 2), 0, (2, 1)], [0, 0, (0, -1), 0, 0]]","[[0, (1, 3), (1, 2), 0, 0], [0, 0, (1, 2), 0, 0], [0, (0, -1), (1, 2), (0, -1), (2, 2)], [0, 0, (1, 2), 0, 0], [0, 0, (0, -1), 0, 0]]","[[0, (1, 3), 0, 0, 0], [0, 0, (1, 2), 0, 0], [0, (0, -1), (1, 2), (0, -1), (2, 2)], [0, 0, (1, 2), 0, 0], [0, 0, (0, -1), 0, 0]]","[[0, (1, 3), 0, 0, 0], [0, 0, (1, 2), 0, 0], [0, (0, -1), (1, 2), (0, -1), (2, 2)], [0, 0, (1, 2), 0, (2, 1)], [0, 0, (0, -1), 0, 0]]","[[0, (1, 3), (1, 2), 0, 0], [0, 0, (1, 2), 0, 0], [0, (0, -1), (1, 2), (0, -1), (2, 2)], [0, 0, (1, 2), 0, (2, 1)], [0, 0, (0, -1), 0, 0]]","[[0, (1, 3), (1, 2), 0, 0], [0, 0, (1, 2), 0, 0], [0, (0, -1), (1, 2), (0, -1), (2, 2)], [0, 0, (1, 2), 0, 0], [0, 0, (0, -1), 0, 0]]","[[0, (1, 3), 0, 0, 0], [0, 0, (1, 2), 0, 0], [0, (0, -1), (1, 2), (0, -1), (2, 2)], [0, 0, (1, 2), 0, 0], [0, 0, (0, -1), 0, 0]]","[[0, (1, 3), 0, 0, 0], [0, 0, (1, 2), 0, 0], [0, (0, -1), (1, 2), (0, -1), (2, 2)], [0, 0, (1, 2), 0, (2, 1)], [0, 0, (0, -1), 0, 0]]","[[0, (1, 3), (1, 2), 0, 0], [0, 0, (1, 2), 0, 0], [0, (0, -1), (1, 2), (0, -1), (2, 2)], [0, 0, (1, 2), 0, (2, 1)], [0, 0, (0, -1), 0, 0]]","[[0, (1, 3), (1, 2), 0, 0], [0, 0, (1, 2), 0, 0], [0, (0, -1), (1, 2), (0, -1), (2, 2)], [0, 0, (1, 2), 0, 0], [0, 0, (0, -1), 0, 0]]","[[0, (1, 3), 0, 0, 0], [0, 0, (1, 2), 0, 0], [0, (0, -1), (1, 2), (0, -1), (2, 2)], [0, 0, (1, 2), 0, 0], [0, 0, (0, -1), 0, 0]]","[[0, (1, 3), 0, 0, 0], [0, 0, (1, 2), 0, 0], [0, (0, -1), (1, 2), (0, -1), (2, 2)], [0, 0, (1, 2), 0, 0], [0, (2, 0), (0, -1), 0, 0]]","[[0, (1, 3), (1, 2), 0, 0], [0, 0, (1, 2), 0, 0], [0, (0, -1), (1, 2), (0, -1), (2, 2)], [0, 0, (1, 2), 0, 0], [0, (2, 0), (0, -1), 0, 0]]","[[0, (1, 3), (1, 2), 0, 0], [0, 0, (1, 2), 0, 0], [0, (0, -1), (1, 2), (0, -1), (2, 2)], [0, 0, (1, 2), 0, (2, 1)], [0, (2, 0), (0, -1), 0, 0]]","[[0, (1, 3), 0, 0, 0], [0, 0, (1, 2), 0, 0], [0, (0, -1), (1, 2), (0, -1), (2, 2)], [0, 0, (1, 2), 0, (2, 1)], [0, (2, 0), (0, -1), 0, 0]]","[[0, (1, 3), 0, 0, 0], [0, 0, (1, 2), 0, (2, 3)], [0, (0, -1), (1, 2), (0, -1), (2, 2)], [0, 0, (1, 2), 0, (2, 1)], [0, (2, 0), (0, -1), 0, 0]]","[[0, (1, 3), (1, 2), 0, 0], [0, 0, (1, 2), 0, (2, 3)], [0, (0, -1), (1, 2), (0, -1), (2, 2)], [0, 0, (1, 2), 0, (2, 1)], [0, (2, 0), (0, -1), 0, 0]]","[[0, (1, 3), (1, 2), 0, 0], [0, 0, (1, 2), 0, (2, 3)], [0, (0, -1), (1, 2), (0, -1), (2, 2)], [0, 0, (1, 2), 0, 0], [0, (2, 0), (0, -1), 0, 0]]","[[0, (1, 3), 0, (1, 2), 0], [0, 0, (1, 2), 0, (2, 3)], [0, (0, -1), (1, 2), (0, -1), (2, 2)], [0, 0, (1, 2), 0, 0], [0, (2, 0), (0, -1), 0, 0]]",,,,,,,,,,,,,,,,,,,,,,,,,,,,,,,,,,,,,,,,,,,,,,,,,,,,,,,,,,,,,,,,,,,,,,,,,,,,,,,,,,,,,,,,,,,,,,,,,,,,,,,,,,,,,,,,,,,,,,,,,,,,,,,,,,,,,,,,,,,,,,,,,,,,,,,,,,,,,,,,,,,,,,,,,,,,,,,,,,,,,,,,,,,,,,,,,,,,,,,,,,,,,,,,,,,,,,,,,,,,,,,,,,,,,,,,,,,,,,,,,,,,,,,,,,,,,,,,,,,,,,,,,,,,,,,,,,,,,,,,,,,,,,,,,,,,,,,,,,,,,,,,,,,,,,,,,,,,,,,,,,,,,,,,,,,,,,,,,,,,,,,,,,,,,,,,,,,,,,,,,,,,,,,,,,,,,,,,,,,,,,,,,,,,,,,,,,,,,,,,,,,,,,,,,,,,,,,,,,,,,,,,,,,,,,,,,,,,,,,,,,,,,,,,,,,,,,,,,,,,,,,,,,,,,,,,,,,,,,,,,,,,,,,,,,,,,,,,,,,,,,,,,,,,,,,,,,,,,,,,,,,,,,,,,,,,,,,,,,,,,,,,,,,,,,,,,,,,,,,,,,,,,,,,,,,,,,,,,,,,,,,,,,,,,,,,,,,,,,,,,,,,,,,,,,,,,,,,,,,,,,,,,,,,,,,,,,,,,,,,,,,,,,,,,,,,,,,,,,,,,,,,,,,,,,,,,,,,,,,,,,,,,,,,,,,,,,,,,,,,,,,,,,,,,,,,,,,,,,,,,,,,,,,,,,,,,,,,,,,,,,,,,,,,,,,,,,,,,,,,,,,,,,,,,,,,,,,,,,,,,,,,,,,,,,,,,,,,,,,,,,,,,,,,,,,,,,,,,,,,,,,,,,,,,,,,,,,,,,,,,,,,,,,,,,,,,,,,,,,,,,,,,,,,,,,,,,,,,,,,,,,,,,,,,,,,,,,,,,,,,,,,,,,,,,,,,,,,,,,,,,,,,,,,,,,,,,,,,,,,,,,,,,,,,
287,state,ia,ia,1,"(1, ('e', 0, 2, 2))","(2, ('e', 3, 4, 1))","(1, ('e', 0, 2, 2))","(2, ('a', 3, 4))","(1, ('e', 4, 0, 3))","(2, ('e', 3, 4, 1))","(1, ('e', 0, 2, 2))","(2, ('a', 3, 4))","(1, ('e', 0, 2, 2))","(2, ('e', 3, 4, 1))","(1, ('a', 0, 2))","(2, ('a', 3, 4))","(1, ('e', 0, 2, 2))","(2, ('e', 3, 4, 1))","(1, ('a', 0, 2))","(2, ('a', 3, 4))","(1, ('e', 0, 2, 2))","(2, ('e', 3, 4, 1))","(1, ('a', 0, 2))","(2, ('a', 3, 4))","(1, ('e', 0, 2, 2))","(2, ('e', 3, 4, 1))","(1, ('a', 0, 2))","(2, ('e', 0, 2, 3))","(1, ('e', 0, 2, 2))",,,,,,,,,,,,,,,,,,,,,,,,,,,,,,,,,,,,,,,,,,,,,,,,,,,,,,,,,,,,,,,,,,,,,,,,,,,,,,,,,,,,,,,,,,,,,,,,,,,,,,,,,,,,,,,,,,,,,,,,,,,,,,,,,,,,,,,,,,,,,,,,,,,,,,,,,,,,,,,,,,,,,,,,,,,,,,,,,,,,,,,,,,,,,,,,,,,,,,,,,,,,,,,,,,,,,,,,,,,,,,,,,,,,,,,,,,,,,,,,,,,,,,,,,,,,,,,,,,,,,,,,,,,,,,,,,,,,,,,,,,,,,,,,,,,,,,,,,,,,,,,,,,,,,,,,,,,,,,,,,,,,,,,,,,,,,,,,,,,,,,,,,,,,,,,,,,,,,,,,,,,,,,,,,,,,,,,,,,,,,,,,,,,,,,,,,,,,,,,,,,,,,,,,,,,,,,,,,,,,,,,,,,,,,,,,,,,,,,,,,,,,,,,,,,,,,,,,,,,,,,,,,,,,,,,,,,,,,,,,,,,,,,,,,,,,,,,,,,,,,,,,,,,,,,,,,,,,,,,,,,,,,,,,,,,,,,,,,,,,,,,,,,,,,,,,,,,,,,,,,,,,,,,,,,,,,,,,,,,,,,,,,,,,,,,,,,,,,,,,,,,,,,,,,,,,,,,,,,,,,,,,,,,,,,,,,,,,,,,,,,,,,,,,,,,,,,,,,,,,,,,,,,,,,,,,,,,,,,,,,,,,,,,,,,,,,,,,,,,,,,,,,,,,,,,,,,,,,,,,,,,,,,,,,,,,,,,,,,,,,,,,,,,,,,,,,,,,,,,,,,,,,,,,,,,,,,,,,,,,,,,,,,,,,,,,,,,,,,,,,,,,,,,,,,,,,,,,,,,,,,,,,,,,,,,,,,,,,,,,,,,,,,,,,,,,,,,,,,,,,,,,,,,,,,,,,,,,,,,,,,,,,,,,,,,,,,,,,,,,,,,,,,,,,,,,,,,,,,,,,,,,,,,,,,,,,,,,,,,,,,,,,,,,,,,,,,,,,,,,,,,,,,,,,,,
288,move,ia,ia,1,"[[0, 0, (1, 2), 0, 0], [0, 0, 0, 0, 0], [0, (0, -1), (0, -1), (0, -1), 0], [0, 0, 0, 0, 0], [0, 0, 0, 0, 0]]","[[0, 0, (1, 2), 0, 0], [0, 0, 0, 0, 0], [0, (0, -1), (0, -1), (0, -1), 0], [0, 0, 0, 0, (2, 1)], [0, 0, 0, 0, 0]]","[[0, 0, (1, 2), 0, 0], [0, 0, (1, 2), 0, 0], [0, (0, -1), (0, -1), (0, -1), 0], [0, 0, 0, 0, (2, 1)], [0, 0, 0, 0, 0]]","[[0, 0, (1, 2), 0, 0], [0, 0, (1, 2), 0, 0], [0, (0, -1), (0, -1), (0, -1), 0], [0, 0, 0, 0, 0], [0, 0, 0, 0, 0]]","[[0, 0, (1, 2), 0, 0], [0, 0, (1, 2), 0, 0], [0, (0, -1), (0, -1), (0, -1), 0], [0, 0, 0, 0, 0], [(1, 3), 0, 0, 0, 0]]","[[0, 0, (1, 2), 0, 0], [0, 0, (1, 2), 0, 0], [0, (0, -1), (0, -1), (0, -1), 0], [0, 0, 0, 0, (2, 1)], [(1, 3), 0, 0, 0, 0]]","[[0, 0, (1, 2), 0, 0], [0, 0, (1, 2), 0, 0], [0, (0, -1), (1, 2), (0, -1), 0], [0, 0, (0, -1), 0, (2, 1)], [(1, 3), 0, 0, 0, 0]]","[[0, 0, (1, 2), 0, 0], [0, 0, (1, 2), 0, 0], [0, (0, -1), (1, 2), (0, -1), 0], [0, 0, (0, -1), 0, 0], [(1, 3), 0, 0, 0, 0]]","[[0, 0, (1, 2), 0, 0], [0, 0, (1, 2), 0, 0], [0, (0, -1), (1, 2), (0, -1), 0], [0, 0, (1, 2), 0, 0], [(1, 3), 0, (0, -1), 0, 0]]","[[0, 0, (1, 2), 0, 0], [0, 0, (1, 2), 0, 0], [0, (0, -1), (1, 2), (0, -1), 0], [0, 0, (1, 2), 0, (2, 1)], [(1, 3), 0, (0, -1), 0, 0]]","[[0, 0, 0, 0, 0], [0, 0, (1, 2), 0, 0], [0, (0, -1), (1, 2), (0, -1), 0], [0, 0, (1, 2), 0, (2, 1)], [(1, 3), 0, (0, -1), 0, 0]]","[[0, 0, 0, 0, 0], [0, 0, (1, 2), 0, 0], [0, (0, -1), (1, 2), (0, -1), 0], [0, 0, (1, 2), 0, 0], [(1, 3), 0, (0, -1), 0, 0]]","[[0, 0, (1, 2), 0, 0], [0, 0, (1, 2), 0, 0], [0, (0, -1), (1, 2), (0, -1), 0], [0, 0, (1, 2), 0, 0], [(1, 3), 0, (0, -1), 0, 0]]","[[0, 0, (1, 2), 0, 0], [0, 0, (1, 2), 0, 0], [0, (0, -1), (1, 2), (0, -1), 0], [0, 0, (1, 2), 0, (2, 1)], [(1, 3), 0, (0, -1), 0, 0]]","[[0, 0, 0, 0, 0], [0, 0, (1, 2), 0, 0], [0, (0, -1), (1, 2), (0, -1), 0], [0, 0, (1, 2), 0, (2, 1)], [(1, 3), 0, (0, -1), 0, 0]]","[[0, 0, 0, 0, 0], [0, 0, (1, 2), 0, 0], [0, (0, -1), (1, 2), (0, -1), 0], [0, 0, (1, 2), 0, 0], [(1, 3), 0, (0, -1), 0, 0]]","[[0, 0, (1, 2), 0, 0], [0, 0, (1, 2), 0, 0], [0, (0, -1), (1, 2), (0, -1), 0], [0, 0, (1, 2), 0, 0], [(1, 3), 0, (0, -1), 0, 0]]","[[0, 0, (1, 2), 0, 0], [0, 0, (1, 2), 0, 0], [0, (0, -1), (1, 2), (0, -1), 0], [0, 0, (1, 2), 0, (2, 1)], [(1, 3), 0, (0, -1), 0, 0]]","[[0, 0, 0, 0, 0], [0, 0, (1, 2), 0, 0], [0, (0, -1), (1, 2), (0, -1), 0], [0, 0, (1, 2), 0, (2, 1)], [(1, 3), 0, (0, -1), 0, 0]]","[[0, 0, 0, 0, 0], [0, 0, (1, 2), 0, 0], [0, (0, -1), (1, 2), (0, -1), 0], [0, 0, (1, 2), 0, 0], [(1, 3), 0, (0, -1), 0, 0]]","[[0, 0, (1, 2), 0, 0], [0, 0, (1, 2), 0, 0], [0, (0, -1), (1, 2), (0, -1), 0], [0, 0, (1, 2), 0, 0], [(1, 3), 0, (0, -1), 0, 0]]","[[0, 0, (1, 2), 0, 0], [0, 0, (1, 2), 0, 0], [0, (0, -1), (1, 2), (0, -1), 0], [0, 0, (1, 2), 0, (2, 1)], [(1, 3), 0, (0, -1), 0, 0]]","[[0, 0, 0, 0, 0], [0, 0, (1, 2), 0, 0], [0, (0, -1), (1, 2), (0, -1), 0], [0, 0, (1, 2), 0, (2, 1)], [(1, 3), 0, (0, -1), 0, 0]]","[[0, 0, (2, 3), 0, 0], [0, 0, (1, 2), 0, 0], [0, (0, -1), (1, 2), (0, -1), 0], [0, 0, (1, 2), 0, (2, 1)], [(1, 3), 0, (0, -1), 0, 0]]","[[0, 0, (1, 2), 0, 0], [0, 0, (2, 3), 0, 0], [0, (0, -1), (1, 2), (0, -1), 0], [0, 0, (1, 2), 0, (2, 1)], [(1, 3), 0, (1, 2), 0, 0]]",,,,,,,,,,,,,,,,,,,,,,,,,,,,,,,,,,,,,,,,,,,,,,,,,,,,,,,,,,,,,,,,,,,,,,,,,,,,,,,,,,,,,,,,,,,,,,,,,,,,,,,,,,,,,,,,,,,,,,,,,,,,,,,,,,,,,,,,,,,,,,,,,,,,,,,,,,,,,,,,,,,,,,,,,,,,,,,,,,,,,,,,,,,,,,,,,,,,,,,,,,,,,,,,,,,,,,,,,,,,,,,,,,,,,,,,,,,,,,,,,,,,,,,,,,,,,,,,,,,,,,,,,,,,,,,,,,,,,,,,,,,,,,,,,,,,,,,,,,,,,,,,,,,,,,,,,,,,,,,,,,,,,,,,,,,,,,,,,,,,,,,,,,,,,,,,,,,,,,,,,,,,,,,,,,,,,,,,,,,,,,,,,,,,,,,,,,,,,,,,,,,,,,,,,,,,,,,,,,,,,,,,,,,,,,,,,,,,,,,,,,,,,,,,,,,,,,,,,,,,,,,,,,,,,,,,,,,,,,,,,,,,,,,,,,,,,,,,,,,,,,,,,,,,,,,,,,,,,,,,,,,,,,,,,,,,,,,,,,,,,,,,,,,,,,,,,,,,,,,,,,,,,,,,,,,,,,,,,,,,,,,,,,,,,,,,,,,,,,,,,,,,,,,,,,,,,,,,,,,,,,,,,,,,,,,,,,,,,,,,,,,,,,,,,,,,,,,,,,,,,,,,,,,,,,,,,,,,,,,,,,,,,,,,,,,,,,,,,,,,,,,,,,,,,,,,,,,,,,,,,,,,,,,,,,,,,,,,,,,,,,,,,,,,,,,,,,,,,,,,,,,,,,,,,,,,,,,,,,,,,,,,,,,,,,,,,,,,,,,,,,,,,,,,,,,,,,,,,,,,,,,,,,,,,,,,,,,,,,,,,,,,,,,,,,,,,,,,,,,,,,,,,,,,,,,,,,,,,,,,,,,,,,,,,,,,,,,,,,,,,,,,,,,,,,,,,,,,,,,,,,,,,,,,,,,,,,,,,,,,,,,,,,,,,,,,,,,,,,,,,,,,,,,,,,,
289,state,ia,ia,1,"(1, ('e', 0, 2, 2))","(2, ('e', 3, 4, 1))","(1, ('e', 0, 2, 2))","(2, ('a', 3, 4))","(1, ('e', 0, 2, 2))","(2, ('e', 3, 4, 3))","(1, ('e', 0, 2, 2))","(2, ('e', 0, 0, 2))","(1, ('e', 0, 2, 2))",,,,,,,,,,,,,,,,,,,,,,,,,,,,,,,,,,,,,,,,,,,,,,,,,,,,,,,,,,,,,,,,,,,,,,,,,,,,,,,,,,,,,,,,,,,,,,,,,,,,,,,,,,,,,,,,,,,,,,,,,,,,,,,,,,,,,,,,,,,,,,,,,,,,,,,,,,,,,,,,,,,,,,,,,,,,,,,,,,,,,,,,,,,,,,,,,,,,,,,,,,,,,,,,,,,,,,,,,,,,,,,,,,,,,,,,,,,,,,,,,,,,,,,,,,,,,,,,,,,,,,,,,,,,,,,,,,,,,,,,,,,,,,,,,,,,,,,,,,,,,,,,,,,,,,,,,,,,,,,,,,,,,,,,,,,,,,,,,,,,,,,,,,,,,,,,,,,,,,,,,,,,,,,,,,,,,,,,,,,,,,,,,,,,,,,,,,,,,,,,,,,,,,,,,,,,,,,,,,,,,,,,,,,,,,,,,,,,,,,,,,,,,,,,,,,,,,,,,,,,,,,,,,,,,,,,,,,,,,,,,,,,,,,,,,,,,,,,,,,,,,,,,,,,,,,,,,,,,,,,,,,,,,,,,,,,,,,,,,,,,,,,,,,,,,,,,,,,,,,,,,,,,,,,,,,,,,,,,,,,,,,,,,,,,,,,,,,,,,,,,,,,,,,,,,,,,,,,,,,,,,,,,,,,,,,,,,,,,,,,,,,,,,,,,,,,,,,,,,,,,,,,,,,,,,,,,,,,,,,,,,,,,,,,,,,,,,,,,,,,,,,,,,,,,,,,,,,,,,,,,,,,,,,,,,,,,,,,,,,,,,,,,,,,,,,,,,,,,,,,,,,,,,,,,,,,,,,,,,,,,,,,,,,,,,,,,,,,,,,,,,,,,,,,,,,,,,,,,,,,,,,,,,,,,,,,,,,,,,,,,,,,,,,,,,,,,,,,,,,,,,,,,,,,,,,,,,,,,,,,,,,,,,,,,,,,,,,,,,,,,,,,,,,,,,,,,,,,,,,,,,,,,,,,,,,,,,,,,,,,,,,,,,,,,,,,,,,,,,,,,,,,,,,,,,,,,,,,,,,,,,,,,,,
290,move,ia,ia,1,"[[0, 0, (1, 2), 0, 0], [0, 0, 0, 0, 0], [0, (0, -1), (0, -1), (0, -1), 0], [0, 0, 0, 0, 0], [0, 0, 0, 0, 0]]","[[0, 0, (1, 2), 0, 0], [0, 0, 0, 0, 0], [0, (0, -1), (0, -1), (0, -1), 0], [0, 0, 0, 0, (2, 1)], [0, 0, 0, 0, 0]]","[[0, 0, (1, 2), 0, 0], [0, 0, (1, 2), 0, 0], [0, (0, -1), (0, -1), (0, -1), 0], [0, 0, 0, 0, (2, 1)], [0, 0, 0, 0, 0]]","[[0, 0, (1, 2), 0, 0], [0, 0, (1, 2), 0, 0], [0, (0, -1), (0, -1), (0, -1), 0], [0, 0, 0, 0, 0], [0, 0, 0, 0, 0]]","[[0, 0, (1, 2), 0, 0], [0, 0, (1, 2), 0, 0], [0, (0, -1), (1, 2), (0, -1), 0], [0, 0, (0, -1), 0, 0], [0, 0, 0, 0, 0]]","[[0, 0, (1, 2), 0, 0], [0, 0, (1, 2), 0, 0], [0, (0, -1), (1, 2), (0, -1), 0], [0, 0, (0, -1), 0, (2, 3)], [0, 0, 0, 0, 0]]","[[0, 0, (1, 2), 0, 0], [0, 0, (1, 2), 0, 0], [0, (0, -1), (1, 2), (0, -1), 0], [0, 0, (1, 2), 0, (2, 3)], [0, 0, (0, -1), 0, 0]]","[[(2, 2), 0, (1, 2), 0, 0], [0, 0, (1, 2), 0, 0], [0, (0, -1), (1, 2), (0, -1), 0], [0, 0, (1, 2), 0, (2, 3)], [0, 0, (0, -1), 0, 0]]","[[(2, 2), 0, (1, 2), 0, 0], [0, 0, (1, 2), 0, 0], [0, (0, -1), (1, 2), (0, -1), 0], [0, 0, (1, 2), 0, (2, 3)], [0, 0, (1, 2), 0, 0]]",,,,,,,,,,,,,,,,,,,,,,,,,,,,,,,,,,,,,,,,,,,,,,,,,,,,,,,,,,,,,,,,,,,,,,,,,,,,,,,,,,,,,,,,,,,,,,,,,,,,,,,,,,,,,,,,,,,,,,,,,,,,,,,,,,,,,,,,,,,,,,,,,,,,,,,,,,,,,,,,,,,,,,,,,,,,,,,,,,,,,,,,,,,,,,,,,,,,,,,,,,,,,,,,,,,,,,,,,,,,,,,,,,,,,,,,,,,,,,,,,,,,,,,,,,,,,,,,,,,,,,,,,,,,,,,,,,,,,,,,,,,,,,,,,,,,,,,,,,,,,,,,,,,,,,,,,,,,,,,,,,,,,,,,,,,,,,,,,,,,,,,,,,,,,,,,,,,,,,,,,,,,,,,,,,,,,,,,,,,,,,,,,,,,,,,,,,,,,,,,,,,,,,,,,,,,,,,,,,,,,,,,,,,,,,,,,,,,,,,,,,,,,,,,,,,,,,,,,,,,,,,,,,,,,,,,,,,,,,,,,,,,,,,,,,,,,,,,,,,,,,,,,,,,,,,,,,,,,,,,,,,,,,,,,,,,,,,,,,,,,,,,,,,,,,,,,,,,,,,,,,,,,,,,,,,,,,,,,,,,,,,,,,,,,,,,,,,,,,,,,,,,,,,,,,,,,,,,,,,,,,,,,,,,,,,,,,,,,,,,,,,,,,,,,,,,,,,,,,,,,,,,,,,,,,,,,,,,,,,,,,,,,,,,,,,,,,,,,,,,,,,,,,,,,,,,,,,,,,,,,,,,,,,,,,,,,,,,,,,,,,,,,,,,,,,,,,,,,,,,,,,,,,,,,,,,,,,,,,,,,,,,,,,,,,,,,,,,,,,,,,,,,,,,,,,,,,,,,,,,,,,,,,,,,,,,,,,,,,,,,,,,,,,,,,,,,,,,,,,,,,,,,,,,,,,,,,,,,,,,,,,,,,,,,,,,,,,,,,,,,,,,,,,,,,,,,,,,,,,,,,,,,,,,,,,,,,,,,,,,,,,,,,,,,,,,,,,,,,,,,,,,,,,,,,,,,,,,,,,,,,,,,,,
291,state,ia,ia,1,"(1, ('e', 0, 2, 2))","(2, ('e', 3, 4, 1))","(1, ('e', 0, 2, 2))","(2, ('a', 3, 4))","(1, ('e', 0, 2, 2))","(2, ('e', 3, 4, 1))","(1, ('e', 0, 2, 2))","(2, ('a', 3, 4))","(1, ('e', 0, 2, 2))",,,,,,,,,,,,,,,,,,,,,,,,,,,,,,,,,,,,,,,,,,,,,,,,,,,,,,,,,,,,,,,,,,,,,,,,,,,,,,,,,,,,,,,,,,,,,,,,,,,,,,,,,,,,,,,,,,,,,,,,,,,,,,,,,,,,,,,,,,,,,,,,,,,,,,,,,,,,,,,,,,,,,,,,,,,,,,,,,,,,,,,,,,,,,,,,,,,,,,,,,,,,,,,,,,,,,,,,,,,,,,,,,,,,,,,,,,,,,,,,,,,,,,,,,,,,,,,,,,,,,,,,,,,,,,,,,,,,,,,,,,,,,,,,,,,,,,,,,,,,,,,,,,,,,,,,,,,,,,,,,,,,,,,,,,,,,,,,,,,,,,,,,,,,,,,,,,,,,,,,,,,,,,,,,,,,,,,,,,,,,,,,,,,,,,,,,,,,,,,,,,,,,,,,,,,,,,,,,,,,,,,,,,,,,,,,,,,,,,,,,,,,,,,,,,,,,,,,,,,,,,,,,,,,,,,,,,,,,,,,,,,,,,,,,,,,,,,,,,,,,,,,,,,,,,,,,,,,,,,,,,,,,,,,,,,,,,,,,,,,,,,,,,,,,,,,,,,,,,,,,,,,,,,,,,,,,,,,,,,,,,,,,,,,,,,,,,,,,,,,,,,,,,,,,,,,,,,,,,,,,,,,,,,,,,,,,,,,,,,,,,,,,,,,,,,,,,,,,,,,,,,,,,,,,,,,,,,,,,,,,,,,,,,,,,,,,,,,,,,,,,,,,,,,,,,,,,,,,,,,,,,,,,,,,,,,,,,,,,,,,,,,,,,,,,,,,,,,,,,,,,,,,,,,,,,,,,,,,,,,,,,,,,,,,,,,,,,,,,,,,,,,,,,,,,,,,,,,,,,,,,,,,,,,,,,,,,,,,,,,,,,,,,,,,,,,,,,,,,,,,,,,,,,,,,,,,,,,,,,,,,,,,,,,,,,,,,,,,,,,,,,,,,,,,,,,,,,,,,,,,,,,,,,,,,,,,,,,,,,,,,,,,,,,,,,,,,,,,,,,,,,,,,,,,,,,,,,,,,,,,,,,,,,
292,move,ia,ia,1,"[[0, 0, (1, 2), 0, 0], [0, 0, 0, 0, 0], [0, (0, -1), (0, -1), (0, -1), 0], [0, 0, 0, 0, 0], [0, 0, 0, 0, 0]]","[[0, 0, (1, 2), 0, 0], [0, 0, 0, 0, 0], [0, (0, -1), (0, -1), (0, -1), 0], [0, 0, 0, 0, (2, 1)], [0, 0, 0, 0, 0]]","[[0, 0, (1, 2), 0, 0], [0, 0, (1, 2), 0, 0], [0, (0, -1), (0, -1), (0, -1), 0], [0, 0, 0, 0, (2, 1)], [0, 0, 0, 0, 0]]","[[0, 0, (1, 2), 0, 0], [0, 0, (1, 2), 0, 0], [0, (0, -1), (0, -1), (0, -1), 0], [0, 0, 0, 0, 0], [0, 0, 0, 0, 0]]","[[0, 0, (1, 2), 0, 0], [0, 0, (1, 2), 0, 0], [0, (0, -1), (1, 2), (0, -1), 0], [0, 0, (0, -1), 0, 0], [0, 0, 0, 0, 0]]","[[0, 0, (1, 2), 0, 0], [0, 0, (1, 2), 0, 0], [0, (0, -1), (1, 2), (0, -1), 0], [0, 0, (0, -1), 0, (2, 1)], [0, 0, 0, 0, 0]]","[[0, 0, (1, 2), 0, 0], [0, 0, (1, 2), 0, 0], [0, (0, -1), (1, 2), (0, -1), 0], [0, 0, (1, 2), 0, (2, 1)], [0, 0, (0, -1), 0, 0]]","[[0, 0, (1, 2), 0, 0], [0, 0, (1, 2), 0, 0], [0, (0, -1), (1, 2), (0, -1), 0], [0, 0, (1, 2), 0, 0], [0, 0, (0, -1), 0, 0]]","[[0, 0, (1, 2), 0, 0], [0, 0, (1, 2), 0, 0], [0, (0, -1), (1, 2), (0, -1), 0], [0, 0, (1, 2), 0, 0], [0, 0, (1, 2), 0, 0]]",,,,,,,,,,,,,,,,,,,,,,,,,,,,,,,,,,,,,,,,,,,,,,,,,,,,,,,,,,,,,,,,,,,,,,,,,,,,,,,,,,,,,,,,,,,,,,,,,,,,,,,,,,,,,,,,,,,,,,,,,,,,,,,,,,,,,,,,,,,,,,,,,,,,,,,,,,,,,,,,,,,,,,,,,,,,,,,,,,,,,,,,,,,,,,,,,,,,,,,,,,,,,,,,,,,,,,,,,,,,,,,,,,,,,,,,,,,,,,,,,,,,,,,,,,,,,,,,,,,,,,,,,,,,,,,,,,,,,,,,,,,,,,,,,,,,,,,,,,,,,,,,,,,,,,,,,,,,,,,,,,,,,,,,,,,,,,,,,,,,,,,,,,,,,,,,,,,,,,,,,,,,,,,,,,,,,,,,,,,,,,,,,,,,,,,,,,,,,,,,,,,,,,,,,,,,,,,,,,,,,,,,,,,,,,,,,,,,,,,,,,,,,,,,,,,,,,,,,,,,,,,,,,,,,,,,,,,,,,,,,,,,,,,,,,,,,,,,,,,,,,,,,,,,,,,,,,,,,,,,,,,,,,,,,,,,,,,,,,,,,,,,,,,,,,,,,,,,,,,,,,,,,,,,,,,,,,,,,,,,,,,,,,,,,,,,,,,,,,,,,,,,,,,,,,,,,,,,,,,,,,,,,,,,,,,,,,,,,,,,,,,,,,,,,,,,,,,,,,,,,,,,,,,,,,,,,,,,,,,,,,,,,,,,,,,,,,,,,,,,,,,,,,,,,,,,,,,,,,,,,,,,,,,,,,,,,,,,,,,,,,,,,,,,,,,,,,,,,,,,,,,,,,,,,,,,,,,,,,,,,,,,,,,,,,,,,,,,,,,,,,,,,,,,,,,,,,,,,,,,,,,,,,,,,,,,,,,,,,,,,,,,,,,,,,,,,,,,,,,,,,,,,,,,,,,,,,,,,,,,,,,,,,,,,,,,,,,,,,,,,,,,,,,,,,,,,,,,,,,,,,,,,,,,,,,,,,,,,,,,,,,,,,,,,,,,,,,,,,,,,,,,,,,,,,,,,,,,,,,,,,,,,,,
293,state,ia,ia,1,"(1, ('e', 0, 2, 2))","(2, ('e', 4, 4, 0))","(1, ('e', 0, 2, 2))","(2, ('e', 3, 4, 1))","(1, ('e', 0, 2, 2))","(2, ('a', 3, 4))","(1, ('e', 0, 2, 2))","(2, ('e', 2, 0, 3))","(1, ('e', 0, 2, 2))",,,,,,,,,,,,,,,,,,,,,,,,,,,,,,,,,,,,,,,,,,,,,,,,,,,,,,,,,,,,,,,,,,,,,,,,,,,,,,,,,,,,,,,,,,,,,,,,,,,,,,,,,,,,,,,,,,,,,,,,,,,,,,,,,,,,,,,,,,,,,,,,,,,,,,,,,,,,,,,,,,,,,,,,,,,,,,,,,,,,,,,,,,,,,,,,,,,,,,,,,,,,,,,,,,,,,,,,,,,,,,,,,,,,,,,,,,,,,,,,,,,,,,,,,,,,,,,,,,,,,,,,,,,,,,,,,,,,,,,,,,,,,,,,,,,,,,,,,,,,,,,,,,,,,,,,,,,,,,,,,,,,,,,,,,,,,,,,,,,,,,,,,,,,,,,,,,,,,,,,,,,,,,,,,,,,,,,,,,,,,,,,,,,,,,,,,,,,,,,,,,,,,,,,,,,,,,,,,,,,,,,,,,,,,,,,,,,,,,,,,,,,,,,,,,,,,,,,,,,,,,,,,,,,,,,,,,,,,,,,,,,,,,,,,,,,,,,,,,,,,,,,,,,,,,,,,,,,,,,,,,,,,,,,,,,,,,,,,,,,,,,,,,,,,,,,,,,,,,,,,,,,,,,,,,,,,,,,,,,,,,,,,,,,,,,,,,,,,,,,,,,,,,,,,,,,,,,,,,,,,,,,,,,,,,,,,,,,,,,,,,,,,,,,,,,,,,,,,,,,,,,,,,,,,,,,,,,,,,,,,,,,,,,,,,,,,,,,,,,,,,,,,,,,,,,,,,,,,,,,,,,,,,,,,,,,,,,,,,,,,,,,,,,,,,,,,,,,,,,,,,,,,,,,,,,,,,,,,,,,,,,,,,,,,,,,,,,,,,,,,,,,,,,,,,,,,,,,,,,,,,,,,,,,,,,,,,,,,,,,,,,,,,,,,,,,,,,,,,,,,,,,,,,,,,,,,,,,,,,,,,,,,,,,,,,,,,,,,,,,,,,,,,,,,,,,,,,,,,,,,,,,,,,,,,,,,,,,,,,,,,,,,,,,,,,,,,,,,,,,,,,,,,,,,,,,,,,,,,,,,,,,,,,
294,move,ia,ia,1,"[[0, 0, (1, 2), 0, 0], [0, 0, 0, 0, 0], [0, (0, -1), (0, -1), (0, -1), 0], [0, 0, 0, 0, 0], [0, 0, 0, 0, 0]]","[[0, 0, (1, 2), 0, 0], [0, 0, 0, 0, 0], [0, (0, -1), (0, -1), (0, -1), 0], [0, 0, 0, 0, 0], [0, 0, 0, 0, (2, 0)]]","[[0, 0, (1, 2), 0, 0], [0, 0, (1, 2), 0, 0], [0, (0, -1), (0, -1), (0, -1), 0], [0, 0, 0, 0, 0], [0, 0, 0, 0, (2, 0)]]","[[0, 0, (1, 2), 0, 0], [0, 0, (1, 2), 0, 0], [0, (0, -1), (0, -1), (0, -1), 0], [0, 0, 0, 0, (2, 1)], [0, 0, 0, 0, (2, 0)]]","[[0, 0, (1, 2), 0, 0], [0, 0, (1, 2), 0, 0], [0, (0, -1), (1, 2), (0, -1), 0], [0, 0, (0, -1), 0, (2, 1)], [0, 0, 0, 0, (2, 0)]]","[[0, 0, (1, 2), 0, 0], [0, 0, (1, 2), 0, 0], [0, (0, -1), (1, 2), (0, -1), 0], [0, 0, (0, -1), 0, 0], [0, 0, 0, 0, (2, 0)]]","[[0, 0, (1, 2), 0, 0], [0, 0, (1, 2), 0, 0], [0, (0, -1), (1, 2), (0, -1), 0], [0, 0, (1, 2), 0, 0], [0, 0, (0, -1), 0, (2, 0)]]","[[0, 0, (1, 2), 0, 0], [0, 0, (1, 2), 0, 0], [(2, 3), (0, -1), (1, 2), (0, -1), 0], [0, 0, (1, 2), 0, 0], [0, 0, (0, -1), 0, (2, 0)]]","[[0, 0, (1, 2), 0, 0], [0, 0, (1, 2), 0, 0], [(2, 3), (0, -1), (1, 2), (0, -1), 0], [0, 0, (1, 2), 0, 0], [0, 0, (1, 2), 0, (2, 0)]]",,,,,,,,,,,,,,,,,,,,,,,,,,,,,,,,,,,,,,,,,,,,,,,,,,,,,,,,,,,,,,,,,,,,,,,,,,,,,,,,,,,,,,,,,,,,,,,,,,,,,,,,,,,,,,,,,,,,,,,,,,,,,,,,,,,,,,,,,,,,,,,,,,,,,,,,,,,,,,,,,,,,,,,,,,,,,,,,,,,,,,,,,,,,,,,,,,,,,,,,,,,,,,,,,,,,,,,,,,,,,,,,,,,,,,,,,,,,,,,,,,,,,,,,,,,,,,,,,,,,,,,,,,,,,,,,,,,,,,,,,,,,,,,,,,,,,,,,,,,,,,,,,,,,,,,,,,,,,,,,,,,,,,,,,,,,,,,,,,,,,,,,,,,,,,,,,,,,,,,,,,,,,,,,,,,,,,,,,,,,,,,,,,,,,,,,,,,,,,,,,,,,,,,,,,,,,,,,,,,,,,,,,,,,,,,,,,,,,,,,,,,,,,,,,,,,,,,,,,,,,,,,,,,,,,,,,,,,,,,,,,,,,,,,,,,,,,,,,,,,,,,,,,,,,,,,,,,,,,,,,,,,,,,,,,,,,,,,,,,,,,,,,,,,,,,,,,,,,,,,,,,,,,,,,,,,,,,,,,,,,,,,,,,,,,,,,,,,,,,,,,,,,,,,,,,,,,,,,,,,,,,,,,,,,,,,,,,,,,,,,,,,,,,,,,,,,,,,,,,,,,,,,,,,,,,,,,,,,,,,,,,,,,,,,,,,,,,,,,,,,,,,,,,,,,,,,,,,,,,,,,,,,,,,,,,,,,,,,,,,,,,,,,,,,,,,,,,,,,,,,,,,,,,,,,,,,,,,,,,,,,,,,,,,,,,,,,,,,,,,,,,,,,,,,,,,,,,,,,,,,,,,,,,,,,,,,,,,,,,,,,,,,,,,,,,,,,,,,,,,,,,,,,,,,,,,,,,,,,,,,,,,,,,,,,,,,,,,,,,,,,,,,,,,,,,,,,,,,,,,,,,,,,,,,,,,,,,,,,,,,,,,,,,,,,,,,,,,,,,,,,,,,,,,,,,,,,,,,,,,,,,,,,,
295,state,ia,ia,1,"(1, ('e', 0, 2, 2))","(2, ('e', 2, 0, 1))","(1, ('e', 0, 2, 2))","(2, ('e', 3, 4, 1))","(1, ('e', 0, 2, 2))","(2, ('a', 3, 4))","(1, ('e', 0, 2, 2))","(2, ('e', 3, 4, 1))","(1, ('e', 0, 2, 2))",,,,,,,,,,,,,,,,,,,,,,,,,,,,,,,,,,,,,,,,,,,,,,,,,,,,,,,,,,,,,,,,,,,,,,,,,,,,,,,,,,,,,,,,,,,,,,,,,,,,,,,,,,,,,,,,,,,,,,,,,,,,,,,,,,,,,,,,,,,,,,,,,,,,,,,,,,,,,,,,,,,,,,,,,,,,,,,,,,,,,,,,,,,,,,,,,,,,,,,,,,,,,,,,,,,,,,,,,,,,,,,,,,,,,,,,,,,,,,,,,,,,,,,,,,,,,,,,,,,,,,,,,,,,,,,,,,,,,,,,,,,,,,,,,,,,,,,,,,,,,,,,,,,,,,,,,,,,,,,,,,,,,,,,,,,,,,,,,,,,,,,,,,,,,,,,,,,,,,,,,,,,,,,,,,,,,,,,,,,,,,,,,,,,,,,,,,,,,,,,,,,,,,,,,,,,,,,,,,,,,,,,,,,,,,,,,,,,,,,,,,,,,,,,,,,,,,,,,,,,,,,,,,,,,,,,,,,,,,,,,,,,,,,,,,,,,,,,,,,,,,,,,,,,,,,,,,,,,,,,,,,,,,,,,,,,,,,,,,,,,,,,,,,,,,,,,,,,,,,,,,,,,,,,,,,,,,,,,,,,,,,,,,,,,,,,,,,,,,,,,,,,,,,,,,,,,,,,,,,,,,,,,,,,,,,,,,,,,,,,,,,,,,,,,,,,,,,,,,,,,,,,,,,,,,,,,,,,,,,,,,,,,,,,,,,,,,,,,,,,,,,,,,,,,,,,,,,,,,,,,,,,,,,,,,,,,,,,,,,,,,,,,,,,,,,,,,,,,,,,,,,,,,,,,,,,,,,,,,,,,,,,,,,,,,,,,,,,,,,,,,,,,,,,,,,,,,,,,,,,,,,,,,,,,,,,,,,,,,,,,,,,,,,,,,,,,,,,,,,,,,,,,,,,,,,,,,,,,,,,,,,,,,,,,,,,,,,,,,,,,,,,,,,,,,,,,,,,,,,,,,,,,,,,,,,,,,,,,,,,,,,,,,,,,,,,,,,,,,,,,,,,,,,,,,,,,,,,,,,,,,,,,,,
296,move,ia,ia,1,"[[0, 0, (1, 2), 0, 0], [0, 0, 0, 0, 0], [0, (0, -1), (0, -1), (0, -1), 0], [0, 0, 0, 0, 0], [0, 0, 0, 0, 0]]","[[0, 0, (1, 2), 0, 0], [0, 0, 0, 0, 0], [(2, 1), (0, -1), (0, -1), (0, -1), 0], [0, 0, 0, 0, 0], [0, 0, 0, 0, 0]]","[[0, 0, (1, 2), 0, 0], [0, 0, (1, 2), 0, 0], [(2, 1), (0, -1), (0, -1), (0, -1), 0], [0, 0, 0, 0, 0], [0, 0, 0, 0, 0]]","[[0, 0, (1, 2), 0, 0], [0, 0, (1, 2), 0, 0], [(2, 1), (0, -1), (0, -1), (0, -1), 0], [0, 0, 0, 0, (2, 1)], [0, 0, 0, 0, 0]]","[[0, 0, (1, 2), 0, 0], [0, 0, (1, 2), 0, 0], [(2, 1), (0, -1), (1, 2), (0, -1), 0], [0, 0, (0, -1), 0, (2, 1)], [0, 0, 0, 0, 0]]","[[0, 0, (1, 2), 0, 0], [0, 0, (1, 2), 0, 0], [(2, 1), (0, -1), (1, 2), (0, -1), 0], [0, 0, (0, -1), 0, 0], [0, 0, 0, 0, 0]]","[[0, 0, (1, 2), 0, 0], [0, 0, (1, 2), 0, 0], [(2, 1), (0, -1), (1, 2), (0, -1), 0], [0, 0, (1, 2), 0, 0], [0, 0, (0, -1), 0, 0]]","[[0, 0, (1, 2), 0, 0], [0, 0, (1, 2), 0, 0], [(2, 1), (0, -1), (1, 2), (0, -1), 0], [0, 0, (1, 2), 0, (2, 1)], [0, 0, (0, -1), 0, 0]]","[[0, 0, (1, 2), 0, 0], [0, 0, (1, 2), 0, 0], [(2, 1), (0, -1), (1, 2), (0, -1), 0], [0, 0, (1, 2), 0, (2, 1)], [0, 0, (1, 2), 0, 0]]",,,,,,,,,,,,,,,,,,,,,,,,,,,,,,,,,,,,,,,,,,,,,,,,,,,,,,,,,,,,,,,,,,,,,,,,,,,,,,,,,,,,,,,,,,,,,,,,,,,,,,,,,,,,,,,,,,,,,,,,,,,,,,,,,,,,,,,,,,,,,,,,,,,,,,,,,,,,,,,,,,,,,,,,,,,,,,,,,,,,,,,,,,,,,,,,,,,,,,,,,,,,,,,,,,,,,,,,,,,,,,,,,,,,,,,,,,,,,,,,,,,,,,,,,,,,,,,,,,,,,,,,,,,,,,,,,,,,,,,,,,,,,,,,,,,,,,,,,,,,,,,,,,,,,,,,,,,,,,,,,,,,,,,,,,,,,,,,,,,,,,,,,,,,,,,,,,,,,,,,,,,,,,,,,,,,,,,,,,,,,,,,,,,,,,,,,,,,,,,,,,,,,,,,,,,,,,,,,,,,,,,,,,,,,,,,,,,,,,,,,,,,,,,,,,,,,,,,,,,,,,,,,,,,,,,,,,,,,,,,,,,,,,,,,,,,,,,,,,,,,,,,,,,,,,,,,,,,,,,,,,,,,,,,,,,,,,,,,,,,,,,,,,,,,,,,,,,,,,,,,,,,,,,,,,,,,,,,,,,,,,,,,,,,,,,,,,,,,,,,,,,,,,,,,,,,,,,,,,,,,,,,,,,,,,,,,,,,,,,,,,,,,,,,,,,,,,,,,,,,,,,,,,,,,,,,,,,,,,,,,,,,,,,,,,,,,,,,,,,,,,,,,,,,,,,,,,,,,,,,,,,,,,,,,,,,,,,,,,,,,,,,,,,,,,,,,,,,,,,,,,,,,,,,,,,,,,,,,,,,,,,,,,,,,,,,,,,,,,,,,,,,,,,,,,,,,,,,,,,,,,,,,,,,,,,,,,,,,,,,,,,,,,,,,,,,,,,,,,,,,,,,,,,,,,,,,,,,,,,,,,,,,,,,,,,,,,,,,,,,,,,,,,,,,,,,,,,,,,,,,,,,,,,,,,,,,,,,,,,,,,,,,,,,,,,,,,,,,,,,,,,,,,,,,,,,,,,,,,,,,,,,,,,
297,state,ia,ia,1,"(1, ('e', 0, 2, 2))","(2, ('e', 3, 4, 1))","(1, ('e', 0, 2, 2))","(2, ('a', 3, 4))","(1, ('e', 0, 2, 2))","(2, ('e', 3, 4, 1))","(1, ('e', 0, 2, 2))","(2, ('a', 3, 4))","(1, ('e', 0, 2, 2))",,,,,,,,,,,,,,,,,,,,,,,,,,,,,,,,,,,,,,,,,,,,,,,,,,,,,,,,,,,,,,,,,,,,,,,,,,,,,,,,,,,,,,,,,,,,,,,,,,,,,,,,,,,,,,,,,,,,,,,,,,,,,,,,,,,,,,,,,,,,,,,,,,,,,,,,,,,,,,,,,,,,,,,,,,,,,,,,,,,,,,,,,,,,,,,,,,,,,,,,,,,,,,,,,,,,,,,,,,,,,,,,,,,,,,,,,,,,,,,,,,,,,,,,,,,,,,,,,,,,,,,,,,,,,,,,,,,,,,,,,,,,,,,,,,,,,,,,,,,,,,,,,,,,,,,,,,,,,,,,,,,,,,,,,,,,,,,,,,,,,,,,,,,,,,,,,,,,,,,,,,,,,,,,,,,,,,,,,,,,,,,,,,,,,,,,,,,,,,,,,,,,,,,,,,,,,,,,,,,,,,,,,,,,,,,,,,,,,,,,,,,,,,,,,,,,,,,,,,,,,,,,,,,,,,,,,,,,,,,,,,,,,,,,,,,,,,,,,,,,,,,,,,,,,,,,,,,,,,,,,,,,,,,,,,,,,,,,,,,,,,,,,,,,,,,,,,,,,,,,,,,,,,,,,,,,,,,,,,,,,,,,,,,,,,,,,,,,,,,,,,,,,,,,,,,,,,,,,,,,,,,,,,,,,,,,,,,,,,,,,,,,,,,,,,,,,,,,,,,,,,,,,,,,,,,,,,,,,,,,,,,,,,,,,,,,,,,,,,,,,,,,,,,,,,,,,,,,,,,,,,,,,,,,,,,,,,,,,,,,,,,,,,,,,,,,,,,,,,,,,,,,,,,,,,,,,,,,,,,,,,,,,,,,,,,,,,,,,,,,,,,,,,,,,,,,,,,,,,,,,,,,,,,,,,,,,,,,,,,,,,,,,,,,,,,,,,,,,,,,,,,,,,,,,,,,,,,,,,,,,,,,,,,,,,,,,,,,,,,,,,,,,,,,,,,,,,,,,,,,,,,,,,,,,,,,,,,,,,,,,,,,,,,,,,,,,,,,,,,,,,,,,,,,,,,,,,,,,,,,,,,,,,,
298,move,ia,ia,1,"[[0, 0, (1, 2), 0, 0], [0, 0, 0, 0, 0], [0, (0, -1), (0, -1), (0, -1), 0], [0, 0, 0, 0, 0], [0, 0, 0, 0, 0]]","[[0, 0, (1, 2), 0, 0], [0, 0, 0, 0, 0], [0, (0, -1), (0, -1), (0, -1), 0], [0, 0, 0, 0, (2, 1)], [0, 0, 0, 0, 0]]","[[0, 0, (1, 2), 0, 0], [0, 0, (1, 2), 0, 0], [0, (0, -1), (0, -1), (0, -1), 0], [0, 0, 0, 0, (2, 1)], [0, 0, 0, 0, 0]]","[[0, 0, (1, 2), 0, 0], [0, 0, (1, 2), 0, 0], [0, (0, -1), (0, -1), (0, -1), 0], [0, 0, 0, 0, 0], [0, 0, 0, 0, 0]]","[[0, 0, (1, 2), 0, 0], [0, 0, (1, 2), 0, 0], [0, (0, -1), (1, 2), (0, -1), 0], [0, 0, (0, -1), 0, 0], [0, 0, 0, 0, 0]]","[[0, 0, (1, 2), 0, 0], [0, 0, (1, 2), 0, 0], [0, (0, -1), (1, 2), (0, -1), 0], [0, 0, (0, -1), 0, (2, 1)], [0, 0, 0, 0, 0]]","[[0, 0, (1, 2), 0, 0], [0, 0, (1, 2), 0, 0], [0, (0, -1), (1, 2), (0, -1), 0], [0, 0, (1, 2), 0, (2, 1)], [0, 0, (0, -1), 0, 0]]","[[0, 0, (1, 2), 0, 0], [0, 0, (1, 2), 0, 0], [0, (0, -1), (1, 2), (0, -1), 0], [0, 0, (1, 2), 0, 0], [0, 0, (0, -1), 0, 0]]","[[0, 0, (1, 2), 0, 0], [0, 0, (1, 2), 0, 0], [0, (0, -1), (1, 2), (0, -1), 0], [0, 0, (1, 2), 0, 0], [0, 0, (1, 2), 0, 0]]",,,,,,,,,,,,,,,,,,,,,,,,,,,,,,,,,,,,,,,,,,,,,,,,,,,,,,,,,,,,,,,,,,,,,,,,,,,,,,,,,,,,,,,,,,,,,,,,,,,,,,,,,,,,,,,,,,,,,,,,,,,,,,,,,,,,,,,,,,,,,,,,,,,,,,,,,,,,,,,,,,,,,,,,,,,,,,,,,,,,,,,,,,,,,,,,,,,,,,,,,,,,,,,,,,,,,,,,,,,,,,,,,,,,,,,,,,,,,,,,,,,,,,,,,,,,,,,,,,,,,,,,,,,,,,,,,,,,,,,,,,,,,,,,,,,,,,,,,,,,,,,,,,,,,,,,,,,,,,,,,,,,,,,,,,,,,,,,,,,,,,,,,,,,,,,,,,,,,,,,,,,,,,,,,,,,,,,,,,,,,,,,,,,,,,,,,,,,,,,,,,,,,,,,,,,,,,,,,,,,,,,,,,,,,,,,,,,,,,,,,,,,,,,,,,,,,,,,,,,,,,,,,,,,,,,,,,,,,,,,,,,,,,,,,,,,,,,,,,,,,,,,,,,,,,,,,,,,,,,,,,,,,,,,,,,,,,,,,,,,,,,,,,,,,,,,,,,,,,,,,,,,,,,,,,,,,,,,,,,,,,,,,,,,,,,,,,,,,,,,,,,,,,,,,,,,,,,,,,,,,,,,,,,,,,,,,,,,,,,,,,,,,,,,,,,,,,,,,,,,,,,,,,,,,,,,,,,,,,,,,,,,,,,,,,,,,,,,,,,,,,,,,,,,,,,,,,,,,,,,,,,,,,,,,,,,,,,,,,,,,,,,,,,,,,,,,,,,,,,,,,,,,,,,,,,,,,,,,,,,,,,,,,,,,,,,,,,,,,,,,,,,,,,,,,,,,,,,,,,,,,,,,,,,,,,,,,,,,,,,,,,,,,,,,,,,,,,,,,,,,,,,,,,,,,,,,,,,,,,,,,,,,,,,,,,,,,,,,,,,,,,,,,,,,,,,,,,,,,,,,,,,,,,,,,,,,,,,,,,,,,,,,,,,,,,,,,,,,,,,,,,,,,,,,,,,,,,,,,,,,,,,,,,
299,state,ia,ia,1,"(1, ('e', 0, 2, 2))","(2, ('e', 3, 4, 1))","(1, ('e', 0, 2, 2))","(2, ('a', 3, 4))","(1, ('e', 0, 2, 2))","(2, ('e', 3, 4, 1))","(1, ('e', 0, 2, 2))","(2, ('a', 3, 4))","(1, ('e', 0, 2, 2))",,,,,,,,,,,,,,,,,,,,,,,,,,,,,,,,,,,,,,,,,,,,,,,,,,,,,,,,,,,,,,,,,,,,,,,,,,,,,,,,,,,,,,,,,,,,,,,,,,,,,,,,,,,,,,,,,,,,,,,,,,,,,,,,,,,,,,,,,,,,,,,,,,,,,,,,,,,,,,,,,,,,,,,,,,,,,,,,,,,,,,,,,,,,,,,,,,,,,,,,,,,,,,,,,,,,,,,,,,,,,,,,,,,,,,,,,,,,,,,,,,,,,,,,,,,,,,,,,,,,,,,,,,,,,,,,,,,,,,,,,,,,,,,,,,,,,,,,,,,,,,,,,,,,,,,,,,,,,,,,,,,,,,,,,,,,,,,,,,,,,,,,,,,,,,,,,,,,,,,,,,,,,,,,,,,,,,,,,,,,,,,,,,,,,,,,,,,,,,,,,,,,,,,,,,,,,,,,,,,,,,,,,,,,,,,,,,,,,,,,,,,,,,,,,,,,,,,,,,,,,,,,,,,,,,,,,,,,,,,,,,,,,,,,,,,,,,,,,,,,,,,,,,,,,,,,,,,,,,,,,,,,,,,,,,,,,,,,,,,,,,,,,,,,,,,,,,,,,,,,,,,,,,,,,,,,,,,,,,,,,,,,,,,,,,,,,,,,,,,,,,,,,,,,,,,,,,,,,,,,,,,,,,,,,,,,,,,,,,,,,,,,,,,,,,,,,,,,,,,,,,,,,,,,,,,,,,,,,,,,,,,,,,,,,,,,,,,,,,,,,,,,,,,,,,,,,,,,,,,,,,,,,,,,,,,,,,,,,,,,,,,,,,,,,,,,,,,,,,,,,,,,,,,,,,,,,,,,,,,,,,,,,,,,,,,,,,,,,,,,,,,,,,,,,,,,,,,,,,,,,,,,,,,,,,,,,,,,,,,,,,,,,,,,,,,,,,,,,,,,,,,,,,,,,,,,,,,,,,,,,,,,,,,,,,,,,,,,,,,,,,,,,,,,,,,,,,,,,,,,,,,,,,,,,,,,,,,,,,,,,,,,,,,,,,,,,,,,,,,,,,,,,,,,,,,,,,,,,,,,,,,,,,,
300,move,ia,ia,1,"[[0, 0, (1, 2), 0, 0], [0, 0, 0, 0, 0], [0, (0, -1), (0, -1), (0, -1), 0], [0, 0, 0, 0, 0], [0, 0, 0, 0, 0]]","[[0, 0, (1, 2), 0, 0], [0, 0, 0, 0, 0], [0, (0, -1), (0, -1), (0, -1), 0], [0, 0, 0, 0, (2, 1)], [0, 0, 0, 0, 0]]","[[0, 0, (1, 2), 0, 0], [0, 0, (1, 2), 0, 0], [0, (0, -1), (0, -1), (0, -1), 0], [0, 0, 0, 0, (2, 1)], [0, 0, 0, 0, 0]]","[[0, 0, (1, 2), 0, 0], [0, 0, (1, 2), 0, 0], [0, (0, -1), (0, -1), (0, -1), 0], [0, 0, 0, 0, 0], [0, 0, 0, 0, 0]]","[[0, 0, (1, 2), 0, 0], [0, 0, (1, 2), 0, 0], [0, (0, -1), (1, 2), (0, -1), 0], [0, 0, (0, -1), 0, 0], [0, 0, 0, 0, 0]]","[[0, 0, (1, 2), 0, 0], [0, 0, (1, 2), 0, 0], [0, (0, -1), (1, 2), (0, -1), 0], [0, 0, (0, -1), 0, (2, 1)], [0, 0, 0, 0, 0]]","[[0, 0, (1, 2), 0, 0], [0, 0, (1, 2), 0, 0], [0, (0, -1), (1, 2), (0, -1), 0], [0, 0, (1, 2), 0, (2, 1)], [0, 0, (0, -1), 0, 0]]","[[0, 0, (1, 2), 0, 0], [0, 0, (1, 2), 0, 0], [0, (0, -1), (1, 2), (0, -1), 0], [0, 0, (1, 2), 0, 0], [0, 0, (0, -1), 0, 0]]","[[0, 0, (1, 2), 0, 0], [0, 0, (1, 2), 0, 0], [0, (0, -1), (1, 2), (0, -1), 0], [0, 0, (1, 2), 0, 0], [0, 0, (1, 2), 0, 0]]",,,,,,,,,,,,,,,,,,,,,,,,,,,,,,,,,,,,,,,,,,,,,,,,,,,,,,,,,,,,,,,,,,,,,,,,,,,,,,,,,,,,,,,,,,,,,,,,,,,,,,,,,,,,,,,,,,,,,,,,,,,,,,,,,,,,,,,,,,,,,,,,,,,,,,,,,,,,,,,,,,,,,,,,,,,,,,,,,,,,,,,,,,,,,,,,,,,,,,,,,,,,,,,,,,,,,,,,,,,,,,,,,,,,,,,,,,,,,,,,,,,,,,,,,,,,,,,,,,,,,,,,,,,,,,,,,,,,,,,,,,,,,,,,,,,,,,,,,,,,,,,,,,,,,,,,,,,,,,,,,,,,,,,,,,,,,,,,,,,,,,,,,,,,,,,,,,,,,,,,,,,,,,,,,,,,,,,,,,,,,,,,,,,,,,,,,,,,,,,,,,,,,,,,,,,,,,,,,,,,,,,,,,,,,,,,,,,,,,,,,,,,,,,,,,,,,,,,,,,,,,,,,,,,,,,,,,,,,,,,,,,,,,,,,,,,,,,,,,,,,,,,,,,,,,,,,,,,,,,,,,,,,,,,,,,,,,,,,,,,,,,,,,,,,,,,,,,,,,,,,,,,,,,,,,,,,,,,,,,,,,,,,,,,,,,,,,,,,,,,,,,,,,,,,,,,,,,,,,,,,,,,,,,,,,,,,,,,,,,,,,,,,,,,,,,,,,,,,,,,,,,,,,,,,,,,,,,,,,,,,,,,,,,,,,,,,,,,,,,,,,,,,,,,,,,,,,,,,,,,,,,,,,,,,,,,,,,,,,,,,,,,,,,,,,,,,,,,,,,,,,,,,,,,,,,,,,,,,,,,,,,,,,,,,,,,,,,,,,,,,,,,,,,,,,,,,,,,,,,,,,,,,,,,,,,,,,,,,,,,,,,,,,,,,,,,,,,,,,,,,,,,,,,,,,,,,,,,,,,,,,,,,,,,,,,,,,,,,,,,,,,,,,,,,,,,,,,,,,,,,,,,,,,,,,,,,,,,,,,,,,,,,,,,,,,,,,,,,,,,,,,,,,,,,,,,,,,,,,,,,,,,,,,
301,state,ia,ia,3,"(1, ('e', 0, 2, 2))","(2, ('e', 3, 4, 1))","(1, ('e', 0, 2, 2))","(2, ('a', 3, 4))","(1, ('e', 0, 2, 2))","(2, ('e', 3, 4, 1))","(1, ('e', 0, 2, 2))","(2, ('a', 3, 4))","(1, ('m', 3, 2, 3))","(2, ('e', 3, 4, 1))","(1, ('e', 0, 2, 2))","(2, ('a', 3, 4))","(1, ('a', 0, 2))","(2, ('e', 0, 0, 0))","(1, ('e', 0, 2, 2))","(2, ('e', 3, 4, 1))","(1, ('a', 0, 2))","(2, ('a', 3, 4))","(1, ('e', 0, 2, 2))","(2, ('e', 3, 4, 1))","(1, ('a', 0, 2))","(2, ('a', 3, 4))","(1, ('e', 0, 2, 2))","(2, ('e', 3, 4, 1))","(1, ('a', 0, 2))","(2, ('a', 3, 4))","(1, ('e', 0, 2, 2))","(2, ('e', 3, 4, 1))","(1, ('a', 0, 2))","(2, ('a', 3, 4))","(1, ('e', 0, 2, 2))","(2, ('e', 3, 4, 1))","(1, ('a', 0, 2))","(2, ('a', 3, 4))","(1, ('e', 0, 2, 2))","(2, ('e', 3, 4, 1))","(1, ('a', 0, 2))","(2, ('a', 3, 4))","(1, ('e', 0, 2, 2))","(2, ('e', 3, 4, 1))","(1, ('a', 0, 2))","(2, ('a', 3, 4))","(1, ('e', 0, 2, 2))","(2, ('e', 3, 4, 1))","(1, ('a', 0, 2))","(2, ('a', 3, 4))","(1, ('e', 0, 2, 2))",,,,,,,,,,,,,,,,,,,,,,,,,,,,,,,,,,,,,,,,,,,,,,,,,,,,,,,,,,,,,,,,,,,,,,,,,,,,,,,,,,,,,,,,,,,,,,,,,,,,,,,,,,,,,,,,,,,,,,,,,,,,,,,,,,,,,,,,,,,,,,,,,,,,,,,,,,,,,,,,,,,,,,,,,,,,,,,,,,,,,,,,,,,,,,,,,,,,,,,,,,,,,,,,,,,,,,,,,,,,,,,,,,,,,,,,,,,,,,,,,,,,,,,,,,,,,,,,,,,,,,,,,,,,,,,,,,,,,,,,,,,,,,,,,,,,,,,,,,,,,,,,,,,,,,,,,,,,,,,,,,,,,,,,,,,,,,,,,,,,,,,,,,,,,,,,,,,,,,,,,,,,,,,,,,,,,,,,,,,,,,,,,,,,,,,,,,,,,,,,,,,,,,,,,,,,,,,,,,,,,,,,,,,,,,,,,,,,,,,,,,,,,,,,,,,,,,,,,,,,,,,,,,,,,,,,,,,,,,,,,,,,,,,,,,,,,,,,,,,,,,,,,,,,,,,,,,,,,,,,,,,,,,,,,,,,,,,,,,,,,,,,,,,,,,,,,,,,,,,,,,,,,,,,,,,,,,,,,,,,,,,,,,,,,,,,,,,,,,,,,,,,,,,,,,,,,,,,,,,,,,,,,,,,,,,,,,,,,,,,,,,,,,,,,,,,,,,,,,,,,,,,,,,,,,,,,,,,,,,,,,,,,,,,,,,,,,,,,,,,,,,,,,,,,,,,,,,,,,,,,,,,,,,,,,,,,,,,,,,,,,,,,,,,,,,,,,,,,,,,,,,,,,,,,,,,,,,,,,,,,,,,,,,,,,,,,,,,,,,,,,,,,,,,,,,,,,,,,,,,,,,,,,,,,,,,,,,,,,,,,,,,,,,,,,,,,,,,,,,,,,,,,,,,,,,,,,,,,,,,,,,,,,,,,,,,,,,,,,,,,,,,,,,,,,,,,,,,,,,,,,,,,,,,,,,,,,,,,,,,,,,,,,,,,
302,move,ia,ia,3,"[[0, 0, (1, 2), 0, 0], [0, 0, 0, 0, 0], [0, (0, -1), (0, -1), (0, -1), 0], [0, 0, 0, 0, 0], [0, 0, 0, 0, 0]]","[[0, 0, (1, 2), 0, 0], [0, 0, 0, 0, 0], [0, (0, -1), (0, -1), (0, -1), 0], [0, 0, 0, 0, (2, 1)], [0, 0, 0, 0, 0]]","[[0, 0, (1, 2), 0, 0], [0, 0, (1, 2), 0, 0], [0, (0, -1), (0, -1), (0, -1), 0], [0, 0, 0, 0, (2, 1)], [0, 0, 0, 0, 0]]","[[0, 0, (1, 2), 0, 0], [0, 0, (1, 2), 0, 0], [0, (0, -1), (0, -1), (0, -1), 0], [0, 0, 0, 0, 0], [0, 0, 0, 0, 0]]","[[0, 0, (1, 2), 0, 0], [0, 0, (1, 2), 0, 0], [0, (0, -1), (1, 2), (0, -1), 0], [0, 0, (0, -1), 0, 0], [0, 0, 0, 0, 0]]","[[0, 0, (1, 2), 0, 0], [0, 0, (1, 2), 0, 0], [0, (0, -1), (1, 2), (0, -1), 0], [0, 0, (0, -1), 0, (2, 1)], [0, 0, 0, 0, 0]]","[[0, 0, (1, 2), 0, 0], [0, 0, (1, 2), 0, 0], [0, (0, -1), (1, 2), (0, -1), 0], [0, 0, (1, 2), 0, (2, 1)], [0, 0, (0, -1), 0, 0]]","[[0, 0, (1, 2), 0, 0], [0, 0, (1, 2), 0, 0], [0, (0, -1), (1, 2), (0, -1), 0], [0, 0, (1, 2), 0, 0], [0, 0, (0, -1), 0, 0]]","[[0, 0, (1, 2), 0, 0], [0, 0, (1, 2), 0, 0], [0, (0, -1), (1, 2), (0, -1), 0], [0, (1, 2), 0, 0, 0], [0, 0, (0, -1), 0, 0]]","[[0, 0, (1, 2), 0, 0], [0, 0, (1, 2), 0, 0], [0, (0, -1), (1, 2), (0, -1), 0], [0, (1, 2), 0, 0, (2, 1)], [0, 0, (0, -1), 0, 0]]","[[0, 0, (1, 2), 0, 0], [0, 0, (1, 2), 0, 0], [0, (0, -1), (1, 2), (0, -1), 0], [0, (1, 2), (1, 2), 0, (2, 1)], [0, 0, (0, -1), 0, 0]]","[[0, 0, (1, 2), 0, 0], [0, 0, (1, 2), 0, 0], [0, (0, -1), (1, 2), (0, -1), 0], [0, (1, 2), (1, 2), 0, 0], [0, 0, (0, -1), 0, 0]]","[[0, 0, 0, 0, 0], [0, 0, (1, 2), 0, 0], [0, (0, -1), (1, 2), (0, -1), 0], [0, (1, 2), (1, 2), 0, 0], [0, 0, (0, -1), 0, 0]]","[[(2, 0), 0, 0, 0, 0], [0, 0, (1, 2), 0, 0], [0, (0, -1), (1, 2), (0, -1), 0], [0, (1, 2), (1, 2), 0, 0], [0, 0, (0, -1), 0, 0]]","[[(2, 0), 0, (1, 2), 0, 0], [0, 0, (1, 2), 0, 0], [0, (0, -1), (1, 2), (0, -1), 0], [0, (1, 2), (1, 2), 0, 0], [0, 0, (0, -1), 0, 0]]","[[(2, 0), 0, (1, 2), 0, 0], [0, 0, (1, 2), 0, 0], [0, (0, -1), (1, 2), (0, -1), 0], [0, (1, 2), (1, 2), 0, (2, 1)], [0, 0, (0, -1), 0, 0]]","[[(2, 0), 0, 0, 0, 0], [0, 0, (1, 2), 0, 0], [0, (0, -1), (1, 2), (0, -1), 0], [0, (1, 2), (1, 2), 0, (2, 1)], [0, 0, (0, -1), 0, 0]]","[[(2, 0), 0, 0, 0, 0], [0, 0, (1, 2), 0, 0], [0, (0, -1), (1, 2), (0, -1), 0], [0, (1, 2), (1, 2), 0, 0], [0, 0, (0, -1), 0, 0]]","[[(2, 0), 0, (1, 2), 0, 0], [0, 0, (1, 2), 0, 0], [0, (0, -1), (1, 2), (0, -1), 0], [0, (1, 2), (1, 2), 0, 0], [0, 0, (0, -1), 0, 0]]","[[(2, 0), 0, (1, 2), 0, 0], [0, 0, (1, 2), 0, 0], [0, (0, -1), (1, 2), (0, -1), 0], [0, (1, 2), (1, 2), 0, (2, 1)], [0, 0, (0, -1), 0, 0]]","[[(2, 0), 0, 0, 0, 0], [0, 0, (1, 2), 0, 0], [0, (0, -1), (1, 2), (0, -1), 0], [0, (1, 2), (1, 2), 0, (2, 1)], [0, 0, (0, -1), 0, 0]]","[[(2, 0), 0, 0, 0, 0], [0, 0, (1, 2), 0, 0], [0, (0, -1), (1, 2), (0, -1), 0], [0, (1, 2), (1, 2), 0, 0], [0, 0, (0, -1), 0, 0]]","[[(2, 0), 0, (1, 2), 0, 0], [0, 0, (1, 2), 0, 0], [0, (0, -1), (1, 2), (0, -1), 0], [0, (1, 2), (1, 2), 0, 0], [0, 0, (0, -1), 0, 0]]","[[(2, 0), 0, (1, 2), 0, 0], [0, 0, (1, 2), 0, 0], [0, (0, -1), (1, 2), (0, -1), 0], [0, (1, 2), (1, 2), 0, (2, 1)], [0, 0, (0, -1), 0, 0]]","[[(2, 0), 0, 0, 0, 0], [0, 0, (1, 2), 0, 0], [0, (0, -1), (1, 2), (0, -1), 0], [0, (1, 2), (1, 2), 0, (2, 1)], [0, 0, (0, -1), 0, 0]]","[[(2, 0), 0, 0, 0, 0], [0, 0, (1, 2), 0, 0], [0, (0, -1), (1, 2), (0, -1), 0], [0, (1, 2), (1, 2), 0, 0], [0, 0, (0, -1), 0, 0]]","[[(2, 0), 0, (1, 2), 0, 0], [0, 0, (1, 2), 0, 0], [0, (0, -1), (1, 2), (0, -1), 0], [0, (1, 2), (1, 2), 0, 0], [0, 0, (0, -1), 0, 0]]","[[(2, 0), 0, (1, 2), 0, 0], [0, 0, (1, 2), 0, 0], [0, (0, -1), (1, 2), (0, -1), 0], [0, (1, 2), (1, 2), 0, (2, 1)], [0, 0, (0, -1), 0, 0]]","[[(2, 0), 0, 0, 0, 0], [0, 0, (1, 2), 0, 0], [0, (0, -1), (1, 2), (0, -1), 0], [0, (1, 2), (1, 2), 0, (2, 1)], [0, 0, (0, -1), 0, 0]]","[[(2, 0), 0, 0, 0, 0], [0, 0, (1, 2), 0, 0], [0, (0, -1), (1, 2), (0, -1), 0], [0, (1, 2), (1, 2), 0, 0], [0, 0, (0, -1), 0, 0]]","[[(2, 0), 0, (1, 2), 0, 0], [0, 0, (1, 2), 0, 0], [0, (0, -1), (1, 2), (0, -1), 0], [0, (1, 2), (1, 2), 0, 0], [0, 0, (0, -1), 0, 0]]","[[(2, 0), 0, (1, 2), 0, 0], [0, 0, (1, 2), 0, 0], [0, (0, -1), (1, 2), (0, -1), 0], [0, (1, 2), (1, 2), 0, (2, 1)], [0, 0, (0, -1), 0, 0]]","[[(2, 0), 0, 0, 0, 0], [0, 0, (1, 2), 0, 0], [0, (0, -1), (1, 2), (0, -1), 0], [0, (1, 2), (1, 2), 0, (2, 1)], [0, 0, (0, -1), 0, 0]]","[[(2, 0), 0, 0, 0, 0], [0, 0, (1, 2), 0, 0], [0, (0, -1), (1, 2), (0, -1), 0], [0, (1, 2), (1, 2), 0, 0], [0, 0, (0, -1), 0, 0]]","[[(2, 0), 0, (1, 2), 0, 0], [0, 0, (1, 2), 0, 0], [0, (0, -1), (1, 2), (0, -1), 0], [0, (1, 2), (1, 2), 0, 0], [0, 0, (0, -1), 0, 0]]","[[(2, 0), 0, (1, 2), 0, 0], [0, 0, (1, 2), 0, 0], [0, (0, -1), (1, 2), (0, -1), 0], [0, (1, 2), (1, 2), 0, (2, 1)], [0, 0, (0, -1), 0, 0]]","[[(2, 0), 0, 0, 0, 0], [0, 0, (1, 2), 0, 0], [0, (0, -1), (1, 2), (0, -1), 0], [0, (1, 2), (1, 2), 0, (2, 1)], [0, 0, (0, -1), 0, 0]]","[[(2, 0), 0, 0, 0, 0], [0, 0, (1, 2), 0, 0], [0, (0, -1), (1, 2), (0, -1), 0], [0, (1, 2), (1, 2), 0, 0], [0, 0, (0, -1), 0, 0]]","[[(2, 0), 0, (1, 2), 0, 0], [0, 0, (1, 2), 0, 0], [0, (0, -1), (1, 2), (0, -1), 0], [0, (1, 2), (1, 2), 0, 0], [0, 0, (0, -1), 0, 0]]","[[(2, 0), 0, (1, 2), 0, 0], [0, 0, (1, 2), 0, 0], [0, (0, -1), (1, 2), (0, -1), 0], [0, (1, 2), (1, 2), 0, (2, 1)], [0, 0, (0, -1), 0, 0]]","[[(2, 0), 0, 0, 0, 0], [0, 0, (1, 2), 0, 0], [0, (0, -1), (1, 2), (0, -1), 0], [0, (1, 2), (1, 2), 0, (2, 1)], [0, 0, (0, -1), 0, 0]]","[[(2, 0), 0, 0, 0, 0], [0, 0, (1, 2), 0, 0], [0, (0, -1), (1, 2), (0, -1), 0], [0, (1, 2), (1, 2), 0, 0], [0, 0, (0, -1), 0, 0]]","[[(2, 0), 0, (1, 2), 0, 0], [0, 0, (1, 2), 0, 0], [0, (0, -1), (1, 2), (0, -1), 0], [0, (1, 2), (1, 2), 0, 0], [0, 0, (0, -1), 0, 0]]","[[(2, 0), 0, (1, 2), 0, 0], [0, 0, (1, 2), 0, 0], [0, (0, -1), (1, 2), (0, -1), 0], [0, (1, 2), (1, 2), 0, (2, 1)], [0, 0, (0, -1), 0, 0]]","[[(2, 0), 0, 0, 0, 0], [0, 0, (1, 2), 0, 0], [0, (0, -1), (1, 2), (0, -1), 0], [0, (1, 2), (1, 2), 0, (2, 1)], [0, 0, (0, -1), 0, 0]]","[[(2, 0), 0, 0, 0, 0], [0, 0, (1, 2), 0, 0], [0, (0, -1), (1, 2), (0, -1), 0], [0, (1, 2), (1, 2), 0, 0], [0, 0, (0, -1), 0, 0]]","[[(2, 0), 0, (1, 2), 0, 0], [0, 0, (1, 2), 0, 0], [0, (0, -1), (1, 2), (0, -1), 0], [0, (1, 2), (1, 2), 0, 0], [0, 0, (0, -1), 0, 0]]",,,,,,,,,,,,,,,,,,,,,,,,,,,,,,,,,,,,,,,,,,,,,,,,,,,,,,,,,,,,,,,,,,,,,,,,,,,,,,,,,,,,,,,,,,,,,,,,,,,,,,,,,,,,,,,,,,,,,,,,,,,,,,,,,,,,,,,,,,,,,,,,,,,,,,,,,,,,,,,,,,,,,,,,,,,,,,,,,,,,,,,,,,,,,,,,,,,,,,,,,,,,,,,,,,,,,,,,,,,,,,,,,,,,,,,,,,,,,,,,,,,,,,,,,,,,,,,,,,,,,,,,,,,,,,,,,,,,,,,,,,,,,,,,,,,,,,,,,,,,,,,,,,,,,,,,,,,,,,,,,,,,,,,,,,,,,,,,,,,,,,,,,,,,,,,,,,,,,,,,,,,,,,,,,,,,,,,,,,,,,,,,,,,,,,,,,,,,,,,,,,,,,,,,,,,,,,,,,,,,,,,,,,,,,,,,,,,,,,,,,,,,,,,,,,,,,,,,,,,,,,,,,,,,,,,,,,,,,,,,,,,,,,,,,,,,,,,,,,,,,,,,,,,,,,,,,,,,,,,,,,,,,,,,,,,,,,,,,,,,,,,,,,,,,,,,,,,,,,,,,,,,,,,,,,,,,,,,,,,,,,,,,,,,,,,,,,,,,,,,,,,,,,,,,,,,,,,,,,,,,,,,,,,,,,,,,,,,,,,,,,,,,,,,,,,,,,,,,,,,,,,,,,,,,,,,,,,,,,,,,,,,,,,,,,,,,,,,,,,,,,,,,,,,,,,,,,,,,,,,,,,,,,,,,,,,,,,,,,,,,,,,,,,,,,,,,,,,,,,,,,,,,,,,,,,,,,,,,,,,,,,,,,,,,,,,,,,,,,,,,,,,,,,,,,,,,,,,,,,,,,,,,,,,,,,,,,,,,,,,,,,,,,,,,,,,,,,,,,,,,,,,,,,,,,,,,,,,,,,,,,,,,,,,,,,,,,,,,,,,,,,,,,,,,,,,,,,,,,,,,,,,,,,,,,,,,,,,,,,,,,,,,,,,,
303,state,ia,ia,3,"(1, ('e', 2, 4, 1))","(2, ('e', 3, 4, 1))","(1, ('e', 0, 2, 2))","(2, ('a', 3, 4))","(1, ('e', 0, 2, 2))","(2, ('e', 3, 4, 1))","(1, ('e', 0, 2, 2))","(2, ('a', 3, 4))","(1, ('e', 0, 2, 2))","(2, ('e', 3, 4, 1))","(1, ('t', 0, 2, 3))","(2, ('a', 3, 4))","(1, ('a', 0, 2))","(2, ('e', 1, 0, 0))","(1, ('e', 0, 4, 0))","(2, ('e', 3, 4, 1))","(1, ('m', 3, 2, 1))","(2, ('a', 3, 4))","(1, ('m', 1, 2, 3))","(2, ('e', 3, 4, 1))","(1, ('m', 2, 2, 0))","(2, ('a', 3, 4))","(1, ('t', 2, 4, 2))","(2, ('e', 3, 4, 1))","(1, ('m', 1, 2, 0))","(2, ('a', 3, 4))","(1, ('t', 1, 1, 0))","(2, ('e', 3, 4, 1))","(1, ('a', 0, 2))","(2, ('a', 3, 4))","(1, ('e', 0, 2, 2))","(2, ('e', 3, 4, 1))","(1, ('a', 0, 2))","(2, ('a', 3, 4))","(1, ('e', 0, 2, 2))","(2, ('e', 3, 4, 1))","(1, ('m', 0, 4, 3))","(2, ('a', 3, 4))","(1, ('a', 0, 2))","(2, ('e', 3, 4, 1))","(1, ('e', 0, 2, 2))","(2, ('a', 3, 4))","(1, ('a', 0, 2))","(2, ('e', 3, 4, 1))","(1, ('e', 0, 2, 2))","(2, ('a', 3, 4))","(1, ('a', 0, 2))","(2, ('e', 3, 4, 1))","(1, ('e', 0, 2, 2))",,,,,,,,,,,,,,,,,,,,,,,,,,,,,,,,,,,,,,,,,,,,,,,,,,,,,,,,,,,,,,,,,,,,,,,,,,,,,,,,,,,,,,,,,,,,,,,,,,,,,,,,,,,,,,,,,,,,,,,,,,,,,,,,,,,,,,,,,,,,,,,,,,,,,,,,,,,,,,,,,,,,,,,,,,,,,,,,,,,,,,,,,,,,,,,,,,,,,,,,,,,,,,,,,,,,,,,,,,,,,,,,,,,,,,,,,,,,,,,,,,,,,,,,,,,,,,,,,,,,,,,,,,,,,,,,,,,,,,,,,,,,,,,,,,,,,,,,,,,,,,,,,,,,,,,,,,,,,,,,,,,,,,,,,,,,,,,,,,,,,,,,,,,,,,,,,,,,,,,,,,,,,,,,,,,,,,,,,,,,,,,,,,,,,,,,,,,,,,,,,,,,,,,,,,,,,,,,,,,,,,,,,,,,,,,,,,,,,,,,,,,,,,,,,,,,,,,,,,,,,,,,,,,,,,,,,,,,,,,,,,,,,,,,,,,,,,,,,,,,,,,,,,,,,,,,,,,,,,,,,,,,,,,,,,,,,,,,,,,,,,,,,,,,,,,,,,,,,,,,,,,,,,,,,,,,,,,,,,,,,,,,,,,,,,,,,,,,,,,,,,,,,,,,,,,,,,,,,,,,,,,,,,,,,,,,,,,,,,,,,,,,,,,,,,,,,,,,,,,,,,,,,,,,,,,,,,,,,,,,,,,,,,,,,,,,,,,,,,,,,,,,,,,,,,,,,,,,,,,,,,,,,,,,,,,,,,,,,,,,,,,,,,,,,,,,,,,,,,,,,,,,,,,,,,,,,,,,,,,,,,,,,,,,,,,,,,,,,,,,,,,,,,,,,,,,,,,,,,,,,,,,,,,,,,,,,,,,,,,,,,,,,,,,,,,,,,,,,,,,,,,,,,,,,,,,,,,,,,,,,,,,,,,,,,,,,,,,,,,,,,,,,,,,,,,,,,,,,,,,,,,,,,,,,,,,,,,,,,,,,,,,,,,
304,move,ia,ia,3,"[[0, 0, 0, 0, 0], [0, 0, 0, 0, 0], [0, (0, -1), (0, -1), (0, -1), (1, 1)], [0, 0, 0, 0, 0], [0, 0, 0, 0, 0]]","[[0, 0, 0, 0, 0], [0, 0, 0, 0, 0], [0, (0, -1), (0, -1), (0, -1), (1, 1)], [0, 0, 0, 0, (2, 1)], [0, 0, 0, 0, 0]]","[[0, 0, (1, 2), 0, 0], [0, 0, 0, 0, 0], [0, (0, -1), (0, -1), (0, -1), (1, 1)], [0, 0, 0, 0, (2, 1)], [0, 0, 0, 0, 0]]","[[0, 0, (1, 2), 0, 0], [0, 0, 0, 0, 0], [0, (0, -1), (0, -1), (0, -1), (1, 1)], [0, 0, 0, 0, 0], [0, 0, 0, 0, 0]]","[[0, 0, (1, 2), 0, 0], [0, 0, (1, 2), 0, 0], [0, (0, -1), (0, -1), (0, -1), (1, 1)], [0, 0, 0, 0, 0], [0, 0, 0, 0, 0]]","[[0, 0, (1, 2), 0, 0], [0, 0, (1, 2), 0, 0], [0, (0, -1), (0, -1), (0, -1), (1, 1)], [0, 0, 0, 0, (2, 1)], [0, 0, 0, 0, 0]]","[[0, 0, (1, 2), 0, 0], [0, 0, (1, 2), 0, 0], [0, (0, -1), (1, 2), (0, -1), (1, 1)], [0, 0, (0, -1), 0, (2, 1)], [0, 0, 0, 0, 0]]","[[0, 0, (1, 2), 0, 0], [0, 0, (1, 2), 0, 0], [0, (0, -1), (1, 2), (0, -1), (1, 1)], [0, 0, (0, -1), 0, 0], [0, 0, 0, 0, 0]]","[[0, 0, (1, 2), 0, 0], [0, 0, (1, 2), 0, 0], [0, (0, -1), (1, 2), (0, -1), (1, 1)], [0, 0, (1, 2), 0, 0], [0, 0, (0, -1), 0, 0]]","[[0, 0, (1, 2), 0, 0], [0, 0, (1, 2), 0, 0], [0, (0, -1), (1, 2), (0, -1), (1, 1)], [0, 0, (1, 2), 0, (2, 1)], [0, 0, (0, -1), 0, 0]]","[[0, 0, (1, 3), 0, 0], [0, 0, (1, 2), 0, 0], [0, (0, -1), (1, 2), (0, -1), (1, 1)], [0, 0, (1, 2), 0, (2, 1)], [0, 0, (0, -1), 0, 0]]","[[0, 0, (1, 3), 0, 0], [0, 0, (1, 2), 0, 0], [0, (0, -1), (1, 2), (0, -1), (1, 1)], [0, 0, (1, 2), 0, 0], [0, 0, (0, -1), 0, 0]]","[[0, 0, 0, 0, 0], [0, 0, (1, 2), 0, 0], [0, (0, -1), (1, 2), (0, -1), (1, 1)], [0, 0, (1, 2), 0, 0], [0, 0, (0, -1), 0, 0]]","[[0, 0, 0, 0, 0], [(2, 0), 0, (1, 2), 0, 0], [0, (0, -1), (1, 2), (0, -1), (1, 1)], [0, 0, (1, 2), 0, 0], [0, 0, (0, -1), 0, 0]]","[[0, 0, 0, 0, (1, 0)], [(2, 0), 0, (1, 2), 0, 0], [0, (0, -1), (1, 2), (0, -1), (1, 1)], [0, 0, (1, 2), 0, 0], [0, 0, (0, -1), 0, 0]]","[[0, 0, 0, 0, (1, 0)], [(2, 0), 0, (1, 2), 0, 0], [0, (0, -1), (1, 2), (0, -1), (1, 1)], [0, 0, (1, 2), 0, (2, 1)], [0, 0, (0, -1), 0, 0]]","[[0, 0, 0, 0, (1, 0)], [(2, 0), 0, (1, 2), 0, 0], [0, (0, -1), (1, 2), (0, -1), (1, 1)], [0, 0, 0, (1, 2), (2, 1)], [0, 0, (0, -1), 0, 0]]","[[0, 0, 0, 0, (1, 0)], [(2, 0), 0, (1, 2), 0, 0], [0, (0, -1), (1, 2), (0, -1), (1, 1)], [0, 0, 0, (1, 2), 0], [0, 0, (0, -1), 0, 0]]","[[0, 0, 0, 0, (1, 0)], [(2, 0), (1, 2), 0, 0, 0], [0, (0, -1), (1, 2), (0, -1), (1, 1)], [0, 0, 0, (1, 2), 0], [0, 0, (0, -1), 0, 0]]","[[0, 0, 0, 0, (1, 0)], [(2, 0), (1, 2), 0, 0, 0], [0, (0, -1), (1, 2), (0, -1), (1, 1)], [0, 0, 0, (1, 2), (2, 1)], [0, 0, (0, -1), 0, 0]]","[[0, 0, 0, 0, (1, 0)], [(2, 0), (1, 2), (1, 2), 0, 0], [0, (0, -1), 0, (0, -1), (1, 1)], [0, 0, 0, (1, 2), (2, 1)], [0, 0, (0, -1), 0, 0]]","[[0, 0, 0, 0, (1, 0)], [(2, 0), (1, 2), (1, 2), 0, 0], [0, (0, -1), 0, (0, -1), (1, 1)], [0, 0, 0, (1, 2), 0], [0, 0, (0, -1), 0, 0]]","[[0, 0, 0, 0, (1, 0)], [(2, 0), (1, 2), (1, 2), 0, 0], [0, (0, -1), 0, (0, -1), (1, 2)], [0, 0, 0, (1, 2), 0], [0, 0, (0, -1), 0, 0]]","[[0, 0, 0, 0, (1, 0)], [(2, 0), (1, 2), (1, 2), 0, 0], [0, (0, -1), 0, (0, -1), (1, 2)], [0, 0, 0, (1, 2), (2, 1)], [0, 0, (0, -1), 0, 0]]","[[0, 0, (1, 2), 0, (1, 0)], [(2, 0), (1, 2), 0, 0, 0], [0, (0, -1), 0, (0, -1), (1, 2)], [0, 0, 0, (1, 2), (2, 1)], [0, 0, (0, -1), 0, 0]]","[[0, 0, (1, 2), 0, (1, 0)], [(2, 0), (1, 2), 0, 0, 0], [0, (0, -1), 0, (0, -1), (1, 2)], [0, 0, 0, (1, 2), 0], [0, 0, (0, -1), 0, 0]]","[[0, 0, (1, 2), 0, (1, 0)], [(2, 0), (1, 0), 0, 0, 0], [0, (0, -1), 0, (0, -1), (1, 2)], [0, 0, 0, (1, 2), 0], [0, 0, (0, -1), 0, 0]]","[[0, 0, (1, 2), 0, (1, 0)], [(2, 0), (1, 0), 0, 0, 0], [0, (0, -1), 0, (0, -1), (1, 2)], [0, 0, 0, (1, 2), (2, 1)], [0, 0, (0, -1), 0, 0]]","[[0, 0, 0, 0, (1, 0)], [(2, 0), (1, 0), 0, 0, 0], [0, (0, -1), 0, (0, -1), (1, 2)], [0, 0, 0, (1, 2), (2, 1)], [0, 0, (0, -1), 0, 0]]","[[0, 0, 0, 0, (1, 0)], [(2, 0), (1, 0), 0, 0, 0], [0, (0, -1), 0, (0, -1), (1, 2)], [0, 0, 0, (1, 2), 0], [0, 0, (0, -1), 0, 0]]","[[0, 0, (1, 2), 0, (1, 0)], [(2, 0), (1, 0), 0, 0, 0], [0, (0, -1), 0, (0, -1), (1, 2)], [0, 0, 0, (1, 2), 0], [0, 0, (0, -1), 0, 0]]","[[0, 0, (1, 2), 0, (1, 0)], [(2, 0), (1, 0), 0, 0, 0], [0, (0, -1), 0, (0, -1), (1, 2)], [0, 0, 0, (1, 2), (2, 1)], [0, 0, (0, -1), 0, 0]]","[[0, 0, 0, 0, (1, 0)], [(2, 0), (1, 0), 0, 0, 0], [0, (0, -1), 0, (0, -1), (1, 2)], [0, 0, 0, (1, 2), (2, 1)], [0, 0, (0, -1), 0, 0]]","[[0, 0, 0, 0, (1, 0)], [(2, 0), (1, 0), 0, 0, 0], [0, (0, -1), 0, (0, -1), (1, 2)], [0, 0, 0, (1, 2), 0], [0, 0, (0, -1), 0, 0]]","[[0, 0, (1, 2), 0, (1, 0)], [(2, 0), (1, 0), 0, 0, 0], [0, (0, -1), 0, (0, -1), (1, 2)], [0, 0, 0, (1, 2), 0], [0, 0, (0, -1), 0, 0]]","[[0, 0, (1, 2), 0, (1, 0)], [(2, 0), (1, 0), 0, 0, 0], [0, (0, -1), 0, (0, -1), (1, 2)], [0, 0, 0, (1, 2), (2, 1)], [0, 0, (0, -1), 0, 0]]","[[0, 0, (1, 2), (1, 0), 0], [(2, 0), (1, 0), 0, 0, 0], [0, (0, -1), 0, (0, -1), (1, 2)], [0, 0, 0, (1, 2), (2, 1)], [0, 0, (0, -1), 0, 0]]","[[0, 0, (1, 2), (1, 0), 0], [(2, 0), (1, 0), 0, 0, 0], [0, (0, -1), 0, (0, -1), (1, 2)], [0, 0, 0, (1, 2), 0], [0, 0, (0, -1), 0, 0]]","[[0, 0, 0, (1, 0), 0], [(2, 0), (1, 0), 0, 0, 0], [0, (0, -1), 0, (0, -1), (1, 2)], [0, 0, 0, (1, 2), 0], [0, 0, (0, -1), 0, 0]]","[[0, 0, 0, (1, 0), 0], [(2, 0), (1, 0), 0, 0, 0], [0, (0, -1), 0, (0, -1), (1, 2)], [0, 0, 0, (1, 2), (2, 1)], [0, 0, (0, -1), 0, 0]]","[[0, 0, (1, 2), (1, 0), 0], [(2, 0), (1, 0), 0, 0, 0], [0, (0, -1), 0, (0, -1), (1, 2)], [0, 0, 0, (1, 2), (2, 1)], [0, 0, (0, -1), 0, 0]]","[[0, 0, (1, 2), (1, 0), 0], [(2, 0), (1, 0), 0, 0, 0], [0, (0, -1), 0, (0, -1), (1, 2)], [0, 0, 0, (1, 2), 0], [0, 0, (0, -1), 0, 0]]","[[0, 0, 0, (1, 0), 0], [(2, 0), (1, 0), 0, 0, 0], [0, (0, -1), 0, (0, -1), (1, 2)], [0, 0, 0, (1, 2), 0], [0, 0, (0, -1), 0, 0]]","[[0, 0, 0, (1, 0), 0], [(2, 0), (1, 0), 0, 0, 0], [0, (0, -1), 0, (0, -1), (1, 2)], [0, 0, 0, (1, 2), (2, 1)], [0, 0, (0, -1), 0, 0]]","[[0, 0, (1, 2), (1, 0), 0], [(2, 0), (1, 0), 0, 0, 0], [0, (0, -1), 0, (0, -1), (1, 2)], [0, 0, 0, (1, 2), (2, 1)], [0, 0, (0, -1), 0, 0]]","[[0, 0, (1, 2), (1, 0), 0], [(2, 0), (1, 0), 0, 0, 0], [0, (0, -1), 0, (0, -1), (1, 2)], [0, 0, 0, (1, 2), 0], [0, 0, (0, -1), 0, 0]]","[[0, 0, 0, (1, 0), 0], [(2, 0), (1, 0), 0, 0, 0], [0, (0, -1), 0, (0, -1), (1, 2)], [0, 0, 0, (1, 2), 0], [0, 0, (0, -1), 0, 0]]","[[0, 0, 0, (1, 0), 0], [(2, 0), (1, 0), 0, 0, 0], [0, (0, -1), 0, (0, -1), (1, 2)], [0, 0, 0, (1, 2), (2, 1)], [0, 0, (0, -1), 0, 0]]","[[0, 0, (1, 2), (1, 0), 0], [(2, 0), (1, 0), 0, 0, 0], [0, (0, -1), 0, (0, -1), (1, 2)], [0, 0, 0, (1, 2), (2, 1)], [0, 0, (0, -1), 0, 0]]",,,,,,,,,,,,,,,,,,,,,,,,,,,,,,,,,,,,,,,,,,,,,,,,,,,,,,,,,,,,,,,,,,,,,,,,,,,,,,,,,,,,,,,,,,,,,,,,,,,,,,,,,,,,,,,,,,,,,,,,,,,,,,,,,,,,,,,,,,,,,,,,,,,,,,,,,,,,,,,,,,,,,,,,,,,,,,,,,,,,,,,,,,,,,,,,,,,,,,,,,,,,,,,,,,,,,,,,,,,,,,,,,,,,,,,,,,,,,,,,,,,,,,,,,,,,,,,,,,,,,,,,,,,,,,,,,,,,,,,,,,,,,,,,,,,,,,,,,,,,,,,,,,,,,,,,,,,,,,,,,,,,,,,,,,,,,,,,,,,,,,,,,,,,,,,,,,,,,,,,,,,,,,,,,,,,,,,,,,,,,,,,,,,,,,,,,,,,,,,,,,,,,,,,,,,,,,,,,,,,,,,,,,,,,,,,,,,,,,,,,,,,,,,,,,,,,,,,,,,,,,,,,,,,,,,,,,,,,,,,,,,,,,,,,,,,,,,,,,,,,,,,,,,,,,,,,,,,,,,,,,,,,,,,,,,,,,,,,,,,,,,,,,,,,,,,,,,,,,,,,,,,,,,,,,,,,,,,,,,,,,,,,,,,,,,,,,,,,,,,,,,,,,,,,,,,,,,,,,,,,,,,,,,,,,,,,,,,,,,,,,,,,,,,,,,,,,,,,,,,,,,,,,,,,,,,,,,,,,,,,,,,,,,,,,,,,,,,,,,,,,,,,,,,,,,,,,,,,,,,,,,,,,,,,,,,,,,,,,,,,,,,,,,,,,,,,,,,,,,,,,,,,,,,,,,,,,,,,,,,,,,,,,,,,,,,,,,,,,,,,,,,,,,,,,,,,,,,,,,,,,,,,,,,,,,,,,,,,,,,,,,,,,,,,,,,,,,,,,,,,,,,,,,,,,,,,,,,,,,,,,,,,,,,,,,,,,,,,,,,,,,,,,,,,,,,,,,,,,,,,,,,,,,,,,,,,,,,,,,,,,,,,,,
305,state,ia,ia,1,"(1, ('e', 0, 2, 2))","(2, ('e', 3, 4, 1))","(1, ('e', 0, 2, 2))","(2, ('a', 3, 4))","(1, ('e', 0, 2, 2))","(2, ('e', 3, 4, 1))","(1, ('e', 0, 2, 2))","(2, ('a', 3, 4))","(1, ('e', 0, 2, 2))",,,,,,,,,,,,,,,,,,,,,,,,,,,,,,,,,,,,,,,,,,,,,,,,,,,,,,,,,,,,,,,,,,,,,,,,,,,,,,,,,,,,,,,,,,,,,,,,,,,,,,,,,,,,,,,,,,,,,,,,,,,,,,,,,,,,,,,,,,,,,,,,,,,,,,,,,,,,,,,,,,,,,,,,,,,,,,,,,,,,,,,,,,,,,,,,,,,,,,,,,,,,,,,,,,,,,,,,,,,,,,,,,,,,,,,,,,,,,,,,,,,,,,,,,,,,,,,,,,,,,,,,,,,,,,,,,,,,,,,,,,,,,,,,,,,,,,,,,,,,,,,,,,,,,,,,,,,,,,,,,,,,,,,,,,,,,,,,,,,,,,,,,,,,,,,,,,,,,,,,,,,,,,,,,,,,,,,,,,,,,,,,,,,,,,,,,,,,,,,,,,,,,,,,,,,,,,,,,,,,,,,,,,,,,,,,,,,,,,,,,,,,,,,,,,,,,,,,,,,,,,,,,,,,,,,,,,,,,,,,,,,,,,,,,,,,,,,,,,,,,,,,,,,,,,,,,,,,,,,,,,,,,,,,,,,,,,,,,,,,,,,,,,,,,,,,,,,,,,,,,,,,,,,,,,,,,,,,,,,,,,,,,,,,,,,,,,,,,,,,,,,,,,,,,,,,,,,,,,,,,,,,,,,,,,,,,,,,,,,,,,,,,,,,,,,,,,,,,,,,,,,,,,,,,,,,,,,,,,,,,,,,,,,,,,,,,,,,,,,,,,,,,,,,,,,,,,,,,,,,,,,,,,,,,,,,,,,,,,,,,,,,,,,,,,,,,,,,,,,,,,,,,,,,,,,,,,,,,,,,,,,,,,,,,,,,,,,,,,,,,,,,,,,,,,,,,,,,,,,,,,,,,,,,,,,,,,,,,,,,,,,,,,,,,,,,,,,,,,,,,,,,,,,,,,,,,,,,,,,,,,,,,,,,,,,,,,,,,,,,,,,,,,,,,,,,,,,,,,,,,,,,,,,,,,,,,,,,,,,,,,,,,,,,,,,,,,,,,,,,,,,,,,,,,,,,,,,,,,,,,,,,,,,
306,move,ia,ia,1,"[[0, 0, (1, 2), 0, 0], [0, 0, 0, 0, 0], [0, (0, -1), (0, -1), (0, -1), 0], [0, 0, 0, 0, 0], [0, 0, 0, 0, 0]]","[[0, 0, (1, 2), 0, 0], [0, 0, 0, 0, 0], [0, (0, -1), (0, -1), (0, -1), 0], [0, 0, 0, 0, (2, 1)], [0, 0, 0, 0, 0]]","[[0, 0, (1, 2), 0, 0], [0, 0, (1, 2), 0, 0], [0, (0, -1), (0, -1), (0, -1), 0], [0, 0, 0, 0, (2, 1)], [0, 0, 0, 0, 0]]","[[0, 0, (1, 2), 0, 0], [0, 0, (1, 2), 0, 0], [0, (0, -1), (0, -1), (0, -1), 0], [0, 0, 0, 0, 0], [0, 0, 0, 0, 0]]","[[0, 0, (1, 2), 0, 0], [0, 0, (1, 2), 0, 0], [0, (0, -1), (1, 2), (0, -1), 0], [0, 0, (0, -1), 0, 0], [0, 0, 0, 0, 0]]","[[0, 0, (1, 2), 0, 0], [0, 0, (1, 2), 0, 0], [0, (0, -1), (1, 2), (0, -1), 0], [0, 0, (0, -1), 0, (2, 1)], [0, 0, 0, 0, 0]]","[[0, 0, (1, 2), 0, 0], [0, 0, (1, 2), 0, 0], [0, (0, -1), (1, 2), (0, -1), 0], [0, 0, (1, 2), 0, (2, 1)], [0, 0, (0, -1), 0, 0]]","[[0, 0, (1, 2), 0, 0], [0, 0, (1, 2), 0, 0], [0, (0, -1), (1, 2), (0, -1), 0], [0, 0, (1, 2), 0, 0], [0, 0, (0, -1), 0, 0]]","[[0, 0, (1, 2), 0, 0], [0, 0, (1, 2), 0, 0], [0, (0, -1), (1, 2), (0, -1), 0], [0, 0, (1, 2), 0, 0], [0, 0, (1, 2), 0, 0]]",,,,,,,,,,,,,,,,,,,,,,,,,,,,,,,,,,,,,,,,,,,,,,,,,,,,,,,,,,,,,,,,,,,,,,,,,,,,,,,,,,,,,,,,,,,,,,,,,,,,,,,,,,,,,,,,,,,,,,,,,,,,,,,,,,,,,,,,,,,,,,,,,,,,,,,,,,,,,,,,,,,,,,,,,,,,,,,,,,,,,,,,,,,,,,,,,,,,,,,,,,,,,,,,,,,,,,,,,,,,,,,,,,,,,,,,,,,,,,,,,,,,,,,,,,,,,,,,,,,,,,,,,,,,,,,,,,,,,,,,,,,,,,,,,,,,,,,,,,,,,,,,,,,,,,,,,,,,,,,,,,,,,,,,,,,,,,,,,,,,,,,,,,,,,,,,,,,,,,,,,,,,,,,,,,,,,,,,,,,,,,,,,,,,,,,,,,,,,,,,,,,,,,,,,,,,,,,,,,,,,,,,,,,,,,,,,,,,,,,,,,,,,,,,,,,,,,,,,,,,,,,,,,,,,,,,,,,,,,,,,,,,,,,,,,,,,,,,,,,,,,,,,,,,,,,,,,,,,,,,,,,,,,,,,,,,,,,,,,,,,,,,,,,,,,,,,,,,,,,,,,,,,,,,,,,,,,,,,,,,,,,,,,,,,,,,,,,,,,,,,,,,,,,,,,,,,,,,,,,,,,,,,,,,,,,,,,,,,,,,,,,,,,,,,,,,,,,,,,,,,,,,,,,,,,,,,,,,,,,,,,,,,,,,,,,,,,,,,,,,,,,,,,,,,,,,,,,,,,,,,,,,,,,,,,,,,,,,,,,,,,,,,,,,,,,,,,,,,,,,,,,,,,,,,,,,,,,,,,,,,,,,,,,,,,,,,,,,,,,,,,,,,,,,,,,,,,,,,,,,,,,,,,,,,,,,,,,,,,,,,,,,,,,,,,,,,,,,,,,,,,,,,,,,,,,,,,,,,,,,,,,,,,,,,,,,,,,,,,,,,,,,,,,,,,,,,,,,,,,,,,,,,,,,,,,,,,,,,,,,,,,,,,,,,,,,,,,,,,,,,,,,,,,,,,,,,,,,,,,,,,,,,,,
307,state,ia,ia,1,"(1, ('e', 4, 0, 0))","(2, ('e', 3, 4, 1))","(1, ('e', 0, 2, 2))","(2, ('a', 3, 4))","(1, ('e', 0, 2, 2))","(2, ('e', 3, 4, 1))","(1, ('e', 0, 2, 2))","(2, ('a', 3, 4))","(1, ('e', 0, 2, 2))","(2, ('e', 3, 4, 1))","(1, ('a', 0, 2))","(2, ('a', 3, 4))","(1, ('e', 0, 2, 2))","(2, ('e', 3, 4, 1))","(1, ('t', 2, 2, 1))","(2, ('a', 3, 4))","(1, ('t', 2, 2, 3))","(2, ('e', 3, 4, 1))","(1, ('a', 0, 2))","(2, ('a', 3, 4))","(1, ('e', 0, 2, 2))","(2, ('e', 3, 4, 1))","(1, ('m', 1, 2, 2))",,,,,,,,,,,,,,,,,,,,,,,,,,,,,,,,,,,,,,,,,,,,,,,,,,,,,,,,,,,,,,,,,,,,,,,,,,,,,,,,,,,,,,,,,,,,,,,,,,,,,,,,,,,,,,,,,,,,,,,,,,,,,,,,,,,,,,,,,,,,,,,,,,,,,,,,,,,,,,,,,,,,,,,,,,,,,,,,,,,,,,,,,,,,,,,,,,,,,,,,,,,,,,,,,,,,,,,,,,,,,,,,,,,,,,,,,,,,,,,,,,,,,,,,,,,,,,,,,,,,,,,,,,,,,,,,,,,,,,,,,,,,,,,,,,,,,,,,,,,,,,,,,,,,,,,,,,,,,,,,,,,,,,,,,,,,,,,,,,,,,,,,,,,,,,,,,,,,,,,,,,,,,,,,,,,,,,,,,,,,,,,,,,,,,,,,,,,,,,,,,,,,,,,,,,,,,,,,,,,,,,,,,,,,,,,,,,,,,,,,,,,,,,,,,,,,,,,,,,,,,,,,,,,,,,,,,,,,,,,,,,,,,,,,,,,,,,,,,,,,,,,,,,,,,,,,,,,,,,,,,,,,,,,,,,,,,,,,,,,,,,,,,,,,,,,,,,,,,,,,,,,,,,,,,,,,,,,,,,,,,,,,,,,,,,,,,,,,,,,,,,,,,,,,,,,,,,,,,,,,,,,,,,,,,,,,,,,,,,,,,,,,,,,,,,,,,,,,,,,,,,,,,,,,,,,,,,,,,,,,,,,,,,,,,,,,,,,,,,,,,,,,,,,,,,,,,,,,,,,,,,,,,,,,,,,,,,,,,,,,,,,,,,,,,,,,,,,,,,,,,,,,,,,,,,,,,,,,,,,,,,,,,,,,,,,,,,,,,,,,,,,,,,,,,,,,,,,,,,,,,,,,,,,,,,,,,,,,,,,,,,,,,,,,,,,,,,,,,,,,,,,,,,,,,,,,,,,,,,,,,,,,,,,,,,,,,,,,,,,,,,,,,,,,,,,,,,,,,,,,,,,,,,,,,,,,,,,,,,,,,,,,,,,,,,,,,,,,,,,,,,,,,,,,,,,,,
308,move,ia,ia,1,"[[0, 0, 0, 0, 0], [0, 0, 0, 0, 0], [0, (0, -1), (0, -1), (0, -1), 0], [0, 0, 0, 0, 0], [(1, 0), 0, 0, 0, 0]]","[[0, 0, 0, 0, 0], [0, 0, 0, 0, 0], [0, (0, -1), (0, -1), (0, -1), 0], [0, 0, 0, 0, (2, 1)], [(1, 0), 0, 0, 0, 0]]","[[0, 0, (1, 2), 0, 0], [0, 0, 0, 0, 0], [0, (0, -1), (0, -1), (0, -1), 0], [0, 0, 0, 0, (2, 1)], [(1, 0), 0, 0, 0, 0]]","[[0, 0, (1, 2), 0, 0], [0, 0, 0, 0, 0], [0, (0, -1), (0, -1), (0, -1), 0], [0, 0, 0, 0, 0], [(1, 0), 0, 0, 0, 0]]","[[0, 0, (1, 2), 0, 0], [0, 0, (1, 2), 0, 0], [0, (0, -1), (0, -1), (0, -1), 0], [0, 0, 0, 0, 0], [(1, 0), 0, 0, 0, 0]]","[[0, 0, (1, 2), 0, 0], [0, 0, (1, 2), 0, 0], [0, (0, -1), (0, -1), (0, -1), 0], [0, 0, 0, 0, (2, 1)], [(1, 0), 0, 0, 0, 0]]","[[0, 0, (1, 2), 0, 0], [0, 0, (1, 2), 0, 0], [0, (0, -1), (1, 2), (0, -1), 0], [0, 0, (0, -1), 0, (2, 1)], [(1, 0), 0, 0, 0, 0]]","[[0, 0, (1, 2), 0, 0], [0, 0, (1, 2), 0, 0], [0, (0, -1), (1, 2), (0, -1), 0], [0, 0, (0, -1), 0, 0], [(1, 0), 0, 0, 0, 0]]","[[0, 0, (1, 2), 0, 0], [0, 0, (1, 2), 0, 0], [0, (0, -1), (1, 2), (0, -1), 0], [0, 0, (1, 2), 0, 0], [(1, 0), 0, (0, -1), 0, 0]]","[[0, 0, (1, 2), 0, 0], [0, 0, (1, 2), 0, 0], [0, (0, -1), (1, 2), (0, -1), 0], [0, 0, (1, 2), 0, (2, 1)], [(1, 0), 0, (0, -1), 0, 0]]","[[0, 0, 0, 0, 0], [0, 0, (1, 2), 0, 0], [0, (0, -1), (1, 2), (0, -1), 0], [0, 0, (1, 2), 0, (2, 1)], [(1, 0), 0, (0, -1), 0, 0]]","[[0, 0, 0, 0, 0], [0, 0, (1, 2), 0, 0], [0, (0, -1), (1, 2), (0, -1), 0], [0, 0, (1, 2), 0, 0], [(1, 0), 0, (0, -1), 0, 0]]","[[0, 0, (1, 2), 0, 0], [0, 0, (1, 2), 0, 0], [0, (0, -1), (1, 2), (0, -1), 0], [0, 0, (1, 2), 0, 0], [(1, 0), 0, (0, -1), 0, 0]]","[[0, 0, (1, 2), 0, 0], [0, 0, (1, 2), 0, 0], [0, (0, -1), (1, 2), (0, -1), 0], [0, 0, (1, 2), 0, (2, 1)], [(1, 0), 0, (0, -1), 0, 0]]","[[0, 0, (1, 2), 0, 0], [0, 0, (1, 2), 0, 0], [0, (0, -1), (1, 1), (0, -1), 0], [0, 0, (1, 2), 0, (2, 1)], [(1, 0), 0, (0, -1), 0, 0]]","[[0, 0, (1, 2), 0, 0], [0, 0, (1, 2), 0, 0], [0, (0, -1), (1, 1), (0, -1), 0], [0, 0, (1, 2), 0, 0], [(1, 0), 0, (0, -1), 0, 0]]","[[0, 0, (1, 2), 0, 0], [0, 0, (1, 2), 0, 0], [0, (0, -1), (1, 3), (0, -1), 0], [0, 0, (1, 2), 0, 0], [(1, 0), 0, (0, -1), 0, 0]]","[[0, 0, (1, 2), 0, 0], [0, 0, (1, 2), 0, 0], [0, (0, -1), (1, 3), (0, -1), 0], [0, 0, (1, 2), 0, (2, 1)], [(1, 0), 0, (0, -1), 0, 0]]","[[0, 0, 0, 0, 0], [0, 0, (1, 2), 0, 0], [0, (0, -1), (1, 3), (0, -1), 0], [0, 0, (1, 2), 0, (2, 1)], [(1, 0), 0, (0, -1), 0, 0]]","[[0, 0, 0, 0, 0], [0, 0, (1, 2), 0, 0], [0, (0, -1), (1, 3), (0, -1), 0], [0, 0, (1, 2), 0, 0], [(1, 0), 0, (0, -1), 0, 0]]","[[0, 0, (1, 2), 0, 0], [0, 0, (1, 2), 0, 0], [0, (0, -1), (1, 3), (0, -1), 0], [0, 0, (1, 2), 0, 0], [(1, 0), 0, (0, -1), 0, 0]]","[[0, 0, (1, 2), 0, 0], [0, 0, (1, 2), 0, 0], [0, (0, -1), (1, 3), (0, -1), 0], [0, 0, (1, 2), 0, (2, 1)], [(1, 0), 0, (0, -1), 0, 0]]","[[0, 0, (1, 2), 0, 0], [0, 0, 0, 0, 0], [0, (0, -1), (1, 2), (0, -1), 0], [0, 0, (1, 3), 0, (2, 1)], [(1, 0), 0, (1, 2), 0, 0]]",,,,,,,,,,,,,,,,,,,,,,,,,,,,,,,,,,,,,,,,,,,,,,,,,,,,,,,,,,,,,,,,,,,,,,,,,,,,,,,,,,,,,,,,,,,,,,,,,,,,,,,,,,,,,,,,,,,,,,,,,,,,,,,,,,,,,,,,,,,,,,,,,,,,,,,,,,,,,,,,,,,,,,,,,,,,,,,,,,,,,,,,,,,,,,,,,,,,,,,,,,,,,,,,,,,,,,,,,,,,,,,,,,,,,,,,,,,,,,,,,,,,,,,,,,,,,,,,,,,,,,,,,,,,,,,,,,,,,,,,,,,,,,,,,,,,,,,,,,,,,,,,,,,,,,,,,,,,,,,,,,,,,,,,,,,,,,,,,,,,,,,,,,,,,,,,,,,,,,,,,,,,,,,,,,,,,,,,,,,,,,,,,,,,,,,,,,,,,,,,,,,,,,,,,,,,,,,,,,,,,,,,,,,,,,,,,,,,,,,,,,,,,,,,,,,,,,,,,,,,,,,,,,,,,,,,,,,,,,,,,,,,,,,,,,,,,,,,,,,,,,,,,,,,,,,,,,,,,,,,,,,,,,,,,,,,,,,,,,,,,,,,,,,,,,,,,,,,,,,,,,,,,,,,,,,,,,,,,,,,,,,,,,,,,,,,,,,,,,,,,,,,,,,,,,,,,,,,,,,,,,,,,,,,,,,,,,,,,,,,,,,,,,,,,,,,,,,,,,,,,,,,,,,,,,,,,,,,,,,,,,,,,,,,,,,,,,,,,,,,,,,,,,,,,,,,,,,,,,,,,,,,,,,,,,,,,,,,,,,,,,,,,,,,,,,,,,,,,,,,,,,,,,,,,,,,,,,,,,,,,,,,,,,,,,,,,,,,,,,,,,,,,,,,,,,,,,,,,,,,,,,,,,,,,,,,,,,,,,,,,,,,,,,,,,,,,,,,,,,,,,,,,,,,,,,,,,,,,,,,,,,,,,,,,,,,,,,,,,,,,,,,,,,,,,,,,,,,,,,,,,,,,,,,,,,,,,,,,,,,,,,,,,,,,,,,,,,,,,,,,,,,,,,,,,,,,
309,state,ia,ia,1,"(1, ('e', 0, 2, 2))","(2, ('e', 3, 4, 3))","(1, ('e', 0, 2, 2))","(2, ('a', 3, 4))","(1, ('e', 0, 2, 2))","(2, ('e', 3, 4, 1))","(1, ('e', 0, 2, 2))","(2, ('e', 4, 1, 2))","(1, ('e', 0, 2, 2))",,,,,,,,,,,,,,,,,,,,,,,,,,,,,,,,,,,,,,,,,,,,,,,,,,,,,,,,,,,,,,,,,,,,,,,,,,,,,,,,,,,,,,,,,,,,,,,,,,,,,,,,,,,,,,,,,,,,,,,,,,,,,,,,,,,,,,,,,,,,,,,,,,,,,,,,,,,,,,,,,,,,,,,,,,,,,,,,,,,,,,,,,,,,,,,,,,,,,,,,,,,,,,,,,,,,,,,,,,,,,,,,,,,,,,,,,,,,,,,,,,,,,,,,,,,,,,,,,,,,,,,,,,,,,,,,,,,,,,,,,,,,,,,,,,,,,,,,,,,,,,,,,,,,,,,,,,,,,,,,,,,,,,,,,,,,,,,,,,,,,,,,,,,,,,,,,,,,,,,,,,,,,,,,,,,,,,,,,,,,,,,,,,,,,,,,,,,,,,,,,,,,,,,,,,,,,,,,,,,,,,,,,,,,,,,,,,,,,,,,,,,,,,,,,,,,,,,,,,,,,,,,,,,,,,,,,,,,,,,,,,,,,,,,,,,,,,,,,,,,,,,,,,,,,,,,,,,,,,,,,,,,,,,,,,,,,,,,,,,,,,,,,,,,,,,,,,,,,,,,,,,,,,,,,,,,,,,,,,,,,,,,,,,,,,,,,,,,,,,,,,,,,,,,,,,,,,,,,,,,,,,,,,,,,,,,,,,,,,,,,,,,,,,,,,,,,,,,,,,,,,,,,,,,,,,,,,,,,,,,,,,,,,,,,,,,,,,,,,,,,,,,,,,,,,,,,,,,,,,,,,,,,,,,,,,,,,,,,,,,,,,,,,,,,,,,,,,,,,,,,,,,,,,,,,,,,,,,,,,,,,,,,,,,,,,,,,,,,,,,,,,,,,,,,,,,,,,,,,,,,,,,,,,,,,,,,,,,,,,,,,,,,,,,,,,,,,,,,,,,,,,,,,,,,,,,,,,,,,,,,,,,,,,,,,,,,,,,,,,,,,,,,,,,,,,,,,,,,,,,,,,,,,,,,,,,,,,,,,,,,,,,,,,,,,,,,,,,,,,,,,,,,,,,,,,,,,,,,,,,,,,,,,,
310,move,ia,ia,1,"[[0, 0, (1, 2), 0, 0], [0, 0, 0, 0, 0], [0, (0, -1), (0, -1), (0, -1), 0], [0, 0, 0, 0, 0], [0, 0, 0, 0, 0]]","[[0, 0, (1, 2), 0, 0], [0, 0, 0, 0, 0], [0, (0, -1), (0, -1), (0, -1), 0], [0, 0, 0, 0, (2, 3)], [0, 0, 0, 0, 0]]","[[0, 0, (1, 2), 0, 0], [0, 0, (1, 2), 0, 0], [0, (0, -1), (0, -1), (0, -1), 0], [0, 0, 0, 0, (2, 3)], [0, 0, 0, 0, 0]]","[[0, 0, (1, 2), 0, 0], [0, 0, (1, 2), 0, 0], [0, (0, -1), (0, -1), (0, -1), 0], [0, 0, 0, 0, 0], [0, 0, 0, 0, 0]]","[[0, 0, (1, 2), 0, 0], [0, 0, (1, 2), 0, 0], [0, (0, -1), (1, 2), (0, -1), 0], [0, 0, (0, -1), 0, 0], [0, 0, 0, 0, 0]]","[[0, 0, (1, 2), 0, 0], [0, 0, (1, 2), 0, 0], [0, (0, -1), (1, 2), (0, -1), 0], [0, 0, (0, -1), 0, (2, 1)], [0, 0, 0, 0, 0]]","[[0, 0, (1, 2), 0, 0], [0, 0, (1, 2), 0, 0], [0, (0, -1), (1, 2), (0, -1), 0], [0, 0, (1, 2), 0, (2, 1)], [0, 0, (0, -1), 0, 0]]","[[0, 0, (1, 2), 0, 0], [0, 0, (1, 2), 0, 0], [0, (0, -1), (1, 2), (0, -1), 0], [0, 0, (1, 2), 0, (2, 1)], [0, (2, 2), (0, -1), 0, 0]]","[[0, 0, (1, 2), 0, 0], [0, 0, (1, 2), 0, 0], [0, (0, -1), (1, 2), (0, -1), 0], [0, 0, (1, 2), 0, (2, 1)], [0, (2, 2), (1, 2), 0, 0]]",,,,,,,,,,,,,,,,,,,,,,,,,,,,,,,,,,,,,,,,,,,,,,,,,,,,,,,,,,,,,,,,,,,,,,,,,,,,,,,,,,,,,,,,,,,,,,,,,,,,,,,,,,,,,,,,,,,,,,,,,,,,,,,,,,,,,,,,,,,,,,,,,,,,,,,,,,,,,,,,,,,,,,,,,,,,,,,,,,,,,,,,,,,,,,,,,,,,,,,,,,,,,,,,,,,,,,,,,,,,,,,,,,,,,,,,,,,,,,,,,,,,,,,,,,,,,,,,,,,,,,,,,,,,,,,,,,,,,,,,,,,,,,,,,,,,,,,,,,,,,,,,,,,,,,,,,,,,,,,,,,,,,,,,,,,,,,,,,,,,,,,,,,,,,,,,,,,,,,,,,,,,,,,,,,,,,,,,,,,,,,,,,,,,,,,,,,,,,,,,,,,,,,,,,,,,,,,,,,,,,,,,,,,,,,,,,,,,,,,,,,,,,,,,,,,,,,,,,,,,,,,,,,,,,,,,,,,,,,,,,,,,,,,,,,,,,,,,,,,,,,,,,,,,,,,,,,,,,,,,,,,,,,,,,,,,,,,,,,,,,,,,,,,,,,,,,,,,,,,,,,,,,,,,,,,,,,,,,,,,,,,,,,,,,,,,,,,,,,,,,,,,,,,,,,,,,,,,,,,,,,,,,,,,,,,,,,,,,,,,,,,,,,,,,,,,,,,,,,,,,,,,,,,,,,,,,,,,,,,,,,,,,,,,,,,,,,,,,,,,,,,,,,,,,,,,,,,,,,,,,,,,,,,,,,,,,,,,,,,,,,,,,,,,,,,,,,,,,,,,,,,,,,,,,,,,,,,,,,,,,,,,,,,,,,,,,,,,,,,,,,,,,,,,,,,,,,,,,,,,,,,,,,,,,,,,,,,,,,,,,,,,,,,,,,,,,,,,,,,,,,,,,,,,,,,,,,,,,,,,,,,,,,,,,,,,,,,,,,,,,,,,,,,,,,,,,,,,,,,,,,,,,,,,,,,,,,,,,,,,,,,,,,,,,,,,,,,,,,,,,,,,,,,,,,,,,,,,,,,,,,,,,,,
311,state,ia,ia,1,"(1, ('e', 0, 2, 2))","(2, ('e', 3, 4, 1))","(1, ('e', 0, 2, 2))","(2, ('e', 0, 4, 3))","(1, ('e', 0, 2, 2))","(2, ('e', 4, 0, 1))","(1, ('e', 0, 2, 2))","(2, ('a', 3, 4))","(1, ('e', 0, 2, 2))",,,,,,,,,,,,,,,,,,,,,,,,,,,,,,,,,,,,,,,,,,,,,,,,,,,,,,,,,,,,,,,,,,,,,,,,,,,,,,,,,,,,,,,,,,,,,,,,,,,,,,,,,,,,,,,,,,,,,,,,,,,,,,,,,,,,,,,,,,,,,,,,,,,,,,,,,,,,,,,,,,,,,,,,,,,,,,,,,,,,,,,,,,,,,,,,,,,,,,,,,,,,,,,,,,,,,,,,,,,,,,,,,,,,,,,,,,,,,,,,,,,,,,,,,,,,,,,,,,,,,,,,,,,,,,,,,,,,,,,,,,,,,,,,,,,,,,,,,,,,,,,,,,,,,,,,,,,,,,,,,,,,,,,,,,,,,,,,,,,,,,,,,,,,,,,,,,,,,,,,,,,,,,,,,,,,,,,,,,,,,,,,,,,,,,,,,,,,,,,,,,,,,,,,,,,,,,,,,,,,,,,,,,,,,,,,,,,,,,,,,,,,,,,,,,,,,,,,,,,,,,,,,,,,,,,,,,,,,,,,,,,,,,,,,,,,,,,,,,,,,,,,,,,,,,,,,,,,,,,,,,,,,,,,,,,,,,,,,,,,,,,,,,,,,,,,,,,,,,,,,,,,,,,,,,,,,,,,,,,,,,,,,,,,,,,,,,,,,,,,,,,,,,,,,,,,,,,,,,,,,,,,,,,,,,,,,,,,,,,,,,,,,,,,,,,,,,,,,,,,,,,,,,,,,,,,,,,,,,,,,,,,,,,,,,,,,,,,,,,,,,,,,,,,,,,,,,,,,,,,,,,,,,,,,,,,,,,,,,,,,,,,,,,,,,,,,,,,,,,,,,,,,,,,,,,,,,,,,,,,,,,,,,,,,,,,,,,,,,,,,,,,,,,,,,,,,,,,,,,,,,,,,,,,,,,,,,,,,,,,,,,,,,,,,,,,,,,,,,,,,,,,,,,,,,,,,,,,,,,,,,,,,,,,,,,,,,,,,,,,,,,,,,,,,,,,,,,,,,,,,,,,,,,,,,,,,,,,,,,,,,,,,,,,,,,,,,,,,,,,,,,,,,,,,,,,,,,,,,,,,,,,,,,
312,move,ia,ia,1,"[[0, 0, (1, 2), 0, 0], [0, 0, 0, 0, 0], [0, (0, -1), (0, -1), (0, -1), 0], [0, 0, 0, 0, 0], [0, 0, 0, 0, 0]]","[[0, 0, (1, 2), 0, 0], [0, 0, 0, 0, 0], [0, (0, -1), (0, -1), (0, -1), 0], [0, 0, 0, 0, (2, 1)], [0, 0, 0, 0, 0]]","[[0, 0, (1, 2), 0, 0], [0, 0, (1, 2), 0, 0], [0, (0, -1), (0, -1), (0, -1), 0], [0, 0, 0, 0, (2, 1)], [0, 0, 0, 0, 0]]","[[0, 0, (1, 2), 0, (2, 3)], [0, 0, (1, 2), 0, 0], [0, (0, -1), (0, -1), (0, -1), 0], [0, 0, 0, 0, (2, 1)], [0, 0, 0, 0, 0]]","[[0, 0, (1, 2), 0, (2, 3)], [0, 0, (1, 2), 0, 0], [0, (0, -1), (1, 2), (0, -1), 0], [0, 0, (0, -1), 0, (2, 1)], [0, 0, 0, 0, 0]]","[[0, 0, (1, 2), 0, (2, 3)], [0, 0, (1, 2), 0, 0], [0, (0, -1), (1, 2), (0, -1), 0], [0, 0, (0, -1), 0, (2, 1)], [(2, 1), 0, 0, 0, 0]]","[[0, 0, (1, 2), 0, (2, 3)], [0, 0, (1, 2), 0, 0], [0, (0, -1), (1, 2), (0, -1), 0], [0, 0, (1, 2), 0, (2, 1)], [(2, 1), 0, (0, -1), 0, 0]]","[[0, 0, (1, 2), 0, (2, 3)], [0, 0, (1, 2), 0, 0], [0, (0, -1), (1, 2), (0, -1), 0], [0, 0, (1, 2), 0, 0], [(2, 1), 0, (0, -1), 0, 0]]","[[0, 0, (1, 2), 0, (2, 3)], [0, 0, (1, 2), 0, 0], [0, (0, -1), (1, 2), (0, -1), 0], [0, 0, (1, 2), 0, 0], [(2, 1), 0, (1, 2), 0, 0]]",,,,,,,,,,,,,,,,,,,,,,,,,,,,,,,,,,,,,,,,,,,,,,,,,,,,,,,,,,,,,,,,,,,,,,,,,,,,,,,,,,,,,,,,,,,,,,,,,,,,,,,,,,,,,,,,,,,,,,,,,,,,,,,,,,,,,,,,,,,,,,,,,,,,,,,,,,,,,,,,,,,,,,,,,,,,,,,,,,,,,,,,,,,,,,,,,,,,,,,,,,,,,,,,,,,,,,,,,,,,,,,,,,,,,,,,,,,,,,,,,,,,,,,,,,,,,,,,,,,,,,,,,,,,,,,,,,,,,,,,,,,,,,,,,,,,,,,,,,,,,,,,,,,,,,,,,,,,,,,,,,,,,,,,,,,,,,,,,,,,,,,,,,,,,,,,,,,,,,,,,,,,,,,,,,,,,,,,,,,,,,,,,,,,,,,,,,,,,,,,,,,,,,,,,,,,,,,,,,,,,,,,,,,,,,,,,,,,,,,,,,,,,,,,,,,,,,,,,,,,,,,,,,,,,,,,,,,,,,,,,,,,,,,,,,,,,,,,,,,,,,,,,,,,,,,,,,,,,,,,,,,,,,,,,,,,,,,,,,,,,,,,,,,,,,,,,,,,,,,,,,,,,,,,,,,,,,,,,,,,,,,,,,,,,,,,,,,,,,,,,,,,,,,,,,,,,,,,,,,,,,,,,,,,,,,,,,,,,,,,,,,,,,,,,,,,,,,,,,,,,,,,,,,,,,,,,,,,,,,,,,,,,,,,,,,,,,,,,,,,,,,,,,,,,,,,,,,,,,,,,,,,,,,,,,,,,,,,,,,,,,,,,,,,,,,,,,,,,,,,,,,,,,,,,,,,,,,,,,,,,,,,,,,,,,,,,,,,,,,,,,,,,,,,,,,,,,,,,,,,,,,,,,,,,,,,,,,,,,,,,,,,,,,,,,,,,,,,,,,,,,,,,,,,,,,,,,,,,,,,,,,,,,,,,,,,,,,,,,,,,,,,,,,,,,,,,,,,,,,,,,,,,,,,,,,,,,,,,,,,,,,,,,,,,,,,,,,,,,,,,,,,,,,,,,,,,,,,,,,,,,,,,,,
313,state,ia,ia,3,"(1, ('e', 0, 2, 2))","(2, ('e', 3, 4, 1))","(1, ('e', 0, 2, 2))","(2, ('a', 3, 4))","(1, ('e', 0, 2, 2))","(2, ('e', 3, 4, 1))","(1, ('a', 0, 2))","(2, ('a', 3, 4))","(1, ('e', 0, 2, 2))","(2, ('e', 3, 4, 1))","(1, ('e', 0, 2, 2))","(2, ('a', 3, 4))","(1, ('e', 4, 3, 1))","(2, ('e', 3, 4, 1))","(1, ('a', 0, 2))","(2, ('a', 3, 4))","(1, ('e', 0, 2, 2))","(2, ('e', 3, 4, 1))","(1, ('a', 0, 2))","(2, ('a', 3, 4))","(1, ('e', 0, 2, 2))","(2, ('e', 3, 4, 1))","(1, ('a', 0, 2))","(2, ('a', 3, 4))","(1, ('e', 0, 2, 2))","(2, ('e', 3, 4, 1))","(1, ('a', 0, 2))","(2, ('a', 3, 4))","(1, ('e', 0, 2, 2))","(2, ('e', 3, 4, 1))","(1, ('a', 0, 2))","(2, ('a', 3, 4))","(1, ('e', 0, 2, 2))","(2, ('e', 3, 4, 1))","(1, ('a', 0, 2))","(2, ('a', 3, 4))","(1, ('t', 4, 3, 2))","(2, ('e', 3, 4, 1))","(1, ('e', 0, 2, 2))","(2, ('a', 3, 4))","(1, ('a', 0, 2))","(2, ('e', 3, 4, 1))","(1, ('e', 0, 2, 2))","(2, ('a', 3, 4))","(1, ('a', 0, 2))","(2, ('e', 3, 4, 1))","(1, ('e', 0, 2, 2))","(2, ('a', 3, 4))","(1, ('a', 0, 2))","(2, ('e', 3, 4, 1))","(1, ('e', 0, 2, 2))",,,,,,,,,,,,,,,,,,,,,,,,,,,,,,,,,,,,,,,,,,,,,,,,,,,,,,,,,,,,,,,,,,,,,,,,,,,,,,,,,,,,,,,,,,,,,,,,,,,,,,,,,,,,,,,,,,,,,,,,,,,,,,,,,,,,,,,,,,,,,,,,,,,,,,,,,,,,,,,,,,,,,,,,,,,,,,,,,,,,,,,,,,,,,,,,,,,,,,,,,,,,,,,,,,,,,,,,,,,,,,,,,,,,,,,,,,,,,,,,,,,,,,,,,,,,,,,,,,,,,,,,,,,,,,,,,,,,,,,,,,,,,,,,,,,,,,,,,,,,,,,,,,,,,,,,,,,,,,,,,,,,,,,,,,,,,,,,,,,,,,,,,,,,,,,,,,,,,,,,,,,,,,,,,,,,,,,,,,,,,,,,,,,,,,,,,,,,,,,,,,,,,,,,,,,,,,,,,,,,,,,,,,,,,,,,,,,,,,,,,,,,,,,,,,,,,,,,,,,,,,,,,,,,,,,,,,,,,,,,,,,,,,,,,,,,,,,,,,,,,,,,,,,,,,,,,,,,,,,,,,,,,,,,,,,,,,,,,,,,,,,,,,,,,,,,,,,,,,,,,,,,,,,,,,,,,,,,,,,,,,,,,,,,,,,,,,,,,,,,,,,,,,,,,,,,,,,,,,,,,,,,,,,,,,,,,,,,,,,,,,,,,,,,,,,,,,,,,,,,,,,,,,,,,,,,,,,,,,,,,,,,,,,,,,,,,,,,,,,,,,,,,,,,,,,,,,,,,,,,,,,,,,,,,,,,,,,,,,,,,,,,,,,,,,,,,,,,,,,,,,,,,,,,,,,,,,,,,,,,,,,,,,,,,,,,,,,,,,,,,,,,,,,,,,,,,,,,,,,,,,,,,,,,,,,,,,,,,,,,,,,,,,,,,,,,,,,,,,,,,,,,,,,,,,,,,,,,,,,,,,,,,,,,,,,,,,,,,,,,,,,,,,,,,,,,,,,,,,,,,,,,,,,,,,,,,,,,,,,,,,,,,
314,move,ia,ia,3,"[[0, 0, (1, 2), 0, 0], [0, 0, 0, 0, 0], [0, (0, -1), (0, -1), (0, -1), 0], [0, 0, 0, 0, 0], [0, 0, 0, 0, 0]]","[[0, 0, (1, 2), 0, 0], [0, 0, 0, 0, 0], [0, (0, -1), (0, -1), (0, -1), 0], [0, 0, 0, 0, (2, 1)], [0, 0, 0, 0, 0]]","[[0, 0, (1, 2), 0, 0], [0, 0, (1, 2), 0, 0], [0, (0, -1), (0, -1), (0, -1), 0], [0, 0, 0, 0, (2, 1)], [0, 0, 0, 0, 0]]","[[0, 0, (1, 2), 0, 0], [0, 0, (1, 2), 0, 0], [0, (0, -1), (0, -1), (0, -1), 0], [0, 0, 0, 0, 0], [0, 0, 0, 0, 0]]","[[0, 0, (1, 2), 0, 0], [0, 0, (1, 2), 0, 0], [0, (0, -1), (1, 2), (0, -1), 0], [0, 0, (0, -1), 0, 0], [0, 0, 0, 0, 0]]","[[0, 0, (1, 2), 0, 0], [0, 0, (1, 2), 0, 0], [0, (0, -1), (1, 2), (0, -1), 0], [0, 0, (0, -1), 0, (2, 1)], [0, 0, 0, 0, 0]]","[[0, 0, 0, 0, 0], [0, 0, (1, 2), 0, 0], [0, (0, -1), (1, 2), (0, -1), 0], [0, 0, (0, -1), 0, (2, 1)], [0, 0, 0, 0, 0]]","[[0, 0, 0, 0, 0], [0, 0, (1, 2), 0, 0], [0, (0, -1), (1, 2), (0, -1), 0], [0, 0, (0, -1), 0, 0], [0, 0, 0, 0, 0]]","[[0, 0, (1, 2), 0, 0], [0, 0, (1, 2), 0, 0], [0, (0, -1), (1, 2), (0, -1), 0], [0, 0, (0, -1), 0, 0], [0, 0, 0, 0, 0]]","[[0, 0, (1, 2), 0, 0], [0, 0, (1, 2), 0, 0], [0, (0, -1), (1, 2), (0, -1), 0], [0, 0, (0, -1), 0, (2, 1)], [0, 0, 0, 0, 0]]","[[0, 0, (1, 2), 0, 0], [0, 0, (1, 2), 0, 0], [0, (0, -1), (1, 2), (0, -1), 0], [0, 0, (1, 2), 0, (2, 1)], [0, 0, (0, -1), 0, 0]]","[[0, 0, (1, 2), 0, 0], [0, 0, (1, 2), 0, 0], [0, (0, -1), (1, 2), (0, -1), 0], [0, 0, (1, 2), 0, 0], [0, 0, (0, -1), 0, 0]]","[[0, 0, (1, 2), 0, 0], [0, 0, (1, 2), 0, 0], [0, (0, -1), (1, 2), (0, -1), 0], [0, 0, (1, 2), 0, 0], [0, 0, (0, -1), (1, 1), 0]]","[[0, 0, (1, 2), 0, 0], [0, 0, (1, 2), 0, 0], [0, (0, -1), (1, 2), (0, -1), 0], [0, 0, (1, 2), 0, (2, 1)], [0, 0, (0, -1), (1, 1), 0]]","[[0, 0, 0, 0, 0], [0, 0, (1, 2), 0, 0], [0, (0, -1), (1, 2), (0, -1), 0], [0, 0, (1, 2), 0, (2, 1)], [0, 0, (0, -1), (1, 1), 0]]","[[0, 0, 0, 0, 0], [0, 0, (1, 2), 0, 0], [0, (0, -1), (1, 2), (0, -1), 0], [0, 0, (1, 2), 0, 0], [0, 0, (0, -1), (1, 1), 0]]","[[0, 0, (1, 2), 0, 0], [0, 0, (1, 2), 0, 0], [0, (0, -1), (1, 2), (0, -1), 0], [0, 0, (1, 2), 0, 0], [0, 0, (0, -1), (1, 1), 0]]","[[0, 0, (1, 2), 0, 0], [0, 0, (1, 2), 0, 0], [0, (0, -1), (1, 2), (0, -1), 0], [0, 0, (1, 2), 0, (2, 1)], [0, 0, (0, -1), (1, 1), 0]]","[[0, 0, 0, 0, 0], [0, 0, (1, 2), 0, 0], [0, (0, -1), (1, 2), (0, -1), 0], [0, 0, (1, 2), 0, (2, 1)], [0, 0, (0, -1), (1, 1), 0]]","[[0, 0, 0, 0, 0], [0, 0, (1, 2), 0, 0], [0, (0, -1), (1, 2), (0, -1), 0], [0, 0, (1, 2), 0, 0], [0, 0, (0, -1), (1, 1), 0]]","[[0, 0, (1, 2), 0, 0], [0, 0, (1, 2), 0, 0], [0, (0, -1), (1, 2), (0, -1), 0], [0, 0, (1, 2), 0, 0], [0, 0, (0, -1), (1, 1), 0]]","[[0, 0, (1, 2), 0, 0], [0, 0, (1, 2), 0, 0], [0, (0, -1), (1, 2), (0, -1), 0], [0, 0, (1, 2), 0, (2, 1)], [0, 0, (0, -1), (1, 1), 0]]","[[0, 0, 0, 0, 0], [0, 0, (1, 2), 0, 0], [0, (0, -1), (1, 2), (0, -1), 0], [0, 0, (1, 2), 0, (2, 1)], [0, 0, (0, -1), (1, 1), 0]]","[[0, 0, 0, 0, 0], [0, 0, (1, 2), 0, 0], [0, (0, -1), (1, 2), (0, -1), 0], [0, 0, (1, 2), 0, 0], [0, 0, (0, -1), (1, 1), 0]]","[[0, 0, (1, 2), 0, 0], [0, 0, (1, 2), 0, 0], [0, (0, -1), (1, 2), (0, -1), 0], [0, 0, (1, 2), 0, 0], [0, 0, (0, -1), (1, 1), 0]]","[[0, 0, (1, 2), 0, 0], [0, 0, (1, 2), 0, 0], [0, (0, -1), (1, 2), (0, -1), 0], [0, 0, (1, 2), 0, (2, 1)], [0, 0, (0, -1), (1, 1), 0]]","[[0, 0, 0, 0, 0], [0, 0, (1, 2), 0, 0], [0, (0, -1), (1, 2), (0, -1), 0], [0, 0, (1, 2), 0, (2, 1)], [0, 0, (0, -1), (1, 1), 0]]","[[0, 0, 0, 0, 0], [0, 0, (1, 2), 0, 0], [0, (0, -1), (1, 2), (0, -1), 0], [0, 0, (1, 2), 0, 0], [0, 0, (0, -1), (1, 1), 0]]","[[0, 0, (1, 2), 0, 0], [0, 0, (1, 2), 0, 0], [0, (0, -1), (1, 2), (0, -1), 0], [0, 0, (1, 2), 0, 0], [0, 0, (0, -1), (1, 1), 0]]","[[0, 0, (1, 2), 0, 0], [0, 0, (1, 2), 0, 0], [0, (0, -1), (1, 2), (0, -1), 0], [0, 0, (1, 2), 0, (2, 1)], [0, 0, (0, -1), (1, 1), 0]]","[[0, 0, 0, 0, 0], [0, 0, (1, 2), 0, 0], [0, (0, -1), (1, 2), (0, -1), 0], [0, 0, (1, 2), 0, (2, 1)], [0, 0, (0, -1), (1, 1), 0]]","[[0, 0, 0, 0, 0], [0, 0, (1, 2), 0, 0], [0, (0, -1), (1, 2), (0, -1), 0], [0, 0, (1, 2), 0, 0], [0, 0, (0, -1), (1, 1), 0]]","[[0, 0, (1, 2), 0, 0], [0, 0, (1, 2), 0, 0], [0, (0, -1), (1, 2), (0, -1), 0], [0, 0, (1, 2), 0, 0], [0, 0, (0, -1), (1, 1), 0]]","[[0, 0, (1, 2), 0, 0], [0, 0, (1, 2), 0, 0], [0, (0, -1), (1, 2), (0, -1), 0], [0, 0, (1, 2), 0, (2, 1)], [0, 0, (0, -1), (1, 1), 0]]","[[0, 0, 0, 0, 0], [0, 0, (1, 2), 0, 0], [0, (0, -1), (1, 2), (0, -1), 0], [0, 0, (1, 2), 0, (2, 1)], [0, 0, (0, -1), (1, 1), 0]]","[[0, 0, 0, 0, 0], [0, 0, (1, 2), 0, 0], [0, (0, -1), (1, 2), (0, -1), 0], [0, 0, (1, 2), 0, 0], [0, 0, (0, -1), (1, 1), 0]]","[[0, 0, 0, 0, 0], [0, 0, (1, 2), 0, 0], [0, (0, -1), (1, 2), (0, -1), 0], [0, 0, (1, 2), 0, 0], [0, 0, (0, -1), (1, 2), 0]]","[[0, 0, 0, 0, 0], [0, 0, (1, 2), 0, 0], [0, (0, -1), (1, 2), (0, -1), 0], [0, 0, (1, 2), 0, (2, 1)], [0, 0, (0, -1), (1, 2), 0]]","[[0, 0, (1, 2), 0, 0], [0, 0, (1, 2), 0, 0], [0, (0, -1), (1, 2), (0, -1), 0], [0, 0, (1, 2), 0, (2, 1)], [0, 0, (0, -1), (1, 2), 0]]","[[0, 0, (1, 2), 0, 0], [0, 0, (1, 2), 0, 0], [0, (0, -1), (1, 2), (0, -1), 0], [0, 0, (1, 2), 0, 0], [0, 0, (0, -1), (1, 2), 0]]","[[0, 0, 0, 0, 0], [0, 0, (1, 2), 0, 0], [0, (0, -1), (1, 2), (0, -1), 0], [0, 0, (1, 2), 0, 0], [0, 0, (0, -1), (1, 2), 0]]","[[0, 0, 0, 0, 0], [0, 0, (1, 2), 0, 0], [0, (0, -1), (1, 2), (0, -1), 0], [0, 0, (1, 2), 0, (2, 1)], [0, 0, (0, -1), (1, 2), 0]]","[[0, 0, (1, 2), 0, 0], [0, 0, (1, 2), 0, 0], [0, (0, -1), (1, 2), (0, -1), 0], [0, 0, (1, 2), 0, (2, 1)], [0, 0, (0, -1), (1, 2), 0]]","[[0, 0, (1, 2), 0, 0], [0, 0, (1, 2), 0, 0], [0, (0, -1), (1, 2), (0, -1), 0], [0, 0, (1, 2), 0, 0], [0, 0, (0, -1), (1, 2), 0]]","[[0, 0, 0, 0, 0], [0, 0, (1, 2), 0, 0], [0, (0, -1), (1, 2), (0, -1), 0], [0, 0, (1, 2), 0, 0], [0, 0, (0, -1), (1, 2), 0]]","[[0, 0, 0, 0, 0], [0, 0, (1, 2), 0, 0], [0, (0, -1), (1, 2), (0, -1), 0], [0, 0, (1, 2), 0, (2, 1)], [0, 0, (0, -1), (1, 2), 0]]","[[0, 0, (1, 2), 0, 0], [0, 0, (1, 2), 0, 0], [0, (0, -1), (1, 2), (0, -1), 0], [0, 0, (1, 2), 0, (2, 1)], [0, 0, (0, -1), (1, 2), 0]]","[[0, 0, (1, 2), 0, 0], [0, 0, (1, 2), 0, 0], [0, (0, -1), (1, 2), (0, -1), 0], [0, 0, (1, 2), 0, 0], [0, 0, (0, -1), (1, 2), 0]]","[[0, 0, 0, 0, 0], [0, 0, (1, 2), 0, 0], [0, (0, -1), (1, 2), (0, -1), 0], [0, 0, (1, 2), 0, 0], [0, 0, (0, -1), (1, 2), 0]]","[[0, 0, 0, 0, 0], [0, 0, (1, 2), 0, 0], [0, (0, -1), (1, 2), (0, -1), 0], [0, 0, (1, 2), 0, (2, 1)], [0, 0, (0, -1), (1, 2), 0]]","[[0, 0, (1, 2), 0, 0], [0, 0, (1, 2), 0, 0], [0, (0, -1), (1, 2), (0, -1), 0], [0, 0, (1, 2), 0, (2, 1)], [0, 0, (0, -1), (1, 2), 0]]",,,,,,,,,,,,,,,,,,,,,,,,,,,,,,,,,,,,,,,,,,,,,,,,,,,,,,,,,,,,,,,,,,,,,,,,,,,,,,,,,,,,,,,,,,,,,,,,,,,,,,,,,,,,,,,,,,,,,,,,,,,,,,,,,,,,,,,,,,,,,,,,,,,,,,,,,,,,,,,,,,,,,,,,,,,,,,,,,,,,,,,,,,,,,,,,,,,,,,,,,,,,,,,,,,,,,,,,,,,,,,,,,,,,,,,,,,,,,,,,,,,,,,,,,,,,,,,,,,,,,,,,,,,,,,,,,,,,,,,,,,,,,,,,,,,,,,,,,,,,,,,,,,,,,,,,,,,,,,,,,,,,,,,,,,,,,,,,,,,,,,,,,,,,,,,,,,,,,,,,,,,,,,,,,,,,,,,,,,,,,,,,,,,,,,,,,,,,,,,,,,,,,,,,,,,,,,,,,,,,,,,,,,,,,,,,,,,,,,,,,,,,,,,,,,,,,,,,,,,,,,,,,,,,,,,,,,,,,,,,,,,,,,,,,,,,,,,,,,,,,,,,,,,,,,,,,,,,,,,,,,,,,,,,,,,,,,,,,,,,,,,,,,,,,,,,,,,,,,,,,,,,,,,,,,,,,,,,,,,,,,,,,,,,,,,,,,,,,,,,,,,,,,,,,,,,,,,,,,,,,,,,,,,,,,,,,,,,,,,,,,,,,,,,,,,,,,,,,,,,,,,,,,,,,,,,,,,,,,,,,,,,,,,,,,,,,,,,,,,,,,,,,,,,,,,,,,,,,,,,,,,,,,,,,,,,,,,,,,,,,,,,,,,,,,,,,,,,,,,,,,,,,,,,,,,,,,,,,,,,,,,,,,,,,,,,,,,,,,,,,,,,,,,,,,,,,,,,,,,,,,,,,,,,,,,,,,,,,,,,,,,,,,,,,,,,,,,,,,,,,,,,,,,,,,,,,,,,,,,,,,,,,,,,,,,,,,,,,,,,,,,,,,,,,,,,,,,,,,,,,,,,,,,,,,,,,,,,,,,,,,,,,
315,state,ia,ia,1,"(1, ('e', 0, 4, 2))","(2, ('e', 3, 4, 1))","(1, ('e', 0, 2, 2))","(2, ('e', 0, 2, 2))","(1, ('e', 0, 2, 2))","(2, ('a', 3, 4))","(1, ('e', 0, 2, 2))","(2, ('e', 3, 4, 1))","(1, ('e', 0, 2, 2))",,,,,,,,,,,,,,,,,,,,,,,,,,,,,,,,,,,,,,,,,,,,,,,,,,,,,,,,,,,,,,,,,,,,,,,,,,,,,,,,,,,,,,,,,,,,,,,,,,,,,,,,,,,,,,,,,,,,,,,,,,,,,,,,,,,,,,,,,,,,,,,,,,,,,,,,,,,,,,,,,,,,,,,,,,,,,,,,,,,,,,,,,,,,,,,,,,,,,,,,,,,,,,,,,,,,,,,,,,,,,,,,,,,,,,,,,,,,,,,,,,,,,,,,,,,,,,,,,,,,,,,,,,,,,,,,,,,,,,,,,,,,,,,,,,,,,,,,,,,,,,,,,,,,,,,,,,,,,,,,,,,,,,,,,,,,,,,,,,,,,,,,,,,,,,,,,,,,,,,,,,,,,,,,,,,,,,,,,,,,,,,,,,,,,,,,,,,,,,,,,,,,,,,,,,,,,,,,,,,,,,,,,,,,,,,,,,,,,,,,,,,,,,,,,,,,,,,,,,,,,,,,,,,,,,,,,,,,,,,,,,,,,,,,,,,,,,,,,,,,,,,,,,,,,,,,,,,,,,,,,,,,,,,,,,,,,,,,,,,,,,,,,,,,,,,,,,,,,,,,,,,,,,,,,,,,,,,,,,,,,,,,,,,,,,,,,,,,,,,,,,,,,,,,,,,,,,,,,,,,,,,,,,,,,,,,,,,,,,,,,,,,,,,,,,,,,,,,,,,,,,,,,,,,,,,,,,,,,,,,,,,,,,,,,,,,,,,,,,,,,,,,,,,,,,,,,,,,,,,,,,,,,,,,,,,,,,,,,,,,,,,,,,,,,,,,,,,,,,,,,,,,,,,,,,,,,,,,,,,,,,,,,,,,,,,,,,,,,,,,,,,,,,,,,,,,,,,,,,,,,,,,,,,,,,,,,,,,,,,,,,,,,,,,,,,,,,,,,,,,,,,,,,,,,,,,,,,,,,,,,,,,,,,,,,,,,,,,,,,,,,,,,,,,,,,,,,,,,,,,,,,,,,,,,,,,,,,,,,,,,,,,,,,,,,,,,,,,,,,,,,,,,,,,,,,,,,,,,,,,,,,,,,,
316,move,ia,ia,1,"[[0, 0, 0, 0, (1, 2)], [0, 0, 0, 0, 0], [0, (0, -1), (0, -1), (0, -1), 0], [0, 0, 0, 0, 0], [0, 0, 0, 0, 0]]","[[0, 0, 0, 0, (1, 2)], [0, 0, 0, 0, 0], [0, (0, -1), (0, -1), (0, -1), 0], [0, 0, 0, 0, (2, 1)], [0, 0, 0, 0, 0]]","[[0, 0, (1, 2), 0, (1, 2)], [0, 0, 0, 0, 0], [0, (0, -1), (0, -1), (0, -1), 0], [0, 0, 0, 0, (2, 1)], [0, 0, 0, 0, 0]]","[[0, 0, (2, 2), 0, (1, 2)], [0, 0, (1, 2), 0, 0], [0, (0, -1), (0, -1), (0, -1), 0], [0, 0, 0, 0, (2, 1)], [0, 0, 0, 0, 0]]","[[0, 0, (1, 2), 0, (1, 2)], [0, 0, (2, 2), 0, 0], [0, (0, -1), (1, 2), (0, -1), 0], [0, 0, (0, -1), 0, (2, 1)], [0, 0, 0, 0, 0]]","[[0, 0, (1, 2), 0, (1, 2)], [0, 0, (2, 2), 0, 0], [0, (0, -1), (1, 2), (0, -1), 0], [0, 0, (0, -1), 0, 0], [0, 0, 0, 0, 0]]","[[0, 0, (1, 2), 0, (1, 2)], [0, 0, (1, 2), 0, 0], [0, (0, -1), (2, 2), (0, -1), 0], [0, 0, (1, 2), 0, 0], [0, 0, (0, -1), 0, 0]]","[[0, 0, (1, 2), 0, (1, 2)], [0, 0, (1, 2), 0, 0], [0, (0, -1), (2, 2), (0, -1), 0], [0, 0, (1, 2), 0, (2, 1)], [0, 0, (0, -1), 0, 0]]","[[0, 0, (1, 2), 0, (1, 2)], [0, 0, (1, 2), 0, 0], [0, (0, -1), (1, 2), (0, -1), 0], [0, 0, (2, 2), 0, (2, 1)], [0, 0, (1, 2), 0, 0]]",,,,,,,,,,,,,,,,,,,,,,,,,,,,,,,,,,,,,,,,,,,,,,,,,,,,,,,,,,,,,,,,,,,,,,,,,,,,,,,,,,,,,,,,,,,,,,,,,,,,,,,,,,,,,,,,,,,,,,,,,,,,,,,,,,,,,,,,,,,,,,,,,,,,,,,,,,,,,,,,,,,,,,,,,,,,,,,,,,,,,,,,,,,,,,,,,,,,,,,,,,,,,,,,,,,,,,,,,,,,,,,,,,,,,,,,,,,,,,,,,,,,,,,,,,,,,,,,,,,,,,,,,,,,,,,,,,,,,,,,,,,,,,,,,,,,,,,,,,,,,,,,,,,,,,,,,,,,,,,,,,,,,,,,,,,,,,,,,,,,,,,,,,,,,,,,,,,,,,,,,,,,,,,,,,,,,,,,,,,,,,,,,,,,,,,,,,,,,,,,,,,,,,,,,,,,,,,,,,,,,,,,,,,,,,,,,,,,,,,,,,,,,,,,,,,,,,,,,,,,,,,,,,,,,,,,,,,,,,,,,,,,,,,,,,,,,,,,,,,,,,,,,,,,,,,,,,,,,,,,,,,,,,,,,,,,,,,,,,,,,,,,,,,,,,,,,,,,,,,,,,,,,,,,,,,,,,,,,,,,,,,,,,,,,,,,,,,,,,,,,,,,,,,,,,,,,,,,,,,,,,,,,,,,,,,,,,,,,,,,,,,,,,,,,,,,,,,,,,,,,,,,,,,,,,,,,,,,,,,,,,,,,,,,,,,,,,,,,,,,,,,,,,,,,,,,,,,,,,,,,,,,,,,,,,,,,,,,,,,,,,,,,,,,,,,,,,,,,,,,,,,,,,,,,,,,,,,,,,,,,,,,,,,,,,,,,,,,,,,,,,,,,,,,,,,,,,,,,,,,,,,,,,,,,,,,,,,,,,,,,,,,,,,,,,,,,,,,,,,,,,,,,,,,,,,,,,,,,,,,,,,,,,,,,,,,,,,,,,,,,,,,,,,,,,,,,,,,,,,,,,,,,,,,,,,,,,,,,,,,,,,,,,,,,,,,,,,,,,,,,,,,,,,,,,,,,,,,,,,,,,,,,,,
317,state,ia,ia,1,"(1, ('e', 1, 4, 3))","(2, ('e', 3, 4, 1))","(1, ('e', 0, 2, 2))","(2, ('a', 3, 4))","(1, ('e', 1, 4, 3))","(2, ('e', 3, 4, 1))","(1, ('e', 0, 2, 2))","(2, ('a', 3, 4))","(1, ('e', 0, 2, 2))","(2, ('e', 3, 4, 1))","(1, ('a', 0, 2))","(2, ('a', 3, 4))","(1, ('e', 0, 2, 2))","(2, ('e', 3, 4, 1))","(1, ('m', 0, 2, 2))","(2, ('a', 3, 4))","(1, ('m', 3, 2, 2))",,,,,,,,,,,,,,,,,,,,,,,,,,,,,,,,,,,,,,,,,,,,,,,,,,,,,,,,,,,,,,,,,,,,,,,,,,,,,,,,,,,,,,,,,,,,,,,,,,,,,,,,,,,,,,,,,,,,,,,,,,,,,,,,,,,,,,,,,,,,,,,,,,,,,,,,,,,,,,,,,,,,,,,,,,,,,,,,,,,,,,,,,,,,,,,,,,,,,,,,,,,,,,,,,,,,,,,,,,,,,,,,,,,,,,,,,,,,,,,,,,,,,,,,,,,,,,,,,,,,,,,,,,,,,,,,,,,,,,,,,,,,,,,,,,,,,,,,,,,,,,,,,,,,,,,,,,,,,,,,,,,,,,,,,,,,,,,,,,,,,,,,,,,,,,,,,,,,,,,,,,,,,,,,,,,,,,,,,,,,,,,,,,,,,,,,,,,,,,,,,,,,,,,,,,,,,,,,,,,,,,,,,,,,,,,,,,,,,,,,,,,,,,,,,,,,,,,,,,,,,,,,,,,,,,,,,,,,,,,,,,,,,,,,,,,,,,,,,,,,,,,,,,,,,,,,,,,,,,,,,,,,,,,,,,,,,,,,,,,,,,,,,,,,,,,,,,,,,,,,,,,,,,,,,,,,,,,,,,,,,,,,,,,,,,,,,,,,,,,,,,,,,,,,,,,,,,,,,,,,,,,,,,,,,,,,,,,,,,,,,,,,,,,,,,,,,,,,,,,,,,,,,,,,,,,,,,,,,,,,,,,,,,,,,,,,,,,,,,,,,,,,,,,,,,,,,,,,,,,,,,,,,,,,,,,,,,,,,,,,,,,,,,,,,,,,,,,,,,,,,,,,,,,,,,,,,,,,,,,,,,,,,,,,,,,,,,,,,,,,,,,,,,,,,,,,,,,,,,,,,,,,,,,,,,,,,,,,,,,,,,,,,,,,,,,,,,,,,,,,,,,,,,,,,,,,,,,,,,,,,,,,,,,,,,,,,,,,,,,,,,,,,,,,,,,,,,,,,,,,,,,,,,,,,,,,,,,,,,,,,,,,,,,,,,,,,,,,,,,,,,,,,,,,,,,,,,,,,,,
318,move,ia,ia,1,"[[0, 0, 0, 0, 0], [0, 0, 0, 0, (1, 3)], [0, (0, -1), (0, -1), (0, -1), 0], [0, 0, 0, 0, 0], [0, 0, 0, 0, 0]]","[[0, 0, 0, 0, 0], [0, 0, 0, 0, (1, 3)], [0, (0, -1), (0, -1), (0, -1), 0], [0, 0, 0, 0, (2, 1)], [0, 0, 0, 0, 0]]","[[0, 0, (1, 2), 0, 0], [0, 0, 0, 0, (1, 3)], [0, (0, -1), (0, -1), (0, -1), 0], [0, 0, 0, 0, (2, 1)], [0, 0, 0, 0, 0]]","[[0, 0, (1, 2), 0, 0], [0, 0, 0, 0, (1, 3)], [0, (0, -1), (0, -1), (0, -1), 0], [0, 0, 0, 0, 0], [0, 0, 0, 0, 0]]","[[0, 0, (1, 2), 0, 0], [0, 0, 0, (1, 3), (1, 3)], [0, (0, -1), (0, -1), (0, -1), 0], [0, 0, 0, 0, 0], [0, 0, 0, 0, 0]]","[[0, 0, (1, 2), 0, 0], [0, 0, 0, (1, 3), (1, 3)], [0, (0, -1), (0, -1), (0, -1), 0], [0, 0, 0, 0, (2, 1)], [0, 0, 0, 0, 0]]","[[0, 0, (1, 2), 0, 0], [0, 0, (1, 2), (1, 3), (1, 3)], [0, (0, -1), (0, -1), (0, -1), 0], [0, 0, 0, 0, (2, 1)], [0, 0, 0, 0, 0]]","[[0, 0, (1, 2), 0, 0], [0, 0, (1, 2), (1, 3), (1, 3)], [0, (0, -1), (0, -1), (0, -1), 0], [0, 0, 0, 0, 0], [0, 0, 0, 0, 0]]","[[0, 0, (1, 2), 0, 0], [0, 0, (1, 2), (1, 3), (1, 3)], [0, (0, -1), (1, 2), (0, -1), 0], [0, 0, (0, -1), 0, 0], [0, 0, 0, 0, 0]]","[[0, 0, (1, 2), 0, 0], [0, 0, (1, 2), (1, 3), (1, 3)], [0, (0, -1), (1, 2), (0, -1), 0], [0, 0, (0, -1), 0, (2, 1)], [0, 0, 0, 0, 0]]","[[0, 0, 0, 0, 0], [0, 0, (1, 2), (1, 3), (1, 3)], [0, (0, -1), (1, 2), (0, -1), 0], [0, 0, (0, -1), 0, (2, 1)], [0, 0, 0, 0, 0]]","[[0, 0, 0, 0, 0], [0, 0, (1, 2), (1, 3), (1, 3)], [0, (0, -1), (1, 2), (0, -1), 0], [0, 0, (0, -1), 0, 0], [0, 0, 0, 0, 0]]","[[0, 0, (1, 2), 0, 0], [0, 0, (1, 2), (1, 3), (1, 3)], [0, (0, -1), (1, 2), (0, -1), 0], [0, 0, (0, -1), 0, 0], [0, 0, 0, 0, 0]]","[[0, 0, (1, 2), 0, 0], [0, 0, (1, 2), (1, 3), (1, 3)], [0, (0, -1), (1, 2), (0, -1), 0], [0, 0, (0, -1), 0, (2, 1)], [0, 0, 0, 0, 0]]","[[0, 0, 0, 0, 0], [0, 0, (1, 2), (1, 3), (1, 3)], [0, (0, -1), (1, 2), (0, -1), 0], [0, 0, (1, 2), 0, (2, 1)], [0, 0, (0, -1), 0, 0]]","[[0, 0, 0, 0, 0], [0, 0, (1, 2), (1, 3), (1, 3)], [0, (0, -1), (1, 2), (0, -1), 0], [0, 0, (1, 2), 0, 0], [0, 0, (0, -1), 0, 0]]","[[0, 0, 0, 0, 0], [0, 0, (1, 2), (1, 3), (1, 3)], [0, (0, -1), (1, 2), (0, -1), 0], [0, 0, 0, 0, 0], [0, 0, (1, 2), 0, 0]]",,,,,,,,,,,,,,,,,,,,,,,,,,,,,,,,,,,,,,,,,,,,,,,,,,,,,,,,,,,,,,,,,,,,,,,,,,,,,,,,,,,,,,,,,,,,,,,,,,,,,,,,,,,,,,,,,,,,,,,,,,,,,,,,,,,,,,,,,,,,,,,,,,,,,,,,,,,,,,,,,,,,,,,,,,,,,,,,,,,,,,,,,,,,,,,,,,,,,,,,,,,,,,,,,,,,,,,,,,,,,,,,,,,,,,,,,,,,,,,,,,,,,,,,,,,,,,,,,,,,,,,,,,,,,,,,,,,,,,,,,,,,,,,,,,,,,,,,,,,,,,,,,,,,,,,,,,,,,,,,,,,,,,,,,,,,,,,,,,,,,,,,,,,,,,,,,,,,,,,,,,,,,,,,,,,,,,,,,,,,,,,,,,,,,,,,,,,,,,,,,,,,,,,,,,,,,,,,,,,,,,,,,,,,,,,,,,,,,,,,,,,,,,,,,,,,,,,,,,,,,,,,,,,,,,,,,,,,,,,,,,,,,,,,,,,,,,,,,,,,,,,,,,,,,,,,,,,,,,,,,,,,,,,,,,,,,,,,,,,,,,,,,,,,,,,,,,,,,,,,,,,,,,,,,,,,,,,,,,,,,,,,,,,,,,,,,,,,,,,,,,,,,,,,,,,,,,,,,,,,,,,,,,,,,,,,,,,,,,,,,,,,,,,,,,,,,,,,,,,,,,,,,,,,,,,,,,,,,,,,,,,,,,,,,,,,,,,,,,,,,,,,,,,,,,,,,,,,,,,,,,,,,,,,,,,,,,,,,,,,,,,,,,,,,,,,,,,,,,,,,,,,,,,,,,,,,,,,,,,,,,,,,,,,,,,,,,,,,,,,,,,,,,,,,,,,,,,,,,,,,,,,,,,,,,,,,,,,,,,,,,,,,,,,,,,,,,,,,,,,,,,,,,,,,,,,,,,,,,,,,,,,,,,,,,,,,,,,,,,,,,,,,,,,,,,,,,,,,,,,,,,,,,,,,,,,,,,,,,,,,,,,,,,,,,,,,,,,,,,,,,,,,,,,,,,,,,,,,,,
319,state,ia,ia,1,"(1, ('e', 0, 2, 2))","(2, ('e', 3, 4, 1))","(1, ('e', 0, 2, 2))","(2, ('a', 3, 4))","(1, ('e', 4, 2, 0))","(2, ('e', 1, 0, 2))","(1, ('e', 0, 2, 2))","(2, ('e', 3, 4, 1))","(1, ('e', 0, 2, 2))","(2, ('a', 3, 4))","(1, ('e', 0, 2, 2))",,,,,,,,,,,,,,,,,,,,,,,,,,,,,,,,,,,,,,,,,,,,,,,,,,,,,,,,,,,,,,,,,,,,,,,,,,,,,,,,,,,,,,,,,,,,,,,,,,,,,,,,,,,,,,,,,,,,,,,,,,,,,,,,,,,,,,,,,,,,,,,,,,,,,,,,,,,,,,,,,,,,,,,,,,,,,,,,,,,,,,,,,,,,,,,,,,,,,,,,,,,,,,,,,,,,,,,,,,,,,,,,,,,,,,,,,,,,,,,,,,,,,,,,,,,,,,,,,,,,,,,,,,,,,,,,,,,,,,,,,,,,,,,,,,,,,,,,,,,,,,,,,,,,,,,,,,,,,,,,,,,,,,,,,,,,,,,,,,,,,,,,,,,,,,,,,,,,,,,,,,,,,,,,,,,,,,,,,,,,,,,,,,,,,,,,,,,,,,,,,,,,,,,,,,,,,,,,,,,,,,,,,,,,,,,,,,,,,,,,,,,,,,,,,,,,,,,,,,,,,,,,,,,,,,,,,,,,,,,,,,,,,,,,,,,,,,,,,,,,,,,,,,,,,,,,,,,,,,,,,,,,,,,,,,,,,,,,,,,,,,,,,,,,,,,,,,,,,,,,,,,,,,,,,,,,,,,,,,,,,,,,,,,,,,,,,,,,,,,,,,,,,,,,,,,,,,,,,,,,,,,,,,,,,,,,,,,,,,,,,,,,,,,,,,,,,,,,,,,,,,,,,,,,,,,,,,,,,,,,,,,,,,,,,,,,,,,,,,,,,,,,,,,,,,,,,,,,,,,,,,,,,,,,,,,,,,,,,,,,,,,,,,,,,,,,,,,,,,,,,,,,,,,,,,,,,,,,,,,,,,,,,,,,,,,,,,,,,,,,,,,,,,,,,,,,,,,,,,,,,,,,,,,,,,,,,,,,,,,,,,,,,,,,,,,,,,,,,,,,,,,,,,,,,,,,,,,,,,,,,,,,,,,,,,,,,,,,,,,,,,,,,,,,,,,,,,,,,,,,,,,,,,,,,,,,,,,,,,,,,,,,,,,,,,,,,,,,,,,,,,,,,,,,,,,,,,,,,,,,,,,,,
320,move,ia,ia,1,"[[0, 0, (1, 2), 0, 0], [0, 0, 0, 0, 0], [0, (0, -1), (0, -1), (0, -1), 0], [0, 0, 0, 0, 0], [0, 0, 0, 0, 0]]","[[0, 0, (1, 2), 0, 0], [0, 0, 0, 0, 0], [0, (0, -1), (0, -1), (0, -1), 0], [0, 0, 0, 0, (2, 1)], [0, 0, 0, 0, 0]]","[[0, 0, (1, 2), 0, 0], [0, 0, (1, 2), 0, 0], [0, (0, -1), (0, -1), (0, -1), 0], [0, 0, 0, 0, (2, 1)], [0, 0, 0, 0, 0]]","[[0, 0, (1, 2), 0, 0], [0, 0, (1, 2), 0, 0], [0, (0, -1), (0, -1), (0, -1), 0], [0, 0, 0, 0, 0], [0, 0, 0, 0, 0]]","[[0, 0, (1, 2), 0, 0], [0, 0, (1, 2), 0, 0], [0, (0, -1), (0, -1), (0, -1), 0], [0, 0, 0, 0, 0], [0, 0, (1, 0), 0, 0]]","[[0, 0, (1, 2), 0, 0], [(2, 2), 0, (1, 2), 0, 0], [0, (0, -1), (0, -1), (0, -1), 0], [0, 0, 0, 0, 0], [0, 0, (1, 0), 0, 0]]","[[0, 0, (1, 2), 0, 0], [(2, 2), 0, (1, 2), 0, 0], [0, (0, -1), (1, 2), (0, -1), 0], [0, 0, (0, -1), 0, 0], [0, 0, (1, 0), 0, 0]]","[[0, 0, (1, 2), 0, 0], [(2, 2), 0, (1, 2), 0, 0], [0, (0, -1), (1, 2), (0, -1), 0], [0, 0, (0, -1), 0, (2, 1)], [0, 0, (1, 0), 0, 0]]","[[0, 0, (1, 2), 0, 0], [(2, 2), 0, (1, 2), 0, 0], [0, (0, -1), (1, 2), (0, -1), 0], [0, 0, (1, 2), 0, (2, 1)], [0, 0, (0, -1), 0, 0]]","[[0, 0, (1, 2), 0, 0], [(2, 2), 0, (1, 2), 0, 0], [0, (0, -1), (1, 2), (0, -1), 0], [0, 0, (1, 2), 0, 0], [0, 0, (0, -1), 0, 0]]","[[0, 0, (1, 2), 0, 0], [(2, 2), 0, (1, 2), 0, 0], [0, (0, -1), (1, 2), (0, -1), 0], [0, 0, (1, 2), 0, 0], [0, 0, (1, 2), 0, 0]]",,,,,,,,,,,,,,,,,,,,,,,,,,,,,,,,,,,,,,,,,,,,,,,,,,,,,,,,,,,,,,,,,,,,,,,,,,,,,,,,,,,,,,,,,,,,,,,,,,,,,,,,,,,,,,,,,,,,,,,,,,,,,,,,,,,,,,,,,,,,,,,,,,,,,,,,,,,,,,,,,,,,,,,,,,,,,,,,,,,,,,,,,,,,,,,,,,,,,,,,,,,,,,,,,,,,,,,,,,,,,,,,,,,,,,,,,,,,,,,,,,,,,,,,,,,,,,,,,,,,,,,,,,,,,,,,,,,,,,,,,,,,,,,,,,,,,,,,,,,,,,,,,,,,,,,,,,,,,,,,,,,,,,,,,,,,,,,,,,,,,,,,,,,,,,,,,,,,,,,,,,,,,,,,,,,,,,,,,,,,,,,,,,,,,,,,,,,,,,,,,,,,,,,,,,,,,,,,,,,,,,,,,,,,,,,,,,,,,,,,,,,,,,,,,,,,,,,,,,,,,,,,,,,,,,,,,,,,,,,,,,,,,,,,,,,,,,,,,,,,,,,,,,,,,,,,,,,,,,,,,,,,,,,,,,,,,,,,,,,,,,,,,,,,,,,,,,,,,,,,,,,,,,,,,,,,,,,,,,,,,,,,,,,,,,,,,,,,,,,,,,,,,,,,,,,,,,,,,,,,,,,,,,,,,,,,,,,,,,,,,,,,,,,,,,,,,,,,,,,,,,,,,,,,,,,,,,,,,,,,,,,,,,,,,,,,,,,,,,,,,,,,,,,,,,,,,,,,,,,,,,,,,,,,,,,,,,,,,,,,,,,,,,,,,,,,,,,,,,,,,,,,,,,,,,,,,,,,,,,,,,,,,,,,,,,,,,,,,,,,,,,,,,,,,,,,,,,,,,,,,,,,,,,,,,,,,,,,,,,,,,,,,,,,,,,,,,,,,,,,,,,,,,,,,,,,,,,,,,,,,,,,,,,,,,,,,,,,,,,,,,,,,,,,,,,,,,,,,,,,,,,,,,,,,,,,,,,,,,,,,,,,,,,,,,,,,,,,,,,,,,,,,,,,,,,,,,,,,,,,,,,,,
321,state,ia,ia,3,"(1, ('e', 0, 2, 2))","(2, ('e', 3, 4, 1))","(1, ('e', 2, 4, 3))","(2, ('a', 3, 4))","(1, ('e', 0, 2, 2))","(2, ('e', 3, 4, 1))","(1, ('e', 0, 2, 2))","(2, ('a', 3, 4))","(1, ('e', 0, 2, 2))","(2, ('e', 3, 4, 1))","(1, ('a', 0, 2))","(2, ('a', 3, 4))","(1, ('e', 0, 2, 2))","(2, ('e', 3, 4, 1))","(1, ('t', 0, 2, 1))","(2, ('a', 3, 4))","(1, ('a', 0, 2))","(2, ('e', 3, 4, 1))","(1, ('e', 0, 2, 2))","(2, ('a', 3, 4))","(1, ('a', 0, 2))","(2, ('e', 3, 4, 1))","(1, ('e', 0, 2, 2))","(2, ('a', 3, 4))","(1, ('t', 0, 2, 3))","(2, ('e', 3, 4, 1))","(1, ('a', 0, 2))","(2, ('a', 3, 4))","(1, ('e', 0, 2, 2))","(2, ('e', 3, 4, 1))","(1, ('a', 0, 2))","(2, ('a', 3, 4))","(1, ('e', 0, 2, 2))","(2, ('e', 3, 4, 1))","(1, ('a', 0, 2))","(2, ('a', 3, 4))","(1, ('e', 0, 2, 2))","(2, ('e', 1, 4, 2))","(1, ('a', 0, 2))","(2, ('e', 3, 4, 1))","(1, ('e', 0, 2, 2))","(2, ('a', 3, 4))","(1, ('a', 0, 2))","(2, ('e', 3, 4, 1))","(1, ('e', 0, 2, 2))","(2, ('a', 3, 4))","(1, ('m', 3, 2, 3))","(2, ('e', 3, 4, 1))","(1, ('a', 0, 2))",,,,,,,,,,,,,,,,,,,,,,,,,,,,,,,,,,,,,,,,,,,,,,,,,,,,,,,,,,,,,,,,,,,,,,,,,,,,,,,,,,,,,,,,,,,,,,,,,,,,,,,,,,,,,,,,,,,,,,,,,,,,,,,,,,,,,,,,,,,,,,,,,,,,,,,,,,,,,,,,,,,,,,,,,,,,,,,,,,,,,,,,,,,,,,,,,,,,,,,,,,,,,,,,,,,,,,,,,,,,,,,,,,,,,,,,,,,,,,,,,,,,,,,,,,,,,,,,,,,,,,,,,,,,,,,,,,,,,,,,,,,,,,,,,,,,,,,,,,,,,,,,,,,,,,,,,,,,,,,,,,,,,,,,,,,,,,,,,,,,,,,,,,,,,,,,,,,,,,,,,,,,,,,,,,,,,,,,,,,,,,,,,,,,,,,,,,,,,,,,,,,,,,,,,,,,,,,,,,,,,,,,,,,,,,,,,,,,,,,,,,,,,,,,,,,,,,,,,,,,,,,,,,,,,,,,,,,,,,,,,,,,,,,,,,,,,,,,,,,,,,,,,,,,,,,,,,,,,,,,,,,,,,,,,,,,,,,,,,,,,,,,,,,,,,,,,,,,,,,,,,,,,,,,,,,,,,,,,,,,,,,,,,,,,,,,,,,,,,,,,,,,,,,,,,,,,,,,,,,,,,,,,,,,,,,,,,,,,,,,,,,,,,,,,,,,,,,,,,,,,,,,,,,,,,,,,,,,,,,,,,,,,,,,,,,,,,,,,,,,,,,,,,,,,,,,,,,,,,,,,,,,,,,,,,,,,,,,,,,,,,,,,,,,,,,,,,,,,,,,,,,,,,,,,,,,,,,,,,,,,,,,,,,,,,,,,,,,,,,,,,,,,,,,,,,,,,,,,,,,,,,,,,,,,,,,,,,,,,,,,,,,,,,,,,,,,,,,,,,,,,,,,,,,,,,,,,,,,,,,,,,,,,,,,,,,,,,,,,,,,,,,,,,,,,,,,,,,,,,,,,,,,,,,,,,,,,,,,,,,,,,,,,,
322,move,ia,ia,3,"[[0, 0, (1, 2), 0, 0], [0, 0, 0, 0, 0], [0, (0, -1), (0, -1), (0, -1), 0], [0, 0, 0, 0, 0], [0, 0, 0, 0, 0]]","[[0, 0, (1, 2), 0, 0], [0, 0, 0, 0, 0], [0, (0, -1), (0, -1), (0, -1), 0], [0, 0, 0, 0, (2, 1)], [0, 0, 0, 0, 0]]","[[0, 0, (1, 2), 0, 0], [0, 0, 0, 0, 0], [0, (0, -1), (0, -1), (0, -1), (1, 3)], [0, 0, 0, 0, (2, 1)], [0, 0, 0, 0, 0]]","[[0, 0, (1, 2), 0, 0], [0, 0, 0, 0, 0], [0, (0, -1), (0, -1), (0, -1), (1, 3)], [0, 0, 0, 0, 0], [0, 0, 0, 0, 0]]","[[0, 0, (1, 2), 0, 0], [0, 0, (1, 2), 0, 0], [0, (0, -1), (0, -1), (0, -1), (1, 3)], [0, 0, 0, 0, 0], [0, 0, 0, 0, 0]]","[[0, 0, (1, 2), 0, 0], [0, 0, (1, 2), 0, 0], [0, (0, -1), (0, -1), (0, -1), (1, 3)], [0, 0, 0, 0, (2, 1)], [0, 0, 0, 0, 0]]","[[0, 0, (1, 2), 0, 0], [0, 0, (1, 2), 0, 0], [0, (0, -1), (1, 2), (0, -1), (1, 3)], [0, 0, (0, -1), 0, (2, 1)], [0, 0, 0, 0, 0]]","[[0, 0, (1, 2), 0, 0], [0, 0, (1, 2), 0, 0], [0, (0, -1), (1, 2), (0, -1), (1, 3)], [0, 0, (0, -1), 0, 0], [0, 0, 0, 0, 0]]","[[0, 0, (1, 2), 0, 0], [0, 0, (1, 2), 0, 0], [0, (0, -1), (1, 2), (0, -1), (1, 3)], [0, 0, (1, 2), 0, 0], [0, 0, (0, -1), 0, 0]]","[[0, 0, (1, 2), 0, 0], [0, 0, (1, 2), 0, 0], [0, (0, -1), (1, 2), (0, -1), (1, 3)], [0, 0, (1, 2), 0, (2, 1)], [0, 0, (0, -1), 0, 0]]","[[0, 0, 0, 0, 0], [0, 0, (1, 2), 0, 0], [0, (0, -1), (1, 2), (0, -1), (1, 3)], [0, 0, (1, 2), 0, (2, 1)], [0, 0, (0, -1), 0, 0]]","[[0, 0, 0, 0, 0], [0, 0, (1, 2), 0, 0], [0, (0, -1), (1, 2), (0, -1), (1, 3)], [0, 0, (1, 2), 0, 0], [0, 0, (0, -1), 0, 0]]","[[0, 0, (1, 2), 0, 0], [0, 0, (1, 2), 0, 0], [0, (0, -1), (1, 2), (0, -1), (1, 3)], [0, 0, (1, 2), 0, 0], [0, 0, (0, -1), 0, 0]]","[[0, 0, (1, 2), 0, 0], [0, 0, (1, 2), 0, 0], [0, (0, -1), (1, 2), (0, -1), (1, 3)], [0, 0, (1, 2), 0, (2, 1)], [0, 0, (0, -1), 0, 0]]","[[0, 0, (1, 1), 0, 0], [0, 0, (1, 2), 0, 0], [0, (0, -1), (1, 2), (0, -1), (1, 3)], [0, 0, (1, 2), 0, (2, 1)], [0, 0, (0, -1), 0, 0]]","[[0, 0, (1, 1), 0, 0], [0, 0, (1, 2), 0, 0], [0, (0, -1), (1, 2), (0, -1), (1, 3)], [0, 0, (1, 2), 0, 0], [0, 0, (0, -1), 0, 0]]","[[0, 0, 0, 0, 0], [0, 0, (1, 2), 0, 0], [0, (0, -1), (1, 2), (0, -1), (1, 3)], [0, 0, (1, 2), 0, 0], [0, 0, (0, -1), 0, 0]]","[[0, 0, 0, 0, 0], [0, 0, (1, 2), 0, 0], [0, (0, -1), (1, 2), (0, -1), (1, 3)], [0, 0, (1, 2), 0, (2, 1)], [0, 0, (0, -1), 0, 0]]","[[0, 0, (1, 2), 0, 0], [0, 0, (1, 2), 0, 0], [0, (0, -1), (1, 2), (0, -1), (1, 3)], [0, 0, (1, 2), 0, (2, 1)], [0, 0, (0, -1), 0, 0]]","[[0, 0, (1, 2), 0, 0], [0, 0, (1, 2), 0, 0], [0, (0, -1), (1, 2), (0, -1), (1, 3)], [0, 0, (1, 2), 0, 0], [0, 0, (0, -1), 0, 0]]","[[0, 0, 0, 0, 0], [0, 0, (1, 2), 0, 0], [0, (0, -1), (1, 2), (0, -1), (1, 3)], [0, 0, (1, 2), 0, 0], [0, 0, (0, -1), 0, 0]]","[[0, 0, 0, 0, 0], [0, 0, (1, 2), 0, 0], [0, (0, -1), (1, 2), (0, -1), (1, 3)], [0, 0, (1, 2), 0, (2, 1)], [0, 0, (0, -1), 0, 0]]","[[0, 0, (1, 2), 0, 0], [0, 0, (1, 2), 0, 0], [0, (0, -1), (1, 2), (0, -1), (1, 3)], [0, 0, (1, 2), 0, (2, 1)], [0, 0, (0, -1), 0, 0]]","[[0, 0, (1, 2), 0, 0], [0, 0, (1, 2), 0, 0], [0, (0, -1), (1, 2), (0, -1), (1, 3)], [0, 0, (1, 2), 0, 0], [0, 0, (0, -1), 0, 0]]","[[0, 0, (1, 3), 0, 0], [0, 0, (1, 2), 0, 0], [0, (0, -1), (1, 2), (0, -1), (1, 3)], [0, 0, (1, 2), 0, 0], [0, 0, (0, -1), 0, 0]]","[[0, 0, (1, 3), 0, 0], [0, 0, (1, 2), 0, 0], [0, (0, -1), (1, 2), (0, -1), (1, 3)], [0, 0, (1, 2), 0, (2, 1)], [0, 0, (0, -1), 0, 0]]","[[0, 0, 0, 0, 0], [0, 0, (1, 2), 0, 0], [0, (0, -1), (1, 2), (0, -1), (1, 3)], [0, 0, (1, 2), 0, (2, 1)], [0, 0, (0, -1), 0, 0]]","[[0, 0, 0, 0, 0], [0, 0, (1, 2), 0, 0], [0, (0, -1), (1, 2), (0, -1), (1, 3)], [0, 0, (1, 2), 0, 0], [0, 0, (0, -1), 0, 0]]","[[0, 0, (1, 2), 0, 0], [0, 0, (1, 2), 0, 0], [0, (0, -1), (1, 2), (0, -1), (1, 3)], [0, 0, (1, 2), 0, 0], [0, 0, (0, -1), 0, 0]]","[[0, 0, (1, 2), 0, 0], [0, 0, (1, 2), 0, 0], [0, (0, -1), (1, 2), (0, -1), (1, 3)], [0, 0, (1, 2), 0, (2, 1)], [0, 0, (0, -1), 0, 0]]","[[0, 0, 0, 0, 0], [0, 0, (1, 2), 0, 0], [0, (0, -1), (1, 2), (0, -1), (1, 3)], [0, 0, (1, 2), 0, (2, 1)], [0, 0, (0, -1), 0, 0]]","[[0, 0, 0, 0, 0], [0, 0, (1, 2), 0, 0], [0, (0, -1), (1, 2), (0, -1), (1, 3)], [0, 0, (1, 2), 0, 0], [0, 0, (0, -1), 0, 0]]","[[0, 0, (1, 2), 0, 0], [0, 0, (1, 2), 0, 0], [0, (0, -1), (1, 2), (0, -1), (1, 3)], [0, 0, (1, 2), 0, 0], [0, 0, (0, -1), 0, 0]]","[[0, 0, (1, 2), 0, 0], [0, 0, (1, 2), 0, 0], [0, (0, -1), (1, 2), (0, -1), (1, 3)], [0, 0, (1, 2), 0, (2, 1)], [0, 0, (0, -1), 0, 0]]","[[0, 0, 0, 0, 0], [0, 0, (1, 2), 0, 0], [0, (0, -1), (1, 2), (0, -1), (1, 3)], [0, 0, (1, 2), 0, (2, 1)], [0, 0, (0, -1), 0, 0]]","[[0, 0, 0, 0, 0], [0, 0, (1, 2), 0, 0], [0, (0, -1), (1, 2), (0, -1), (1, 3)], [0, 0, (1, 2), 0, 0], [0, 0, (0, -1), 0, 0]]","[[0, 0, (1, 2), 0, 0], [0, 0, (1, 2), 0, 0], [0, (0, -1), (1, 2), (0, -1), (1, 3)], [0, 0, (1, 2), 0, 0], [0, 0, (0, -1), 0, 0]]","[[0, 0, (1, 2), 0, 0], [0, 0, (1, 2), 0, (2, 2)], [0, (0, -1), (1, 2), (0, -1), (1, 3)], [0, 0, (1, 2), 0, 0], [0, 0, (0, -1), 0, 0]]","[[0, 0, 0, 0, 0], [0, 0, (1, 2), 0, (2, 2)], [0, (0, -1), (1, 2), (0, -1), (1, 3)], [0, 0, (1, 2), 0, 0], [0, 0, (0, -1), 0, 0]]","[[0, 0, 0, 0, 0], [0, 0, (1, 2), 0, (2, 2)], [0, (0, -1), (1, 2), (0, -1), (1, 3)], [0, 0, (1, 2), 0, (2, 1)], [0, 0, (0, -1), 0, 0]]","[[0, 0, (1, 2), 0, 0], [0, 0, (1, 2), 0, (2, 2)], [0, (0, -1), (1, 2), (0, -1), (1, 3)], [0, 0, (1, 2), 0, (2, 1)], [0, 0, (0, -1), 0, 0]]","[[0, 0, (1, 2), 0, 0], [0, 0, (1, 2), 0, (2, 2)], [0, (0, -1), (1, 2), (0, -1), (1, 3)], [0, 0, (1, 2), 0, 0], [0, 0, (0, -1), 0, 0]]","[[0, 0, 0, 0, 0], [0, 0, (1, 2), 0, (2, 2)], [0, (0, -1), (1, 2), (0, -1), (1, 3)], [0, 0, (1, 2), 0, 0], [0, 0, (0, -1), 0, 0]]","[[0, 0, 0, 0, 0], [0, 0, (1, 2), 0, (2, 2)], [0, (0, -1), (1, 2), (0, -1), (1, 3)], [0, 0, (1, 2), 0, (2, 1)], [0, 0, (0, -1), 0, 0]]","[[0, 0, (1, 2), 0, 0], [0, 0, (1, 2), 0, (2, 2)], [0, (0, -1), (1, 2), (0, -1), (1, 3)], [0, 0, (1, 2), 0, (2, 1)], [0, 0, (0, -1), 0, 0]]","[[0, 0, (1, 2), 0, 0], [0, 0, (1, 2), 0, (2, 2)], [0, (0, -1), (1, 2), (0, -1), (1, 3)], [0, 0, (1, 2), 0, 0], [0, 0, (0, -1), 0, 0]]","[[0, 0, (1, 2), 0, 0], [0, 0, (1, 2), 0, (2, 2)], [0, (0, -1), (1, 2), (0, -1), (1, 3)], [0, (1, 2), 0, 0, 0], [0, 0, (0, -1), 0, 0]]","[[0, 0, (1, 2), 0, 0], [0, 0, (1, 2), 0, (2, 2)], [0, (0, -1), (1, 2), (0, -1), (1, 3)], [0, (1, 2), 0, 0, (2, 1)], [0, 0, (0, -1), 0, 0]]","[[0, 0, 0, 0, 0], [0, 0, (1, 2), 0, (2, 2)], [0, (0, -1), (1, 2), (0, -1), (1, 3)], [0, (1, 2), 0, 0, (2, 1)], [0, 0, (0, -1), 0, 0]]",,,,,,,,,,,,,,,,,,,,,,,,,,,,,,,,,,,,,,,,,,,,,,,,,,,,,,,,,,,,,,,,,,,,,,,,,,,,,,,,,,,,,,,,,,,,,,,,,,,,,,,,,,,,,,,,,,,,,,,,,,,,,,,,,,,,,,,,,,,,,,,,,,,,,,,,,,,,,,,,,,,,,,,,,,,,,,,,,,,,,,,,,,,,,,,,,,,,,,,,,,,,,,,,,,,,,,,,,,,,,,,,,,,,,,,,,,,,,,,,,,,,,,,,,,,,,,,,,,,,,,,,,,,,,,,,,,,,,,,,,,,,,,,,,,,,,,,,,,,,,,,,,,,,,,,,,,,,,,,,,,,,,,,,,,,,,,,,,,,,,,,,,,,,,,,,,,,,,,,,,,,,,,,,,,,,,,,,,,,,,,,,,,,,,,,,,,,,,,,,,,,,,,,,,,,,,,,,,,,,,,,,,,,,,,,,,,,,,,,,,,,,,,,,,,,,,,,,,,,,,,,,,,,,,,,,,,,,,,,,,,,,,,,,,,,,,,,,,,,,,,,,,,,,,,,,,,,,,,,,,,,,,,,,,,,,,,,,,,,,,,,,,,,,,,,,,,,,,,,,,,,,,,,,,,,,,,,,,,,,,,,,,,,,,,,,,,,,,,,,,,,,,,,,,,,,,,,,,,,,,,,,,,,,,,,,,,,,,,,,,,,,,,,,,,,,,,,,,,,,,,,,,,,,,,,,,,,,,,,,,,,,,,,,,,,,,,,,,,,,,,,,,,,,,,,,,,,,,,,,,,,,,,,,,,,,,,,,,,,,,,,,,,,,,,,,,,,,,,,,,,,,,,,,,,,,,,,,,,,,,,,,,,,,,,,,,,,,,,,,,,,,,,,,,,,,,,,,,,,,,,,,,,,,,,,,,,,,,,,,,,,,,,,,,,,,,,,,,,,,,,,,,,,,,,,,,,,,,,,,,,,,,,,,,,,,,,,,,,,,,,,,,,,,,,,,,,,,,,,,,,,,,,,,,,,,,,,,,,,,,,,,,,,
323,state,ia,ia,1,"(1, ('e', 0, 2, 2))","(2, ('e', 3, 4, 1))","(1, ('e', 0, 2, 2))","(2, ('a', 3, 4))","(1, ('e', 0, 2, 2))","(2, ('e', 3, 4, 1))","(1, ('e', 0, 2, 2))","(2, ('e', 3, 0, 2))","(1, ('e', 0, 2, 2))",,,,,,,,,,,,,,,,,,,,,,,,,,,,,,,,,,,,,,,,,,,,,,,,,,,,,,,,,,,,,,,,,,,,,,,,,,,,,,,,,,,,,,,,,,,,,,,,,,,,,,,,,,,,,,,,,,,,,,,,,,,,,,,,,,,,,,,,,,,,,,,,,,,,,,,,,,,,,,,,,,,,,,,,,,,,,,,,,,,,,,,,,,,,,,,,,,,,,,,,,,,,,,,,,,,,,,,,,,,,,,,,,,,,,,,,,,,,,,,,,,,,,,,,,,,,,,,,,,,,,,,,,,,,,,,,,,,,,,,,,,,,,,,,,,,,,,,,,,,,,,,,,,,,,,,,,,,,,,,,,,,,,,,,,,,,,,,,,,,,,,,,,,,,,,,,,,,,,,,,,,,,,,,,,,,,,,,,,,,,,,,,,,,,,,,,,,,,,,,,,,,,,,,,,,,,,,,,,,,,,,,,,,,,,,,,,,,,,,,,,,,,,,,,,,,,,,,,,,,,,,,,,,,,,,,,,,,,,,,,,,,,,,,,,,,,,,,,,,,,,,,,,,,,,,,,,,,,,,,,,,,,,,,,,,,,,,,,,,,,,,,,,,,,,,,,,,,,,,,,,,,,,,,,,,,,,,,,,,,,,,,,,,,,,,,,,,,,,,,,,,,,,,,,,,,,,,,,,,,,,,,,,,,,,,,,,,,,,,,,,,,,,,,,,,,,,,,,,,,,,,,,,,,,,,,,,,,,,,,,,,,,,,,,,,,,,,,,,,,,,,,,,,,,,,,,,,,,,,,,,,,,,,,,,,,,,,,,,,,,,,,,,,,,,,,,,,,,,,,,,,,,,,,,,,,,,,,,,,,,,,,,,,,,,,,,,,,,,,,,,,,,,,,,,,,,,,,,,,,,,,,,,,,,,,,,,,,,,,,,,,,,,,,,,,,,,,,,,,,,,,,,,,,,,,,,,,,,,,,,,,,,,,,,,,,,,,,,,,,,,,,,,,,,,,,,,,,,,,,,,,,,,,,,,,,,,,,,,,,,,,,,,,,,,,,,,,,,,,,,,,,,,,,,,,,,,,,,,,,,,,,,,,,
324,move,ia,ia,1,"[[0, 0, (1, 2), 0, 0], [0, 0, 0, 0, 0], [0, (0, -1), (0, -1), (0, -1), 0], [0, 0, 0, 0, 0], [0, 0, 0, 0, 0]]","[[0, 0, (1, 2), 0, 0], [0, 0, 0, 0, 0], [0, (0, -1), (0, -1), (0, -1), 0], [0, 0, 0, 0, (2, 1)], [0, 0, 0, 0, 0]]","[[0, 0, (1, 2), 0, 0], [0, 0, (1, 2), 0, 0], [0, (0, -1), (0, -1), (0, -1), 0], [0, 0, 0, 0, (2, 1)], [0, 0, 0, 0, 0]]","[[0, 0, (1, 2), 0, 0], [0, 0, (1, 2), 0, 0], [0, (0, -1), (0, -1), (0, -1), 0], [0, 0, 0, 0, 0], [0, 0, 0, 0, 0]]","[[0, 0, (1, 2), 0, 0], [0, 0, (1, 2), 0, 0], [0, (0, -1), (1, 2), (0, -1), 0], [0, 0, (0, -1), 0, 0], [0, 0, 0, 0, 0]]","[[0, 0, (1, 2), 0, 0], [0, 0, (1, 2), 0, 0], [0, (0, -1), (1, 2), (0, -1), 0], [0, 0, (0, -1), 0, (2, 1)], [0, 0, 0, 0, 0]]","[[0, 0, (1, 2), 0, 0], [0, 0, (1, 2), 0, 0], [0, (0, -1), (1, 2), (0, -1), 0], [0, 0, (1, 2), 0, (2, 1)], [0, 0, (0, -1), 0, 0]]","[[0, 0, (1, 2), 0, 0], [0, 0, (1, 2), 0, 0], [0, (0, -1), (1, 2), (0, -1), 0], [(2, 2), 0, (1, 2), 0, (2, 1)], [0, 0, (0, -1), 0, 0]]","[[0, 0, (1, 2), 0, 0], [0, 0, (1, 2), 0, 0], [0, (0, -1), (1, 2), (0, -1), 0], [(2, 2), 0, (1, 2), 0, (2, 1)], [0, 0, (1, 2), 0, 0]]",,,,,,,,,,,,,,,,,,,,,,,,,,,,,,,,,,,,,,,,,,,,,,,,,,,,,,,,,,,,,,,,,,,,,,,,,,,,,,,,,,,,,,,,,,,,,,,,,,,,,,,,,,,,,,,,,,,,,,,,,,,,,,,,,,,,,,,,,,,,,,,,,,,,,,,,,,,,,,,,,,,,,,,,,,,,,,,,,,,,,,,,,,,,,,,,,,,,,,,,,,,,,,,,,,,,,,,,,,,,,,,,,,,,,,,,,,,,,,,,,,,,,,,,,,,,,,,,,,,,,,,,,,,,,,,,,,,,,,,,,,,,,,,,,,,,,,,,,,,,,,,,,,,,,,,,,,,,,,,,,,,,,,,,,,,,,,,,,,,,,,,,,,,,,,,,,,,,,,,,,,,,,,,,,,,,,,,,,,,,,,,,,,,,,,,,,,,,,,,,,,,,,,,,,,,,,,,,,,,,,,,,,,,,,,,,,,,,,,,,,,,,,,,,,,,,,,,,,,,,,,,,,,,,,,,,,,,,,,,,,,,,,,,,,,,,,,,,,,,,,,,,,,,,,,,,,,,,,,,,,,,,,,,,,,,,,,,,,,,,,,,,,,,,,,,,,,,,,,,,,,,,,,,,,,,,,,,,,,,,,,,,,,,,,,,,,,,,,,,,,,,,,,,,,,,,,,,,,,,,,,,,,,,,,,,,,,,,,,,,,,,,,,,,,,,,,,,,,,,,,,,,,,,,,,,,,,,,,,,,,,,,,,,,,,,,,,,,,,,,,,,,,,,,,,,,,,,,,,,,,,,,,,,,,,,,,,,,,,,,,,,,,,,,,,,,,,,,,,,,,,,,,,,,,,,,,,,,,,,,,,,,,,,,,,,,,,,,,,,,,,,,,,,,,,,,,,,,,,,,,,,,,,,,,,,,,,,,,,,,,,,,,,,,,,,,,,,,,,,,,,,,,,,,,,,,,,,,,,,,,,,,,,,,,,,,,,,,,,,,,,,,,,,,,,,,,,,,,,,,,,,,,,,,,,,,,,,,,,,,,,,,,,,,,,,,,,,,,,,,,,,,,,,,,,,,,,,,,,,,,,,,,,,
325,state,ia,ia,1,"(1, ('e', 0, 2, 2))","(2, ('e', 3, 4, 1))","(1, ('e', 0, 2, 2))","(2, ('a', 3, 4))","(1, ('e', 0, 2, 2))","(2, ('e', 3, 4, 1))","(1, ('e', 0, 2, 2))","(2, ('a', 3, 4))","(1, ('e', 0, 2, 2))",,,,,,,,,,,,,,,,,,,,,,,,,,,,,,,,,,,,,,,,,,,,,,,,,,,,,,,,,,,,,,,,,,,,,,,,,,,,,,,,,,,,,,,,,,,,,,,,,,,,,,,,,,,,,,,,,,,,,,,,,,,,,,,,,,,,,,,,,,,,,,,,,,,,,,,,,,,,,,,,,,,,,,,,,,,,,,,,,,,,,,,,,,,,,,,,,,,,,,,,,,,,,,,,,,,,,,,,,,,,,,,,,,,,,,,,,,,,,,,,,,,,,,,,,,,,,,,,,,,,,,,,,,,,,,,,,,,,,,,,,,,,,,,,,,,,,,,,,,,,,,,,,,,,,,,,,,,,,,,,,,,,,,,,,,,,,,,,,,,,,,,,,,,,,,,,,,,,,,,,,,,,,,,,,,,,,,,,,,,,,,,,,,,,,,,,,,,,,,,,,,,,,,,,,,,,,,,,,,,,,,,,,,,,,,,,,,,,,,,,,,,,,,,,,,,,,,,,,,,,,,,,,,,,,,,,,,,,,,,,,,,,,,,,,,,,,,,,,,,,,,,,,,,,,,,,,,,,,,,,,,,,,,,,,,,,,,,,,,,,,,,,,,,,,,,,,,,,,,,,,,,,,,,,,,,,,,,,,,,,,,,,,,,,,,,,,,,,,,,,,,,,,,,,,,,,,,,,,,,,,,,,,,,,,,,,,,,,,,,,,,,,,,,,,,,,,,,,,,,,,,,,,,,,,,,,,,,,,,,,,,,,,,,,,,,,,,,,,,,,,,,,,,,,,,,,,,,,,,,,,,,,,,,,,,,,,,,,,,,,,,,,,,,,,,,,,,,,,,,,,,,,,,,,,,,,,,,,,,,,,,,,,,,,,,,,,,,,,,,,,,,,,,,,,,,,,,,,,,,,,,,,,,,,,,,,,,,,,,,,,,,,,,,,,,,,,,,,,,,,,,,,,,,,,,,,,,,,,,,,,,,,,,,,,,,,,,,,,,,,,,,,,,,,,,,,,,,,,,,,,,,,,,,,,,,,,,,,,,,,,,,,,,,,,,,,,,,,,,,,,,,,,,,,,,,,,,,,,,,,,,,,,,,
326,move,ia,ia,1,"[[0, 0, (1, 2), 0, 0], [0, 0, 0, 0, 0], [0, (0, -1), (0, -1), (0, -1), 0], [0, 0, 0, 0, 0], [0, 0, 0, 0, 0]]","[[0, 0, (1, 2), 0, 0], [0, 0, 0, 0, 0], [0, (0, -1), (0, -1), (0, -1), 0], [0, 0, 0, 0, (2, 1)], [0, 0, 0, 0, 0]]","[[0, 0, (1, 2), 0, 0], [0, 0, (1, 2), 0, 0], [0, (0, -1), (0, -1), (0, -1), 0], [0, 0, 0, 0, (2, 1)], [0, 0, 0, 0, 0]]","[[0, 0, (1, 2), 0, 0], [0, 0, (1, 2), 0, 0], [0, (0, -1), (0, -1), (0, -1), 0], [0, 0, 0, 0, 0], [0, 0, 0, 0, 0]]","[[0, 0, (1, 2), 0, 0], [0, 0, (1, 2), 0, 0], [0, (0, -1), (1, 2), (0, -1), 0], [0, 0, (0, -1), 0, 0], [0, 0, 0, 0, 0]]","[[0, 0, (1, 2), 0, 0], [0, 0, (1, 2), 0, 0], [0, (0, -1), (1, 2), (0, -1), 0], [0, 0, (0, -1), 0, (2, 1)], [0, 0, 0, 0, 0]]","[[0, 0, (1, 2), 0, 0], [0, 0, (1, 2), 0, 0], [0, (0, -1), (1, 2), (0, -1), 0], [0, 0, (1, 2), 0, (2, 1)], [0, 0, (0, -1), 0, 0]]","[[0, 0, (1, 2), 0, 0], [0, 0, (1, 2), 0, 0], [0, (0, -1), (1, 2), (0, -1), 0], [0, 0, (1, 2), 0, 0], [0, 0, (0, -1), 0, 0]]","[[0, 0, (1, 2), 0, 0], [0, 0, (1, 2), 0, 0], [0, (0, -1), (1, 2), (0, -1), 0], [0, 0, (1, 2), 0, 0], [0, 0, (1, 2), 0, 0]]",,,,,,,,,,,,,,,,,,,,,,,,,,,,,,,,,,,,,,,,,,,,,,,,,,,,,,,,,,,,,,,,,,,,,,,,,,,,,,,,,,,,,,,,,,,,,,,,,,,,,,,,,,,,,,,,,,,,,,,,,,,,,,,,,,,,,,,,,,,,,,,,,,,,,,,,,,,,,,,,,,,,,,,,,,,,,,,,,,,,,,,,,,,,,,,,,,,,,,,,,,,,,,,,,,,,,,,,,,,,,,,,,,,,,,,,,,,,,,,,,,,,,,,,,,,,,,,,,,,,,,,,,,,,,,,,,,,,,,,,,,,,,,,,,,,,,,,,,,,,,,,,,,,,,,,,,,,,,,,,,,,,,,,,,,,,,,,,,,,,,,,,,,,,,,,,,,,,,,,,,,,,,,,,,,,,,,,,,,,,,,,,,,,,,,,,,,,,,,,,,,,,,,,,,,,,,,,,,,,,,,,,,,,,,,,,,,,,,,,,,,,,,,,,,,,,,,,,,,,,,,,,,,,,,,,,,,,,,,,,,,,,,,,,,,,,,,,,,,,,,,,,,,,,,,,,,,,,,,,,,,,,,,,,,,,,,,,,,,,,,,,,,,,,,,,,,,,,,,,,,,,,,,,,,,,,,,,,,,,,,,,,,,,,,,,,,,,,,,,,,,,,,,,,,,,,,,,,,,,,,,,,,,,,,,,,,,,,,,,,,,,,,,,,,,,,,,,,,,,,,,,,,,,,,,,,,,,,,,,,,,,,,,,,,,,,,,,,,,,,,,,,,,,,,,,,,,,,,,,,,,,,,,,,,,,,,,,,,,,,,,,,,,,,,,,,,,,,,,,,,,,,,,,,,,,,,,,,,,,,,,,,,,,,,,,,,,,,,,,,,,,,,,,,,,,,,,,,,,,,,,,,,,,,,,,,,,,,,,,,,,,,,,,,,,,,,,,,,,,,,,,,,,,,,,,,,,,,,,,,,,,,,,,,,,,,,,,,,,,,,,,,,,,,,,,,,,,,,,,,,,,,,,,,,,,,,,,,,,,,,,,,,,,,,,,,,,,,,,,,,,,,,,,,,,,,,,,,,,,,,,,,,,,
327,state,ia,ia,1,"(1, ('e', 0, 2, 2))","(2, ('e', 2, 0, 1))","(1, ('e', 0, 2, 2))","(2, ('e', 3, 4, 1))","(1, ('e', 0, 2, 2))","(2, ('a', 3, 4))","(1, ('e', 0, 2, 2))","(2, ('e', 3, 4, 1))","(1, ('e', 0, 2, 2))",,,,,,,,,,,,,,,,,,,,,,,,,,,,,,,,,,,,,,,,,,,,,,,,,,,,,,,,,,,,,,,,,,,,,,,,,,,,,,,,,,,,,,,,,,,,,,,,,,,,,,,,,,,,,,,,,,,,,,,,,,,,,,,,,,,,,,,,,,,,,,,,,,,,,,,,,,,,,,,,,,,,,,,,,,,,,,,,,,,,,,,,,,,,,,,,,,,,,,,,,,,,,,,,,,,,,,,,,,,,,,,,,,,,,,,,,,,,,,,,,,,,,,,,,,,,,,,,,,,,,,,,,,,,,,,,,,,,,,,,,,,,,,,,,,,,,,,,,,,,,,,,,,,,,,,,,,,,,,,,,,,,,,,,,,,,,,,,,,,,,,,,,,,,,,,,,,,,,,,,,,,,,,,,,,,,,,,,,,,,,,,,,,,,,,,,,,,,,,,,,,,,,,,,,,,,,,,,,,,,,,,,,,,,,,,,,,,,,,,,,,,,,,,,,,,,,,,,,,,,,,,,,,,,,,,,,,,,,,,,,,,,,,,,,,,,,,,,,,,,,,,,,,,,,,,,,,,,,,,,,,,,,,,,,,,,,,,,,,,,,,,,,,,,,,,,,,,,,,,,,,,,,,,,,,,,,,,,,,,,,,,,,,,,,,,,,,,,,,,,,,,,,,,,,,,,,,,,,,,,,,,,,,,,,,,,,,,,,,,,,,,,,,,,,,,,,,,,,,,,,,,,,,,,,,,,,,,,,,,,,,,,,,,,,,,,,,,,,,,,,,,,,,,,,,,,,,,,,,,,,,,,,,,,,,,,,,,,,,,,,,,,,,,,,,,,,,,,,,,,,,,,,,,,,,,,,,,,,,,,,,,,,,,,,,,,,,,,,,,,,,,,,,,,,,,,,,,,,,,,,,,,,,,,,,,,,,,,,,,,,,,,,,,,,,,,,,,,,,,,,,,,,,,,,,,,,,,,,,,,,,,,,,,,,,,,,,,,,,,,,,,,,,,,,,,,,,,,,,,,,,,,,,,,,,,,,,,,,,,,,,,,,,,,,,,,,,,,,,,,,,,,,,,,,,,,,,,,,,,,,,,,,,,
328,move,ia,ia,1,"[[0, 0, (1, 2), 0, 0], [0, 0, 0, 0, 0], [0, (0, -1), (0, -1), (0, -1), 0], [0, 0, 0, 0, 0], [0, 0, 0, 0, 0]]","[[0, 0, (1, 2), 0, 0], [0, 0, 0, 0, 0], [(2, 1), (0, -1), (0, -1), (0, -1), 0], [0, 0, 0, 0, 0], [0, 0, 0, 0, 0]]","[[0, 0, (1, 2), 0, 0], [0, 0, (1, 2), 0, 0], [(2, 1), (0, -1), (0, -1), (0, -1), 0], [0, 0, 0, 0, 0], [0, 0, 0, 0, 0]]","[[0, 0, (1, 2), 0, 0], [0, 0, (1, 2), 0, 0], [(2, 1), (0, -1), (0, -1), (0, -1), 0], [0, 0, 0, 0, (2, 1)], [0, 0, 0, 0, 0]]","[[0, 0, (1, 2), 0, 0], [0, 0, (1, 2), 0, 0], [(2, 1), (0, -1), (1, 2), (0, -1), 0], [0, 0, (0, -1), 0, (2, 1)], [0, 0, 0, 0, 0]]","[[0, 0, (1, 2), 0, 0], [0, 0, (1, 2), 0, 0], [(2, 1), (0, -1), (1, 2), (0, -1), 0], [0, 0, (0, -1), 0, 0], [0, 0, 0, 0, 0]]","[[0, 0, (1, 2), 0, 0], [0, 0, (1, 2), 0, 0], [(2, 1), (0, -1), (1, 2), (0, -1), 0], [0, 0, (1, 2), 0, 0], [0, 0, (0, -1), 0, 0]]","[[0, 0, (1, 2), 0, 0], [0, 0, (1, 2), 0, 0], [(2, 1), (0, -1), (1, 2), (0, -1), 0], [0, 0, (1, 2), 0, (2, 1)], [0, 0, (0, -1), 0, 0]]","[[0, 0, (1, 2), 0, 0], [0, 0, (1, 2), 0, 0], [(2, 1), (0, -1), (1, 2), (0, -1), 0], [0, 0, (1, 2), 0, (2, 1)], [0, 0, (1, 2), 0, 0]]",,,,,,,,,,,,,,,,,,,,,,,,,,,,,,,,,,,,,,,,,,,,,,,,,,,,,,,,,,,,,,,,,,,,,,,,,,,,,,,,,,,,,,,,,,,,,,,,,,,,,,,,,,,,,,,,,,,,,,,,,,,,,,,,,,,,,,,,,,,,,,,,,,,,,,,,,,,,,,,,,,,,,,,,,,,,,,,,,,,,,,,,,,,,,,,,,,,,,,,,,,,,,,,,,,,,,,,,,,,,,,,,,,,,,,,,,,,,,,,,,,,,,,,,,,,,,,,,,,,,,,,,,,,,,,,,,,,,,,,,,,,,,,,,,,,,,,,,,,,,,,,,,,,,,,,,,,,,,,,,,,,,,,,,,,,,,,,,,,,,,,,,,,,,,,,,,,,,,,,,,,,,,,,,,,,,,,,,,,,,,,,,,,,,,,,,,,,,,,,,,,,,,,,,,,,,,,,,,,,,,,,,,,,,,,,,,,,,,,,,,,,,,,,,,,,,,,,,,,,,,,,,,,,,,,,,,,,,,,,,,,,,,,,,,,,,,,,,,,,,,,,,,,,,,,,,,,,,,,,,,,,,,,,,,,,,,,,,,,,,,,,,,,,,,,,,,,,,,,,,,,,,,,,,,,,,,,,,,,,,,,,,,,,,,,,,,,,,,,,,,,,,,,,,,,,,,,,,,,,,,,,,,,,,,,,,,,,,,,,,,,,,,,,,,,,,,,,,,,,,,,,,,,,,,,,,,,,,,,,,,,,,,,,,,,,,,,,,,,,,,,,,,,,,,,,,,,,,,,,,,,,,,,,,,,,,,,,,,,,,,,,,,,,,,,,,,,,,,,,,,,,,,,,,,,,,,,,,,,,,,,,,,,,,,,,,,,,,,,,,,,,,,,,,,,,,,,,,,,,,,,,,,,,,,,,,,,,,,,,,,,,,,,,,,,,,,,,,,,,,,,,,,,,,,,,,,,,,,,,,,,,,,,,,,,,,,,,,,,,,,,,,,,,,,,,,,,,,,,,,,,,,,,,,,,,,,,,,,,,,,,,,,,,,,,,,,,,,,,,,,,,,,,,,,,,,,,,,,,,,,,,,,,,
329,state,ia,ia,1,"(1, ('e', 0, 2, 2))","(2, ('e', 1, 0, 2))","(1, ('e', 0, 2, 2))","(2, ('e', 3, 4, 1))","(1, ('e', 0, 2, 2))","(2, ('e', 1, 4, 2))","(1, ('e', 0, 2, 2))","(2, ('a', 3, 4))","(1, ('e', 0, 2, 2))",,,,,,,,,,,,,,,,,,,,,,,,,,,,,,,,,,,,,,,,,,,,,,,,,,,,,,,,,,,,,,,,,,,,,,,,,,,,,,,,,,,,,,,,,,,,,,,,,,,,,,,,,,,,,,,,,,,,,,,,,,,,,,,,,,,,,,,,,,,,,,,,,,,,,,,,,,,,,,,,,,,,,,,,,,,,,,,,,,,,,,,,,,,,,,,,,,,,,,,,,,,,,,,,,,,,,,,,,,,,,,,,,,,,,,,,,,,,,,,,,,,,,,,,,,,,,,,,,,,,,,,,,,,,,,,,,,,,,,,,,,,,,,,,,,,,,,,,,,,,,,,,,,,,,,,,,,,,,,,,,,,,,,,,,,,,,,,,,,,,,,,,,,,,,,,,,,,,,,,,,,,,,,,,,,,,,,,,,,,,,,,,,,,,,,,,,,,,,,,,,,,,,,,,,,,,,,,,,,,,,,,,,,,,,,,,,,,,,,,,,,,,,,,,,,,,,,,,,,,,,,,,,,,,,,,,,,,,,,,,,,,,,,,,,,,,,,,,,,,,,,,,,,,,,,,,,,,,,,,,,,,,,,,,,,,,,,,,,,,,,,,,,,,,,,,,,,,,,,,,,,,,,,,,,,,,,,,,,,,,,,,,,,,,,,,,,,,,,,,,,,,,,,,,,,,,,,,,,,,,,,,,,,,,,,,,,,,,,,,,,,,,,,,,,,,,,,,,,,,,,,,,,,,,,,,,,,,,,,,,,,,,,,,,,,,,,,,,,,,,,,,,,,,,,,,,,,,,,,,,,,,,,,,,,,,,,,,,,,,,,,,,,,,,,,,,,,,,,,,,,,,,,,,,,,,,,,,,,,,,,,,,,,,,,,,,,,,,,,,,,,,,,,,,,,,,,,,,,,,,,,,,,,,,,,,,,,,,,,,,,,,,,,,,,,,,,,,,,,,,,,,,,,,,,,,,,,,,,,,,,,,,,,,,,,,,,,,,,,,,,,,,,,,,,,,,,,,,,,,,,,,,,,,,,,,,,,,,,,,,,,,,,,,,,,,,,,,,,,,,,,,,,,,,,,,,,,,,,,,,,,,,,,,
330,move,ia,ia,1,"[[0, 0, (1, 2), 0, 0], [0, 0, 0, 0, 0], [0, (0, -1), (0, -1), (0, -1), 0], [0, 0, 0, 0, 0], [0, 0, 0, 0, 0]]","[[0, 0, (1, 2), 0, 0], [(2, 2), 0, 0, 0, 0], [0, (0, -1), (0, -1), (0, -1), 0], [0, 0, 0, 0, 0], [0, 0, 0, 0, 0]]","[[0, 0, (1, 2), 0, 0], [(2, 2), 0, (1, 2), 0, 0], [0, (0, -1), (0, -1), (0, -1), 0], [0, 0, 0, 0, 0], [0, 0, 0, 0, 0]]","[[0, 0, (1, 2), 0, 0], [(2, 2), 0, (1, 2), 0, 0], [0, (0, -1), (0, -1), (0, -1), 0], [0, 0, 0, 0, (2, 1)], [0, 0, 0, 0, 0]]","[[0, 0, (1, 2), 0, 0], [(2, 2), 0, (1, 2), 0, 0], [0, (0, -1), (1, 2), (0, -1), 0], [0, 0, (0, -1), 0, (2, 1)], [0, 0, 0, 0, 0]]","[[0, 0, (1, 2), 0, 0], [(2, 2), 0, (1, 2), 0, (2, 2)], [0, (0, -1), (1, 2), (0, -1), 0], [0, 0, (0, -1), 0, (2, 1)], [0, 0, 0, 0, 0]]","[[0, 0, (1, 2), 0, 0], [(2, 2), 0, (1, 2), 0, (2, 2)], [0, (0, -1), (1, 2), (0, -1), 0], [0, 0, (1, 2), 0, (2, 1)], [0, 0, (0, -1), 0, 0]]","[[0, 0, (1, 2), 0, 0], [(2, 2), 0, (1, 2), 0, (2, 2)], [0, (0, -1), (1, 2), (0, -1), 0], [0, 0, (1, 2), 0, 0], [0, 0, (0, -1), 0, 0]]","[[0, 0, (1, 2), 0, 0], [(2, 2), 0, (1, 2), 0, (2, 2)], [0, (0, -1), (1, 2), (0, -1), 0], [0, 0, (1, 2), 0, 0], [0, 0, (1, 2), 0, 0]]",,,,,,,,,,,,,,,,,,,,,,,,,,,,,,,,,,,,,,,,,,,,,,,,,,,,,,,,,,,,,,,,,,,,,,,,,,,,,,,,,,,,,,,,,,,,,,,,,,,,,,,,,,,,,,,,,,,,,,,,,,,,,,,,,,,,,,,,,,,,,,,,,,,,,,,,,,,,,,,,,,,,,,,,,,,,,,,,,,,,,,,,,,,,,,,,,,,,,,,,,,,,,,,,,,,,,,,,,,,,,,,,,,,,,,,,,,,,,,,,,,,,,,,,,,,,,,,,,,,,,,,,,,,,,,,,,,,,,,,,,,,,,,,,,,,,,,,,,,,,,,,,,,,,,,,,,,,,,,,,,,,,,,,,,,,,,,,,,,,,,,,,,,,,,,,,,,,,,,,,,,,,,,,,,,,,,,,,,,,,,,,,,,,,,,,,,,,,,,,,,,,,,,,,,,,,,,,,,,,,,,,,,,,,,,,,,,,,,,,,,,,,,,,,,,,,,,,,,,,,,,,,,,,,,,,,,,,,,,,,,,,,,,,,,,,,,,,,,,,,,,,,,,,,,,,,,,,,,,,,,,,,,,,,,,,,,,,,,,,,,,,,,,,,,,,,,,,,,,,,,,,,,,,,,,,,,,,,,,,,,,,,,,,,,,,,,,,,,,,,,,,,,,,,,,,,,,,,,,,,,,,,,,,,,,,,,,,,,,,,,,,,,,,,,,,,,,,,,,,,,,,,,,,,,,,,,,,,,,,,,,,,,,,,,,,,,,,,,,,,,,,,,,,,,,,,,,,,,,,,,,,,,,,,,,,,,,,,,,,,,,,,,,,,,,,,,,,,,,,,,,,,,,,,,,,,,,,,,,,,,,,,,,,,,,,,,,,,,,,,,,,,,,,,,,,,,,,,,,,,,,,,,,,,,,,,,,,,,,,,,,,,,,,,,,,,,,,,,,,,,,,,,,,,,,,,,,,,,,,,,,,,,,,,,,,,,,,,,,,,,,,,,,,,,,,,,,,,,,,,,,,,,,,,,,,,,,,,,,,,,,,,,,,,,,,,,,,,,,,,,,,,,,,,,,,,,,,,,,,,,,,,,,,
331,state,ia,ia,3,"(1, ('e', 0, 2, 2))","(2, ('e', 3, 4, 1))","(1, ('e', 1, 4, 2))","(2, ('a', 3, 4))","(1, ('e', 0, 2, 2))","(2, ('e', 3, 4, 1))","(1, ('e', 0, 2, 2))","(2, ('a', 3, 4))","(1, ('e', 0, 2, 2))","(2, ('e', 3, 4, 1))","(1, ('a', 0, 2))","(2, ('a', 3, 4))","(1, ('e', 0, 2, 2))","(2, ('e', 3, 4, 1))","(1, ('a', 0, 2))","(2, ('a', 3, 4))","(1, ('e', 0, 2, 2))","(2, ('e', 3, 4, 1))","(1, ('a', 0, 2))","(2, ('a', 3, 4))","(1, ('m', 3, 2, 3))","(2, ('e', 3, 4, 1))","(1, ('e', 0, 2, 2))","(2, ('a', 3, 4))","(1, ('a', 0, 2))","(2, ('e', 3, 4, 1))","(1, ('e', 0, 2, 2))","(2, ('a', 3, 4))","(1, ('a', 0, 2))","(2, ('e', 3, 4, 2))","(1, ('e', 0, 2, 2))","(2, ('a', 3, 4))","(1, ('a', 0, 2))","(2, ('e', 3, 4, 1))","(1, ('e', 0, 2, 2))","(2, ('a', 3, 4))","(1, ('a', 0, 2))","(2, ('e', 3, 4, 1))","(1, ('e', 0, 2, 2))","(2, ('a', 3, 4))","(1, ('a', 0, 2))","(2, ('e', 3, 4, 1))","(1, ('e', 0, 2, 2))","(2, ('a', 3, 4))","(1, ('a', 0, 2))","(2, ('e', 3, 4, 1))","(1, ('e', 0, 2, 2))","(2, ('a', 3, 4))","(1, ('a', 0, 2))",,,,,,,,,,,,,,,,,,,,,,,,,,,,,,,,,,,,,,,,,,,,,,,,,,,,,,,,,,,,,,,,,,,,,,,,,,,,,,,,,,,,,,,,,,,,,,,,,,,,,,,,,,,,,,,,,,,,,,,,,,,,,,,,,,,,,,,,,,,,,,,,,,,,,,,,,,,,,,,,,,,,,,,,,,,,,,,,,,,,,,,,,,,,,,,,,,,,,,,,,,,,,,,,,,,,,,,,,,,,,,,,,,,,,,,,,,,,,,,,,,,,,,,,,,,,,,,,,,,,,,,,,,,,,,,,,,,,,,,,,,,,,,,,,,,,,,,,,,,,,,,,,,,,,,,,,,,,,,,,,,,,,,,,,,,,,,,,,,,,,,,,,,,,,,,,,,,,,,,,,,,,,,,,,,,,,,,,,,,,,,,,,,,,,,,,,,,,,,,,,,,,,,,,,,,,,,,,,,,,,,,,,,,,,,,,,,,,,,,,,,,,,,,,,,,,,,,,,,,,,,,,,,,,,,,,,,,,,,,,,,,,,,,,,,,,,,,,,,,,,,,,,,,,,,,,,,,,,,,,,,,,,,,,,,,,,,,,,,,,,,,,,,,,,,,,,,,,,,,,,,,,,,,,,,,,,,,,,,,,,,,,,,,,,,,,,,,,,,,,,,,,,,,,,,,,,,,,,,,,,,,,,,,,,,,,,,,,,,,,,,,,,,,,,,,,,,,,,,,,,,,,,,,,,,,,,,,,,,,,,,,,,,,,,,,,,,,,,,,,,,,,,,,,,,,,,,,,,,,,,,,,,,,,,,,,,,,,,,,,,,,,,,,,,,,,,,,,,,,,,,,,,,,,,,,,,,,,,,,,,,,,,,,,,,,,,,,,,,,,,,,,,,,,,,,,,,,,,,,,,,,,,,,,,,,,,,,,,,,,,,,,,,,,,,,,,,,,,,,,,,,,,,,,,,,,,,,,,,,,,,,,,,,,,,,,,,,,,,,,,,,,,,,,,,,,,,,,,,,,,,,,,,,,,,,,,,,,,,,,,,,,,,,
332,move,ia,ia,3,"[[0, 0, (1, 2), 0, 0], [0, 0, 0, 0, 0], [0, (0, -1), (0, -1), (0, -1), 0], [0, 0, 0, 0, 0], [0, 0, 0, 0, 0]]","[[0, 0, (1, 2), 0, 0], [0, 0, 0, 0, 0], [0, (0, -1), (0, -1), (0, -1), 0], [0, 0, 0, 0, (2, 1)], [0, 0, 0, 0, 0]]","[[0, 0, (1, 2), 0, 0], [0, 0, 0, 0, (1, 2)], [0, (0, -1), (0, -1), (0, -1), 0], [0, 0, 0, 0, (2, 1)], [0, 0, 0, 0, 0]]","[[0, 0, (1, 2), 0, 0], [0, 0, 0, 0, (1, 2)], [0, (0, -1), (0, -1), (0, -1), 0], [0, 0, 0, 0, 0], [0, 0, 0, 0, 0]]","[[0, 0, (1, 2), 0, 0], [0, 0, (1, 2), 0, (1, 2)], [0, (0, -1), (0, -1), (0, -1), 0], [0, 0, 0, 0, 0], [0, 0, 0, 0, 0]]","[[0, 0, (1, 2), 0, 0], [0, 0, (1, 2), 0, (1, 2)], [0, (0, -1), (0, -1), (0, -1), 0], [0, 0, 0, 0, (2, 1)], [0, 0, 0, 0, 0]]","[[0, 0, (1, 2), 0, 0], [0, 0, (1, 2), 0, (1, 2)], [0, (0, -1), (1, 2), (0, -1), 0], [0, 0, (0, -1), 0, (2, 1)], [0, 0, 0, 0, 0]]","[[0, 0, (1, 2), 0, 0], [0, 0, (1, 2), 0, (1, 2)], [0, (0, -1), (1, 2), (0, -1), 0], [0, 0, (0, -1), 0, 0], [0, 0, 0, 0, 0]]","[[0, 0, (1, 2), 0, 0], [0, 0, (1, 2), 0, (1, 2)], [0, (0, -1), (1, 2), (0, -1), 0], [0, 0, (1, 2), 0, 0], [0, 0, (0, -1), 0, 0]]","[[0, 0, (1, 2), 0, 0], [0, 0, (1, 2), 0, (1, 2)], [0, (0, -1), (1, 2), (0, -1), 0], [0, 0, (1, 2), 0, (2, 1)], [0, 0, (0, -1), 0, 0]]","[[0, 0, 0, 0, 0], [0, 0, (1, 2), 0, (1, 2)], [0, (0, -1), (1, 2), (0, -1), 0], [0, 0, (1, 2), 0, (2, 1)], [0, 0, (0, -1), 0, 0]]","[[0, 0, 0, 0, 0], [0, 0, (1, 2), 0, (1, 2)], [0, (0, -1), (1, 2), (0, -1), 0], [0, 0, (1, 2), 0, 0], [0, 0, (0, -1), 0, 0]]","[[0, 0, (1, 2), 0, 0], [0, 0, (1, 2), 0, (1, 2)], [0, (0, -1), (1, 2), (0, -1), 0], [0, 0, (1, 2), 0, 0], [0, 0, (0, -1), 0, 0]]","[[0, 0, (1, 2), 0, 0], [0, 0, (1, 2), 0, (1, 2)], [0, (0, -1), (1, 2), (0, -1), 0], [0, 0, (1, 2), 0, (2, 1)], [0, 0, (0, -1), 0, 0]]","[[0, 0, 0, 0, 0], [0, 0, (1, 2), 0, (1, 2)], [0, (0, -1), (1, 2), (0, -1), 0], [0, 0, (1, 2), 0, (2, 1)], [0, 0, (0, -1), 0, 0]]","[[0, 0, 0, 0, 0], [0, 0, (1, 2), 0, (1, 2)], [0, (0, -1), (1, 2), (0, -1), 0], [0, 0, (1, 2), 0, 0], [0, 0, (0, -1), 0, 0]]","[[0, 0, (1, 2), 0, 0], [0, 0, (1, 2), 0, (1, 2)], [0, (0, -1), (1, 2), (0, -1), 0], [0, 0, (1, 2), 0, 0], [0, 0, (0, -1), 0, 0]]","[[0, 0, (1, 2), 0, 0], [0, 0, (1, 2), 0, (1, 2)], [0, (0, -1), (1, 2), (0, -1), 0], [0, 0, (1, 2), 0, (2, 1)], [0, 0, (0, -1), 0, 0]]","[[0, 0, 0, 0, 0], [0, 0, (1, 2), 0, (1, 2)], [0, (0, -1), (1, 2), (0, -1), 0], [0, 0, (1, 2), 0, (2, 1)], [0, 0, (0, -1), 0, 0]]","[[0, 0, 0, 0, 0], [0, 0, (1, 2), 0, (1, 2)], [0, (0, -1), (1, 2), (0, -1), 0], [0, 0, (1, 2), 0, 0], [0, 0, (0, -1), 0, 0]]","[[0, 0, 0, 0, 0], [0, 0, (1, 2), 0, (1, 2)], [0, (0, -1), (1, 2), (0, -1), 0], [0, (1, 2), 0, 0, 0], [0, 0, (0, -1), 0, 0]]","[[0, 0, 0, 0, 0], [0, 0, (1, 2), 0, (1, 2)], [0, (0, -1), (1, 2), (0, -1), 0], [0, (1, 2), 0, 0, (2, 1)], [0, 0, (0, -1), 0, 0]]","[[0, 0, (1, 2), 0, 0], [0, 0, (1, 2), 0, (1, 2)], [0, (0, -1), (1, 2), (0, -1), 0], [0, (1, 2), 0, 0, (2, 1)], [0, 0, (0, -1), 0, 0]]","[[0, 0, (1, 2), 0, 0], [0, 0, (1, 2), 0, (1, 2)], [0, (0, -1), (1, 2), (0, -1), 0], [0, (1, 2), 0, 0, 0], [0, 0, (0, -1), 0, 0]]","[[0, 0, 0, 0, 0], [0, 0, (1, 2), 0, (1, 2)], [0, (0, -1), (1, 2), (0, -1), 0], [0, (1, 2), 0, 0, 0], [0, 0, (0, -1), 0, 0]]","[[0, 0, 0, 0, 0], [0, 0, (1, 2), 0, (1, 2)], [0, (0, -1), (1, 2), (0, -1), 0], [0, (1, 2), 0, 0, (2, 1)], [0, 0, (0, -1), 0, 0]]","[[0, 0, (1, 2), 0, 0], [0, 0, (1, 2), 0, (1, 2)], [0, (0, -1), (1, 2), (0, -1), 0], [0, (1, 2), 0, 0, (2, 1)], [0, 0, (0, -1), 0, 0]]","[[0, 0, (1, 2), 0, 0], [0, 0, (1, 2), 0, (1, 2)], [0, (0, -1), (1, 2), (0, -1), 0], [0, (1, 2), 0, 0, 0], [0, 0, (0, -1), 0, 0]]","[[0, 0, 0, 0, 0], [0, 0, (1, 2), 0, (1, 2)], [0, (0, -1), (1, 2), (0, -1), 0], [0, (1, 2), 0, 0, 0], [0, 0, (0, -1), 0, 0]]","[[0, 0, 0, 0, 0], [0, 0, (1, 2), 0, (1, 2)], [0, (0, -1), (1, 2), (0, -1), 0], [0, (1, 2), 0, 0, (2, 2)], [0, 0, (0, -1), 0, 0]]","[[0, 0, (1, 2), 0, 0], [0, 0, (1, 2), 0, (1, 2)], [0, (0, -1), (1, 2), (0, -1), 0], [0, (1, 2), 0, 0, (2, 2)], [0, 0, (0, -1), 0, 0]]","[[0, 0, (1, 2), 0, 0], [0, 0, (1, 2), 0, (1, 2)], [0, (0, -1), (1, 2), (0, -1), 0], [0, (1, 2), 0, 0, 0], [0, 0, (0, -1), 0, 0]]","[[0, 0, 0, 0, 0], [0, 0, (1, 2), 0, (1, 2)], [0, (0, -1), (1, 2), (0, -1), 0], [0, (1, 2), 0, 0, 0], [0, 0, (0, -1), 0, 0]]","[[0, 0, 0, 0, 0], [0, 0, (1, 2), 0, (1, 2)], [0, (0, -1), (1, 2), (0, -1), 0], [0, (1, 2), 0, 0, (2, 1)], [0, 0, (0, -1), 0, 0]]","[[0, 0, (1, 2), 0, 0], [0, 0, (1, 2), 0, (1, 2)], [0, (0, -1), (1, 2), (0, -1), 0], [0, (1, 2), 0, 0, (2, 1)], [0, 0, (0, -1), 0, 0]]","[[0, 0, (1, 2), 0, 0], [0, 0, (1, 2), 0, (1, 2)], [0, (0, -1), (1, 2), (0, -1), 0], [0, (1, 2), 0, 0, 0], [0, 0, (0, -1), 0, 0]]","[[0, 0, 0, 0, 0], [0, 0, (1, 2), 0, (1, 2)], [0, (0, -1), (1, 2), (0, -1), 0], [0, (1, 2), 0, 0, 0], [0, 0, (0, -1), 0, 0]]","[[0, 0, 0, 0, 0], [0, 0, (1, 2), 0, (1, 2)], [0, (0, -1), (1, 2), (0, -1), 0], [0, (1, 2), 0, 0, (2, 1)], [0, 0, (0, -1), 0, 0]]","[[0, 0, (1, 2), 0, 0], [0, 0, (1, 2), 0, (1, 2)], [0, (0, -1), (1, 2), (0, -1), 0], [0, (1, 2), 0, 0, (2, 1)], [0, 0, (0, -1), 0, 0]]","[[0, 0, (1, 2), 0, 0], [0, 0, (1, 2), 0, (1, 2)], [0, (0, -1), (1, 2), (0, -1), 0], [0, (1, 2), 0, 0, 0], [0, 0, (0, -1), 0, 0]]","[[0, 0, 0, 0, 0], [0, 0, (1, 2), 0, (1, 2)], [0, (0, -1), (1, 2), (0, -1), 0], [0, (1, 2), 0, 0, 0], [0, 0, (0, -1), 0, 0]]","[[0, 0, 0, 0, 0], [0, 0, (1, 2), 0, (1, 2)], [0, (0, -1), (1, 2), (0, -1), 0], [0, (1, 2), 0, 0, (2, 1)], [0, 0, (0, -1), 0, 0]]","[[0, 0, (1, 2), 0, 0], [0, 0, (1, 2), 0, (1, 2)], [0, (0, -1), (1, 2), (0, -1), 0], [0, (1, 2), 0, 0, (2, 1)], [0, 0, (0, -1), 0, 0]]","[[0, 0, (1, 2), 0, 0], [0, 0, (1, 2), 0, (1, 2)], [0, (0, -1), (1, 2), (0, -1), 0], [0, (1, 2), 0, 0, 0], [0, 0, (0, -1), 0, 0]]","[[0, 0, 0, 0, 0], [0, 0, (1, 2), 0, (1, 2)], [0, (0, -1), (1, 2), (0, -1), 0], [0, (1, 2), 0, 0, 0], [0, 0, (0, -1), 0, 0]]","[[0, 0, 0, 0, 0], [0, 0, (1, 2), 0, (1, 2)], [0, (0, -1), (1, 2), (0, -1), 0], [0, (1, 2), 0, 0, (2, 1)], [0, 0, (0, -1), 0, 0]]","[[0, 0, (1, 2), 0, 0], [0, 0, (1, 2), 0, (1, 2)], [0, (0, -1), (1, 2), (0, -1), 0], [0, (1, 2), 0, 0, (2, 1)], [0, 0, (0, -1), 0, 0]]","[[0, 0, (1, 2), 0, 0], [0, 0, (1, 2), 0, (1, 2)], [0, (0, -1), (1, 2), (0, -1), 0], [0, (1, 2), 0, 0, 0], [0, 0, (0, -1), 0, 0]]","[[0, 0, 0, 0, 0], [0, 0, (1, 2), 0, (1, 2)], [0, (0, -1), (1, 2), (0, -1), 0], [0, (1, 2), 0, 0, 0], [0, 0, (0, -1), 0, 0]]",,,,,,,,,,,,,,,,,,,,,,,,,,,,,,,,,,,,,,,,,,,,,,,,,,,,,,,,,,,,,,,,,,,,,,,,,,,,,,,,,,,,,,,,,,,,,,,,,,,,,,,,,,,,,,,,,,,,,,,,,,,,,,,,,,,,,,,,,,,,,,,,,,,,,,,,,,,,,,,,,,,,,,,,,,,,,,,,,,,,,,,,,,,,,,,,,,,,,,,,,,,,,,,,,,,,,,,,,,,,,,,,,,,,,,,,,,,,,,,,,,,,,,,,,,,,,,,,,,,,,,,,,,,,,,,,,,,,,,,,,,,,,,,,,,,,,,,,,,,,,,,,,,,,,,,,,,,,,,,,,,,,,,,,,,,,,,,,,,,,,,,,,,,,,,,,,,,,,,,,,,,,,,,,,,,,,,,,,,,,,,,,,,,,,,,,,,,,,,,,,,,,,,,,,,,,,,,,,,,,,,,,,,,,,,,,,,,,,,,,,,,,,,,,,,,,,,,,,,,,,,,,,,,,,,,,,,,,,,,,,,,,,,,,,,,,,,,,,,,,,,,,,,,,,,,,,,,,,,,,,,,,,,,,,,,,,,,,,,,,,,,,,,,,,,,,,,,,,,,,,,,,,,,,,,,,,,,,,,,,,,,,,,,,,,,,,,,,,,,,,,,,,,,,,,,,,,,,,,,,,,,,,,,,,,,,,,,,,,,,,,,,,,,,,,,,,,,,,,,,,,,,,,,,,,,,,,,,,,,,,,,,,,,,,,,,,,,,,,,,,,,,,,,,,,,,,,,,,,,,,,,,,,,,,,,,,,,,,,,,,,,,,,,,,,,,,,,,,,,,,,,,,,,,,,,,,,,,,,,,,,,,,,,,,,,,,,,,,,,,,,,,,,,,,,,,,,,,,,,,,,,,,,,,,,,,,,,,,,,,,,,,,,,,,,,,,,,,,,,,,,,,,,,,,,,,,,,,,,,,,,,,,,,,,,,,,,,,,,,,,,,,,,,,,,,,,,,,,,,,,,,,,,,,,,,,,,,,,,,,,,,,,,,
333,state,ia,ia,3,"(1, ('e', 0, 2, 0))","(2, ('e', 3, 4, 1))","(1, ('a', 0, 2))","(2, ('a', 3, 4))","(1, ('e', 0, 2, 2))","(2, ('e', 4, 1, 2))","(1, ('e', 0, 2, 2))","(2, ('e', 3, 4, 1))","(1, ('e', 0, 2, 2))","(2, ('e', 0, 4, 2))","(1, ('e', 4, 4, 1))","(2, ('a', 3, 4))","(1, ('e', 0, 2, 2))","(2, ('a', 0, 4))","(1, ('a', 0, 2))","(2, ('e', 3, 4, 1))","(1, ('e', 0, 2, 2))","(2, ('e', 1, 4, 2))","(1, ('a', 0, 2))","(2, ('a', 3, 4))","(1, ('e', 0, 2, 2))","(2, ('e', 3, 4, 1))","(1, ('a', 0, 2))","(2, ('a', 3, 4))","(1, ('e', 0, 2, 2))","(2, ('e', 3, 4, 1))","(1, ('t', 2, 2, 0))","(2, ('t', 4, 1, 1))","(1, ('a', 0, 2))","(2, ('a', 3, 4))","(1, ('e', 0, 2, 2))","(2, ('e', 3, 4, 1))","(1, ('a', 0, 2))","(2, ('a', 3, 4))","(1, ('e', 0, 2, 2))","(2, ('e', 3, 4, 1))","(1, ('a', 0, 2))","(2, ('a', 3, 4))","(1, ('e', 0, 2, 2))","(2, ('e', 3, 4, 1))","(1, ('t', 4, 4, 3))","(2, ('a', 3, 4))","(1, ('a', 0, 2))","(2, ('e', 2, 4, 1))","(1, ('e', 0, 2, 2))","(2, ('e', 3, 4, 1))","(1, ('a', 0, 2))","(2, ('a', 3, 4))","(1, ('e', 0, 2, 2))","(2, ('e', 3, 0, 3))","(1, ('a', 0, 2))","(2, ('m', 3, 0, 2))","(1, ('e', 0, 2, 2))",,,,,,,,,,,,,,,,,,,,,,,,,,,,,,,,,,,,,,,,,,,,,,,,,,,,,,,,,,,,,,,,,,,,,,,,,,,,,,,,,,,,,,,,,,,,,,,,,,,,,,,,,,,,,,,,,,,,,,,,,,,,,,,,,,,,,,,,,,,,,,,,,,,,,,,,,,,,,,,,,,,,,,,,,,,,,,,,,,,,,,,,,,,,,,,,,,,,,,,,,,,,,,,,,,,,,,,,,,,,,,,,,,,,,,,,,,,,,,,,,,,,,,,,,,,,,,,,,,,,,,,,,,,,,,,,,,,,,,,,,,,,,,,,,,,,,,,,,,,,,,,,,,,,,,,,,,,,,,,,,,,,,,,,,,,,,,,,,,,,,,,,,,,,,,,,,,,,,,,,,,,,,,,,,,,,,,,,,,,,,,,,,,,,,,,,,,,,,,,,,,,,,,,,,,,,,,,,,,,,,,,,,,,,,,,,,,,,,,,,,,,,,,,,,,,,,,,,,,,,,,,,,,,,,,,,,,,,,,,,,,,,,,,,,,,,,,,,,,,,,,,,,,,,,,,,,,,,,,,,,,,,,,,,,,,,,,,,,,,,,,,,,,,,,,,,,,,,,,,,,,,,,,,,,,,,,,,,,,,,,,,,,,,,,,,,,,,,,,,,,,,,,,,,,,,,,,,,,,,,,,,,,,,,,,,,,,,,,,,,,,,,,,,,,,,,,,,,,,,,,,,,,,,,,,,,,,,,,,,,,,,,,,,,,,,,,,,,,,,,,,,,,,,,,,,,,,,,,,,,,,,,,,,,,,,,,,,,,,,,,,,,,,,,,,,,,,,,,,,,,,,,,,,,,,,,,,,,,,,,,,,,,,,,,,,,,,,,,,,,,,,,,,,,,,,,,,,,,,,,,,,,,,,,,,,,,,,,,,,,,,,,,,,,,,,,,,,,,,,,,,,,,,,,,,,,,,,,,,,,,,,,,,,,,,,,,,,,,,,,,,,,,,,,,,,,,,,,,,,,,,,,,,,,,,,,,,,,,,,,,,,
334,move,ia,ia,3,"[[0, 0, (1, 0), 0, 0], [0, 0, 0, 0, 0], [0, (0, -1), (0, -1), (0, -1), 0], [0, 0, 0, 0, 0], [0, 0, 0, 0, 0]]","[[0, 0, (1, 0), 0, 0], [0, 0, 0, 0, 0], [0, (0, -1), (0, -1), (0, -1), 0], [0, 0, 0, 0, (2, 1)], [0, 0, 0, 0, 0]]","[[0, 0, 0, 0, 0], [0, 0, 0, 0, 0], [0, (0, -1), (0, -1), (0, -1), 0], [0, 0, 0, 0, (2, 1)], [0, 0, 0, 0, 0]]","[[0, 0, 0, 0, 0], [0, 0, 0, 0, 0], [0, (0, -1), (0, -1), (0, -1), 0], [0, 0, 0, 0, 0], [0, 0, 0, 0, 0]]","[[0, 0, (1, 2), 0, 0], [0, 0, 0, 0, 0], [0, (0, -1), (0, -1), (0, -1), 0], [0, 0, 0, 0, 0], [0, 0, 0, 0, 0]]","[[0, 0, (1, 2), 0, 0], [0, 0, 0, 0, 0], [0, (0, -1), (0, -1), (0, -1), 0], [0, 0, 0, 0, 0], [0, (2, 2), 0, 0, 0]]","[[0, 0, (1, 2), 0, 0], [0, 0, (1, 2), 0, 0], [0, (0, -1), (0, -1), (0, -1), 0], [0, 0, 0, 0, 0], [0, (2, 2), 0, 0, 0]]","[[0, 0, (1, 2), 0, 0], [0, 0, (1, 2), 0, 0], [0, (0, -1), (0, -1), (0, -1), 0], [0, 0, 0, 0, (2, 1)], [0, (2, 2), 0, 0, 0]]","[[0, 0, (1, 2), 0, 0], [0, 0, (1, 2), 0, 0], [0, (0, -1), (1, 2), (0, -1), 0], [0, 0, (0, -1), 0, (2, 1)], [0, (2, 2), 0, 0, 0]]","[[0, 0, (1, 2), 0, (2, 2)], [0, 0, (1, 2), 0, 0], [0, (0, -1), (1, 2), (0, -1), 0], [0, 0, (0, -1), 0, (2, 1)], [0, (2, 2), 0, 0, 0]]","[[0, 0, (1, 2), 0, (2, 2)], [0, 0, (1, 2), 0, 0], [0, (0, -1), (1, 2), (0, -1), 0], [0, 0, (0, -1), 0, (2, 1)], [0, (2, 2), 0, 0, (1, 1)]]","[[0, 0, (1, 2), 0, (2, 2)], [0, 0, (1, 2), 0, 0], [0, (0, -1), (1, 2), (0, -1), 0], [0, 0, (0, -1), 0, 0], [0, (2, 2), 0, 0, (1, 1)]]","[[0, 0, (1, 2), 0, (2, 2)], [0, 0, (1, 2), 0, 0], [0, (0, -1), (1, 2), (0, -1), 0], [0, 0, (1, 2), 0, 0], [0, (2, 2), (0, -1), 0, (1, 1)]]","[[0, 0, (1, 2), 0, 0], [0, 0, (1, 2), 0, 0], [0, (0, -1), (1, 2), (0, -1), 0], [0, 0, (1, 2), 0, 0], [0, (2, 2), (0, -1), 0, (1, 1)]]","[[0, 0, 0, 0, 0], [0, 0, (1, 2), 0, 0], [0, (0, -1), (1, 2), (0, -1), 0], [0, 0, (1, 2), 0, 0], [0, (2, 2), (0, -1), 0, (1, 1)]]","[[0, 0, 0, 0, 0], [0, 0, (1, 2), 0, 0], [0, (0, -1), (1, 2), (0, -1), 0], [0, 0, (1, 2), 0, (2, 1)], [0, (2, 2), (0, -1), 0, (1, 1)]]","[[0, 0, (1, 2), 0, 0], [0, 0, (1, 2), 0, 0], [0, (0, -1), (1, 2), (0, -1), 0], [0, 0, (1, 2), 0, (2, 1)], [0, (2, 2), (0, -1), 0, (1, 1)]]","[[0, 0, (1, 2), 0, 0], [0, 0, (1, 2), 0, (2, 2)], [0, (0, -1), (1, 2), (0, -1), 0], [0, 0, (1, 2), 0, (2, 1)], [0, (2, 2), (0, -1), 0, (1, 1)]]","[[0, 0, 0, 0, 0], [0, 0, (1, 2), 0, (2, 2)], [0, (0, -1), (1, 2), (0, -1), 0], [0, 0, (1, 2), 0, (2, 1)], [0, (2, 2), (0, -1), 0, (1, 1)]]","[[0, 0, 0, 0, 0], [0, 0, (1, 2), 0, (2, 2)], [0, (0, -1), (1, 2), (0, -1), 0], [0, 0, (1, 2), 0, 0], [0, (2, 2), (0, -1), 0, (1, 1)]]","[[0, 0, (1, 2), 0, 0], [0, 0, (1, 2), 0, (2, 2)], [0, (0, -1), (1, 2), (0, -1), 0], [0, 0, (1, 2), 0, 0], [0, (2, 2), (0, -1), 0, (1, 1)]]","[[0, 0, (1, 2), 0, 0], [0, 0, (1, 2), 0, (2, 2)], [0, (0, -1), (1, 2), (0, -1), 0], [0, 0, (1, 2), 0, (2, 1)], [0, (2, 2), (0, -1), 0, (1, 1)]]","[[0, 0, 0, 0, 0], [0, 0, (1, 2), 0, (2, 2)], [0, (0, -1), (1, 2), (0, -1), 0], [0, 0, (1, 2), 0, (2, 1)], [0, (2, 2), (0, -1), 0, (1, 1)]]","[[0, 0, 0, 0, 0], [0, 0, (1, 2), 0, (2, 2)], [0, (0, -1), (1, 2), (0, -1), 0], [0, 0, (1, 2), 0, 0], [0, (2, 2), (0, -1), 0, (1, 1)]]","[[0, 0, (1, 2), 0, 0], [0, 0, (1, 2), 0, (2, 2)], [0, (0, -1), (1, 2), (0, -1), 0], [0, 0, (1, 2), 0, 0], [0, (2, 2), (0, -1), 0, (1, 1)]]","[[0, 0, (1, 2), 0, 0], [0, 0, (1, 2), 0, (2, 2)], [0, (0, -1), (1, 2), (0, -1), 0], [0, 0, (1, 2), 0, (2, 1)], [0, (2, 2), (0, -1), 0, (1, 1)]]","[[0, 0, (1, 2), 0, 0], [0, 0, (1, 2), 0, (2, 2)], [0, (0, -1), (1, 0), (0, -1), 0], [0, 0, (1, 2), 0, (2, 1)], [0, (2, 2), (0, -1), 0, (1, 1)]]","[[0, 0, (1, 2), 0, 0], [0, 0, (1, 2), 0, (2, 2)], [0, (0, -1), (1, 0), (0, -1), 0], [0, 0, (1, 2), 0, (2, 1)], [0, (2, 1), (0, -1), 0, (1, 1)]]","[[0, 0, 0, 0, 0], [0, 0, (1, 2), 0, (2, 2)], [0, (0, -1), (1, 0), (0, -1), 0], [0, 0, (1, 2), 0, (2, 1)], [0, (2, 1), (0, -1), 0, (1, 1)]]","[[0, 0, 0, 0, 0], [0, 0, (1, 2), 0, (2, 2)], [0, (0, -1), (1, 0), (0, -1), 0], [0, 0, (1, 2), 0, 0], [0, (2, 1), (0, -1), 0, (1, 1)]]","[[0, 0, (1, 2), 0, 0], [0, 0, (1, 2), 0, (2, 2)], [0, (0, -1), (1, 0), (0, -1), 0], [0, 0, (1, 2), 0, 0], [0, (2, 1), (0, -1), 0, (1, 1)]]","[[0, 0, (1, 2), 0, 0], [0, 0, (1, 2), 0, (2, 2)], [0, (0, -1), (1, 0), (0, -1), 0], [0, 0, (1, 2), 0, (2, 1)], [0, (2, 1), (0, -1), 0, (1, 1)]]","[[0, 0, 0, 0, 0], [0, 0, (1, 2), 0, (2, 2)], [0, (0, -1), (1, 0), (0, -1), 0], [0, 0, (1, 2), 0, (2, 1)], [0, (2, 1), (0, -1), 0, (1, 1)]]","[[0, 0, 0, 0, 0], [0, 0, (1, 2), 0, (2, 2)], [0, (0, -1), (1, 0), (0, -1), 0], [0, 0, (1, 2), 0, 0], [0, (2, 1), (0, -1), 0, (1, 1)]]","[[0, 0, (1, 2), 0, 0], [0, 0, (1, 2), 0, (2, 2)], [0, (0, -1), (1, 0), (0, -1), 0], [0, 0, (1, 2), 0, 0], [0, (2, 1), (0, -1), 0, (1, 1)]]","[[0, 0, (1, 2), 0, 0], [0, 0, (1, 2), 0, (2, 2)], [0, (0, -1), (1, 0), (0, -1), 0], [0, 0, (1, 2), 0, (2, 1)], [0, (2, 1), (0, -1), 0, (1, 1)]]","[[0, 0, 0, 0, 0], [0, 0, (1, 2), 0, (2, 2)], [0, (0, -1), (1, 0), (0, -1), 0], [0, 0, (1, 2), 0, (2, 1)], [0, (2, 1), (0, -1), 0, (1, 1)]]","[[0, 0, 0, 0, 0], [0, 0, (1, 2), 0, (2, 2)], [0, (0, -1), (1, 0), (0, -1), 0], [0, 0, (1, 2), 0, 0], [0, (2, 1), (0, -1), 0, (1, 1)]]","[[0, 0, (1, 2), 0, 0], [0, 0, (1, 2), 0, (2, 2)], [0, (0, -1), (1, 0), (0, -1), 0], [0, 0, (1, 2), 0, 0], [0, (2, 1), (0, -1), 0, (1, 1)]]","[[0, 0, (1, 2), 0, 0], [0, 0, (1, 2), 0, (2, 2)], [0, (0, -1), (1, 0), (0, -1), 0], [0, 0, (1, 2), 0, (2, 1)], [0, (2, 1), (0, -1), 0, (1, 1)]]","[[0, 0, (1, 2), 0, 0], [0, 0, (1, 2), 0, (2, 2)], [0, (0, -1), (1, 0), (0, -1), 0], [0, 0, (1, 2), 0, (2, 1)], [0, (2, 1), (0, -1), 0, (1, 3)]]","[[0, 0, (1, 2), 0, 0], [0, 0, (1, 2), 0, (2, 2)], [0, (0, -1), (1, 0), (0, -1), 0], [0, 0, (1, 2), 0, 0], [0, (2, 1), (0, -1), 0, (1, 3)]]","[[0, 0, 0, 0, 0], [0, 0, (1, 2), 0, (2, 2)], [0, (0, -1), (1, 0), (0, -1), 0], [0, 0, (1, 2), 0, 0], [0, (2, 1), (0, -1), 0, (1, 3)]]","[[0, 0, 0, 0, 0], [0, 0, (1, 2), 0, (2, 2)], [0, (0, -1), (1, 0), (0, -1), (2, 1)], [0, 0, (1, 2), 0, 0], [0, (2, 1), (0, -1), 0, (1, 3)]]","[[0, 0, (1, 2), 0, 0], [0, 0, (1, 2), 0, (2, 2)], [0, (0, -1), (1, 0), (0, -1), (2, 1)], [0, 0, (1, 2), 0, 0], [0, (2, 1), (0, -1), 0, (1, 3)]]","[[0, 0, (1, 2), 0, 0], [0, 0, (1, 2), 0, (2, 2)], [0, (0, -1), (1, 0), (0, -1), (2, 1)], [0, 0, (1, 2), 0, (2, 1)], [0, (2, 1), (0, -1), 0, (1, 3)]]","[[0, 0, 0, 0, 0], [0, 0, (1, 2), 0, (2, 2)], [0, (0, -1), (1, 0), (0, -1), (2, 1)], [0, 0, (1, 2), 0, (2, 1)], [0, (2, 1), (0, -1), 0, (1, 3)]]","[[0, 0, 0, 0, 0], [0, 0, (1, 2), 0, (2, 2)], [0, (0, -1), (1, 0), (0, -1), (2, 1)], [0, 0, (1, 2), 0, 0], [0, (2, 1), (0, -1), 0, (1, 3)]]","[[0, 0, (1, 2), 0, 0], [0, 0, (1, 2), 0, (2, 2)], [0, (0, -1), (1, 0), (0, -1), (2, 1)], [0, 0, (1, 2), 0, 0], [0, (2, 1), (0, -1), 0, (1, 3)]]","[[0, 0, (1, 2), 0, 0], [0, 0, (1, 2), 0, (2, 2)], [0, (0, -1), (1, 0), (0, -1), (2, 1)], [(2, 3), 0, (1, 2), 0, 0], [0, (2, 1), (0, -1), 0, (1, 3)]]","[[0, 0, 0, 0, 0], [0, 0, (1, 2), 0, (2, 2)], [0, (0, -1), (1, 0), (0, -1), (2, 1)], [(2, 3), 0, (1, 2), 0, 0], [0, (2, 1), (0, -1), 0, (1, 3)]]","[[0, 0, 0, 0, 0], [0, 0, (1, 2), 0, (2, 2)], [0, (0, -1), (1, 0), (0, -1), (2, 1)], [0, 0, (1, 2), 0, 0], [(2, 3), (2, 1), (0, -1), 0, (1, 3)]]","[[0, 0, (1, 2), 0, 0], [0, 0, (1, 2), 0, (2, 2)], [0, (0, -1), (1, 0), (0, -1), (2, 1)], [0, 0, (1, 2), 0, 0], [(2, 3), (2, 1), (0, -1), 0, (1, 3)]]",,,,,,,,,,,,,,,,,,,,,,,,,,,,,,,,,,,,,,,,,,,,,,,,,,,,,,,,,,,,,,,,,,,,,,,,,,,,,,,,,,,,,,,,,,,,,,,,,,,,,,,,,,,,,,,,,,,,,,,,,,,,,,,,,,,,,,,,,,,,,,,,,,,,,,,,,,,,,,,,,,,,,,,,,,,,,,,,,,,,,,,,,,,,,,,,,,,,,,,,,,,,,,,,,,,,,,,,,,,,,,,,,,,,,,,,,,,,,,,,,,,,,,,,,,,,,,,,,,,,,,,,,,,,,,,,,,,,,,,,,,,,,,,,,,,,,,,,,,,,,,,,,,,,,,,,,,,,,,,,,,,,,,,,,,,,,,,,,,,,,,,,,,,,,,,,,,,,,,,,,,,,,,,,,,,,,,,,,,,,,,,,,,,,,,,,,,,,,,,,,,,,,,,,,,,,,,,,,,,,,,,,,,,,,,,,,,,,,,,,,,,,,,,,,,,,,,,,,,,,,,,,,,,,,,,,,,,,,,,,,,,,,,,,,,,,,,,,,,,,,,,,,,,,,,,,,,,,,,,,,,,,,,,,,,,,,,,,,,,,,,,,,,,,,,,,,,,,,,,,,,,,,,,,,,,,,,,,,,,,,,,,,,,,,,,,,,,,,,,,,,,,,,,,,,,,,,,,,,,,,,,,,,,,,,,,,,,,,,,,,,,,,,,,,,,,,,,,,,,,,,,,,,,,,,,,,,,,,,,,,,,,,,,,,,,,,,,,,,,,,,,,,,,,,,,,,,,,,,,,,,,,,,,,,,,,,,,,,,,,,,,,,,,,,,,,,,,,,,,,,,,,,,,,,,,,,,,,,,,,,,,,,,,,,,,,,,,,,,,,,,,,,,,,,,,,,,,,,,,,,,,,,,,,,,,,,,,,,,,,,,,,,,,,,,,,,,,,,,,,,,,,,,,,,,,,,,,,,,,,,,,,,,,,,,,,,,,,,,,,,,,,,,,,,,,,,,,,,,,,,,,,,,,,,,,,,,,,,,,,,,,
335,state,ia,ia,1,"(1, ('e', 0, 2, 2))","(2, ('e', 3, 4, 1))","(1, ('e', 4, 2, 3))","(2, ('a', 3, 4))","(1, ('e', 0, 2, 2))","(2, ('e', 3, 4, 1))","(1, ('e', 0, 2, 2))","(2, ('a', 3, 4))","(1, ('e', 0, 2, 2))","(2, ('e', 4, 4, 0))","(1, ('m', 0, 2, 2))",,,,,,,,,,,,,,,,,,,,,,,,,,,,,,,,,,,,,,,,,,,,,,,,,,,,,,,,,,,,,,,,,,,,,,,,,,,,,,,,,,,,,,,,,,,,,,,,,,,,,,,,,,,,,,,,,,,,,,,,,,,,,,,,,,,,,,,,,,,,,,,,,,,,,,,,,,,,,,,,,,,,,,,,,,,,,,,,,,,,,,,,,,,,,,,,,,,,,,,,,,,,,,,,,,,,,,,,,,,,,,,,,,,,,,,,,,,,,,,,,,,,,,,,,,,,,,,,,,,,,,,,,,,,,,,,,,,,,,,,,,,,,,,,,,,,,,,,,,,,,,,,,,,,,,,,,,,,,,,,,,,,,,,,,,,,,,,,,,,,,,,,,,,,,,,,,,,,,,,,,,,,,,,,,,,,,,,,,,,,,,,,,,,,,,,,,,,,,,,,,,,,,,,,,,,,,,,,,,,,,,,,,,,,,,,,,,,,,,,,,,,,,,,,,,,,,,,,,,,,,,,,,,,,,,,,,,,,,,,,,,,,,,,,,,,,,,,,,,,,,,,,,,,,,,,,,,,,,,,,,,,,,,,,,,,,,,,,,,,,,,,,,,,,,,,,,,,,,,,,,,,,,,,,,,,,,,,,,,,,,,,,,,,,,,,,,,,,,,,,,,,,,,,,,,,,,,,,,,,,,,,,,,,,,,,,,,,,,,,,,,,,,,,,,,,,,,,,,,,,,,,,,,,,,,,,,,,,,,,,,,,,,,,,,,,,,,,,,,,,,,,,,,,,,,,,,,,,,,,,,,,,,,,,,,,,,,,,,,,,,,,,,,,,,,,,,,,,,,,,,,,,,,,,,,,,,,,,,,,,,,,,,,,,,,,,,,,,,,,,,,,,,,,,,,,,,,,,,,,,,,,,,,,,,,,,,,,,,,,,,,,,,,,,,,,,,,,,,,,,,,,,,,,,,,,,,,,,,,,,,,,,,,,,,,,,,,,,,,,,,,,,,,,,,,,,,,,,,,,,,,,,,,,,,,,,,,,,,,,,,,,,,,,,,,,,,,,,,,,,,,,,,,,,,,,,,,,,,,,,,,,,,
336,move,ia,ia,1,"[[0, 0, (1, 2), 0, 0], [0, 0, 0, 0, 0], [0, (0, -1), (0, -1), (0, -1), 0], [0, 0, 0, 0, 0], [0, 0, 0, 0, 0]]","[[0, 0, (1, 2), 0, 0], [0, 0, 0, 0, 0], [0, (0, -1), (0, -1), (0, -1), 0], [0, 0, 0, 0, (2, 1)], [0, 0, 0, 0, 0]]","[[0, 0, (1, 2), 0, 0], [0, 0, 0, 0, 0], [0, (0, -1), (0, -1), (0, -1), 0], [0, 0, 0, 0, (2, 1)], [0, 0, (1, 3), 0, 0]]","[[0, 0, (1, 2), 0, 0], [0, 0, 0, 0, 0], [0, (0, -1), (0, -1), (0, -1), 0], [0, 0, 0, 0, 0], [0, 0, (1, 3), 0, 0]]","[[0, 0, (1, 2), 0, 0], [0, 0, (1, 2), 0, 0], [0, (0, -1), (0, -1), (0, -1), 0], [0, 0, 0, 0, 0], [0, 0, (1, 3), 0, 0]]","[[0, 0, (1, 2), 0, 0], [0, 0, (1, 2), 0, 0], [0, (0, -1), (0, -1), (0, -1), 0], [0, 0, 0, 0, (2, 1)], [0, 0, (1, 3), 0, 0]]","[[0, 0, (1, 2), 0, 0], [0, 0, (1, 2), 0, 0], [0, (0, -1), (1, 2), (0, -1), 0], [0, 0, (0, -1), 0, (2, 1)], [0, 0, (1, 3), 0, 0]]","[[0, 0, (1, 2), 0, 0], [0, 0, (1, 2), 0, 0], [0, (0, -1), (1, 2), (0, -1), 0], [0, 0, (0, -1), 0, 0], [0, 0, (1, 3), 0, 0]]","[[0, 0, (1, 2), 0, 0], [0, 0, (1, 2), 0, 0], [0, (0, -1), (1, 2), (0, -1), 0], [0, 0, (1, 2), 0, 0], [0, 0, (0, -1), 0, 0]]","[[0, 0, (1, 2), 0, 0], [0, 0, (1, 2), 0, 0], [0, (0, -1), (1, 2), (0, -1), 0], [0, 0, (1, 2), 0, 0], [0, 0, (0, -1), 0, (2, 0)]]","[[0, 0, 0, 0, 0], [0, 0, (1, 2), 0, 0], [0, (0, -1), (1, 2), (0, -1), 0], [0, 0, (1, 2), 0, 0], [0, 0, (1, 2), 0, (2, 0)]]",,,,,,,,,,,,,,,,,,,,,,,,,,,,,,,,,,,,,,,,,,,,,,,,,,,,,,,,,,,,,,,,,,,,,,,,,,,,,,,,,,,,,,,,,,,,,,,,,,,,,,,,,,,,,,,,,,,,,,,,,,,,,,,,,,,,,,,,,,,,,,,,,,,,,,,,,,,,,,,,,,,,,,,,,,,,,,,,,,,,,,,,,,,,,,,,,,,,,,,,,,,,,,,,,,,,,,,,,,,,,,,,,,,,,,,,,,,,,,,,,,,,,,,,,,,,,,,,,,,,,,,,,,,,,,,,,,,,,,,,,,,,,,,,,,,,,,,,,,,,,,,,,,,,,,,,,,,,,,,,,,,,,,,,,,,,,,,,,,,,,,,,,,,,,,,,,,,,,,,,,,,,,,,,,,,,,,,,,,,,,,,,,,,,,,,,,,,,,,,,,,,,,,,,,,,,,,,,,,,,,,,,,,,,,,,,,,,,,,,,,,,,,,,,,,,,,,,,,,,,,,,,,,,,,,,,,,,,,,,,,,,,,,,,,,,,,,,,,,,,,,,,,,,,,,,,,,,,,,,,,,,,,,,,,,,,,,,,,,,,,,,,,,,,,,,,,,,,,,,,,,,,,,,,,,,,,,,,,,,,,,,,,,,,,,,,,,,,,,,,,,,,,,,,,,,,,,,,,,,,,,,,,,,,,,,,,,,,,,,,,,,,,,,,,,,,,,,,,,,,,,,,,,,,,,,,,,,,,,,,,,,,,,,,,,,,,,,,,,,,,,,,,,,,,,,,,,,,,,,,,,,,,,,,,,,,,,,,,,,,,,,,,,,,,,,,,,,,,,,,,,,,,,,,,,,,,,,,,,,,,,,,,,,,,,,,,,,,,,,,,,,,,,,,,,,,,,,,,,,,,,,,,,,,,,,,,,,,,,,,,,,,,,,,,,,,,,,,,,,,,,,,,,,,,,,,,,,,,,,,,,,,,,,,,,,,,,,,,,,,,,,,,,,,,,,,,,,,,,,,,,,,,,,,,,,,,,,,,,,,,,,,,,,,,,,,,,,,,,,,,,,,,,,,,,,,,,,,,,,,,,,,,
